{
  "mean": 0.84,
  "count": 75,
  "sum": 62.87,
  "max": 1,
  "min": 0,
  "raw": [
    1,
    1,
    1,
    1,
    1,
    1,
    1,
    1,
    1,
    1,
    1,
    0,
    1,
    0.8333333333333334,
    0.8333333333333334,
    0.375,
    1,
    0.17647058823529416,
    1,
    1,
    1,
    1,
    0.2727272727272727,
    1,
    0.17647058823529416,
    1,
    1,
    1,
    1,
    1,
    1,
    1,
    1,
    0.1333333333333333,
    1,
    1,
    null,
    1,
    1,
    1,
    1,
    1,
    null,
    1,
    null,
    0.7142857142857143,
    1,
    1,
    1,
    1,
    1,
    0.7142857142857143,
    0.7142857142857143,
    0.7142857142857143,
    0.5714285714285714,
    1,
    1,
    0.7142857142857143,
    1,
    0.7142857142857143,
    0.7142857142857143,
    0.7142857142857143,
    0.8333333333333334,
    0.7142857142857143,
    1,
    1,
    1,
    1,
    1,
    0.8571428571428572,
    1,
    0.6666666666666667,
    1,
    1,
    0.7142857142857143
  ]
}