{
  "instanceType": "refactor",
  "instructionType": "exampleBased",
  "includeUsages": "withUsages",
  "temperature": 0.9,
  "inputFormat": "instructionSnippet",
  "margin": 5,
  "model": "gpt-4-1106-preview",
  "iteration": 0,
  "projectName": "dolphinscheduler",
  "inputType": "instructionSnippet",
  "metrics": {
    "ValidPrograms": 0,
    "RemainingAttemptCount": 0,
    "RemovedDataClumps": 0,
    "GitChanges": 0,
    "CommentOut": 1,
    "ValidJSON": 1,
    "EmptyResponse": 1,
    "ResponseSizeDecrease": 1.039988107625985,
    "RichClass": 0,
    "HarmlessErrorCategory": 1,
    "DataClumpSize": [
      3,
      3,
      10,
      3,
      13,
      5,
      3,
      7,
      3,
      3
    ],
    "DataClumpOccurence": [
      2,
      1,
      2,
      5,
      2,
      2,
      62,
      6,
      15,
      2
    ],
    "ParametersToParameters": [
      1,
      0,
      1,
      1,
      0,
      1,
      1,
      1,
      0,
      0
    ],
    "FieldToField": [
      0,
      0,
      0,
      0,
      1,
      0,
      0,
      0,
      0,
      0
    ],
    "PreferNonPublic": [
      0,
      0,
      0,
      0,
      1,
      0,
      0,
      0,
      0,
      0
    ],
    "PrimitiveTypes": [
      0.6666666666666666,
      0.6666666666666666,
      0.6,
      0.6666666666666666,
      0.5384615384615384,
      0.8,
      0.6666666666666666,
      0.2857142857142857,
      0.6666666666666666,
      0.3333333333333333
    ],
    "AffectedFiles": [
      1,
      2,
      1,
      4,
      2,
      1,
      4,
      2,
      10,
      3
    ],
    "ChangeType=None": 0,
    "ChangeType=ReplaceText": 0.9090909090909091,
    "ChangeType=SpecificLine": 0.09090909090909091,
    "ChangeType=SpecificLineAll": 0
  }
}