{
  "mean": 0.08,
  "count": 30,
  "sum": 2.27,
  "max": 0.15,
  "min": 0.03,
  "raw": [
    0.0312,
    0.028560000000000002,
    0.02958,
    0.02904,
    0.02952,
    0.02898,
    0.02982,
    0.02898,
    0.02952,
    0.02961,
    0.15186000000000002,
    0.15339000000000003,
    0.15375000000000003,
    0.15156000000000003,
    0.15330000000000002,
    0.15195000000000003,
    0.15225000000000002,
    0.15249000000000001,
    0.15153000000000003,
    0.15180000000000002,
    0.04537,
    0.04516,
    0.04639,
    0.04489,
    0.04504,
    0.04597,
    0.04507,
    0.04561,
    0.046689999999999995,
    0.045579999999999996
  ]
}