{
  "mean": 0.78,
  "count": 30,
  "sum": 23.33,
  "max": 1,
  "min": 0,
  "raw": [
    1,
    0.18181818181818182,
    0.18181818181818182,
    0.18181818181818182,
    1,
    0.18181818181818182,
    1,
    0.18181818181818182,
    1,
    1,
    0.97,
    0.97,
    0,
    0.97,
    0.97,
    0.97,
    0.97,
    0.97,
    0.97,
    0.97,
    0.25,
    1,
    1,
    1,
    1,
    0.4375,
    1,
    1,
    1,
    1
  ]
}