{
  "instanceType": "refactor",
  "instructionType": "exampleBased",
  "temperature": 0.1,
  "inputFormat": "instructionSnippet",
  "margin": 10,
  "model": "gpt-4-1106-preview",
  "iteration": 3,
  "projectName": "rocketmq_refactor",
  "metrics": {
    "ValidPrograms": 0,
    "RemainingAttemptCount": 0,
    "RemovedDataClumps": null,
    "GitChanges": 820,
    "CommentOut": 0.6785714285714286,
    "ValidJSON": 0.8333333333333334,
    "EmptyResponse": 1,
    "ResponseSizeDecrease": 0.33655701331275323,
    "RichClass": 0,
    "HarmlessErrorCategory": 0.5,
    "DataClumpSize": [
      25,
      3,
      3,
      5,
      4,
      3,
      3,
      3,
      3,
      3,
      3,
      7,
      4,
      3,
      3
    ],
    "DataClumpOccurence": [
      2,
      608,
      16,
      8,
      4,
      126,
      608,
      608,
      608,
      608,
      608,
      2,
      8,
      2,
      608
    ],
    "ParametersToParameters": [
      0,
      1,
      1,
      1,
      1,
      1,
      1,
      1,
      1,
      0,
      1,
      1,
      1,
      1,
      1
    ],
    "FieldToField": [
      1,
      0,
      0,
      0,
      0,
      0,
      0,
      0,
      0,
      0,
      0,
      0,
      0,
      0,
      0
    ],
    "PreferNonPublic": [
      0,
      0,
      0,
      0,
      0,
      0,
      0,
      0,
      1,
      0,
      0,
      0,
      0,
      0,
      0
    ],
    "PrimitiveTypes": [
      1,
      1,
      1,
      1,
      1,
      1,
      1,
      1,
      1,
      1,
      1,
      0.8571428571428571,
      1,
      1,
      1
    ],
    "AffectedFiles": [
      2,
      32,
      1,
      1,
      2,
      2,
      32,
      32,
      32,
      32,
      32,
      1,
      1,
      1,
      32
    ],
    "ChangeType=None": 0.18518518518518517,
    "ChangeType=ReplaceText": 0.07407407407407407,
    "ChangeType=SpecificLine": 0.7037037037037037,
    "ChangeType=SpecificLineAll": 0.037037037037037035,
    "ChangeType=NoneButReplace": 0
  }
}