{
  "Surety": 3.2333333333333334,
  "OutputFormatCorrectness": 0.7727217767652476,
  "InvalidJSON": 0.7,
  "DataClumpSize_mean": 6.5936111111111115,
  "DataClumpOccurence_mean": 94.30111111111111,
  "FieldToField_mean": 0.10083333333333333,
  "ParametersToParameters_mean": 0.8866666666666667,
  "DataClumpSize_count": 3.7333333333333334,
  "DataClumpOccurence_count": 3.7333333333333334,
  "FieldToField_count": 3.8,
  "ParametersToParameters_count": 3.8,
  "DataClumpSize_groupedCount": {
    "3": 2.3846153846153846,
    "4": 2
  },
  "DataClumpOccurence_groupedCount": {
    "6": 2.2222222222222223,
    "30": 2.75
  },
  "FieldToField_groupedCount": {
    "0": 3.7857142857142856
  },
  "ParametersToParameters_groupedCount": {
    "0": 1.375,
    "1": 3.6785714285714284
  },
  "DataClumpSize_raw": {
    "0": 6.466666666666667,
    "1": 5.863636363636363,
    "2": 5.944444444444445,
    "3": 7.076923076923077,
    "4": 6.166666666666667,
    "5": 4.875,
    "6": 3.5,
    "7": 3
  },
  "DataClumpOccurence_raw": {
    "0": 66.53333333333333,
    "1": 172.8181818181818,
    "2": 24.72222222222222,
    "3": 17.153846153846153,
    "4": 127.5,
    "5": 20.5,
    "6": 18,
    "7": 30
  },
  "FieldToField_raw": {
    "0": 0.1,
    "1": 0.09090909090909091,
    "2": 0.05555555555555555,
    "3": 0,
    "4": 0.08333333333333333,
    "5": 0,
    "6": 0,
    "7": 0.25
  },
  "ParametersToParameters_raw": {
    "0": 0.9,
    "1": 0.9090909090909091,
    "2": 0.9444444444444444,
    "3": 1,
    "4": 0.9166666666666666,
    "5": 1,
    "6": 1,
    "7": 0
  }
}