{
  "Surety": [
    6,
    7,
    3,
    6,
    7,
    3,
    6,
    2,
    4,
    3,
    5.75,
    5,
    1,
    6,
    5,
    1,
    1,
    3,
    0.75,
    4.75,
    1.5,
    1,
    2,
    1.75,
    2,
    1,
    5,
    1,
    0.75,
    0.75
  ],
  "OutputFormatCorrectness": [
    0.7979539641943734,
    0.8074866310160428,
    0.8148148148148148,
    0.7979539641943734,
    0.8016085790884718,
    0.8148148148148148,
    0.7979539641943734,
    0.8376068376068376,
    0.8292682926829268,
    0.8333333333333334,
    0.8165680473372781,
    0.8226600985221675,
    0.5925925925925926,
    0.7979539641943734,
    0.704225352112676,
    0.8433734939759037,
    0.8148148148148148,
    0.8181818181818182,
    0.6,
    0.8148148148148148,
    0.6133333333333333,
    0.8634146341463415,
    0.5901639344262295,
    0.8074534161490683,
    0.8235294117647058,
    0.5797101449275363,
    0.8423645320197044,
    0.8888888888888888,
    0.6,
    0.8148148148148148
  ],
  "InvalidJSON": [
    0,
    0,
    1,
    0,
    0,
    1,
    0,
    1,
    1,
    1,
    1,
    0,
    1,
    0,
    1,
    1,
    1,
    1,
    1,
    1,
    1,
    0,
    1,
    1,
    1,
    1,
    0,
    1,
    1,
    1
  ],
  "DataClumpSize_mean": [
    3.375,
    3.4285714285714284,
    3.3333333333333335,
    3.375,
    3.2857142857142856,
    3,
    3.375,
    7.5,
    5.25,
    6.333333333333333,
    6.666666666666667,
    5,
    3,
    3.2857142857142856,
    3.4,
    12,
    3,
    3.3333333333333335,
    3,
    8.4,
    4.5,
    11,
    4.5,
    19.666666666666668,
    12,
    12,
    9.8,
    25,
    3,
    3
  ],
  "DataClumpOccurence_mean": [
    21,
    19.714285714285715,
    22,
    21,
    23.142857142857142,
    30,
    21,
    16,
    23,
    12.666666666666666,
    8,
    18.8,
    30,
    23.142857142857142,
    27.8,
    2,
    30,
    35.666666666666664,
    2,
    718.8,
    1.5,
    2,
    17,
    241,
    2,
    2,
    18.8,
    2,
    1436,
    1
  ],
  "FieldToField_mean": [
    0,
    0,
    0,
    0,
    0,
    0,
    0,
    0,
    0,
    0,
    0,
    0,
    0,
    0.125,
    0,
    0,
    0,
    0,
    0,
    0,
    0.5,
    1,
    0,
    0,
    0,
    0,
    0.4,
    1,
    0,
    0
  ],
  "ParametersToParameters_mean": [
    0.875,
    1,
    1,
    0.875,
    1,
    1,
    0.875,
    1,
    1,
    1,
    1,
    1,
    1,
    0.875,
    1,
    1,
    1,
    1,
    1,
    1,
    0.5,
    0,
    1,
    1,
    1,
    1,
    0.6,
    0,
    1,
    1
  ],
  "DataClumpSize_count": [
    8,
    7,
    3,
    8,
    7,
    3,
    8,
    2,
    4,
    3,
    6,
    5,
    1,
    7,
    5,
    1,
    1,
    3,
    1,
    5,
    2,
    3,
    2,
    6,
    2,
    1,
    5,
    1,
    1,
    1
  ],
  "DataClumpOccurence_count": [
    8,
    7,
    3,
    8,
    7,
    3,
    8,
    2,
    4,
    3,
    6,
    5,
    1,
    7,
    5,
    1,
    1,
    3,
    1,
    5,
    2,
    3,
    2,
    6,
    2,
    1,
    5,
    1,
    1,
    1
  ],
  "FieldToField_count": [
    8,
    7,
    3,
    8,
    7,
    3,
    8,
    2,
    4,
    3,
    6,
    5,
    1,
    8,
    5,
    1,
    1,
    3,
    1,
    5,
    2,
    3,
    2,
    7,
    2,
    1,
    5,
    1,
    1,
    1
  ],
  "ParametersToParameters_count": [
    8,
    7,
    3,
    8,
    7,
    3,
    8,
    2,
    4,
    3,
    6,
    5,
    1,
    8,
    5,
    1,
    1,
    3,
    1,
    5,
    2,
    3,
    2,
    7,
    2,
    1,
    5,
    1,
    1,
    1
  ],
  "DataClumpSize_groupedCount": [
    {
      "3": 5,
      "4": 3
    },
    {
      "3": 4,
      "4": 3
    },
    {
      "3": 2,
      "4": 1
    },
    {
      "3": 5,
      "4": 3
    },
    {
      "3": 5,
      "4": 2
    },
    {
      "3": 3
    },
    {
      "3": 5,
      "4": 3
    },
    {
      "3": 1,
      "12": 1
    },
    {
      "3": 3,
      "12": 1
    },
    {
      "3": 1,
      "4": 1,
      "12": 1
    },
    {
      "3": 1,
      "4": 2,
      "5": 1,
      "12": 2
    },
    {
      "3": 3,
      "4": 1,
      "12": 1
    },
    {
      "3": 1
    },
    {
      "3": 5,
      "4": 2
    },
    {
      "3": 3,
      "4": 2
    },
    {
      "12": 1
    },
    {
      "3": 1
    },
    {
      "3": 2,
      "4": 1
    },
    {
      "3": 1
    },
    {
      "3": 2,
      "12": 3
    },
    {
      "3": 1,
      "6": 1
    },
    {
      "3": 1,
      "15": 2
    },
    {
      "3": 1,
      "6": 1
    },
    {
      "3": 1,
      "15": 1,
      "25": 4
    },
    {
      "12": 2
    },
    {
      "12": 1
    },
    {
      "3": 3,
      "15": 1,
      "25": 1
    },
    {
      "25": 1
    },
    {
      "3": 1
    },
    {
      "3": 1
    }
  ],
  "DataClumpOccurence_groupedCount": [
    {
      "6": 3,
      "30": 5
    },
    {
      "6": 3,
      "30": 4
    },
    {
      "6": 1,
      "30": 2
    },
    {
      "6": 3,
      "30": 5
    },
    {
      "6": 2,
      "30": 5
    },
    {
      "30": 3
    },
    {
      "6": 3,
      "30": 5
    },
    {
      "2": 1,
      "30": 1
    },
    {
      "2": 1,
      "30": 3
    },
    {
      "2": 1,
      "6": 1,
      "30": 1
    },
    {
      "2": 3,
      "6": 2,
      "30": 1
    },
    {
      "2": 2,
      "30": 3
    },
    {
      "30": 1
    },
    {
      "6": 2,
      "30": 5
    },
    {
      "2": 1,
      "30": 3,
      "47": 1
    },
    {
      "2": 1
    },
    {
      "30": 1
    },
    {
      "30": 2,
      "47": 1
    },
    {
      "2": 1
    },
    {
      "2": 3,
      "30": 1,
      "3558": 1
    },
    {
      "1": 1,
      "2": 1
    },
    {
      "2": 3
    },
    {
      "4": 1,
      "30": 1
    },
    {
      "2": 5,
      "1436": 1
    },
    {
      "2": 2
    },
    {
      "2": 1
    },
    {
      "2": 2,
      "30": 3
    },
    {
      "2": 1
    },
    {
      "1436": 1
    },
    {
      "1": 1
    }
  ],
  "FieldToField_groupedCount": [
    {
      "0": 8
    },
    {
      "0": 7
    },
    {
      "0": 3
    },
    {
      "0": 8
    },
    {
      "0": 7
    },
    {
      "0": 3
    },
    {
      "0": 8
    },
    {
      "0": 2
    },
    {
      "0": 4
    },
    {
      "0": 3
    },
    {
      "0": 6
    },
    {
      "0": 5
    },
    {
      "0": 1
    },
    {
      "0": 7,
      "1": 1
    },
    {
      "0": 5
    },
    {
      "0": 1
    },
    {
      "0": 1
    },
    {
      "0": 3
    },
    {
      "0": 1
    },
    {
      "0": 5
    },
    {
      "0": 1,
      "1": 1
    },
    {
      "1": 3
    },
    {
      "0": 2
    },
    {
      "0": 7
    },
    {
      "0": 2
    },
    {
      "0": 1
    },
    {
      "0": 3,
      "1": 2
    },
    {
      "1": 1
    },
    {
      "0": 1
    },
    {
      "0": 1
    }
  ],
  "ParametersToParameters_groupedCount": [
    {
      "0": 1,
      "1": 7
    },
    {
      "1": 7
    },
    {
      "1": 3
    },
    {
      "0": 1,
      "1": 7
    },
    {
      "1": 7
    },
    {
      "1": 3
    },
    {
      "0": 1,
      "1": 7
    },
    {
      "1": 2
    },
    {
      "1": 4
    },
    {
      "1": 3
    },
    {
      "1": 6
    },
    {
      "1": 5
    },
    {
      "1": 1
    },
    {
      "0": 1,
      "1": 7
    },
    {
      "1": 5
    },
    {
      "1": 1
    },
    {
      "1": 1
    },
    {
      "1": 3
    },
    {
      "1": 1
    },
    {
      "1": 5
    },
    {
      "0": 1,
      "1": 1
    },
    {
      "0": 3
    },
    {
      "1": 2
    },
    {
      "1": 7
    },
    {
      "1": 2
    },
    {
      "1": 1
    },
    {
      "0": 2,
      "1": 3
    },
    {
      "0": 1
    },
    {
      "1": 1
    },
    {
      "1": 1
    }
  ],