{
  "mean": 0.45,
  "count": 180,
  "sum": 68.63,
  "max": 1,
  "min": 0,
  "raw": [
    0,
    0,
    0,
    0.16129032258064516,
    0,
    0,
    0.12903225806451613,
    0.25,
    0,
    0,
    0.13846153846153847,
    0.15384615384615385,
    0.037037037037037035,
    0.14655172413793102,
    0.041666666666666664,
    0.0958904109589041,
    0.10526315789473684,
    0.07792207792207792,
    0.0958904109589041,
    0.28,
    0.8823529411764706,
    0.8571428571428571,
    0.5402298850574713,
    0.8421052631578947,
    0.9047619047619048,
    0.8666666666666667,
    0.7333333333333333,
    0.26785714285714285,
    0.8627450980392157,
    0.5714285714285714,
    null,
    0.5,
    0.5333333333333333,
    0.7037037037037037,
    0.5,
    0.2222222222222222,
    0.5,
    0.5,
    null,
    0.5,
    0.47058823529411764,
    0.55,
    0.47058823529411764,
    0.9090909090909091,
    0.75,
    null,
    0.7333333333333333,
    null,
    null,
    null,
    0.4166666666666667,
    0.6,
    0.8571428571428571,
    0.8888888888888888,
    1,
    null,
    0.45,
    0.6,
    0.4117647058823529,
    1,
    0.02830188679245283,
    0,
    0.25,
    0.012195121951219513,
    1,
    1,
    0,
    0.1111111111111111,
    0,
    1,
    0.21212121212121213,
    0.20967741935483872,
    0.14285714285714285,
    0,
    0,
    0.275,
    0,
    0.03125,
    0.018633540372670808,
    0.08333333333333333,
    0.868421052631579,
    0.15384615384615385,
    0.3684210526315789,
    0.5,
    0.8823529411764706,
    0.4594594594594595,
    0.8666666666666667,
    0.6666666666666666,
    0.7,
    0.8421052631578947,
    0.75,
    0.4166666666666667,
    0.5,
    null,
    0.7692307692307693,
    0.5,
    0.7222222222222222,
    0.45454545454545453,
    1,
    0,
    null,
    0.7,
    0.5365853658536586,
    0.6470588235294118,
    0.5263157894736842,
    0.5882352941176471,
    0.8695652173913043,
    null,
    null,
    0.7142857142857143,
    0.15384615384615385,
    null,
    0.38461538461538464,
    null,
    0.6,
    0.47058823529411764,
    0.4117647058823529,
    0.6363636363636364,
    0.4666666666666667,
    null,
    1,
    null,
    0.6111111111111112,
    0.8,
    0,
    0.5,
    0,
    0,
    1,
    0.2962962962962963,
    0.08823529411764706,
    0,
    0,
    0,
    0.3787878787878788,
    null,
    0,
    0,
    0.16666666666666666,
    0.09090909090909091,
    0.8333333333333334,
    0.8571428571428571,
    0.30434782608695654,
    0.782608695652174,
    0.23529411764705882,
    0.5,
    0.38461538461538464,
    0.7931034482758621,
    0.85,
    1,
    null,
    null,
    null,
    0.8181818181818182,
    0,
    0.5714285714285714,
    0,
    0.16666666666666666,
    null,
    0.55,
    0.5294117647058824,
    null,
    0.9166666666666666,
    1,
    0.6666666666666666,
    null,
    null,
    0.6470588235294118,
    0,
    0.6428571428571429,
    0.8571428571428571,
    0.8888888888888888,
    null,
    null,
    0.7058823529411765,
    0.4117647058823529,
    0.3333333333333333,
    null,
    null,
    0.84
  ]
}