{
  "mean": 0.78,
  "count": 540,
  "sum": 355.52,
  "max": 1,
  "min": 0,
  "raw": [
    0.8695652173913043,
    1,
    1,
    0.8333333333333334,
    0.9375,
    1,
    0.8695652173913043,
    0.9333333333333333,
    0.9285714285714286,
    0.5909090909090908,
    0.9583333333333334,
    0.96,
    0.9545454545454546,
    1,
    0.9615384615384616,
    0.875,
    0.7857142857142857,
    0.8928571428571429,
    1,
    0.9230769230769231,
    1,
    0.9230769230769231,
    1,
    1,
    1,
    0.9444444444444444,
    0.9444444444444444,
    1,
    1,
    0.9444444444444444,
    1,
    0.8888888888888888,
    0.9090909090909091,
    1,
    0.8666666666666667,
    1,
    1,
    1,
    1,
    0.9285714285714286,
    1,
    1,
    1,
    1,
    1,
    1,
    1,
    1,
    1,
    1,
    0.8076923076923077,
    0.7391304347826086,
    0.7619047619047619,
    0.7391304347826086,
    0.6666666666666667,
    0.5,
    0.7857142857142857,
    0.8260869565217391,
    0.875,
    0.7692307692307692,
    0.9148936170212766,
    0.9333333333333333,
    0.625,
    1,
    1,
    0.96,
    0.8260869565217391,
    0.9117647058823529,
    0.8235294117647058,
    0.8333333333333334,
    0.9615384615384616,
    0.9,
    1,
    0.7692307692307692,
    1,
    0.95,
    0.9090909090909091,
    1,
    0.9583333333333334,
    0.9545454545454546,
    0.9879518072289156,
    1,
    0.9696969696969697,
    1,
    0.9714285714285714,
    1,
    1,
    0.9,
    1,
    1,
    0.9090909090909091,
    1,
    1,
    0.9411764705882353,
    1,
    1,
    1,
    1,
    1,
    1,
    1,
    1,
    1,
    1,
    1,
    1,
    1,
    0.8571428571428572,
    1,
    1,
    1,
    0.7692307692307692,
    1,
    0.9444444444444444,
    0.6842105263157895,
    1,
    0.9444444444444444,
    0.7857142857142857,
    0.875,
    1,
    0.8103448275862069,
    1,
    1,
    0.7,
    1,
    1,
    1,
    0.8636363636363636,
    0.95,
    1,
    1,
    1,
    0.9375,
    0.8928571428571429,
    0.8,
    1,
    0.9642857142857143,
    1,
    0.9,
    0.96875,
    0.9859154929577465,
    1,
    0.8181818181818181,
    1,
    0.9722222222222222,
    0.8,
    1,
    1,
    1,
    0.9,
    0.875,
    0.7692307692307692,
    1,
    1,
    1,
    1,
    1,
    0.8888888888888888,
    1,
    1,
    1,
    1,
    1,
    1,
    1,
    0.8947368421052632,
    1,
    1,
    0.75,
    0.5,
    0.736842105263158,
    1,
    0.7142857142857143,
    0.9583333333333334,
    0.6666666666666667,
    1,
    1,
    0.5,
    1,
    0.9230769230769231,
    null,
    0.8181818181818181,
    0.8958333333333334,
    0.9397590361445783,
    0.6206896551724138,
    1,
    0.7604166666666666,
    0.865979381443299,
    0.2666666666666667,
    0.32352941176470584,
    0.96,
    1,
    1,
    0.9166666666666666,
    0.9772727272727273,
    1,
    0.9615384615384616,
    1,
    0.9166666666666666,
    1,
    0.96,
    0.9583333333333334,
    0.972972972972973,
    1,
    0.967741935483871,
    1,
    0.9722222222222222,
    1,
    null,
    0.9428571428571428,
    null,
    null,
    null,
    null,
    null,
    null,
    null,
    null,
    null,
    null,
    1,
    1,
    null,
    0.9142857142857143,
    1,
    0.9411764705882353,
    1,
    0.967741935483871,
    0.8918918918918919,
    0.7,
    1,
    1,
    null,
    1,
    null,
    null,
    null,
    null,
    null,
    null,
    0.6818181818181819,
    0.8823529411764706,
    0.8846153846153846,
    0.9574468085106383,
    0.9264705882352942,
    1,
    0.9884169884169884,
    0.9852941176470589,
    1,
    0.75,
    0.9545454545454546,
    1,
    0.8823529411764706,
    0.7608695652173914,
    1,
    1,
    null,
    0.962962962962963,
    null,
    0.9333333333333333,
    0.868421052631579,
    0.6071428571428572,
    1,
    0.9523809523809523,
    0.9444444444444444,
    0.9705882352941176,
    0.9375,
    0.9,
    0.875,
    null,
    null,
    null,
    1,
    null,
    null,
    null,
    null,
    null,
    null,
    null,
    0.8529411764705882,
    1,
    1,
    1,
    1,
    1,
    0.2962962962962963,
    0.9444444444444444,
    0.9166666666666666,
    null,
    null,
    null,
    null,
    null,
    null,
    null,
    null,
    1,
    1,
    null,
    0.75,
    0.8275862068965517,
    1,
    0.9813084112149533,
    1,
    0.6190476190476191,
    1,
    1,
    0.26086956521739135,
    0.41666666666666663,
    0.9512195121951219,
    0.18604651162790697,
    0.96,
    0.9166666666666666,
    0.9,
    1,
    0.3214285714285714,
    1,
    0.736842105263158,
    0.9574468085106383,
    0.6666666666666667,
    0.967741935483871,
    null,
    1,
    1,
    1,
    0.9512195121951219,
    0.8947368421052632,
    0.935483870967742,
    0.30000000000000004,
    1,
    null,
    null,
    0.631578947368421,
    null,
    null,
    1,
    null,
    null,
    null,
    0.7419354838709677,
    1,
    null,
    1,
    0.7222222222222222,
    null,
    1,
    1,
    1,
    0.7575757575757576,
    0.8333333333333334,
    0.5416666666666667,
    null,
    0.5714285714285714,
    null,
    null,
    null,
    0.9,
    null,
    null,
    0.7395833333333333,
    0.030303030303030276,
    0.06896551724137934,
    0.19354838709677424,
    0.05970149253731338,
    0.75,
    0.19354838709677424,
    0.625,
    0.07407407407407407,
    0.8263888888888888,
    0.1384615384615384,
    0.15384615384615385,
    0.07407407407407407,
    0.3793103448275862,
    0.27083333333333337,
    0,
    0.4736842105263158,
    0.18181818181818177,
    0,
    0.2666666666666667,
    0.8235294117647058,
    0.8571428571428572,
    0.5747126436781609,
    0.7894736842105263,
    0.8571428571428572,
    0.8,
    0.48888888888888893,
    0.25,
    0.3529411764705882,
    0.8571428571428572,
    null,
    0.5,
    0.4666666666666667,
    0.5357142857142857,
    0.41666666666666663,
    0.03703703703703709,
    0.41666666666666663,
    0.41666666666666663,
    null,
    0.41666666666666663,
    0.5294117647058824,
    0.5,
    0.47058823529411764,
    1,
    0.75,
    null,
    0.4,
    null,
    null,
    null,
    0.33333333333333337,
    1,
    1,
    1,
    1,
    null,
    0.65,
    0.5,
    0.5294117647058824,
    0.7272727272727273,
    0.34905660377358494,
    0.2222222222222222,
    0.5,
    0.9634146341463414,
    0,
    1,
    0.375,
    0,
    0.19999999999999996,
    0,
    0.06060606060606055,
    0.7741935483870968,
    0.1428571428571429,
    0.8705882352941177,
    0.8536585365853658,
    0.4625,
    0.736842105263158,
    0.9076923076923077,
    0.9263803680981595,
    0.41666666666666663,
    0.9210526315789473,
    0.2692307692307693,
    1,
    1,
    0.8823529411764706,
    0.9459459459459459,
    0.7333333333333334,
    0.4666666666666667,
    0.9,
    0.7894736842105263,
    0.08333333333333337,
    0.41666666666666663,
    0.41666666666666663,
    null,
    0.3076923076923077,
    0.41666666666666663,
    0.5789473684210527,
    0.2727272727272727,
    1,
    1,
    null,
    0.44999999999999996,
    0.6341463414634146,
    0.4117647058823529,
    0.631578947368421,
    0.5294117647058824,
    1,
    null,
    null,
    0.4285714285714286,
    0.7692307692307692,
    null,
    0.3846153846153846,
    null,
    0.5333333333333333,
    0.3529411764705882,
    0.3529411764705882,
    1,
    0.4666666666666667,
    null,
    0,
    null,
    0.6111111111111112,
    0.9333333333333333,
    0,
    0.33333333333333337,
    0,
    0.5294117647058824,
    0,
    0.37037037037037035,
    0,
    0.33333333333333337,
    0.4545454545454546,
    0.8461538461538461,
    0.4242424242424242,
    null,
    0,
    0,
    0.16666666666666663,
    0.31818181818181823,
    0.5,
    0.9047619047619048,
    0.9130434782608696,
    0.782608695652174,
    0.5882352941176471,
    0.8846153846153846,
    0.7307692307692308,
    1,
    0.85,
    0.33333333333333337,
    null,
    null,
    null,
    0.4545454545454546,
    0.6666666666666667,
    0.4285714285714286,
    0.6,
    0.8333333333333334,
    null,
