{
  "Surety": [
    3,
    3,
    5,
    2.25,
    1,
    2.75,
    5,
    5.25,
    1.75,
    2.75,
    2.25,
    2.25,
    1,
    1,
    2.5,
    4.5,
    5.5,
    4.25,
    4.5,
    4.5,
    4.75,
    3.75,
    4.25,
    4.75,
    4.5,
    4.5,
    2.75,
    3,
    2.75,
    4.5,
    2.75,
    1,
    4.5,
    2,
    2.75,
    3.75,
    4.5,
    1,
    4,
    5.5,
    4.75,
    1,
    4.5,
    3.75,
    1,
    4,
    -2.25,
    -4.25,
    3,
    4.5,
    4,
    1,
    5,
    -1.75,
    3
  ],
  "Number data clumps": [
    3,
    6,
    6,
    5,
    1,
    3,
    6,
    6,
    2,
    3,
    5,
    5,
    1,
    1,
    5,
    5,
    6,
    7,
    5,
    5,
    5,
    4,
    7,
    5,
    5,
    5,
    3,
    3,
    3,
    5,
    3,
    1,
    5,
    2,
    3,
    4,
    5,
    1,
    4,
    6,
    5,
    1,
    5,
    4,
    1,
    4,
    3,
    3,
    3,
    7,
    7,
    1,
    5,
    3,
    3
  ],
  "OutputFormatCorrectness": [
    0.8484848484848485,
    0.6323529411764706,
    0.8246445497630331,
    0.5794621026894865,
    0.5853658536585366,
    0.8448275862068966,
    0.8254310344827587,
    0.823394495412844,
    0.8235294117647058,
    0.8409090909090909,
    0.39705882352941174,
    0,
    0.8292682926829268,
    0.8292682926829268,
    0.6323529411764706,
    0.5925925925925926,
    0,
    0,
    0.5925925925925926,
    0.5906040268456376,
    0.5897435897435898,
    0.5901639344262295,
    0,
    0.588957055214724,
    0.8148148148148148,
    0.5875706214689266,
    0.8235294117647058,
    0.8344370860927153,
    0.8235294117647058,
    0.5875706214689266,
    0.5882352941176471,
    0.5882352941176471,
    0.5875706214689266,
    0.5882352941176471,
    0.8235294117647058,
    0.8324324324324325,
    0.8248587570621468,
    0.8615384615384616,
    0,
    0.5862944162436549,
    0.8248587570621468,
    0.5882352941176471,
    0.8248587570621468,
    0.5882352941176471,
    0.8235294117647058,
    0.8148148148148148,
    0.8490566037735849,
    0.6779661016949152,
    0.8181818181818182,
    0.7950617283950617,
    0.8027397260273973,
    0.8235294117647058,
    0,
    0.7924528301886793,
    0.8210526315789474
  ],
  "ValidJSON": [
    1,
    0,
    1,
    0,
    1,
    1,
    0,
    0,
    1,
    1,
    0,
    0,
    1,
    1,
    0,
    1,
    0,
    0,
    1,
    1,
    1,
    1,
    0,
    1,
    1,
    1,
    1,
    1,
    1,
    1,
    1,
    1,
    1,
    1,
    1,
    1,
    1,
    1,
    0,
    0,
    1,
    1,
    1,
    1,
    1,
    1,
    1,
    1,
    1,
    0,
    0,
    1,
    0,
    1,
    1
  ],
  "DataClumpSize": [
    5,
    11,
    11,
    5,
    11,
    3,
    3,
    3,
    3,
    5,
    11,
    3,
    3,
    3,
    3,
    5,
    11,
    3,
    3,
    3,
    5,
    5,
    11,
    3,
    5,
    11,
    3,
    3,
    3,
    3,
    3,
    5,
    11,
    3,
    3,
    3,
    5,
    3,
    5,
    11,
    3,
    5,
    11,
    3,
    3,
    3,
    5,
    11,
    3,
    3,
    3,
    5,
    5,
    3,
    5,
    11,
    3,
    3,
    3,
    100,
    4,
    8,
    100,
    3,
    4,
    4,
    8,
    3,
    3,
    3,
    100,
    4,
    100,
    3,
    8,
    8,
    3,
    4,
    4,
    3,
    3,
    3,
    4,
    4,
    8,
    3,
    3,
    100,
    4,
    8,
    100,
    3,
    100,
    4,
    8,
    3,
    4,
    4,
    8,
    8,
    8,
    8,
    3,
    100,
    4,
    100,
    8,
    3,
    4,
    4,
    8,
    3,
    3,
    4,
    4,
    3,
    3,
    3,
    100,
    4,
    3,
    4,
    8,
    3,
    4,
    4,
    3,
    4,
    4,
    3,
    3,
    3,
    8,
    3,
    3,
    3,
    4,
    4,
    3,
    3,
    3,
    8,
    3,
    4,
    4,
    3,
    100,
    8,
    100,
    3,
    4,
    4,
    3,
    3,
    30,
    3,
    4,
    8,
    100,
    3,
    4,
    4,
    3,
    3,
    8,
    3,
    100,
    4,
    100,
    3,
    3,
    3,
    4,
    4,
    3,
    3,
    3,
    100,
    4,
    100,
    3,
    12,
    4,
    3,
    4,
    3,
    6,
    3,
    3,
    4,
    3,
    3,
    3,
    12,
    3,
    3,
    3,
    12,
    4,
    4,
    5,
    12,
    12,
    12,
    12,
    12,
    12,
    4,
    12,
    12,
    12,
    12,
    12,
    12,
    3,
    4,
    3,
    3,
    4,
    12
  ],
  "DataClumpOccurence": [
    6,
    6,
    0,
    6,
    6,
    64,
    64,
    64,
    64,
    6,
    6,
    12,
    6,
    2,
    6,
    6,
    6,
    64,
    64,
    64,
    6,
    6,
    0,
    64,
    6,
    6,
    64,
    64,
    64,
    64,
    6,
    6,
    6,
    6,
    2,
    6,
    6,
    64,
    6,
    0,
    12,
    6,
    6,
    6,
    2,
    6,
    6,
    6,
    6,
    2,
    6,
    6,
    6,
    6,
    6,
    6,
    6,
    2,
    12,
    2,
    4,
    3,
    2,
    12,
    4,
    4,
    3,
    3,
    3,
    12,
    2,
    4,
    2,
    3,
    3,
    3,
    12,
    4,
    4,
    3,
    3,
    12,
    4,
    4,
    3,
    1592,
    12,
    2,
    4,
    3,
    2,
    12,
    2,
    4,
    3,
    12,
    4,
    4,
    3,
    3,
    3,
    3,
    12,
    2,
    4,
    2,
    3,
    12,
    4,
    4,
    3,
    1592,
    12,
    4,
    4,
    1592,
    3,
    12,
    2,
    4,
    12,
    4,
    3,
    12,
    4,
    4,
    12,
    4,
    4,
    1592,
    3,
    12,
    3,
    3,
    12,
    12,
    4,
    4,
    3,
    3,
    12,
    3,
    12,
    4,
    4,
    12,
    2,
    3,
    2,
    12,
    4,
    4,
    1592,
    3,
    2,
    12,
    4,
    3,
    2,
    12,
    4,
    4,
    1592,
    3,
    3,
    12,
    2,
    4,
    2,
    3,
    12,
    12,
    4,
    4,
    3,
    3,
    12,
    2,
    4,
    2,
    12,
    2,
    2,
    30,
    47,
    2,
    4,
    1,
    2,
    47,
    1,
    30,
    30,
    2,
    30,
    30,
    30,
    2,
    82,
    2,
    2,
    2,
    2,
    2,
    2,
    2,
    2,
    82,
    2,
    2,
    2,
    2,
    2,
    2,
    833,
    47,
    1,
    30,
    6,
    2
  ],
  "ParametersToParameters": [
    1,
    1,
    0,
    1,
    1,
    1,
    1,
    1,
    1,
    1,
    1,
    1,
    1,
    1,
    1,
    1,
    1,
    1,
    1,
    1,
    1,
    1,
    0,
    1,
    1,
    1,
    1,
    1,
    1,
    1,
    1,
    1,
    1,
    1,
    1,
    1,
    1,
    1,
    1,
    0,
    1,
    1,
    1,
    1,
    1,
    1,
    1,
    1,
    1,
    1,
    1,
    1,
    1,
    1,
    1,
    1,
    1,
    1,
    1,
    0,
    1,
    1,
    0,
    1,
    1,
    1,
    1,
    1,
    1,
    1,
    0,
    1,
    0,
    1,
    1,
    1,
    1,
    1,
    1,
    1,
    1,
    1,
    1,
    1,
    1,
    1,
    1,
    0,
    1,
    1,
    0,
    1,
    0,
    1,
    1,
    1,
    1,
    1,
    1,
    1,
    1,
    1,
    1,
    0,
    1,
    0,
    1,
    1,
    1,
    1,
    1,
    1,
    1,
    1,
    1,
    1,
    1,
    1,
    0,
    1,
    1,
    1,
    1,
    1,
    1,
    1,
    1,
    1,
    1,
    1,
    1,
    1,
    1,
    1,
    1,
    1,
    1,
    1,
    1,
    1,
    1,
    1,
    1,
    1,
    1,
    1,
    0,
    1,
    0,
    1,
    1,
    1,
    1,
    1,
    0,
    1,
    1,
    1,
    0,
    1,
    1,
    1,
    1,
    1,
    1,
    1,
    0,
    1,
    0,
    1,
    1,
    1,
    1,
    1,
    1,
    1,
    1,
    0,
    1,
    0,
    1,
    1,
    1,
    1,
    1,
    0,
    1,
    0,
    0,
    1,
    0,
    1,
    1,
    1,
    1,
    1,
    1,
    1,
    1,
    1,
    1,
    1,
    1,
    1,
    1,
    1,
    1,
    0,
    1,
    1,
    1,
    1,
    1,
    1,
    1,
    1,
    0,
    1,
    1,
    1
  ],