{
  "mean": 0.07,
  "count": 30,
  "sum": 2.25,
  "max": 0.11,
  "min": 0.05,
  "raw": [
    0.05215,
    0.04981,
    0.05068,
    0.0505,
    0.05059,
    0.0505,
    0.05002,
    0.04999,
    0.05017,
    0.05161,
    0.10294,
    0.10234,
    0.10597000000000001,
    0.1021,
    0.10504000000000001,
    0.10147,
    0.10225000000000001,
    0.10315,
    0.10171000000000001,
    0.10198,
    0.07064000000000001,
    0.07379000000000001,
    0.07307,
    0.07055,
    0.07223,
    0.07061,
    0.0704,
    0.07151,
    0.0713,
    0.07085
  ]
}