{
  "PositiveComments=true": 0.22222222222222224,
  "PositiveComments=false": 0.028546712802768125,
  "meaningfulComments=true": 0.08740894901144643,
  "meaningfulComments=false": 0,
  "Complexity": 0.08264462809917354,
  "ManualChanges": 0.22222222222222224,
  "Performance": 0,
  "RefactoringNotWorthIt": 0.24000000000000005,
  "LongLines": 0.09876543209876548,
  "NotEnough": 0,
  "SmallerDataClump": 0.08264462809917353,
  "LargerDataClump": 0,
  "OverEngineered": 0,
  "DocumentationIssues": 0,
  "JavaRecordBetter": 0,
  "ExtractedClassLocation": 0,
  "NoMeaningfulFeedback": 0.22222222222222224,
  "LLM_Useful": 0,
  "ClassName": 0,
  "ImportsIssues": 0.1875,
  "SemanticChanges": 0,
  "SameBaseClass": 0.22222222222222224,
  "ExtractedClassShouldNotBePublic": 0,
  "StyleAdaption": 0,
  "LicenseHeaderMissing": 0,
  "LLM_LegalIssues": 0,
  "InvalidPR": 0,
  "ImprovedMaintainability": 0,
  "IsolatedComponents": 0,
  "Good_Idea": 0,
  "merged=true": 0,
  "merged=false": 0.0849609375,
  "state=open": 0,
  "state=closed": 0.08740894901144643,
  "category=detectAndRefactor": 0.09000000000000001,
  "category=nameSuggestion": 0.0475,
  "type=fields_to_fields_data_clump": 0,
  "type=parameters_to_parameters_data_clump": 0.11776859504132237,
  "CodeReadability": 0.16000000000000006,
  "Usefulness": 0.09000000000000001,
  "Details": 0.13888888888888892,
  "DataClumpChoice": 0,
  "ManualWork": 0,
  "FunctionalImpact": 0,
  "GeneralComments": 0
}