{
  "PositiveComments=true": 0.25,
  "PositiveComments=false": 0.2465397923875432,
  "meaningfulComments=true": 0.2497398543184184,
  "meaningfulComments=false": 0.1728395061728395,
  "Complexity": 0.1983471074380165,
  "ManualChanges": 0.25,
  "Performance": 0.25,
  "RefactoringNotWorthIt": 0.16000000000000006,
  "LongLines": 0.2469135802469136,
  "NotEnough": 0,
  "SmallerDataClump": 0.2479338842975206,
  "LargerDataClump": 0,
  "OverEngineered": 0,
  "DocumentationIssues": 0,
  "JavaRecordBetter": 0.1875,
  "ExtractedClassLocation": 0,
  "NoMeaningfulFeedback": 0,
  "LLM_Useful": 0,
  "ClassName": 0,
  "ImportsIssues": 0.1875,
  "SemanticChanges": 0,
  "SameBaseClass": 0.22222222222222224,
  "ExtractedClassShouldNotBePublic": 0,
  "StyleAdaption": 0.22222222222222224,
  "LicenseHeaderMissing": 0.1875,
  "LLM_LegalIssues": 0,
  "InvalidPR": 0,
  "ImprovedMaintainability": 0.25,
  "IsolatedComponents": 0,
  "Good_Idea": 0,
  "merged=true": 0.25,
  "merged=false": 0.24609375,
  "state=open": 0.2469135802469136,
  "state=closed": 0.24765868886576473,
  "category=detectAndRefactor": 0.22749999999999998,
  "category=nameSuggestion": 0.2475,
  "type=fields_to_fields_data_clump": 0,
  "type=parameters_to_parameters_data_clump": 0,
  "CodeReadability": 0.24000000000000005,
  "Usefulness": 0.24000000000000005,
  "Details": 0.1388888888888889,
  "DataClumpChoice": 0,
  "ManualWork": 0.234375,
  "FunctionalImpact": 0,
  "GeneralComments": 0.24000000000000005
}