{
  "instanceType": "refactor",
  "instructionType": "exampleBased",
  "includeUsages": "withUsages",
  "temperature": 0.5,
  "inputFormat": "instructionSnippet",
  "margin": 1,
  "model": "gpt-4-1106-preview",
  "iteration": 3,
  "projectName": "dolphinscheduler",
  "metrics": {
    "ValidPrograms": 0,
    "RemainingAttemptCount": 0,
    "RemovedDataClumps": null,
    "GitChanges": 0,
    "CommentOut": 0.9523809523809523,
    "ValidJSON": 0.8333333333333334,
    "EmptyResponse": 1,
    "ResponseSizeDecrease": 0.5279822140447715,
    "RichClass": null,
    "HarmlessErrorCategory": 1,
    "DataClumpSize": [
      3,
      10,
      3,
      3,
      5,
      3,
      3,
      7,
      3,
      3
    ],
    "DataClumpOccurence": [
      2,
      2,
      1,
      5,
      2,
      62,
      70,
      6,
      2,
      2
    ],
    "ParametersToParameters": [
      1,
      1,
      0,
      1,
      1,
      1,
      0,
      1,
      0,
      0
    ],
    "FieldToField": [
      0,
      0,
      0,
      0,
      0,
      0,
      1,
      0,
      1,
      0
    ],
    "PreferNonPublic": [
      0,
      0,
      0,
      0,
      0,
      0,
      1,
      0,
      1,
      0
    ],
    "PrimitiveTypes": [
      0.6666666666666666,
      0.6,
      0.6666666666666666,
      0.6666666666666666,
      0.8,
      0.6666666666666666,
      0,
      0.2857142857142857,
      0.6666666666666666,
      0.3333333333333333
    ],
    "AffectedFiles": [
      1,
      1,
      2,
      4,
      1,
      4,
      36,
      2,
      2,
      3
    ],
    "ChangeType=None": 0.12195121951219512,
    "ChangeType=ReplaceText": 0,
    "ChangeType=SpecificLine": 0.8780487804878049,
    "ChangeType=SpecificLineAll": 0,
    "ChangeType=NoneButReplace": 0
  }
}