{
  "Surety": 1.575,
  "OutputFormatCorrectness": 0.7463823038135122,
  "InvalidJSON": 0.9,
  "DataClumpSize_mean": 6.1450000000000005,
  "DataClumpOccurence_mean": 20.669999999999998,
  "FieldToField_mean": 0.10166666666666666,
  "ParametersToParameters_mean": 0.8983333333333334,
  "DataClumpSize_count": 2.8,
  "DataClumpOccurence_count": 2.8,
  "FieldToField_count": 3.35,
  "ParametersToParameters_count": 3.35,
  "DataClumpSize_groupedCount": {
    "4": 1,
    "11": 1.4285714285714286
  },
  "DataClumpOccurence_groupedCount": {
    "6": 1.625,
    "434": 1
  },
  "FieldToField_groupedCount": {
    "0": 3
  },
  "ParametersToParameters_groupedCount": {
    "1": 3
  },
  "DataClumpSize_raw": {
    "0": 6.222222222222222,
    "1": 8.461538461538462
  },
  "DataClumpOccurence_raw": {
    "0": 5.555555555555555,
    "1": 38.76923076923077
  },
  "FieldToField_raw": {
    "0": 0,
    "1": 0.2857142857142857
  },
  "ParametersToParameters_raw": {
    "0": 1,
    "1": 0.7142857142857143
  }
}