{
  "mean": 4.666666666666667,
  "median": 4,
  "variance": 0.888888888888889,
  "count": 14,
  "groupedCount": {
    "4": 2,
    "6": 1
  }
}