{
  "mean": 6.666666666666667,
  "median": 5,
  "variance": 26.444444444444443,
  "count": 60,
  "groupedCount": {
    "4": 4,
    "5": 1,
    "6": 3,
    "21": 1
  }
}