{
  "mean": 4.333333333333333,
  "median": 4,
  "variance": 1.5555555555555554,
  "count": 13,
  "groupedCount": {
    "3": 1,
    "4": 1,
    "6": 1
  }
}