{
  "mean": 2.6,
  "count": 70,
  "sum": 182.33,
  "max": 5.33,
  "min": 1.33,
  "raw": [
    3.3333333333333335,
    3.3333333333333335,
    3.3333333333333335,
    3.3333333333333335,
    3.3333333333333335,
    3.3333333333333335,
    3.3333333333333335,
    4.333333333333333,
    3.3333333333333335,
    3.3333333333333335,
    1.3333333333333333,
    1.3333333333333333,
    1.3333333333333333,
    1.3333333333333333,
    1.3333333333333333,
    1.3333333333333333,
    1.3333333333333333,
    3.3333333333333335,
    1.3333333333333333,
    1.3333333333333333,
    1.3333333333333333,
    1.3333333333333333,
    1.3333333333333333,
    1.3333333333333333,
    1.3333333333333333,
    3.3333333333333335,
    3.3333333333333335,
    1.3333333333333333,
    1.3333333333333333,
    1.3333333333333333,
    1.3333333333333333,
    1.3333333333333333,
    3.3333333333333335,
    1.3333333333333333,
    1.3333333333333333,
    1.3333333333333333,
    1.3333333333333333,
    1.3333333333333333,
    3.3333333333333335,
    1.3333333333333333,
    3.3333333333333335,
    1.3333333333333333,
    1.3333333333333333,
    5.333333333333333,
    3.3333333333333335,
    1.3333333333333333,
    1.3333333333333333,
    5.333333333333333,
    3.3333333333333335,
    1.3333333333333333,
    3.3333333333333335,
    1.3333333333333333,
    1.3333333333333333,
    3.3333333333333335,
    5.333333333333333,
    3.3333333333333335,
    5.333333333333333,
    1.3333333333333333,
    3.3333333333333335,
    1.3333333333333333,
    3.3333333333333335,
    5.333333333333333,
    4.333333333333333,
    1.3333333333333333,
    5.333333333333333,
    3.3333333333333335,
    5.333333333333333,
    5.333333333333333,
    4.333333333333333,
    3.3333333333333335
  ]
}