{
  "sensitivityBest": {
    "0.1": 100,
    "0.5": 100,
    "0.9": 100
  },
  "specifityBest": {
    "0.1": 100,
    "0.5": 100,
    "0.9": 85
  },
  "medianSensitivity": {
    "0.1": 45,
    "0.5": 29,
    "0.9": 35
  },
  "medianSpecifity": {
    "0.1": 21,
    "0.5": 14,
    "0.9": 25
  },
  "meanSensitivity": {
    "0.1": 40,
    "0.5": 34,
    "0.9": 38
  },
  "meanSpecifity": {
    "0.1": 29,
    "0.5": 26,
    "0.9": 27
  },
  "stdSensitivity": {
    "0.1": 33,
    "0.5": 31,
    "0.9": 35
  },
  "stdSpecifity": {
    "0.1": 29,
    "0.5": 27,
    "0.9": 26
  },
  "sums": {
    "0.1": 0.36213235294117646,
    "0.5": 0.2959558823529412,
    "0.9": 0.34191176470588236
  }
}