{
  "mean": 68.55,
  "count": 30,
  "sum": 2056.47,
  "max": 340.56,
  "min": 1.3,
  "raw": [
    263.46,
    340.56100000000004,
    2.913,
    164.18,
    2.178,
    2.713,
    3.029,
    1.726,
    3.241,
    1.295,
    3.367,
    2.081,
    9.195,
    1.983,
    3.225,
    1.407,
    3.005,
    264.759,
    246.6475,
    3.009,
    164.40000000000003,
    159.186,
    2.978,
    165.218,
    33.053,
    3.226,
    3.551,
    194.39399999999998,
    3.287,
    3.207
  ]
}