{
  "mean": 0.92,
  "count": 36,
  "sum": 33.16,
  "max": 1,
  "min": 0,
  "raw": [
    1,
    1,
    1,
    1,
    1,
    1,
    1,
    0.96875,
    1,
    1,
    0.96875,
    1,
    0.7619047619047619,
    1,
    1,
    1,
    0.7619047619047619,
    1,
    1,
    1,
    0.75,
    1,
    0.7777777777777778,
    0,
    0.703125,
    0.75,
    1,
    1,
    1,
    1,
    1,
    0.96875,
    0.75,
    1,
    1,
    1
  ]
}