{
  "mean": 0.35,
  "count": 150,
  "sum": 53.2,
  "max": 1,
  "min": 0,
  "raw": [
    0.4,
    0,
    0.2,
    1,
    1,
    0.6,
    0.2,
    0.8,
    0.4,
    0.2,
    0.8,
    1,
    0.6,
    0.8,
    0.4,
    0.2,
    1,
    1,
    0.8,
    1,
    0.8,
    0.4,
    0.6,
    0.75,
    0.6,
    0.5,
    0.5,
    0.4,
    0.75,
    1,
    0.8333333333333334,
    0.3333333333333333,
    0,
    0.6666666666666666,
    1,
    0,
    0,
    0.8333333333333334,
    0,
    1,
    0,
    0,
    0,
    0,
    0,
    0,
    0,
    0,
    0,
    0,
    0.5,
    0.3333333333333333,
    0,
    0,
    0.5,
    0.3333333333333333,
    0.6666666666666666,
    0,
    0,
    0.8333333333333334,
    0.8333333333333334,
    0,
    0,
    0,
    0,
    0,
    0,
    0,
    0,
    0.5,
    0,
    0,
    0.6666666666666666,
    0,
    0,
    0.3333333333333333,
    0.5,
    0,
    1,
    0,
    0,
    0,
    0,
    0,
    0,
    0,
    0,
    0,
    0.3333333333333333,
    0,
    0.6666666666666666,
    1,
    0.3333333333333333,
    1,
    0,
    0,
    1,
    1,
    0,
    0,
    0,
    0,
    0.8333333333333334,
    1,
    0,
    0,
    1,
    1,
    1,
    0.8333333333333334,
    1,
    1,
    0,
    0,
    0.8333333333333334,
    0.6666666666666666,
    1,
    0.3333333333333333,
    1,
    0.5,
    0,
    0,
    0,
    0,
    0,
    0,
    0.3333333333333333,
    0,
    1,
    0,
    0,
    0,
    0.6666666666666666,
    0,
    0,
    0.16666666666666666,
    1,
    0,
    0,
    0.16666666666666666,
    1,
    0,
    0,
    0,
    0.16666666666666666,
    0,
    0,
    1,
    0,
    0
  ]
}