{
  "instanceType": "refactor",
  "instructionType": "exampleBased",
  "includeUsages": "withUsages",
  "temperature": 0.5,
  "inputFormat": "instructionSnippet",
  "margin": 0,
  "model": "gpt-4-1106-preview",
  "iteration": 9,
  "projectName": "dolphinscheduler",
  "metrics": {
    "ValidPrograms": 0,
    "RemainingAttemptCount": 0,
    "RemovedDataClumps": null,
    "GitChanges": 0,
    "CommentOut": 0.9333333333333333,
    "ValidJSON": 0.8333333333333334,
    "EmptyResponse": 0.8333333333333334,
    "ResponseSizeDecrease": 0.9577464788732394,
    "RichClass": 0,
    "HarmlessErrorCategory": 0.6666666666666666,
    "DataClumpSize": [
      3,
      10,
      3,
      3,
      3,
      3,
      6,
      3
    ],
    "DataClumpOccurence": [
      2,
      2,
      5,
      14,
      15,
      2,
      2,
      1
    ],
    "ParametersToParameters": [
      0,
      1,
      1,
      1,
      0,
      1,
      1,
      0
    ],
    "FieldToField": [
      1,
      0,
      0,
      0,
      0,
      0,
      0,
      0
    ],
    "PreferNonPublic": [
      1,
      0,
      0,
      0,
      0,
      0,
      0,
      0
    ],
    "PrimitiveTypes": [
      0.6666666666666666,
      0.6,
      0.6666666666666666,
      0,
      0.6666666666666666,
      0.6666666666666666,
      0,
      0.6666666666666666
    ],
    "AffectedFiles": [
      2,
      1,
      4,
      5,
      10,
      1,
      2,
      2
    ],
    "ChangeType=None": 0.8666666666666667,
    "ChangeType=ReplaceText": 0.06666666666666667,
    "ChangeType=SpecificLine": 0.06666666666666667,
    "ChangeType=SpecificLineAll": 0,
    "ChangeType=NoneButReplace": 0
  }
}