{
  "instanceType": "refactor",
  "instructionType": "exampleBased",
  "includeUsages": "withUsages",
  "temperature": 0.5,
  "inputFormat": "instructionSnippet",
  "margin": 5,
  "model": "gpt-4-1106-preview",
  "iteration": 8,
  "projectName": "dolphinscheduler",
  "inputType": "instructionSnippet",
  "metrics": {
    "ValidPrograms": 0,
    "RemainingAttemptCount": 0,
    "RemovedDataClumps": 0,
    "GitChanges": 186,
    "CommentOut": 1,
    "ValidJSON": 0.8333333333333334,
    "EmptyResponse": 0.8333333333333334,
    "ResponseSizeDecrease": 1.1502280246803183,
    "RichClass": 0,
    "HarmlessErrorCategory": 0.8333333333333334,
    "DataClumpSize": [
      13,
      3,
      3,
      3,
      3,
      4,
      10,
      3,
      5,
      7
    ],
    "DataClumpOccurence": [
      2,
      2,
      92,
      1,
      5,
      2,
      2,
      62,
      2,
      6
    ],
    "ParametersToParameters": [
      0,
      1,
      1,
      0,
      1,
      1,
      1,
      1,
      1,
      1
    ],
    "FieldToField": [
      1,
      0,
      0,
      0,
      0,
      0,
      0,
      0,
      0,
      0
    ],
    "PreferNonPublic": [
      1,
      0,
      0,
      0,
      0,
      0,
      0,
      0,
      0,
      0
    ],
    "PrimitiveTypes": [
      0.5384615384615384,
      0.6666666666666666,
      0.3333333333333333,
      0.6666666666666666,
      0.6666666666666666,
      0.25,
      0.6,
      0.6666666666666666,
      0.8,
      0.2857142857142857
    ],
    "AffectedFiles": [
      2,
      1,
      3,
      2,
      4,
      1,
      1,
      4,
      1,
      2
    ],
    "ChangeType=None": 0,
    "ChangeType=ReplaceText": 0,
    "ChangeType=SpecificLine": 0,
    "ChangeType=SpecificLineAll": 0
  }
}