{
  "mean": 220.18,
  "count": 90,
  "sum": 19816.48,
  "max": 825.69,
  "min": 1.29,
  "raw": [
    434.187,
    239.655,
    290.14500000000004,
    374.261,
    499.11099999999993,
    392.187,
    190.58499999999998,
    258.958,
    238.849,
    173.73999999999998,
    71.507,
    186.435,
    278.518,
    572.613,
    514.141,
    193.69099999999997,
    345.192,
    204.21699999999998,
    313.80400000000003,
    132.936,
    435.506,
    46.186,
    317.704,
    203.77100000000002,
    365.759,
    102.84299999999999,
    257.088,
    660.829,
    182.52499999999998,
    192.79,
    263.46,
    340.56100000000004,
    2.913,
    164.18,
    2.178,
    2.713,
    3.029,
    1.726,
    3.241,
    1.295,
    3.367,
    2.081,
    9.195,
    1.983,
    3.225,
    1.407,
    3.005,
    264.759,
    246.6475,
    3.009,
    164.40000000000003,
    159.186,
    2.978,
    165.218,
    33.053,
    3.226,
    3.551,
    194.39399999999998,
    3.287,
    3.207,
    550.092,
    318.79150000000004,
    554.7018333333333,
    686.256,
    623.27,
    2.342,
    265.70500000000004,
    365.13,
    228.65300000000002,
    721.7869999999999,
    439.747,
    1.954,
    128.643,
    1.999,
    390.352,
    232.635,
    215.31699999999998,
    746.776,
    234.965,
    1.469,
    451.019,
    240.63299999999998,
    2.918,
    2.488,
    321.704,
    825.691,
    289.887,
    2.195,
    1.286,
    241.865
  ]
}