{
  "instanceType": "refactor",
  "instructionType": "exampleBased",
  "temperature": 0.5,
  "inputFormat": "instructionSnippet",
  "margin": 2,
  "model": "gpt-4-1106-preview",
  "iteration": 9,
  "projectName": "rocketmq_refactor",
  "metrics": {
    "ValidPrograms": 0,
    "RemainingAttemptCount": 0,
    "RemovedDataClumps": null,
    "GitChanges": 374,
    "CommentOut": 0.4285714285714286,
    "ValidJSON": 0.8333333333333334,
    "EmptyResponse": 0.8333333333333334,
    "ResponseSizeDecrease": 0.1886859824525607,
    "RichClass": null,
    "HarmlessErrorCategory": 0.16666666666666666,
    "DataClumpSize": [
      25,
      3,
      3,
      5,
      4,
      3,
      3,
      3,
      3,
      3,
      7,
      4
    ],
    "DataClumpOccurence": [
      2,
      608,
      16,
      8,
      4,
      608,
      608,
      608,
      608,
      608,
      2,
      8
    ],
    "ParametersToParameters": [
      0,
      1,
      1,
      1,
      1,
      1,
      1,
      1,
      0,
      1,
      1,
      1
    ],
    "FieldToField": [
      1,
      0,
      0,
      0,
      0,
      0,
      0,
      0,
      0,
      0,
      0,
      0
    ],
    "PreferNonPublic": [
      0,
      0,
      0,
      0,
      0,
      0,
      0,
      1,
      0,
      0,
      0,
      0
    ],
    "PrimitiveTypes": [
      1,
      1,
      1,
      1,
      1,
      1,
      1,
      1,
      1,
      1,
      0.8571428571428571,
      1
    ],
    "AffectedFiles": [
      2,
      32,
      1,
      1,
      2,
      32,
      32,
      32,
      32,
      32,
      1,
      1
    ],
    "ChangeType=None": 0,
    "ChangeType=ReplaceText": 0.07142857142857142,
    "ChangeType=SpecificLine": 0.5714285714285714,
    "ChangeType=SpecificLineAll": 0.14285714285714285,
    "ChangeType=NoneButReplace": 0.21428571428571427
  }
}