{
  "instanceType": "refactor",
  "instructionType": "exampleBased",
  "includeUsages": "withUsages",
  "temperature": 0.9,
  "inputFormat": "instructionSnippet",
  "margin": 2,
  "model": "gpt-4-1106-preview",
  "iteration": 1,
  "projectName": "dolphinscheduler",
  "metrics": {
    "ValidPrograms": 0,
    "RemainingAttemptCount": 0,
    "RemovedDataClumps": null,
    "GitChanges": 213,
    "CommentOut": 1,
    "ValidJSON": 0.8333333333333334,
    "EmptyResponse": 0.8333333333333334,
    "ResponseSizeDecrease": 1.498917748917749,
    "RichClass": 0,
    "HarmlessErrorCategory": 0.6666666666666666,
    "DataClumpSize": [
      3,
      3,
      3,
      3,
      3,
      10,
      3,
      3,
      6,
      3,
      3,
      3
    ],
    "DataClumpOccurence": [
      2,
      92,
      1,
      5,
      15,
      2,
      2,
      2,
      2,
      2,
      70,
      62
    ],
    "ParametersToParameters": [
      1,
      1,
      0,
      1,
      0,
      1,
      0,
      0,
      0,
      0,
      0,
      1
    ],
    "FieldToField": [
      0,
      0,
      0,
      0,
      0,
      0,
      1,
      0,
      1,
      1,
      1,
      0
    ],
    "PreferNonPublic": [
      0,
      0,
      0,
      0,
      0,
      0,
      1,
      1,
      1,
      1,
      1,
      0
    ],
    "PrimitiveTypes": [
      0.6666666666666666,
      0.3333333333333333,
      0.6666666666666666,
      0.6666666666666666,
      0.6666666666666666,
      0.6,
      0.6666666666666666,
      0.6666666666666666,
      0.5,
      1,
      0,
      0.6666666666666666
    ],
    "AffectedFiles": [
      1,
      3,
      2,
      4,
      10,
      1,
      2,
      2,
      2,
      2,
      36,
      4
    ],
    "ChangeType=None": 0,
    "ChangeType=ReplaceText": 0.16666666666666666,
    "ChangeType=SpecificLine": 0.8333333333333334,
    "ChangeType=SpecificLineAll": 0,
    "ChangeType=NoneButReplace": 0
  }
}