{
  "instanceType": "detect",
  "instructionType": "exampleBased",
  "temperature": 0.1,
  "inputType": "fullFile",
  "model": "gpt-4-1106-preview",
  "iteration": 4,
  "projectName": "argoumlrefactor",
  "inputFormat": "fullFile",
  "metrics": {
    "Surety": -14.25,
    "Number data clumps": 13,
    "OutputFormatCorrectness": 0.6096096096096096,
    "ValidJSON": 0,
    "DataClumpSize": [
      11,
      11,
      11,
      11,
      11,
      11,
      11,
      11,
      11,
      11,
      11,
      11,
      11
    ],
    "DataClumpOccurence": [
      2,
      2,
      2,
      2,
      2,
      2,
      2,
      2,
      2,
      2,
      2,
      2,
      2
    ],
    "ParametersToParameters": [
      1,
      1,
      1,
      1,
      1,
      1,
      1,
      1,
      1,
      1,
      1,
      1,
      1
    ],
    "FieldToField": [
      0,
      0,
      0,
      0,
      0,
      0,
      0,
      0,
      0,
      0,
      0,
      0,
      0
    ],
    "PreferNonPublic": [
      0,
      0,
      0,
      0,
      0,
      0,
      0,
      0,
      0,
      0,
      0,
      0,
      0
    ],
    "PrimitiveTypes": [
      0.18181818181818182,
      0.18181818181818182,
      0.18181818181818182,
      0.18181818181818182,
      0.18181818181818182,
      0.18181818181818182,
      0.18181818181818182,
      0.18181818181818182,
      0.18181818181818182,
      0.18181818181818182,
      0.18181818181818182,
      0.18181818181818182,
      0.18181818181818182
    ],
    "AffectedFiles": [
      2,
      2,
      2,
      2,
      2,
      2,
      2,
      2,
      2,
      2,
      2,
      2,
      2
    ]
  }
}