{
  "mean": 0.57,
  "count": 30,
  "sum": 16.97,
  "max": 1,
  "min": 0,
  "raw": [
    1,
    0,
    0,
    0,
    1,
    1,
    0,
    1,
    0,
    0,
    1,
    0,
    0,
    0,
    1,
    0.8888888888888888,
    1,
    1,
    0,
    1,
    1,
    1,
    1,
    1,
    1,
    0,
    1,
    0,
    0.08333333333333333,
    1
  ]
}