{
  "Surety": [
    0,
    0,
    1,
    0,
    -1.25,
    1,
    2.75,
    1.75,
    2,
    3,
    2.5,
    3,
    4,
    4.5,
    1,
    2,
    1.75,
    1.75,
    -1.25,
    1,
    1.5,
    1,
    3.25,
    0.75,
    0.75,
    1,
    -2.5,
    1,
    -1,
    -1.25,
    -1.25,
    2,
    2,
    0.75,
    0.75,
    2.5,
    0.75,
    1,
    1.75,
    0.75,
    2,
    0,
    1,
    0,
    3.5,
    2,
    4.75,
    -1.25,
    1.5,
    2,
    1.5,
    0.5,
    2,
    -0.25,
    2,
    1,
    5,
    1,
    0.75,
    0.75
  ],
  "OutputFormatCorrectness": [
    null,
    null,
    0.5740740740740741,
    null,
    0.6153846153846154,
    0.8235294117647058,
    0.8256880733944955,
    0.8529411764705882,
    0.6296296296296297,
    0.8395061728395061,
    0.8307692307692308,
    0.8173913043478261,
    0.8187919463087249,
    0.8299776286353467,
    0.5853658536585366,
    0.5925925925925926,
    0.819672131147541,
    0.8333333333333334,
    0.8148148148148148,
    0.5925925925925926,
    0.8314606741573034,
    0.575,
    0.594059405940594,
    0.8,
    0.8148148148148148,
    0.8888888888888888,
    0.5925925925925926,
    0.9230769230769231,
    0.8397435897435898,
    0.8085106382978723,
    0.8148148148148148,
    0.5901639344262295,
    0.8703703703703703,
    0.8585858585858586,
    0.8148148148148148,
    0.8235294117647058,
    0.8518518518518519,
    0.8888888888888888,
    0.5901639344262295,
    0.8148148148148148,
    0.8235294117647058,
    null,
    0.574585635359116,
    0.6022727272727273,
    0.8217054263565892,
    0.6296296296296297,
    0.5911330049261084,
    0.819672131147541,
    0.8148148148148148,
    0.8235294117647058,
    0.6133333333333333,
    0.8634146341463415,
    0.5901639344262295,
    0.8074534161490683,
    0.8235294117647058,
    0.5797101449275363,
    0.8423645320197044,
    0.8888888888888888,
    0.6,
    0.8148148148148148
  ],
  "ValidJSON": [
    1,
    1,
    1,
    1,
    1,
    1,
    1,
    1,
    1,
    1,
    1,
    1,
    1,
    0,
    1,
    1,
    1,
    1,
    1,
    1,
    1,
    1,
    1,
    1,
    1,
    1,
    1,
    1,
    1,
    1,
    1,
    1,
    1,
    0,
    1,
    1,
    1,
    1,
    1,
    1,
    1,
    1,
    1,
    1,
    1,
    1,
    0,
    1,
    1,
    1,
    1,
    0,
    1,
    1,
    1,
    1,
    0,
    1,
    1,
    1
  ],
  "DataClumpSize_mean": [
    null,
    null,
    4,
    null,
    11,
    5,
    9,
    8,
    7,
    6.333333333333333,
    5.666666666666667,
    7.5,
    5,
    6.6,
    5,
    4,
    4,
    4,
    4,
    3,
    25,
    25,
    3.25,
    15,
    3,
    15,
    25,
    15,
    19.5,
    9,
    4,
    3.5,
    14,
    14.333333333333334,
    3,
    6.666666666666667,
    4,
    25,
    7.5,
    25,
    4.5,
    null,
    25,
    6.666666666666667,
    5.75,
    25,
    4.714285714285714,
    15,
    5,
    4.5,
    4.5,
    11,
    4.5,
    19.666666666666668,
    12,
    12,
    9.8,
    25,
    3,
    3
  ],
  "DataClumpOccurence_mean": [
    null,
    null,
    434,
    null,
    6,
    6,
    2.6666666666666665,
    3,
    3,
    4,
    25.333333333333332,
    15.5,
    16,
    26.4,
    6,
    6,
    4,
    6,
    434,
    6,
    2,
    2,
    3,
    2,
    3558,
    2,
    2,
    2,
    49.416666666666664,
    2,
    2,
    38.5,
    1.5,
    279,
    833,
    97,
    8,
    2,
    16,
    2,
    26.5,
    null,
    2,
    2,
    8.75,
    2,
    20.285714285714285,
    2,
    21,
    24.5,
    1.5,
    2,
    17,
    241,
    2,
    2,
    18.8,
    2,
    1436,
    1
  ],
  "FieldToField_mean": [
    null,
    null,
    0,
    null,
    0,
    0,
    0.3333333333333333,
    0.5,
    0.5,
    0.3333333333333333,
    0,
    0,
    0,
    0.2,
    0,
    0,
    0,
    0,
    0,
    0,
    0,
    0,
    0,
    0,
    0,
    1,
    0,
    1,
    0,
    0,
    0,
    0,
    0.5,
    1,
    0,
    0,
    0,
    1,
    0,
    0,
    0,
    null,
    0,
    0,
    0,
    0,
    0,
    0,
    0.5,
    0,
    0.5,
    1,
    0,
    0,
    0,
    0,
    0.4,
    1,
    0,
    0
  ],
  "ParametersToParameters_mean": [
    null,
    null,
    1,
    null,
    1,
    1,
    0.6666666666666666,
    0.5,
    0.5,
    0.6666666666666666,
    1,
    1,
    1,
    0.8,
    1,
    1,
    1,
    0.5,
    1,
    1,
    1,
    1,
    1,
    1,
    1,
    0,
    1,
    0,
    0.08333333333333333,
    1,
    1,
    1,
    0,
    0,
    1,
    1,
    0,
    0,
    1,
    1,
    1,
    null,
    1,
    0.6666666666666666,
    1,
    0,
    1,
    1,
    0.5,
    1,
    0.5,
    0,
    1,
    1,
    1,
    1,
    0.6,
    0,
    1,
    1
  ],
  "DataClumpSize_count": [
    0,
    0,
    1,
    0,
    1,
    1,
    3,
    2,
    2,
    3,
    3,
    4,
    5,
    5,
    1,
    2,
    2,
    2,
    1,
    1,
    2,
    1,
    4,
    1,
    1,
    1,
    2,
    1,
    12,
    2,
    1,
    2,
    2,
    3,
    1,
    3,
    1,
    1,
    2,
    1,
    2,
    0,
    1,
    3,
    4,
    2,
    7,
    1,
    2,
    2,
    2,
    3,
    2,
    6,
    2,
    1,
    5,
    1,
    1,
    1
  ],
  "DataClumpOccurence_count": [
    0,
    0,
    1,
    0,
    1,
    1,
    3,
    2,
    2,
    3,
    3,
    4,
    5,
    5,
    1,
    2,
    2,
    2,
    1,
    1,
    2,
    1,
    4,
    1,
    1,
    1,
    2,
    1,
    12,
    2,
    1,
    2,
    2,
    3,
    1,
    3,
    1,
    1,
    2,
    1,
    2,
    0,
    1,
    3,
    4,
    2,
    7,
    1,
    2,
    2,
    2,
    3,
    2,
    6,
    2,
    1,
    5,
    1,
    1,
    1
  ],
  "FieldToField_count": [
    0,
    0,
    1,
    0,
    1,
    1,
    3,
    2,
    2,
    3,
    3,
    4,
    5,
    5,
    1,
    2,
    2,
    2,
    1,
    1,
    2,
    1,
    4,
    1,
    1,
    1,
    2,
    1,
    12,
    2,
    1,
    2,
    2,
    3,
    1,
    3,
    1,
    1,
    2,
    1,
    2,
    0,
    1,
    3,
    4,
    2,
    7,
    2,
    2,
    2,
    2,
    3,
    2,
    7,
    2,
    1,
    5,
    1,
    1,
    1
  ],
  "ParametersToParameters_count": [
    0,
    0,
    1,
    0,
    1,
    1,
    3,
    2,
    2,
    3,
    3,
    4,
    5,
    5,
    1,
    2,
    2,
    2,
    1,
    1,
    2,
    1,
    4,
    1,
    1,
    1,
    2,
    1,
    12,
    2,
    1,
    2,
    2,
    3,
    1,
    3,
    1,
    1,
    2,
    1,
    2,
    0,
    1,
    3,
    4,
    2,
    7,
    2,
    2,
    2,
    2,
    3,
    2,
    7,
    2,
    1,
    5,
    1,
    1,
    1
  ],
  "DataClumpSize_sum": [
    null,
    null,
    4,
    null,
    11,
    5,
    27,
    16,
    14,
    19,
    17,
    30,
    25,
    33,
    5,
    8,
    8,
    8,
    4,
    3,
    50,
    25,
    13,
    15,
    3,
    15,
    50,
    15,
    234,
    18,
    4,
    7,
    28,
    43,
    3,
    20,
    4,
    25,
    15,
    25,
    9,
    null,
    25,
    20,
    23,
    50,
    33,
    15,
    10,
    9,
    9,
    33,
    9,
    118,
    24,
    12,
    49,
    25,
    3,
    3
  ],
  "DataClumpOccurence_sum": [
    null,
    null,
    434,
    null,
    6,
    6,
    8,
    6,
    6,
    12,
    76,
    62,
    80,
    132,
    6,
    12,
    8,
    12,
    434,
    6,
    4,
    2,
    12,
    2,
    3558,
    2,
    4,
    2,
    593,
    4,
    2,
    77,
    3,
    837,
    833,
    291,
    8,
    2,
    32,
    2,
    53,
    null,
    2,
    6,
    35,
    4,
    142,
    2,
    42,
    49,
    3,
    6,
    34,
    1446,
    4,
    2,
    94,
    2,
    1436,
    1
  ],
  "FieldToField_sum": [
    null,
    null,
    0,
    null,
    0,
    0,
    1,
    1,
    1,
    1,
    0,
    0,
    0,
    1,
    0,
    0,
    0,
    0,
    0,
    0,
    0,
    0,
    0,
    0,
    0,
    1,
    0,
    1,
    0,
    0,
    0,
    0,
    1,
    3,
    0,
    0,
    0,
    1,
    0,
    0,
    0,
    null,
    0,
    0,
    0,
    0,
    0,
    0,
    1,
    0,
    1,
    3,
    0,
    0,
    0,
    0,
    2,
    1,
    0,
    0
  ],