{
  "mean": 0.49,
  "count": 60,
  "sum": 29.65,
  "max": 1.04,
  "min": 0,
  "raw": [
    0,
    0.025086384411217466,
    0,
    0,
    0.025086384411217466,
    0,
    0,
    0.05018857127401333,
    0.025086384411217466,
    0.9261198864528737,
    0.7212601738499842,
    0.9646511580663315,
    0.8876266955179162,
    0.8748040747537686,
    0.9646511580663315,
    0.025086384411217466,
    1.0418283968585698,
    0.9646511580663315,
    0.05018857127401333,
    0.025086384411217466,
    0.8748040747537686,
    0.9004535349436154,
    0.8748040747537686,
    0.797956709593926,
    0.8748040747537686,
    0.9004535349436154,
    0.8748040747537686,
    0.025086384411217466,
    0,
    0.8748040747537686,
    0.25157856243586707,
    0.8491714725780568,
    0.7595896435378791,
    0.9004535349436154,
    0.7851635033696382,
    0,
    0,
    0,
    0,
    0.30208619993501173,
    0.9004535349436154,
    0.8748040747537686,
    0.9261198864528737,
    0.9004535349436154,
    0.8748040747537686,
    0,
    0.7595896435378791,
    0,
    0.025086384411217466,
    0.7851635033696382,
    0.7595896435378791,
    0.41596476085604905,
    0.7595896435378791,
    0.9004535349436154,
    0.25157856243586707,
    0,
    0.25157856243586707,
    0.7851635033696382,
    0.7851635033696382,
    0.27682432830710724
  ]
}