{
  "mean": 0.2727272727272727,
  "median": 0,
  "variance": 0.1983471074380166,
  "count": 6,
  "groupedCount": {
    "0": 16,
    "1": 6
  }
}