{
  "mean": 0.21,
  "count": 45,
  "groupedCount": {
    "0": 26,
    "1": 3,
    "0.5": 6,
    "0.3333333333333333": 8,
    "0.75": 1,
    "0.125": 1
  },
  "raw": [
    0.5,
    0.3333333333333333,
    0.3333333333333333,
    0.3333333333333333,
    0.3333333333333333,
    0.3333333333333333,
    0.3333333333333333,
    0.5,
    0,
    0,
    0,
    0.3333333333333333,
    0.5,
    0.5,
    0.3333333333333333,
    0,
    0,
    0,
    0,
    0,
    0,
    0,
    0,
    0,
    0,
    0,
    0,
    0,
    0.75,
    0.5,
    0,
    0,
    1,
    0.125,
    0,
    0,
    0,
    0.5,
    1,
    0,
    0,
    0,
    1,
    0,
    0
  ]
}