{
  "mean": 0.22,
  "count": 90,
  "sum": 19.82,
  "max": 0.37,
  "min": 0.09,
  "raw": [
    0.11857000000000001,
    0.14794,
    0.1612,
    0.1612,
    0.193,
    0.15134999999999998,
    0.10971,
    0.18477,
    0.11471999999999999,
    0.14306999999999997,
    0.14451999999999998,
    0.20500000000000002,
    0.12106,
    0.12162999999999999,
    0.18418,
    0.11256,
    0.10031999999999999,
    0.12756,
    0.11268,
    0.14814,
    0.10513,
    0.14248,
    0.11959,
    0.11758,
    0.13516,
    0.09219,
    0.14267999999999997,
    0.13283999999999999,
    0.11316000000000001,
    0.12342,
    0.26236,
    0.27253,
    0.22755999999999998,
    0.23014,
    0.25555,
    0.24244,
    0.36114999999999997,
    0.24247,
    0.27538,
    0.28936,
    0.28378000000000003,
    0.26092,
    0.26467,
    0.25615,
    0.24574,
    0.2083,
    0.23335,
    0.26386,
    0.26161,
    0.22987,
    0.22537000000000001,
    0.22378,
    0.28021,
    0.20653,
    0.2425,
    0.20311,
    0.20704,
    0.24229,
    0.24208,
    0.22585,
    0.24765,
    0.29001,
    0.25104000000000004,
    0.29253,
    0.25104000000000004,
    0.25068,
    0.29295000000000004,
    0.25104000000000004,
    0.25092000000000003,
    0.24771,
    0.3288,
    0.2511,
    0.34545000000000003,
    0.30306,
    0.26535000000000003,
    0.24747000000000002,
    0.28161,
    0.24528,
    0.37026000000000003,
    0.30666,
    0.24597000000000002,
    0.27009,
    0.26412,
    0.37065000000000003,
    0.24795,
    0.29253,
    0.24744000000000002,
    0.24714000000000003,
    0.26604,
    0.24810000000000001
  ]
}