{
  "mean": 0.05,
  "count": 30,
  "sum": 1.1,
  "max": 0.18,
  "min": 0,
  "raw": [
    0,
    0,
    0,
    0.13043478260869565,
    0,
    0,
    0,
    0,
    0,
    0.15384615384615385,
    0.10714285714285714,
    0.10344827586206896,
    null,
    0,
    null,
    null,
    null,
    null,
    null,
    null,
    0.08333333333333333,
    0,
    0.14285714285714285,
    0,
    0,
    null,
    0.15,
    0.05,
    0.17647058823529413,
    0
  ]
}