{
  "mean": 0.08,
  "count": 30,
  "sum": 1.47,
  "max": 0.36,
  "min": 0,
  "raw": [
    0,
    0.07692307692307693,
    0,
    0.1111111111111111,
    0,
    0,
    0,
    0.14285714285714285,
    0.125,
    0,
    null,
    null,
    null,
    null,
    null,
    null,
    null,
    0.13333333333333333,
    0.07692307692307693,
    null,
    0,
    null,
    0.07692307692307693,
    null,
    0,
    0.11764705882352941,
    0.17647058823529413,
    0.36363636363636365,
    0.06666666666666667,
    null
  ]
}