{
  "mean": 0.06,
  "count": 90,
  "sum": 3.6,
  "max": 0.47,
  "min": 0,
  "raw": [
    0,
    0,
    0,
    0.13043478260869565,
    0,
    0,
    0,
    0,
    0,
    0.15384615384615385,
    0,
    0.07692307692307693,
    0,
    0.1111111111111111,
    0,
    0,
    0,
    0.14285714285714285,
    0.125,
    0,
    0.10526315789473684,
    0,
    0,
    0,
    0,
    0,
    0,
    0.1,
    0.058823529411764705,
    0,
    0.10714285714285714,
    0.10344827586206896,
    null,
    0,
    null,
    null,
    null,
    null,
    null,
    null,
    null,
    null,
    null,
    null,
    null,
    null,
    null,
    0.13333333333333333,
    0.07692307692307693,
    null,
    0,
    0.20833333333333334,
    null,
    0,
    null,
    null,
    null,
    0,
    null,
    null,
    0.08333333333333333,
    0,
    0.14285714285714285,
    0,
    0,
    null,
    0.15,
    0.05,
    0.17647058823529413,
    0,
    0,
    null,
    0.07692307692307693,
    null,
    0,
    0.11764705882352941,
    0.17647058823529413,
    0.36363636363636365,
    0.06666666666666667,
    null,
    0.03571428571428571,
    0,
    null,
    null,
    0.058823529411764705,
    0.47058823529411764,
    0,
    null,
    null,
    0
  ]
}