{
  "mean": 0.06,
  "count": 60,
  "sum": 2.2,
  "max": 0.55,
  "min": 0,
  "raw": [
    0,
    0,
    0.11538461538461539,
    0,
    0.044444444444444446,
    0,
    0.5482625482625483,
    0.11940298507462686,
    0,
    0,
    0.045454545454545456,
    0.07142857142857142,
    0.08823529411764706,
    0,
    0.08695652173913043,
    0.1,
    null,
    0.14814814814814814,
    null,
    0.06666666666666667,
    0.16666666666666666,
    0.03571428571428571,
    0.06896551724137931,
    0,
    0,
    0,
    0.03225806451612903,
    0,
    0,
    null,
    null,
    null,
    0,
    null,
    null,
    null,
    null,
    null,
    null,
    null,
    0,
    0,
    0,
    0.05263157894736842,
    0,
    0,
    0.13580246913580246,
    0,
    0.058823529411764705,
    null,
    null,
    null,
    null,
    null,
    null,
    null,
    null,
    0.13333333333333333,
    0.07692307692307693,
    null
  ]
}