{
  "mean": 2.85,
  "count": 60,
  "sum": 170.76,
  "max": 6.37,
  "min": 0,
  "raw": [
    0,
    3.49075094828504,
    0.008135460478342793,
    0,
    3.49075094828504,
    0.008135460478342793,
    0,
    0,
    0.008135460478342793,
    0.008135460478342793,
    3.6289848875100574,
    0.9924319997572155,
    1.0252420394937047,
    5.79460499957294,
    1.0580609127878375,
    5.79460499957294,
    1.0334459293925136,
    5.79460499957294,
    5.79460499957294,
    5.79460499957294,
    0.008135460478342793,
    4.394262372123507,
    3.49075094828504,
    0,
    0.04068268850889467,
    0.4400881301331765,
    5.790336248183394,
    5.058411177693415,
    1.72868070260904,
    1.0334459293925136,
    0,
    3.49075094828504,
    6.372321688286249,
    6.372321688286249,
    5.79460499957294,
    5.79460499957294,
    5.79460499957294,
    5.79460499957294,
    0,
    5.79460499957294,
    5.79460499957294,
    5.79460499957294,
    5.79460499957294,
    1.8979491141365514,
    5.79460499957294,
    0,
    5.79460499957294,
    0,
    0,
    0,
    5.79460499957294,
    0,
    0,
    0,
    0,
    0,
    5.79460499957294,
    5.79460499957294,
    5.79460499957294,
    5.79460499957294
  ]
}