{
  "definitionBased": {
    "mean": 48.13415206988345,
    "median": 67.74193548387096,
    "std": 34.64104143488374,
    "values": [
      0,
      0,
      0,
      0,
      0,
      0,
      67.74193548387096,
      67.74193548387096,
      67.74193548387096,
      67.74193548387096,
      67.74193548387096,
      67.74193548387096,
      67.74193548387096,
      69.56521739130434,
      69.6969696969697,
      76.66666666666667,
      82.3529411764706,
      93.93939393939394
    ]
  },
  "exampleBased": {
    "mean": 52.306373694872995,
    "median": 67.74193548387096,
    "std": 28.002470670884847,
    "values": [
      0,
      0,
      0,
      0,
      60.869565217391305,
      67.74193548387096,
      67.74193548387096,
      67.74193548387096,
      67.74193548387096,
      67.74193548387096,
      67.74193548387096,
      67.74193548387096,
      67.74193548387096,
      67.74193548387096,
      67.74193548387096,
      67.74193548387096,
      67.74193548387096,
      67.74193548387096
    ]
  },
  "noDefinition": {
    "mean": 46.632562691468735,
    "median": 67.74193548387096,
    "std": 38.73540313131909,
    "values": [
      0,
      0,
      0,
      0,
      0,
      0,
      0,
      56.52173913043478,
      67.74193548387096,
      67.74193548387096,
      67.74193548387096,
      67.74193548387096,
      67.74193548387096,
      67.74193548387096,
      93.93939393939394,
      93.93939393939394,
      93.93939393939394,
      94.5945945945946
    ]
  }
}