{
  "Surety": [
    0,
    0,
    1,
    0,
    -1.25,
    null,
    -0.5,
    -2,
    -7.5,
    -7.5,
    -0.5,
    -1.25,
    -20,
    3.75,
    -2,
    1.5,
    1,
    3.25,
    0.75,
    0.75,
    1,
    -2.5,
    1,
    -1,
    -1.25
  ],
  "Number data clumps": [
    0,
    0,
    1,
    0,
    1,
    0,
    2,
    0,
    6,
    6,
    2,
    1,
    0,
    5,
    0,
    2,
    1,
    4,
    1,
    1,
    1,
    2,
    1,
    12,
    2
  ],
  "OutputFormatCorrectness": [
    null,
    null,
    0.5740740740740741,
    null,
    0.6153846153846154,
    null,
    0.7878787878787878,
    0.6153846153846154,
    0.7764705882352941,
    0.7964601769911505,
    0.5882352941176471,
    0.6,
    0.6153846153846154,
    0.8037383177570093,
    0.7692307692307693,
    0.8314606741573034,
    0.575,
    0.594059405940594,
    0.8,
    0.8148148148148148,
    0.8888888888888888,
    0.5925925925925926,
    0.9230769230769231,
    0.8397435897435898,
    0.8085106382978723
  ],
  "ValidJSON": [
    1,
    1,
    1,
    1,
    1,
    0,
    1,
    1,
    1,
    1,
    1,
    1,
    1,
    1,
    1,
    1,
    1,
    1,
    1,
    1,
    1,
    1,
    1,
    1,
    1
  ],
  "DataClumpSize": [
    4,
    11,
    10,
    10,
    11,
    11,
    11,
    11,
    11,
    11,
    3,
    3,
    3,
    3,
    3,
    3,
    11,
    4,
    11,
    11,
    11,
    11,
    11,
    3,
    25,
    25,
    25,
    3,
    4,
    3,
    3,
    15,
    3,
    15,
    25,
    25,
    15,
    25,
    25,
    25,
    25,
    25,
    25,
    3,
    3,
    25,
    25,
    25,
    3,
    15,
    3
  ],
  "DataClumpOccurence": [
    434,
    6,
    34,
    34,
    2,
    2,
    2,
    2,
    2,
    2,
    64,
    64,
    36,
    64,
    36,
    64,
    6,
    434,
    2,
    6,
    6,
    6,
    6,
    56,
    2,
    2,
    2,
    2,
    2,
    6,
    2,
    2,
    3558,
    2,
    2,
    2,
    2,
    2,
    2,
    2,
    2,
    2,
    2,
    287,
    287,
    2,
    2,
    2,
    1,
    2,
    2
  ],
  "ParametersToParameters": [
    1,
    1,
    1,
    1,
    1,
    1,
    1,
    1,
    1,
    1,
    1,
    1,
    1,
    1,
    1,
    1,
    1,
    1,
    1,
    1,
    1,
    1,
    1,
    1,
    0,
    0,
    0,
    1,
    1,
    1,
    1,
    0,
    1,
    0,
    0,
    0,
    0,
    0,
    0,
    0,
    0,
    0,
    0,
    0,
    0,
    0,
    0,
    0,
    0,
    0,
    1
  ],
  "FieldToField": [
    0,
    0,
    0,
    0,
    0,
    0,
    0,
    0,
    0,
    0,
    0,
    0,
    0,
    0,
    0,
    0,
    0,
    0,
    0,
    0,
    0,
    0,
    0,
    0,
    1,
    1,
    1,
    0,
    0,
    0,
    0,
    1,
    0,
    1,
    1,
    1,
    1,
    1,
    1,
    1,
    1,
    1,
    1,
    0,
    0,
    1,
    1,
    1,
    0,
    1,
    0
  ],
  "PreferNonPublic": [
    1,
    0,
    0,
    0,
    0,
    0,
    0,
    0,
    0,
    0,
    0,
    0,
    0,
    0,
    0,
    0,
    0,
    1,
    0,
    0,
    0,
    0,
    0,
    1,
    0,
    0,
    0,
    0,
    0,
    0,
    0,
    1,
    0,
    1,
    0,
    0,
    1,
    0,
    0,
    0,
    0,
    0,
    0,
    0,
    0,
    0,
    0,
    0,
    1,
    1,
    0
  ],
  "PrimitiveTypes": [
    1,
    0.18181818181818182,
    0.2,
    0.2,
    0.18181818181818182,
    0.18181818181818182,
    0.18181818181818182,
    0.18181818181818182,
    0.18181818181818182,
    0.18181818181818182,
    0.3333333333333333,
    0.3333333333333333,
    0.6666666666666666,
    0.3333333333333333,
    0.6666666666666666,
    0.3333333333333333,
    0.18181818181818182,
    1,
    0.18181818181818182,
    0.18181818181818182,
    0.18181818181818182,
    0.18181818181818182,
    0.18181818181818182,
    0,
    1,
    1,
    1,
    1,
    0.75,
    0.3333333333333333,
    1,
    1,
    1,
    1,
    1,
    1,
    1,
    1,
    1,
    1,
    1,
    1,
    1,
    1,
    1,
    1,
    1,
    1,
    1,
    1,
    0.6666666666666666
  ],
  "AffectedFiles": [
    41,
    3,
    3,
    3,
    2,
    2,
    2,
    2,
    2,
    2,
    5,
    5,
    4,
    5,
    4,
    5,
    3,
    41,
    2,
    3,
    3,
    3,
    3,
    1,
    2,
    2,
    2,
    1,
    1,
    5,
    2,
    2,
    32,
    2,
    2,
    2,
    2,
    2,
    2,
    2,
    2,
    2,
    2,
    17,
    17,
    2,
    2,
    2,
    2,
    2,
    2
  ]
}