{
  "Surety": [
    0,
    0,
    1,
    0,
    -1.25,
    -2.5,
    -0.5,
    -2,
    -7.5,
    -7.5,
    -0.5,
    -1.25,
    -20,
    3.75,
    -2,
    1.5,
    1,
    3.25,
    0.75,
    0.75,
    1,
    -2.5,
    1,
    -1,
    -1.25
  ],
  "OutputFormatCorrectness": [
    null,
    null,
    0.5740740740740741,
    null,
    0.6153846153846154,
    0.8340909090909091,
    0.7878787878787878,
    0.6153846153846154,
    0.7764705882352941,
    0.7964601769911505,
    0.5882352941176471,
    0.6,
    0.6153846153846154,
    0.8037383177570093,
    0.7692307692307693,
    0.8314606741573034,
    0.575,
    0.594059405940594,
    0.8,
    0.8148148148148148,
    0.8888888888888888,
    0.5925925925925926,
    0.9230769230769231,
    0.8397435897435898,
    0.8085106382978723
  ],
  "ValidJSON": [
    1,
    1,
    1,
    1,
    1,
    0,
    1,
    1,
    1,
    1,
    1,
    1,
    1,
    1,
    1,
    1,
    1,
    1,
    1,
    1,
    1,
    1,
    1,
    1,
    1
  ],
  "DataClumpSize_mean": [
    null,
    null,
    4,
    null,
    11,
    7,
    10,
    null,
    11,
    3,
    7.5,
    11,
    null,
    9.4,
    null,
    25,
    25,
    3.25,
    15,
    3,
    15,
    25,
    15,
    19.5,
    9
  ],
  "DataClumpOccurence_mean": [
    null,
    null,
    434,
    null,
    6,
    33,
    34,
    null,
    2,
    54.666666666666664,
    220,
    2,
    null,
    12.8,
    null,
    2,
    2,
    3,
    2,
    3558,
    2,
    2,
    2,
    49.416666666666664,
    2
  ],
  "FieldToField_mean": [
    null,
    null,
    0,
    null,
    0,
    0,
    0,
    0,
    0,
    0,
    0,
    0,
    0,
    0,
    0,
    0,
    0,
    0,
    0,
    0,
    1,
    0,
    1,
    0,
    0
  ],
  "ParametersToParameters_mean": [
    null,
    null,
    1,
    null,
    1,
    1,
    1,
    1,
    1,
    1,
    1,
    1,
    1,
    1,
    1,
    1,
    1,
    1,
    1,
    1,
    0,
    1,
    0,
    0.08333333333333333,
    1
  ],
  "DataClumpSize_count": [
    0,
    0,
    1,
    0,
    1,
    2,
    2,
    0,
    6,
    6,
    2,
    1,
    0,
    5,
    0,
    2,
    1,
    4,
    1,
    1,
    1,
    2,
    1,
    12,
    2
  ],
  "DataClumpOccurence_count": [
    0,
    0,
    1,
    0,
    1,
    2,
    2,
    0,
    6,
    6,
    2,
    1,
    0,
    5,
    0,
    2,
    1,
    4,
    1,
    1,
    1,
    2,
    1,
    12,
    2
  ],
  "FieldToField_count": [
    0,
    0,
    1,
    0,
    1,
    2,
    2,
    1,
    6,
    6,
    2,
    1,
    10,
    5,
    1,
    2,
    1,
    4,
    1,
    1,
    1,
    2,
    1,
    12,
    2
  ],
  "ParametersToParameters_count": [
    0,
    0,
    1,
    0,
    1,
    2,
    2,
    1,
    6,
    6,
    2,
    1,
    10,
    5,
    1,
    2,
    1,
    4,
    1,
    1,
    1,
    2,
    1,
    12,
    2
  ],
  "DataClumpSize_sum": [
    null,
    null,
    4,
    null,
    11,
    14,
    20,
    null,
    66,
    18,
    15,
    11,
    null,
    47,
    null,
    50,
    25,
    13,
    15,
    3,
    15,
    50,
    15,
    234,
    18
  ],
  "DataClumpOccurence_sum": [
    null,
    null,
    434,
    null,
    6,
    66,
    68,
    null,
    12,
    328,
    440,
    2,
    null,
    64,
    null,
    4,
    2,
    12,
    2,
    3558,
    2,
    4,
    2,
    593,
    4
  ],
  "FieldToField_sum": [
    null,
    null,
    0,
    null,
    0,
    0,
    0,
    0,
    0,
    0,
    0,
    0,
    0,
    0,
    0,
    0,
    0,
    0,
    0,
    0,
    1,
    0,
    1,
    0,
    0
  ],
  "ParametersToParameters_sum": [
    null,
    null,
    1,
    null,
    1,
    2,
    2,
    1,
    6,
    6,
    2,
    1,
    10,
    5,
    1,
    2,
    1,
    4,
    1,
    1,
    0,
    2,
    0,
    1,
    2
  ],
  "DataClumpSize_max": [
    0,
    0,
    4,
    0,
    11,
    11,
    10,
    0,
    11,
    3,
    11,
    11,
    0,
    11,
    0,
    25,
    25,
    4,
    15,
    3,
    15,
    25,
    15,
    25,
    15
  ],
  "DataClumpOccurence_max": [
    0,
    0,
    434,
    0,
    6,
    64,
    34,
    0,
    2,
    64,
    434,
    2,
    0,
    56,
    0,
    2,
    2,
    6,
    2,
    3558,
    2,
    2,
    2,
    287,
    2
  ],
  "FieldToField_max": [
    0,
    0,
    0,
    0,
    0,
    0,
    0,
    0,
    0,
    0,
    0,
    0,
    0,
    0,
    0,
    0,
    0,
    0,
    0,
    0,
    1,
    0,
    1,
    0,
    0
  ],
  "ParametersToParameters_max": [
    0,
    0,
    1,
    0,
    1,
    1,
    1,
    1,
    1,
    1,
    1,
    1,
    1,
    1,
    1,
    1,
    1,
    1,
    1,
    1,
    0,
    1,
    0,
    1,
    1
  ],
  "DataClumpSize_min": [
    10000000,
    10000000,
    4,
    10000000,
    11,
    3,
    10,
    10000000,
    11,
    3,
    4,
    11,
    10000000,
    3,
    10000000,
    25,
    25,
    3,
    15,
    3,
    15,
    25,
    15,
    3,
    3
  ],
  "DataClumpOccurence_min": [
    10000000,
    10000000,
    434,
    10000000,
    6,
    2,
    34,
    10000000,
    2,
    36,
    6,
    2,
    10000000,
    2,
    10000000,
    2,
    2,
    2,
    2,
    3558,
    2,
    2,
    2,
    1,
    2
  ],
  "FieldToField_min": [
    10000000,
    10000000,
    0,
    10000000,
    0,
    0,
    0,
    0,
    0,
    0,
    0,
    0,
    0,
    0,
    0,
    0,
    0,
    0,
    0,
    0,
    1,
    0,
    1,
    0,
    0
  ],
  "ParametersToParameters_min": [
    10000000,
    10000000,
    1,
    10000000,
    1,
    1,
    1,
    1,
    1,
    1,
    1,
    1,
    1,
    1,
    1,
    1,
    1,
    1,
    1,
    1,
    0,
    1,
    0,
    0,
    1
  ],
  "DataClumpSize_raw": [
    [],
    [],
    [
      4
    ],
    [],
    [
      11
    ],
    [
      11,
      3
    ],
    [
      10,
      10
    ],
    [],
    [
      11,
      11,
      11,
      11,
      11,
      11
    ],
    [
      3,
      3,
      3,
      3,
      3,
      3
    ],
    [
      11,
      4
    ],
    [
      11
    ],
    [],
    [
      11,
      11,
      11,
      11,
      3
    ],
    [],
    [
      25,
      25
    ],
    [
      25
    ],
    [
      3,
      4,
      3,
      3
    ],
    [
      15
    ],
    [
      3
    ],
    [
      15
    ],
    [
      25,
      25
    ],
    [
      15
    ],
    [
      25,
      25,
      25,
      25,
      25,
      25,
      3,
      3,
      25,
      25,
      25,
      3
    ],
    [
      15,
      3
    ]
  ],
  "DataClumpOccurence_raw": [
    [],
    [],
    [
      434
    ],
    [],
    [
      6
    ],
    [
      2,
      64
    ],
    [
      34,
      34
    ],
    [],
    [
      2,
      2,
      2,
      2,
      2,
      2
    ],
    [
      64,
      64,
      36,
      64,
      36,
      64
    ],
    [
      6,
      434
    ],
    [
      2
    ],
    [],
    [
      2,
      2,
      2,
      2,
      56
    ],
    [],
    [
      2,
      2
    ],
    [
      2
    ],
    [
      2,
      2,
      6,
      2
    ],
    [
      2
    ],
    [
      3558
    ],
    [
      2
    ],
    [
      2,
      2
    ],
    [
      2
    ],
    [
      2,
      2,
      2,
      2,
      2,
      2,
      287,
      287,
      2,
      2,
      2,
      1
    ],
    [
      2,
      2
    ]
  ],