{
  "ValidPrograms": [
    0,
    1,
    0,
    1,
    1,
    0,
    0,
    0,
    1,
    0,
    0,
    0,
    0,
    0,
    0,
    1,
    0,
    0,
    1,
    0,
    0,
    1,
    0,
    0,
    1,
    1,
    1,
    0,
    1,
    1
  ],
  "RemainingAttemptCount": [
    0,
    5,
    0,
    4,
    4,
    0,
    0,
    0,
    5,
    0,
    0,
    0,
    0,
    0,
    0,
    5,
    0,
    0,
    5,
    0,
    0,
    3,
    0,
    0,
    5,
    5,
    4,
    0,
    5,
    5
  ],
  "RemovedDataClumps": [
    0.1255902460501872,
    0.025086384411217466,
    1.093365215423134,
    0.025086384411217466,
    0.025086384411217466,
    0,
    0,
    0.025086384411217466,
    0.025086384411217466,
    0.025086384411217466,
    0,
    1.7516730387470716,
    0.010363389886990149,
    0.010363389886990149,
    1.5724174628243759,
    0,
    2.8931492638260607,
    0.031093509637386774,
    0.031093509637386774,
    0.010363389886990149,
    3.49075094828504,
    0.008135460478342793,
    2.403032031014476,
    0.008135460478342793,
    0,
    0,
    0.008135460478342793,
    0.008135460478342793,
    0,
    0
  ],
  "GitChanges": [
    237,
    152,
    200,
    170,
    171,
    154,
    288,
    462,
    195,
    346,
    0,
    18,
    13,
    160,
    678,
    56,
    251,
    80,
    76,
    9,
    190,
    71,
    86,
    101,
    47,
    23,
    59,
    182,
    0,
    27
  ],
  "CommentOut": [
    0.9148936170212766,
    0.9333333333333333,
    0.625,
    1,
    1,
    0.96,
    0.8260869565217391,
    0.9117647058823529,
    0.8235294117647058,
    0.8333333333333334,
    0.6818181818181819,
    0.8823529411764706,
    0.8846153846153846,
    0.9574468085106383,
    0.9264705882352942,
    1,
    0.9884169884169884,
    0.9852941176470589,
    1,
    0.75,
    0.34905660377358494,
    0.2222222222222222,
    0.5,
    0.9634146341463414,
    0,
    1,
    0.375,
    0,
    0.19999999999999996,
    0
  ],
  "ValidJSON": [
    1,
    1,
    1,
    1,
    1,
    1,
    1,
    0.8333333333333334,
    1,
    1,
    0.8333333333333334,
    0.8333333333333334,
    0.8333333333333334,
    1,
    0.8333333333333334,
    1,
    1,
    0.8333333333333334,
    1,
    0.8333333333333334,
    1,
    1,
    1,
    0.8333333333333334,
    1,
    1,
    1,
    1,
    1,
    1
  ],
  "NonEmptyResponse": [
    1,
    1,
    1,
    1,
    1,
    1,
    1,
    0.8333333333333334,
    1,
    1,
    0.8333333333333334,
    0.8333333333333334,
    0.8333333333333334,
    1,
    1,
    1,
    1,
    1,
    1,
    0.8333333333333334,
    1,
    1,
    1,
    0.8333333333333334,
    1,
    1,
    1,
    1,
    1,
    1
  ],
  "ResponseSizeDecrease": [
    1.471294559099437,
    1.4459002535925614,
    1.1886695719046398,
    1.2609657206044969,
    1.521797153024911,
    1.184625212947189,
    1.2220362622036263,
    0.8292117465224111,
    1.4693965517241379,
    1.323304562268804,
    0.693461185351423,
    0.7149260421335724,
    1.0346820809248556,
    1.0182949595519601,
    1.3810383068305703,
    1.2133333333333334,
    1.0554350772567092,
    0.9432039645860014,
    2.251572327044025,
    0.3491536674410886,
    1.4218500047049967,
    35.69871794871795,
    2.3649032992036405,
    1.6852894317578333,
    52.973684210526315,
    0.9848879624804586,
    11.402777777777779,
    16.904895104895104,
    2.314655172413793,
    30.96923076923077
  ],
  "RichClass": [
    0,
    0,
    1,
    0,
    0,
    0,
    0,
    0,
    0,
    0,
    0,
    0,
    0,
    1,
    null,
    0,
    0,
    null,
    1,
    0,
    null,
    0,
    0,
    0,
    0,
    0,
    0,
    null,
    null,
    null
  ],
  "ReferenceErrorOnly": [
    0.4,
    null,
    0.2,
    1,
    1,
    0.6666666666666666,
    1,
    0.6666666666666666,
    null,
    1,
    0.8333333333333334,
    0.3333333333333333,
    0,
    0.6666666666666666,
    1,
    null,
    0,
    0.8333333333333334,
    null,
    1,
    0.6666666666666666,
    1,
    0.3333333333333333,
    1,
    null,
    null,
    1,
    1,
    null,
    null
  ],
  "RemovedVariables": [
    11,
    7,
    47,
    8,
    8,
    6,
    0,
    5,
    7,
    4,
    0,
    57,
    6,
    2,
    122,
    12,
    130,
    9,
    0,
    1,
    269,
    25,
    55,
    82,
    22,
    0,
    25,
    50,
    0,
    22
  ],
  "InstructionChangeType=None": [
    0.723404255319149,
    1,
    0.890625,
    1,
    1,
    0.64,
    0.8695652173913043,
    0.8235294117647058,
    1,
    0.9333333333333333,
    1,
    1,
    0.6923076923076923,
    0.9361702127659575,
    0.9407407407407408,
    0.8333333333333334,
    0.42857142857142855,
    0.6268656716417911,
    0.8571428571428571,
    0.9166666666666666,
    0.8490566037735849,
    1,
    0.5714285714285714,
    0.975609756097561,
    0,
    0,
    0.875,
    0.8888888888888888,
    1,
    0
  ],
  "InstructionChangeType=ReplaceText": [
    0.1702127659574468,
    0,
    0.046875,
    0,
    0,
    0.36,
    0.13043478260869565,
    0.11764705882352941,
    0,
    0.03333333333333333,
    0,
    0,
    0.11538461538461539,
    0,
    0.044444444444444446,
    0,
    0.5482625482625483,
    0.11940298507462686,
    0,
    0,
    0.12264150943396226,
    0,
    0.17857142857142858,
    0.012195121951219513,
    0,
    0,
    0.125,
    0,
    0,
    0
  ],
  "InstructionChangeType=SpecificLine": [
    0.0425531914893617,
    0,
    0.0625,
    0,
    0,
    0,
    0,
    0.029411764705882353,
    0,
    0.016666666666666666,
    0,
    0,
    0,
    0.06382978723404255,
    0.014814814814814815,
    0.16666666666666666,
    0.015444015444015444,
    0.2537313432835821,
    0.14285714285714285,
    0.08333333333333333,
    0.02830188679245283,
    0,
    0.25,
    0.012195121951219513,
    1,
    1,
    0,
    0.1111111111111111,
    0,
    1
  ],
  "InstructionChangeType=SpecificLineAll": [
    0.06382978723404255,
    0,
    0,
    0,
    0,
    0,
    0,
    0,
    0,
    0.016666666666666666,
    0,
    0,
    0.15384615384615385,
    0,
    0,
    0,
    0.003861003861003861,
    0,
    0,
    0,
    0,
    0,
    0,
    0,
    0,
    0,
    0,
    0,
    0,
    0
  ],
  "InstructionChangeType=NoneButReplace": [
    0,
    0,
    0,
    0,
    0,
    0,
    0,
    0.029411764705882353,
    0,
    0,
    0,
    0,
    0.038461538461538464,
    0,
    0,
    0,
    0.003861003861003861,
    0,
    0,
    0,
    0,
    0,
    0,
    0,
    0,
    0,
    0,
    0,
    0,
    0
  ],
  "DataClumpSize": [
    11,
    4,
    11,
    11,
    4,
    3,
    11,
    11,
    11,
    11,
    11,
    11,
    11,
    3,
    3,
    3,
    3,
    5,
    3,
    3,
    3,
    4,
    5,
    3,
    3,
    3,
    10,
    7,
    4,
    3,
    4,
    4,
    7,
    5,
    3,
    3,
    3,
    3,
    5,
    10,
    3,
    3,
    4,
    3,
    3,
    3,
    3,
    10,
    5,
    4,
    3,
    3,
    3,
    5,
    7,
    3,
    3,
    3,
    10,
    5,
    4,
    3,
    3,
    3,
    3,
    3,
    3,
    3,
    3,
    3,
    6,
    5,
    4,
    3,
    10,
    3,
    10,
    5,
    4,
    3,
    3,
    3,
    5,
    7,
    3,
    3,
    3,
    3,
    3,
    6,
    3,
    10,
    5,
    4,
    3,
    3,
    3,
    5,
    3,
    7,
    3,
    3,
    3,
    3,
    5,
    3,
    4,
    3,
    10,
    3,
    3,
    5,
    3,
    4,
    25,
    25,
    25,
    3,
    3,
    5,
    4,
    25,
    4,
    25,
    25,
    25,
    25,
    3,
    25,
    25
  ],