{
  "mean": 0.98,
  "count": 36,
  "sum": 35.33,
  "max": 1,
  "min": 0.67,
  "raw": [
    1,
    1,
    0.8333333333333334,
    1,
    1,
    1,
    1,
    1,
    0.8333333333333334,
    1,
    1,
    1,
    1,
    1,
    1,
    1,
    1,
    1,
    1,
    1,
    1,
    1,
    1,
    1,
    1,
    1,
    1,
    1,
    1,
    1,
    1,
    1,
    1,
    1,
    1,
    0.6666666666666666
  ]
}