{
  "mean": 0.93,
  "count": 30,
  "sum": 28,
  "max": 1,
  "min": 0.5,
  "raw": [
    1,
    0.8333333333333334,
    0.6666666666666666,
    0.8333333333333334,
    1,
    1,
    1,
    1,
    1,
    1,
    1,
    1,
    1,
    1,
    1,
    1,
    0.8333333333333334,
    0.8333333333333334,
    0.5,
    0.8333333333333334,
    1,
    1,
    1,
    0.8333333333333334,
    1,
    1,
    0.8333333333333334,
    1,
    1,
    1
  ]
}