{
  "mean": 0.16666666666666666,
  "median": 0,
  "variance": 0.13888888888888887,
  "count": 3,
  "groupedCount": {
    "0": 15,
    "1": 3
  }
}