{
  "mean": 0.86,
  "count": 25,
  "sum": 21.46,
  "max": 1,
  "min": 0,
  "raw": [
    1,
    1,
    1,
    1,
    1,
    0.8333333333333334,
    0.8,
    0.6666666666666666,
    0.6666666666666666,
    0.8571428571428571,
    0.8,
    1,
    1,
    1,
    1,
    1,
    1,
    1,
    1,
    0,
    0,
    1,
    0.8333333333333334,
    1,
    1
  ]
}