{
  "Surety": 2.67,
  "OutputFormatCorrectness": 0.78,
  "InvalidJSON": 0.6,
  "DataClumpSize_mean": 5.93,
  "DataClumpOccurence_mean": 25.96,
  "FieldToField_mean": 0.06,
  "ParametersToParameters_mean": 0.84,
  "DataClumpSize_count": 3.84,
  "DataClumpOccurence_count": 3.84,
  "FieldToField_count": 4.12,
  "ParametersToParameters_count": 4.12,
  "DataClumpSize_groupedCount": {
    "5": 1,
    "11": 1.0909090909090908
  },
  "DataClumpOccurence_groupedCount": {
    "0": 1,
    "6": 2.25
  },
  "FieldToField_groupedCount": {
    "0": 3.88,
    "1": 1
  },
  "ParametersToParameters_groupedCount": {
    "0": 1.4166666666666667,
    "1": 3.739130434782609
  },
  "DataClumpSize_raw": {
    "0": 5.48,
    "1": 7.809523809523809,
    "2": 6
  },
  "DataClumpOccurence_raw": {
    "0": 41,
    "1": 13.714285714285714,
    "2": 18.75
  },
  "FieldToField_raw": {
    "0": 0,
    "1": 0.09523809523809523,
    "2": 0.05
  },
  "ParametersToParameters_raw": {
    "0": 0.92,
    "1": 0.8095238095238095,
    "2": 0.85
  }
}