{
  "PositionOnGroundTruthMetric": 4.666666666666667,
  "DataClumpSizeMetric": 12.155555555555555,
  "DataClumpSizeOccurence": 126.88888888888889,
  "FieldsToFieldsMetric": 0.6666666666666666,
  "ParametersToParametersMetric": 0.3333333333333333,
  "InvalidJSON": 1,
  "reason=size": 0,
  "reason=occurrence": 0.9777777777777777,
  "reason=affected_files": 0.022222222222222223,
  "reason=domain": 0,
  "reason=other": 0
}