{
  "mean": 0.51,
  "count": 30,
  "sum": 11.68,
  "max": 1,
  "min": 0,
  "raw": [
    null,
    0.5,
    0.4666666666666667,
    0.5357142857142857,
    0.41666666666666663,
    0.03703703703703709,
    0.41666666666666663,
    0.41666666666666663,
    null,
    0.41666666666666663,
    0.08333333333333337,
    0.41666666666666663,
    0.41666666666666663,
    null,
    0.3076923076923077,
    0.41666666666666663,
    0.5789473684210527,
    0.2727272727272727,
    1,
    1,
    null,
    null,
    null,
    0.4545454545454546,
    0.6666666666666667,
    0.4285714285714286,
    0.6,
    0.8333333333333334,
    null,
    1
  ]
}