{
  "mean": {
    "0": 9.285714285714286,
    "1": 27.6,
    "2": 12.285714285714286,
    "3": 13,
    "4": 8.333333333333334,
    "5": 13,
    "6": 3,
    "7": 3,
    "8": 3,
    "9": 3.3333333333333335,
    "10": 3.3333333333333335,
    "11": 3.3333333333333335
  },
  "count": 15,
  "groupedCount": {
    "2": 4,
    "2,2,2,2,2,2,2,2,2,2,2,2": 1,
    "2,64,36": 1,
    "2,2,2,2,2,2,2,2,2,2,2,2,2": 1,
    "6,6,6,6,6,6,6,6,6,6,6,6,6": 1,
    "2,2,2,2,2,2,2,2,2": 1,
    "6,36": 1,
    "2,64": 1,
    "34,34": 1,
    "": 1,
    "2,2,2,2,2,2": 1,
    "64,64,36,64,36,64": 1
  },
  "raw": [
    [
      2,
      2,
      2,
      2,
      2,
      2,
      2,
      2,
      2,
      2,
      2,
      2
    ],
    [
      2
    ],
    [
      2
    ],
    [
      2,
      64,
      36
    ],
    [
      2,
      2,
      2,
      2,
      2,
      2,
      2,
      2,
      2,
      2,
      2,
      2,
      2
    ],
    [
      6,
      6,
      6,
      6,
      6,
      6,
      6,
      6,
      6,
      6,
      6,
      6,
      6
    ],
    [
      2
    ],
    [
      2,
      2,
      2,
      2,
      2,
      2,
      2,
      2,
      2
    ],
    [
      6,
      36
    ],
    [
      2
    ],
    [
      2,
      64
    ],
    [
      34,
      34
    ],
    [],
    [
      2,
      2,
      2,
      2,
      2,
      2
    ],
    [
      64,
      64,
      36,
      64,
      36,
      64
    ]
  ]
}