{
  "mean": {
    "0": 15.644444444444444,
    "1": 8.117647058823529,
    "2": 16.5,
    "3": 17,
    "4": 20.333333333333332,
    "5": 29.2
  },
  "count": 45,
  "groupedCount": {
    "6": 10,
    "434": 1,
    "6,6,6,6,2,6": 1,
    "6,6,6,2,6,64": 1,
    "6,6": 7,
    "6,2": 1,
    "6,6,6,6,64": 1,
    "6,6,6,6,2": 3,
    "6,6,6,2,6,6": 4,
    "6,6,6,6,64,64": 2,
    "6,6,64,2,36": 1,
    "6,6,2,64,64,64": 1,
    "6,6,6,2,12,6": 1,
    "6,6,64,2,6": 1,
    "6,64,56": 1,
    "6,6,2,64": 1,
    "12,6": 1,
    "6,6,2,2": 1,
    "6,6,6,2,6": 1,
    "6,6,0": 1,
    "6,36": 1,
    "6,0,2,64": 1,
    "6,6,64,64": 1,
    "6,0,56,56,12": 1
  },
  "raw": [
    [
      6,
      6,
      6,
      6,
      2,
      6
    ],
    [
      6,
      6,
      6,
      2,
      6,
      64
    ],
    [
      6
    ],
    [
      6
    ],
    [
      6,
      6
    ],
    [
      6,
      6
    ],
    [
      6
    ],
    [
      6,
      6
    ],
    [
      6
    ],
    [
      6,
      6
    ],
    [
      6,
      6
    ],
    [
      6,
      2
    ],
    [
      6,
      6
    ],
    [
      434
    ],
    [
      6
    ],
    [
      6,
      6,
      6,
      6,
      64
    ],
    [
      6,
      6,
      6,
      6,
      2
    ],
    [
      6,
      6,
      6,
      2,
      6,
      6
    ],
    [
      6,
      6,
      6,
      6,
      64,
      64
    ],
    [
      6,
      6,
      64,
      2,
      36
    ],
    [
      6,
      6,
      2,
      64,
      64,
      64
    ],
    [
      6,
      6,
      6,
      2,
      12,
      6
    ],
    [
      6,
      6,
      6,
      2,
      6,
      6
    ],
    [
      6,
      6,
      64,
      2,
      6
    ],
    [
      6,
      6,
      6,
      6,
      64,
      64
    ],
    [
      6,
      64,
      56
    ],
    [
      6,
      6,
      2,
      64
    ],
    [
      12,
      6
    ],
    [
      6,
      6
    ],
    [
      6,
      6,
      2,
      2
    ],
    [
      6,
      6,
      6,
      6,
      2
    ],
    [
      6,
      6,
      6,
      2,
      6,
      6
    ],
    [
      6,
      6,
      6,
      2,
      6,
      6
    ],
    [
      6,
      6,
      6,
      6,
      2
    ],
    [
      6,
      6,
      6,
      2,
      6
    ],
    [
      6,
      6,
      0
    ],
    [
      6
    ],
    [
      6
    ],
    [
      6
    ],
    [
      6
    ],
    [
      6,
      36
    ],
    [
      6
    ],
    [
      6,
      0,
      2,
      64
    ],
    [
      6,
      6,
      64,
      64
    ],
    [
      6,
      0,
      56,
      56,
      12
    ]
  ]
}