{
  "mean": {
    "0": 6.067796610169491,
    "1": 11.434782608695652,
    "2": 14.54054054054054
  },
  "count": 60,
  "groupedCount": {
    "2": 3,
    "6": 10,
    "6,64,36": 1,
    "6,6,6,6,6,6,6,6,6": 1,
    "2,64,36,56": 2,
    "6,12,56": 1,
    "6,6,0": 5,
    "6,0": 2,
    "6,6": 6,
    "6,6,6,6,0": 1,
    "6,6,12,6,2,6": 1,
    "6,6,12,6,64,64,64": 1,
    "6,6,6,6,6,6,6,6,6,6,6,6,6": 2,
    "2,2,2,2,2,2,2,2,2": 1,
    "6,36": 1,
    "6,0,12": 3,
    "6,6,0,0,56": 1,
    "6,0,12,12": 1,
    "6,6,6,6,2": 1,
    "6,0,56,56,64": 1,
    "6,6,12,2,6,56,36": 1,
    "6,6,2,64,64,64": 1,
    "6,6,6,2,12,6": 1,
    "6,6,6,2,6,6": 1,
    "6,6,64,2,6": 1,
    "6,6,6,6,64,64": 1,
    "": 1,
    "34,34,34,34,34,34,34,34,34,34,34,34,34,34": 1,
    "6,6,6,6,12,0": 1,
    "6,6,0,0,12": 1,
    "6,0,0,2": 1,
    "6,6,6,2,6": 1,
    "6,6,2,12,0": 1,
    "6,64,64,36": 1,
    "6,12,6,12,434": 1
  },
  "raw": [
    [
      6,
      64,
      36
    ],
    [
      2
    ],
    [
      6,
      6,
      6,
      6,
      6,
      6,
      6,
      6,
      6
    ],
    [
      2,
      64,
      36,
      56
    ],
    [
      6,
      12,
      56
    ],
    [
      6,
      6,
      0
    ],
    [
      6,
      6,
      0
    ],
    [
      6,
      0
    ],
    [
      6,
      6
    ],
    [
      6,
      6,
      6,
      6,
      0
    ],
    [
      6
    ],
    [
      6,
      6,
      12,
      6,
      2,
      6
    ],
    [
      6
    ],
    [
      6,
      6,
      12,
      6,
      64,
      64,
      64
    ],
    [
      6,
      6
    ],
    [
      6,
      6
    ],
    [
      6
    ],
    [
      6,
      6
    ],
    [
      6
    ],
    [
      6,
      6
    ],
    [
      6,
      6,
      6,
      6,
      6,
      6,
      6,
      6,
      6,
      6,
      6,
      6,
      6
    ],
    [
      2
    ],
    [
      2,
      2,
      2,
      2,
      2,
      2,
      2,
      2,
      2
    ],
    [
      6,
      36
    ],
    [
      2
    ],
    [
      6,
      0,
      12
    ],
    [
      6,
      6,
      0,
      0,
      56
    ],
    [
      6,
      0,
      12,
      12
    ],
    [
      6,
      0
    ],
    [
      6,
      0,
      12
    ],
    [
      6,
      6,
      6,
      6,
      2
    ],
    [
      6,
      0,
      56,
      56,
      64
    ],
    [
      6,
      6,
      0
    ],
    [
      6,
      6,
      0
    ],
    [
      6,
      6,
      12,
      2,
      6,
      56,
      36
    ],
    [
      6,
      6,
      2,
      64,
      64,
      64
    ],
    [
      6,
      6,
      6,
      2,
      12,
      6
    ],
    [
      6,
      6,
      6,
      2,
      6,
      6
    ],
    [
      6,
      6,
      64,
      2,
      6
    ],
    [
      6,
      6,
      6,
      6,
      64,
      64
    ],
    [
      2,
      64,
      36,
      56
    ],
    [
      6,
      6,
      6,
      6,
      6,
      6,
      6,
      6,
      6,
      6,
      6,
      6,
      6
    ],
    [],
    [
      34,
      34,
      34,
      34,
      34,
      34,
      34,
      34,
      34,
      34,
      34,
      34,
      34,
      34
    ],
    [
      6
    ],
    [
      6,
      6,
      6,
      6,
      12,
      0
    ],
    [
      6,
      6,
      0,
      0,
      12
    ],
    [
      6,
      0,
      12
    ],
    [
      6,
      0,
      0,
      2
    ],
    [
      6,
      6,
      6,
      2,
      6
    ],
    [
      6,
      6,
      2,
      12,
      0
    ],
    [
      6,
      64,
      64,
      36
    ],
    [
      6,
      12,
      6,
      12,
      434
    ],
    [
      6,
      6
    ],
    [
      6
    ],
    [
      6,
      6,
      0
    ],
    [
      6
    ],
    [
      6
    ],
    [
      6
    ],
    [
      6
    ]
  ]
}