{
  "mean": {
    "0": 26.833333333333332,
    "1": 202.8421052631579,
    "2": 22.333333333333332,
    "3": 434.3333333333333,
    "4": 17.2
  },
  "count": 30,
  "groupedCount": {
    "2": 6,
    "4": 1,
    "6": 1,
    "30": 3,
    "287,2,2,30,47": 1,
    "30,6,2,47,2,2": 1,
    "2,2,2,1": 1,
    "2,2": 3,
    "30,30,30": 1,
    "30,6,30,3558,82,2,82": 1,
    "47,2,38,1436": 1,
    "47,30,2": 1,
    "30,30,30,47,1": 1,
    "30,2": 1,
    "2,82,30,30,2,2": 1,
    "2,2,30,6,2,6": 1,
    "30,30,30,2,2": 1,
    "30,6,30,6,30,30,30": 1,
    "30,30,30,47,2": 1,
    "30,30,47": 1,
    "30,3558,2,2,2": 1
  },
  "raw": [
    [
      287,
      2,
      2,
      30,
      47
    ],
    [
      6
    ],
    [
      30,
      6,
      2,
      47,
      2,
      2
    ],
    [
      2,
      2,
      2,
      1
    ],
    [
      2,
      2
    ],
    [
      30
    ],
    [
      30,
      30,
      30
    ],
    [
      2
    ],
    [
      30,
      6,
      30,
      3558,
      82,
      2,
      82
    ],
    [
      47,
      2,
      38,
      1436
    ],
    [
      47,
      30,
      2
    ],
    [
      2
    ],
    [
      30,
      30,
      30,
      47,
      1
    ],
    [
      2,
      2
    ],
    [
      2,
      2
    ],
    [
      2
    ],
    [
      30,
      2
    ],
    [
      2,
      82,
      30,
      30,
      2,
      2
    ],
    [
      4
    ],
    [
      2
    ],
    [
      2,
      2,
      30,
      6,
      2,
      6
    ],
    [
      30,
      30,
      30,
      2,
      2
    ],
    [
      30
    ],
    [
      30,
      6,
      30,
      6,
      30,
      30,
      30
    ],
    [
      30,
      30,
      30,
      47,
      2
    ],
    [
      2
    ],
    [
      30
    ],
    [
      30,
      30,
      47
    ],
    [
      2
    ],
    [
      30,
      3558,
      2,
      2,
      2
    ]
  ]
}