{
  "mean": 0.8333333333333334,
  "median": 1,
  "variance": 0.13888888888888884,
  "count": 15,
  "groupedCount": {
    "0": 3,
    "1": 15
  }
}