{
  "mean": 0.3888888888888889,
  "median": 0,
  "variance": 0.23765432098765438,
  "count": 7,
  "groupedCount": {
    "0": 11,
    "1": 7
  }
}