{
  "mean": 7.222222222222222,
  "median": 6,
  "variance": 24.839506172839506,
  "count": 130,
  "groupedCount": {
    "3": 4,
    "4": 3,
    "5": 1,
    "6": 3,
    "7": 2,
    "8": 1,
    "9": 1,
    "14": 1,
    "17": 1,
    "21": 1
  }
}