{
  "mean": 0.2222222222222222,
  "median": 0,
  "variance": 0.17283950617283958,
  "count": 4,
  "groupedCount": {
    "0": 14,
    "1": 4
  }
}