{
  "mean": 0.43,
  "count": 30,
  "sum": 12.97,
  "max": 0.48,
  "min": 0.42,
  "raw": [
    0.43987000000000004,
    0.44173000000000007,
    0.44032000000000004,
    0.44413,
    0.42451000000000005,
    0.44395000000000007,
    0.42961000000000005,
    0.47695000000000004,
    0.44365000000000004,
    0.44365000000000004,
    0.42874000000000007,
    0.43534000000000006,
    0.42460000000000003,
    0.42265,
    0.43441,
    0.42712000000000006,
    0.42925,
    0.42388000000000003,
    0.42367000000000005,
    0.42925,
    0.43513,
    0.4237,
    0.42538000000000004,
    0.42409,
    0.42283000000000004,
    0.42316000000000004,
    0.42511000000000004,
    0.42367000000000005,
    0.43159000000000003,
    0.42694000000000004
  ]
}