{
  "mean": 0.76,
  "count": 54,
  "sum": 35.6,
  "max": 1,
  "min": 0,
  "raw": [
    0.8695652173913043,
    0.9583333333333334,
    1,
    1,
    1,
    0.8076923076923077,
    0.9148936170212766,
    0.9615384615384616,
    0.9879518072289156,
    0.9090909090909091,
    1,
    1,
    0.8103448275862069,
    1,
    0.9859154929577465,
    0.875,
    1,
    0.736842105263158,
    null,
    0.96,
    0.96,
    null,
    1,
    1,
    0.6818181818181819,
    0.9545454545454546,
    0.868421052631579,
    null,
    0.8529411764705882,
    null,
    0.75,
    0.9512195121951219,
    0.6666666666666667,
    1,
    0.7419354838709677,
    0.8333333333333334,
    0.7395833333333333,
    0.1384615384615384,
    0.8235294117647058,
    null,
    0.5294117647058824,
    0.33333333333333337,
    0.34905660377358494,
    0.06060606060606055,
    0.9210526315789473,
    0.08333333333333337,
    null,
    0.7692307692307692,
    0,
    0,
    0.5,
    null,
    0.3529411764705882,
    0.9642857142857143
  ]
}