{
  "mean": 1.41,
  "count": 54,
  "sum": 76.01,
  "max": 5.79,
  "min": 0,
  "raw": [
    0,
    0.7212601738499842,
    0.8748040747537686,
    0.25157856243586707,
    0.9004535349436154,
    0.7595896435378791,
    0.1255902460501872,
    0.9646511580663315,
    0.9004535349436154,
    0.20113522499902103,
    0.9004535349436154,
    0.25157856243586707,
    0.05018857127401333,
    0.9004535349436154,
    0.6957280264343026,
    1.1191593246015685,
    0.9004535349436154,
    0.8491714725780568,
    0,
    3.2570830469982326,
    0,
    0,
    0,
    2.4189512534811968,
    0,
    3.2249141236303984,
    0.37898763454391826,
    0,
    0.8901276334165118,
    0,
    0.9633708769051452,
    3.418094428757783,
    0.020727892979849116,
    0.30099158398864745,
    1.0052493813952452,
    0,
    0,
    3.6289848875100574,
    0.008135460478342793,
    0,
    5.79460499957294,
    5.79460499957294,
    3.49075094828504,
    5.79460499957294,
    2.3864383770831665,
    5.79460499957294,
    0,
    0,
    0,
    5.79460499957294,
    4.4871034340780795,
    0,
    5.79460499957294,
    0
  ]
}