{
  "PositionOnGroundTruthMetric": 5.2,
  "DataClumpSizeMetric": 8.586666666666666,
  "DataClumpSizeOccurence": 232.64,
  "FieldsToFieldsMetric": 0.37333333333333335,
  "ParametersToParametersMetric": 0.6266666666666667,
  "InvalidJSON": 1,
  "reason=size": 0,
  "reason=occurrence": 0.9733333333333334,
  "reason=affected_files": 0.02666666666666667,
  "reason=domain": 0,
  "reason=other": 0
}