{
  "mean": 0.15,
  "count": 30,
  "sum": 4.5,
  "max": 1,
  "min": 0,
  "raw": [
    0,
    0,
    0,
    0,
    0,
    0,
    0,
    0,
    0,
    0,
    0,
    0,
    0.6666666666666667,
    0,
    0,
    0,
    1,
    0,
    0,
    0,
    0.8333333333333334,
    0,
    0,
    1,
    0,
    0,
    1,
    0,
    0,
    0
  ]
}