{
  "mean": 0.6,
  "count": 150,
  "sum": 89.83,
  "max": 1,
  "min": 0,
  "raw": [
    1,
    1,
    1,
    1,
    1,
    1,
    1,
    1,
    1,
    1,
    0.8333333333333334,
    0.16666666666666663,
    1,
    1,
    0.8333333333333334,
    0.8333333333333334,
    1,
    0.8333333333333334,
    0,
    1,
    0,
    0,
    0,
    0,
    0,
    0,
    0,
    0,
    0,
    0,
    1,
    0.8333333333333334,
    0,
    1,
    1,
    1,
    1,
    1,
    1,
    0.8333333333333334,
    1,
    1,
    0,
    1,
    0,
    0,
    0,
    0,
    0,
    0,
    1,
    1,
    1,
    0.8333333333333334,
    1,
    1,
    0,
    1,
    0,
    0.8333333333333334,
    1,
    0.8333333333333334,
    1,
    1,
    1,
    1,
    1,
    0.8333333333333334,
    0.8333333333333334,
    1,
    0,
    0,
    0.6666666666666667,
    0,
    0,
    0,
    1,
    0,
    0,
    0,
    0.8333333333333334,
    1,
    0.6666666666666667,
    1,
    0.8333333333333334,
    0.8333333333333334,
    0.8333333333333334,
    0.8333333333333334,
    1,
    0,
    0,
    0,
    1,
    0,
    0,
    0,
    0,
    1,
    0.8333333333333334,
    0,
    1,
    0.8333333333333334,
    1,
    1,
    0.8333333333333334,
    0.8333333333333334,
    0.8333333333333334,
    1,
    1,
    1,
    1,
    1,
    0,
    0.5,
    1,
    0.8333333333333334,
    1,
    0.8333333333333334,
    1,
    0.8333333333333334,
    0.8333333333333334,
    0,
    0,
    1,
    0,
    0,
    1,
    0,
    0,
    0,
    1,
    0.8333333333333334,
    0,
    1,
    0.8333333333333334,
    0,
    0.8333333333333334,
    1,
    0.8333333333333334,
    0.8333333333333334,
    1,
    1,
    0,
    0.8333333333333334,
    0,
    0,
    0,
    1,
    0,
    0
  ]
}