{
  "mean": 0.76,
  "count": 54,
  "sum": 40.83,
  "max": 1,
  "min": 0,
  "raw": [
    1,
    1,
    1,
    1,
    1,
    1,
    1,
    1,
    1,
    1,
    1,
    1,
    0.8333333333333334,
    1,
    1,
    1,
    1,
    1,
    1,
    1,
    0,
    0,
    1,
    0,
    1,
    0,
    0.8333333333333334,
    0,
    1,
    0.8333333333333334,
    1,
    1,
    1,
    0,
    0.8333333333333334,
    0,
    1,
    1,
    1,
    0,
    0,
    1,
    1,
    1,
    1,
    0.5,
    0,
    1,
    1,
    1,
    1,
    0,
    1,
    0
  ]
}