{
  "mean": 0.81,
  "count": 54,
  "sum": 43.5,
  "max": 1,
  "min": 0,
  "raw": [
    1,
    1,
    1,
    1,
    1,
    1,
    1,
    1,
    1,
    1,
    1,
    1,
    1,
    1,
    1,
    1,
    1,
    1,
    1,
    1,
    1,
    0,
    0,
    0,
    0.8333333333333334,
    1,
    1,
    0.6666666666666667,
    0.6666666666666667,
    1,
    1,
    1,
    0,
    0,
    0,
    0,
    1,
    1,
    1,
    0.6666666666666667,
    1,
    0.6666666666666667,
    1,
    1,
    1,
    1,
    1,
    1,
    1,
    1,
    1,
    0,
    1,
    0
  ]
}