{
  "mean": 0.65,
  "count": 30,
  "sum": 19.5,
  "max": 1,
  "min": 0,
  "raw": [
    1,
    1,
    1,
    1,
    1,
    1,
    1,
    1,
    1,
    1,
    0,
    0,
    1,
    0,
    0,
    0,
    0,
    1,
    0.8333333333333334,
    0,
    0.8333333333333334,
    0,
    1,
    0,
    0.8333333333333334,
    1,
    1,
    1,
    1,
    0
  ]
}