{
  "PositiveComments=true": 0.22222222222222224,
  "PositiveComments=false": 0.16349480968858135,
  "meaningfulComments=true": 0.22892819979188334,
  "meaningfulComments=false": 0,
  "Complexity": 0,
  "ManualChanges": 0.22222222222222224,
  "Performance": 0,
  "RefactoringNotWorthIt": 0.24000000000000005,
  "LongLines": 0.22222222222222227,
  "NotEnough": 0,
  "SmallerDataClump": 0.1983471074380165,
  "LargerDataClump": 0,
  "OverEngineered": 0,
  "DocumentationIssues": 0,
  "JavaRecordBetter": 0.25,
  "ExtractedClassLocation": 0,
  "NoMeaningfulFeedback": 0,
  "LLM_Useful": 0,
  "ClassName": 0.25,
  "ImportsIssues": 0.25,
  "SemanticChanges": 0,
  "SameBaseClass": 0.22222222222222224,
  "ExtractedClassShouldNotBePublic": 0.25,
  "StyleAdaption": 0.22222222222222224,
  "LicenseHeaderMissing": 0.25,
  "LLM_LegalIssues": 0,
  "InvalidPR": 0.25,
  "ImprovedMaintainability": 0,
  "IsolatedComponents": 0,
  "Good_Idea": 0,
  "merged=true": 0.109375,
  "merged=false": 0.21484375,
  "state=open": 0.1728395061728395,
  "state=closed": 0.20603537981269507,
  "category=detectAndRefactor": 0.12749999999999995,
  "category=nameSuggestion": 0.24000000000000007,
  "type=fields_to_fields_data_clump": 0.2469135802469136,
  "type=parameters_to_parameters_data_clump": 0.1177685950413224
}