{
  "PositiveComments=true": 0,
  "PositiveComments=false": 0.10380622837370253,
  "meaningfulComments=true": 0.11238293444328819,
  "meaningfulComments=false": 0,
  "Complexity": 0.14876033057851235,
  "ManualChanges": 0.1388888888888889,
  "Performance": 0.25,
  "RefactoringNotWorthIt": 0.24000000000000005,
  "LongLines": 0.09876543209876548,
  "NotEnough": 0,
  "SmallerDataClump": 0.14876033057851235,
  "LargerDataClump": 0,
  "OverEngineered": 0,
  "DocumentationIssues": 0,
  "JavaRecordBetter": 0,
  "ExtractedClassLocation": 0.25,
  "NoMeaningfulFeedback": 0.22222222222222224,
  "LLM_Useful": 0,
  "ClassName": 0.1875,
  "ImportsIssues": 0.1875,
  "SemanticChanges": 0,
  "SameBaseClass": 0,
  "ExtractedClassShouldNotBePublic": 0.25,
  "StyleAdaption": 0.22222222222222224,
  "LicenseHeaderMissing": 0.1875,
  "LLM_LegalIssues": 0,
  "InvalidPR": 0,
  "ImprovedMaintainability": 0,
  "IsolatedComponents": 0,
  "Good_Idea": 0,
  "merged=true": 0.1875,
  "merged=false": 0.05859375,
  "state=open": 0,
  "state=closed": 0.11238293444328817,
  "category=detectAndRefactor": 0.09000000000000001,
  "category=nameSuggestion": 0.09000000000000001,
  "type=fields_to_fields_data_clump": 0.05246913580246914,
  "type=parameters_to_parameters_data_clump": 0.11776859504132231
}