{
  "merged=true": 0.1875,
  "merged=false": 0.0302734375,
  "state=open": 0,
  "state=closed": 0.08740894901144644,
  "type=fields_to_fields_data_clump": 0,
  "type=parameters_to_parameters_data_clump": 0.11776859504132232,
  "category=nameSuggestion": 0.047499999999999945,
  "category=detectAndRefactor": 0.09000000000000001,
  "meaningfulComments=true": 0.08740894901144643,
  "meaningfulComments=false": 0,
  "size=4": 0.1728395061728395,
  "size=7": 0,
  "size=5": 0,
  "size=3": 0.09876543209876545,
  "size=6": 0,
  "size=14": 0,
  "size=17": 0,
  "size=8": 0,
  "size=21": 0,
  "size=9": 0,
  "PositiveComments=true": 0.1388888888888889,
  "PositiveComments=false": 0.05536332179930801,
  "Complexity": 0,
  "ManualChanges": 0,
  "Performance": 0,
  "RefactoringNotWorthIt": 0.16000000000000006,
  "LongLines": 0,
  "NotEnough": 0,
  "SmallerDataClump": 0.1983471074380165,
  "LargerDataClump": 0,
  "OverEngineered": 0,
  "DocumentationIssues": 0,
  "JavaRecordBetter": 0.1875,
  "ExtractedClassLocation": 0.1875,
  "NoMeaningfulFeedback": 0,
  "LLM_Useful": 0,
  "ClassName": 0,
  "ImportsIssues": 0.1875,
  "SemanticChanges": 0,
  "SameBaseClass": 0.22222222222222224,
  "ExtractedClassShouldNotBePublic": 0,
  "StyleAdaption": 0.22222222222222224,
  "LicenseHeaderMissing": 0,
  "LLM_LegalIssues": 0,
  "InvalidPR": 0,
  "ImprovedMaintainability": 0,
  "IsolatedComponents": 0,
  "Good_Idea": 0
}