{
  "merged=true": 0.109375,
  "merged=false": 0.109375,
  "state=open": 0,
  "state=closed": 0.13527575442247658,
  "type=fields_to_fields_data_clump": 0.05246913580246914,
  "type=parameters_to_parameters_data_clump": 0.14876033057851232,
  "category=nameSuggestion": 0.09000000000000001,
  "category=detectAndRefactor": 0.12749999999999995,
  "meaningfulComments=true": 0.13527575442247658,
  "meaningfulComments=false": 0,
  "size=4": 0.09876543209876548,
  "size=7": 0,
  "size=5": 0,
  "size=3": 0.1728395061728395,
  "size=6": 0.12244897959183676,
  "size=14": 0,
  "size=17": 0,
  "size=8": 0.25,
  "size=21": 0,
  "size=9": 0,
  "PositiveComments=true": 0.22222222222222224,
  "PositiveComments=false": 0.08044982698961928,
  "Complexity": 0.14876033057851237,
  "ManualChanges": 0.25,
  "Performance": 0,
  "RefactoringNotWorthIt": 0,
  "LongLines": 0.09876543209876548,
  "NotEnough": 0,
  "SmallerDataClump": 0.14876033057851235,
  "LargerDataClump": 0,
  "OverEngineered": 0,
  "DocumentationIssues": 0,
  "JavaRecordBetter": 0.25,
  "ExtractedClassLocation": 0.1875,
  "NoMeaningfulFeedback": 0.22222222222222224,
  "LLM_Useful": 0,
  "ClassName": 0,
  "ImportsIssues": 0.1875,
  "SemanticChanges": 0,
  "SameBaseClass": 0.22222222222222224,
  "ExtractedClassShouldNotBePublic": 0.25,
  "StyleAdaption": 0.22222222222222224,
  "LicenseHeaderMissing": 0.1875,
  "LLM_LegalIssues": 0,
  "InvalidPR": 0,
  "ImprovedMaintainability": 0,
  "IsolatedComponents": 0,
  "Good_Idea": 0
}