{
  "mean": 0.73,
  "count": 329,
  "sum": 238.6,
  "max": 1,
  "min": 0,
  "raw": [
    0,
    0,
    1,
    1,
    0,
    1,
    1,
    0,
    1,
    1,
    1,
    0,
    1,
    1,
    1,
    0,
    1,
    1,
    1,
    1,
    0,
    0,
    1,
    1,
    0,
    1,
    1,
    0,
    1,
    1,
    1,
    1,
    0,
    1,
    1,
    1,
    0,
    1,
    1,
    1,
    1,
    0,
    0,
    1,
    0,
    1,
    1,
    0,
    1,
    1,
    1,
    0,
    1,
    1,
    1,
    0,
    1,
    1,
    1,
    1,
    0.6666666666666666,
    0.6,
    0.8,
    0.6666666666666666,
    0.25,
    0.6666666666666666,
    0.6666666666666666,
    0,
    0.6666666666666666,
    0.3333333333333333,
    0.6666666666666666,
    0.6666666666666666,
    0.8,
    0.6,
    0.6666666666666666,
    0.6666666666666666,
    0,
    0.3333333333333333,
    0,
    0.6666666666666666,
    0.6,
    0.6666666666666666,
    0.6666666666666666,
    0.8,
    0.6666666666666666,
    0.2857142857142857,
    0.6666666666666666,
    0.3333333333333333,
    0.6666666666666666,
    0.6666666666666666,
    0.25,
    0.6,
    0.6666666666666666,
    0.6666666666666666,
    0.3333333333333333,
    0.75,
    1,
    0.8,
    0.6666666666666666,
    0,
    0.6666666666666666,
    0.5,
    0.6666666666666666,
    0,
    1,
    0.6666666666666666,
    0.3333333333333333,
    1,
    0,
    0,
    0.6666666666666666,
    0.8,
    0.6666666666666666,
    0.6666666666666666,
    0.6,
    0.2857142857142857,
    0.6666666666666666,
    0.6,
    0.4,
    0.25,
    1,
    0.6666666666666666,
    0.6666666666666666,
    0.8,
    0.2857142857142857,
    0.3333333333333333,
    0.6666666666666666,
    0.6666666666666666,
    0.6666666666666666,
    0.8,
    0.6,
    0.6666666666666666,
    0.6666666666666666,
    0.6666666666666666,
    0,
    0,
    1,
    0.2857142857142857,
    0,
    0,
    0.3333333333333333,
    0.6666666666666666,
    0.6,
    0.6666666666666666,
    0.6666666666666666,
    0.8,
    0.6666666666666666,
    0,
    0.2857142857142857,
    0.6666666666666666,
    0.3333333333333333,
    0.6666666666666666,
    0.6666666666666666,
    0.6,
    0.6666666666666666,
    0.8,
    0.6666666666666666,
    0.2857142857142857,
    0.6666666666666666,
    0.3333333333333333,
    0.6666666666666666,
    0.6666666666666666,
    0.6666666666666666,
    0.6,
    0.8,
    0.6666666666666666,
    0.3333333333333333,
    0.5,
    1,
    0,
    0,
    0.6666666666666666,
    0.6666666666666666,
    0.6666666666666666,
    0.6666666666666666,
    0.8,
    0.6,
    0.6666666666666666,
    0.6666666666666666,
    0,
    0.3333333333333333,
    0.6666666666666666,
    0,
    0.6666666666666666,
    0.3333333333333333,
    0.25,
    0.6,
    0.6666666666666666,
    0.6666666666666666,
    0,
    0.6666666666666666,
    0.5,
    1,
    0,
    0.6666666666666666,
    0.6666666666666666,
    0.7666666666666667,
    0.6666666666666666,
    0.3333333333333333,
    0,
    1,
    1,
    0.6666666666666666,
    0.6666666666666666,
    0.6,
    0.6666666666666666,
    0.8,
    0.6666666666666666,
    0.2857142857142857,
    0.6666666666666666,
    0.5,
    0.3333333333333333,
    1,
    0,
    0.6666666666666666,
    0.6666666666666666,
    0.6666666666666666,
    0.6666666666666666,
    1,
    1,
    1,
    1,
    1,
    1,
    1,
    1,
    1,
    1,
    1,
    1,
    0.8571428571428571,
    1,
    1,
    1,
    1,
    1,
    1,
    1,
    1,
    1,
    1,
    1,
    1,
    1,
    1,
    1,
    1,
    1,
    1,
    0.8571428571428571,
    1,
    1,
    1,
    1,
    1,
    1,
    1,
    1,
    1,
    1,
    1,
    1,
    1,
    1,
    1,
    1,
    1,
    1,
    1,
    1,
    1,
    1,
    1,
    1,
    1,
    1,
    1,
    1,
    1,
    1,
    1,
    1,
    1,
    0.8571428571428571,
    1,
    1,
    1,
    1,
    1,
    1,
    1,
    1,
    1,
    1,
    1,
    1,
    1,
    1,
    1,
    1,
    0.8571428571428571,
    1,
    1,
    1,
    0.8571428571428571,
    1,
    1,
    1,
    1,
    1,
    1,
    1,
    1,
    1,
    1,
    1,
    1,
    1,
    1,
    1,
    1,
    1,
    1,
    1,
    1,
    1,
    1,
    1,
    1
  ]
}