{
  "mean": 0.77,
  "count": 63,
  "sum": 48.77,
  "max": 1,
  "min": 0.25,
  "raw": [
    0.6666666666666666,
    0.6,
    0.6666666666666666,
    0.6666666666666666,
    0.6666666666666666,
    0.6,
    0.6666666666666666,
    0.3333333333333333,
    0.8,
    0.6666666666666666,
    0.2857142857142857,
    0.6666666666666666,
    0.6,
    0.6666666666666666,
    0.6666666666666666,
    0.6666666666666666,
    0.6666666666666666,
    0.8,
    0.6666666666666666,
    0.5,
    1,
    0.3333333333333333,
    0.6,
    0.6666666666666666,
    0.6,
    0.4,
    0.25,
    1,
    0.6666666666666666,
    0.6666666666666666,
    0.8,
    0.6666666666666666,
    0.6666666666666666,
    0.6666666666666666,
    0.6,
    0.6666666666666666,
    0.3333333333333333,
    0.6666666666666666,
    1,
    1,
    1,
    1,
    1,
    1,
    1,
    1,
    1,
    1,
    1,
    1,
    1,
    1,
    1,
    1,
    1,
    1,
    1,
    1,
    1,
    1,
    1,
    1,
    1
  ]
}