{
  "mean": 0.68,
  "count": 18,
  "sum": 12.27,
  "max": 1,
  "min": 0.33,
  "raw": [
    0.6666666666666666,
    0.6666666666666666,
    1,
    0.8,
    0.6,
    0.6666666666666666,
    0.6666666666666666,
    0.8,
    0.6666666666666666,
    0.6666666666666666,
    0.6666666666666666,
    0.6666666666666666,
    0.6666666666666666,
    0.4,
    1,
    0.3333333333333333,
    0.6666666666666666,
    0.6666666666666666
  ]
}