{
  "mean": 7.49,
  "count": 75,
  "sum": 561.96,
  "max": 25,
  "min": 0,
  "raw": [
    5,
    9,
    8,
    7,
    6.333333333333333,
    5.666666666666667,
    7.5,
    5,
    6.6,
    5,
    4,
    4,
    4,
    4,
    3,
    6.333333333333333,
    3,
    5.5,
    6.333333333333333,
    6.333333333333333,
    4,
    5.5,
    7.6,
    5,
    3.6666666666666665,
    3,
    3.5,
    4,
    4,
    7.5,
    8,
    6.333333333333333,
    7.5,
    9,
    4.666666666666667,
    5,
    11,
    11,
    5,
    5,
    3,
    5,
    5.5,
    4,
    5,
    4,
    3.5,
    14,
    14.333333333333334,
    3,
    6.666666666666667,
    4,
    25,
    7.5,
    25,
    4.5,
    null,
    25,
    6.666666666666667,
    5.75,
    25,
    4.714285714285714,
    15,
    5,
    4.5,
    4.5,
    11,
    4.5,
    19.666666666666668,
    12,
    12,
    9.8,
    25,
    3,
    3
  ]
}