{
  "Surety": {
    "0": 2,
    "1": 28,
    "2": 10,
    "3": 8,
    "4": 4,
    "5": 6,
    "6": 5,
    "7": 2,
    "1.5": 7,
    "0.75": 19,
    "2.25": 3,
    "2.75": 1,
    "2.5": 2,
    "-0.75": 4,
    "-1.75": 1,
    "5.5": 3,
    "4.5": 1,
    "3.25": 2,
    "1.75": 4,
    "5.75": 1,
    "4.75": 1,
    "-1.5": 1,
    "-0.25": 2,
    "1.25": 1,
    "3.5": 1,
    "5.25": 1
  },
  "OutputFormatCorrectness": {
    "0.8148148148148148": 18,
    "0.8888888888888888": 9,
    "0.8552631578947368": 3,
    "0.5909090909090909": 1,
    "0.8210526315789474": 3,
    "0.8235294117647058": 14,
    "0.8490566037735849": 1,
    "0.6779661016949152": 1,
    "0.8181818181818182": 2,
    "0.7925925925925926": 1,
    "0.8": 4,
    "0.8081841432225064": 1,
    "0.7924528301886793": 1,
    "0.7979539641943734": 4,
    "0.8074866310160428": 1,
    "0.8016085790884718": 1,
    "0.8376068376068376": 1,
    "0.8292682926829268": 2,
    "0.8333333333333334": 3,
    "0.8545454545454545": 1,
    "0.5779376498800959": 1,
    "0.5783132530120482": 1,
    "0.9": 1,
    "0.8085106382978723": 2,
    "0.8205128205128205": 1,
    "0.5894736842105263": 1,
    "0.6521739130434783": 1,
    "0.8518518518518519": 2,
    "0.5925925925925926": 5,
    "0.6666666666666666": 1,
    "0.7904509283819628": 1,
    "0.8173913043478261": 1,
    "0.6086956521739131": 1,
    "0.8186666666666667": 1,
    "0.8165680473372781": 1,
    "0.8226600985221675": 1,
    "0.704225352112676": 1,
    "0.8433734939759037": 1,
    "0.6": 2,
    "0.8314606741573034": 1,
    "0.575": 1,
    "0.594059405940594": 1,
    "0.9230769230769231": 1,
    "0.8397435897435898": 1,
    "0.5901639344262295": 3,
    "0.8703703703703703": 1,
    "0.8585858585858586": 1,
    "null": 1,
    "0.574585635359116": 1,
    "0.6022727272727273": 1,
    "0.8217054263565892": 1,
    "0.6296296296296297": 1,
    "0.5911330049261084": 1,
    "0.819672131147541": 1,
    "0.6133333333333333": 1,
    "0.8634146341463415": 1,
    "0.8074534161490683": 1,
    "0.5797101449275363": 1,
    "0.8423645320197044": 1
  },
  "InvalidJSON": {
    "0": 20,
    "1": 100
  },
  "DataClumpSize_mean": {
    "0": 1,
    "3": 18,
    "4": 4,
    "5": 4,
    "6": 1,
    "7": 2,
    "9": 1,
    "11": 1,
    "12": 9,
    "14": 1,
    "15": 19,
    "25": 12,
    "3.3333333333333335": 5,
    "3.6666666666666665": 1,
    "5.75": 2,
    "4.857142857142857": 1,
    "10.857142857142858": 1,
    "6.333333333333333": 3,
    "3.375": 3,
    "3.4285714285714284": 1,
    "3.2857142857142856": 2,
    "7.5": 3,
    "5.25": 1,
    "22.625": 1,
    "3.8": 1,
    "6.666666666666667": 4,
    "9.5": 1,
    "3.5714285714285716": 1,
    "3.5": 2,
    "3.2": 1,
    "13.5": 1,
    "3.4": 1,
    "8.4": 1,
    "3.25": 1,
    "19.5": 1,
    "14.333333333333334": 1,
    "4.5": 4,
    "4.714285714285714": 1,
    "19.666666666666668": 1,
    "9.8": 1
  },
  "DataClumpOccurence_mean": {
    "0": 1,
    "1": 2,
    "2": 48,
    "3": 1,
    "4": 1,
    "6": 1,
    "8": 2,
    "16": 3,
    "17": 1,
    "21": 4,
    "22": 1,
    "23": 1,
    "30": 6,
    "47": 1,
    "97": 1,
    "241": 1,
    "279": 1,
    "287": 5,
    "833": 1,
    "1436": 1,
    "3558": 1,
    "278.6666666666667": 1,
    "121.33333333333333": 1,
    "96.66666666666667": 1,
    "20.25": 1,
    "2.3333333333333335": 1,
    "16.666666666666668": 1,
    "20.666666666666668": 1,
    "25.428571428571427": 1,
    "13.428571428571429": 1,
    "293.6666666666667": 1,
    "12.666666666666666": 2,
    "19.714285714285715": 1,
    "23.142857142857142": 2,
    "73.6": 1,
    "14.833333333333334": 1,
    "1.75": 1,
    "541.4285714285714": 1,
    "380.75": 1,
    "26.333333333333332": 1,
    "27.6": 1,
    "24.666666666666668": 1,
    "18.8": 2,
    "27.8": 1,
    "35.666666666666664": 1,
    "718.8": 1,
    "49.416666666666664": 1,
    "38.5": 1,
    "1.5": 2,
    "26.5": 1,
    "8.75": 1,
    "20.285714285714285": 1,
    "24.5": 1
  },
  "FieldToField_mean": {
    "0": 91,
    "1": 18,
    "0.125": 3,
    "0.1111111111111111": 1,
    "0.75": 1,
    "0.5": 4,
    "0.16666666666666666": 1,
    "0.4": 1
  },
  "ParametersToParameters_mean": {
    "0": 26,
    "1": 79,
    "0.875": 6,
    "0.8571428571428571": 1,
    "0.8888888888888888": 1,
    "0.5": 3,
    "0.8333333333333334": 1,
    "0.08333333333333333": 1,
    "0.6666666666666666": 1,
    "0.6": 1
  },
  "DataClumpSize_count": {
    "0": 1,
    "1": 48,
    "2": 22,
    "3": 20,
    "4": 6,
    "5": 7,
    "6": 4,
    "7": 7,
    "8": 4,
    "12": 1
  },
  "DataClumpOccurence_count": {
    "0": 1,
    "1": 48,
    "2": 22,
    "3": 20,
    "4": 6,
    "5": 7,
    "6": 4,
    "7": 7,
    "8": 4,
    "12": 1
  },
  "FieldToField_count": {
    "0": 1,
    "1": 47,
    "2": 23,
    "3": 19,
    "4": 7,
    "5": 7,
    "6": 3,
    "7": 5,
    "8": 6,
    "9": 1,
    "12": 1
  },
  "ParametersToParameters_count": {
    "0": 1,
    "1": 47,
    "2": 23,
    "3": 19,
    "4": 7,
    "5": 7,
    "6": 3,
    "7": 5,
    "8": 6,
    "9": 1,
    "12": 1
  },
  "DataClumpSize_groupedCount": {
    "[object Object]": 120
  },
  "DataClumpOccurence_groupedCount": {
    "[object Object]": 120
  },
  "FieldToField_groupedCount": {
    "[object Object]": 120
  },
  "ParametersToParameters_groupedCount": {
    "[object Object]": 120
  },
  "DataClumpSize_raw": {
    "3": 14,
    "4": 3,
    "5": 2,
    "12": 6,
    "15": 15,
    "25": 8,
    "15,15": 4,
    "15,3,3": 1,
    "3,3,4": 2,
    "3,3,3": 4,
    "3,5,3": 1,
    "12,4,3,4": 1,
    "3,6,3": 1,
    "3,4,3": 3,
    "3,3,12": 1,
    "3,3,3,12,4,4,5": 1,
    "12,12,12,12,12,12,4": 1,
    "12,12,12,12,12": 1,
    "3,4,12": 2,
    "3,4,3,3,4,3,4,3": 3,
    "3,4,3,4,3,4,3": 1,
    "3,4,3,3,4,3,3": 1,
    "3,12": 3,
    "3,3,3,12": 1,
    "25,25": 4,
    "25,25,25,25,25,25,16,15": 1,
    "3,4,5,3,4": 1,
    "3,4,5,4,12,12": 1,
    "15,15,15,3": 1,
    "15,4": 1,
    "3,4,3,3,4,4,4": 1,
    "4,4,3,3": 1,
    "4,3,12": 1,
    "3,3,3,4,3": 1,
    "12,15": 1,
    "12,4,3,3,5,15": 1,
    "12,12,3,4,4,5": 1,
    "3,3,3,12,4": 1,
    "3,4,3,4,3,3,3": 1,
    "3,3,3,4,4": 1,
    "3,3,12,12,12": 1,
    "3,4,3,3": 1,
    "25,25,25,25,25,25,3,3,25,25,25,3": 1,
    "15,3": 1,
    "4,3": 1,
    "25,3": 1,
    "25,15,3": 1,
    "3,12,5": 2,
    "5,4": 2,
    "": 1,
    "3,12,5,3": 1,
    "12,5,4,3,3,3,3": 1,
    "3,7": 1,
    "3,6": 2,
    "15,3,15": 1,
    "25,25,25,25,3,15": 1,
    "12,12": 1,
    "15,3,3,3,25": 1
  },
  "DataClumpOccurence_raw": {
    "1": 1,
    "2": 32,
    "4": 1,
    "6": 1,
    "8": 1,
    "30": 4,
    "47": 1,
    "287": 4,
    "833": 1,
    "1436": 1,
    "3558": 1,
    "2,2": 12,
    "2,833,1": 1,
    "287,30,47": 1,
    "287,287,287": 1,
    "287,2,1": 1,
    "2,2,30,47": 1,
    "2,4,1": 1,
    "2,47,1": 1,
    "30,30,2": 1,
    "30,30,30,2,82,2,2": 1,
    "2,2,2,2,2,2,82": 1,
    "2,2,2,2,2": 1,
    "833,47,1": 1,
    "30,6,2": 2,
    "30,6,30,30,6,30,6,30": 3,
    "30,6,30,6,30,6,30": 1,
    "30,6,30": 1,
    "30,6,30,30,6,30,30": 1,
    "30,30,30": 2,
    "30,2": 3,
    "30,30,30,2": 1,
    "1,1,1": 1,
    "2,2,2,2,2,2,2,2": 1,
    "287,2,2,30,47": 1,
    "30,6,2,47,2,2": 1,
    "2,2,2,1": 1,
    "30,6,30,3558,82,2,82": 1,
    "47,2,38,1436": 1,
    "47,30,2": 1,
    "30,30,30,47,1": 1,
    "2,82,30,30,2,2": 1,
    "2,2,30,6,2,6": 1,
    "30,30,30,2,2": 1,
    "30,6,30,6,30,30,30": 1,
    "30,30,30,47,2": 1,
    "30,30,47": 1,
    "30,3558,2,2,2": 1,
    "2,2,6,2": 1,
    "2,2,2,2,2,2,287,287,2,2,2,1": 1,
    "47,30": 1,
    "2,1": 1,
    "2,2,833": 1,
    "287,2,2": 1,
    "6,47": 1,
    "": 1,
    "2,2,2": 2,
    "30,2,2,1": 1,
    "2,2,47,30,30,30,1": 1,
    "38,4": 1,
    "2,47": 1,
    "1,2": 1,
    "30,4": 1,
    "2,2,2,2,1436,2": 1,
    "2,30,30,30,2": 1
  },
  "FieldToField_raw": {
    "0": 33,
    "1": 14,
    "0,0": 17,
    "0,0,0": 17,
    "0,0,0,0": 6,
    "0,0,0,0,0,0,0,1": 3,
    "0,0,0,0,0,0,0": 5,
    "0,0,0,0,0": 6,
    "0,0,0,0,0,0,0,0": 3,
    "1,1": 2,
    "0,0,0,0,0,0,0,0,1": 1,
    "0,0,0,0,0,0": 2,