{
  "mean": 0.05,
  "count": 30,
  "sum": 1.13,
  "max": 0.33,
  "min": 0,
  "raw": [
    0,
    0,
    0,
    0,
    0,
    0,
    0,
    0,
    0,
    0,
    0,
    0,
    null,
    0,
    null,
    null,
    null,
    null,
    null,
    null,
    0.3333333333333333,
    0,
    0,
    0,
    0,
    null,
    0.25,
    0.25,
    0.29411764705882354,
    0
  ]
}