{
  "mean": 0.54,
  "count": 150,
  "sum": 65.78,
  "max": 1,
  "min": 0,
  "raw": [
    0,
    0.2777777777777778,
    0,
    0.07142857142857142,
    0.2,
    0.2,
    0.25,
    0,
    0.06666666666666667,
    0,
    0.971830985915493,
    0.967741935483871,
    0.7272727272727273,
    1,
    0.9444444444444444,
    0.9,
    1,
    0.9452054794520548,
    0.9117647058823529,
    0.975,
    0.625,
    1,
    0.0967741935483871,
    0.8461538461538461,
    null,
    0.3,
    0,
    0.4444444444444444,
    1,
    1,
    0.65,
    0.9333333333333333,
    0.75,
    0.75,
    0.75,
    0.631578947368421,
    0.7272727272727273,
    1,
    0.6875,
    0.75,
    0.8947368421052632,
    0,
    0.7142857142857143,
    0.625,
    0.6666666666666666,
    0.7692307692307693,
    0.7777777777777778,
    0.9,
    0.7058823529411765,
    0.23076923076923078,
    0.07317073170731707,
    0.16279069767441862,
    0.2,
    0.125,
    0.15,
    0.1,
    0.17857142857142858,
    0.13157894736842105,
    0.05263157894736842,
    0.14893617021276595,
    0.6,
    0.8064516129032258,
    null,
    1,
    0.21428571428571427,
    1,
    0.9024390243902439,
    0.8947368421052632,
    0.8,
    0.9,
    0.8,
    null,
    null,
    0.8421052631578947,
    null,
    null,
    0.75,
    null,
    null,
    null,
    0.7,
    0.8333333333333334,
    null,
    0.1891891891891892,
    0.6111111111111112,
    null,
    1,
    0.515625,
    0.5,
    0.9375,
    0.375,
    0.75,
    null,
    0.6428571428571429,
    null,
    null,
    null,
    0.45,
    null,
    null,
    0.08823529411764706,
    0,
    0,
    0,
    0.3787878787878788,
    null,
    0,
    0,
    0.16666666666666666,
    0.09090909090909091,
    0.8333333333333334,
    0.8571428571428571,
    0.30434782608695654,
    0.782608695652174,
    0.23529411764705882,
    0.5,
    0.38461538461538464,
    0.7931034482758621,
    0.85,
    1,
    null,
    null,
    null,
    0.8181818181818182,
    0,
    0.5714285714285714,
    0,
    0.16666666666666666,
    null,
    0.55,
    0.5294117647058824,
    null,
    0.9166666666666666,
    1,
    0.6666666666666666,
    null,
    null,
    0.6470588235294118,
    0,
    0.6428571428571429,
    0.8571428571428571,
    0.8888888888888888,
    null,
    null,
    0.7058823529411765,
    0.4117647058823529,
    0.3333333333333333,
    null,
    null,
    0.84
  ]
}