{
  "mean": 0.66,
  "count": 90,
  "sum": 37.04,
  "max": 1,
  "min": 0,
  "raw": [
    1,
    0.8888888888888888,
    0.8181818181818182,
    1,
    0.8,
    0.8571428571428571,
    0.625,
    1,
    1,
    0.8571428571428571,
    0.9090909090909091,
    0.10526315789473684,
    1,
    1,
    1,
    1,
    0.8,
    0.8,
    0.7,
    1,
    0.625,
    1,
    0.0967741935483871,
    0.8461538461538461,
    null,
    0.3,
    0,
    0.4444444444444444,
    1,
    1,
    null,
    null,
    null,
    null,
    null,
    null,
    null,
    null,
    null,
    null,
    null,
    null,
    1,
    null,
    null,
    null,
    null,
    null,
    null,
    null,
    0.8,
    null,
    null,
    0.8421052631578947,
    null,
    null,
    0.75,
    null,
    null,
    null,
    null,
    0.5,
    0.5333333333333333,
    0.7037037037037037,
    0.5,
    0.2222222222222222,
    0.5,
    0.5,
    null,
    0.5,
    0.75,
    0.4166666666666667,
    0.5,
    null,
    0.7692307692307693,
    0.5,
    0.7222222222222222,
    0.45454545454545453,
    1,
    0,
    null,
    null,
    null,
    0.8181818181818182,
    0,
    0.5714285714285714,
    0,
    0.16666666666666666,
    null,
    0.55
  ]
}