{
  "mean": 0.71,
  "count": 90,
  "sum": 53.97,
  "max": 1,
  "min": 0,
  "raw": [
    0.9523809523809523,
    1,
    0.875,
    0.8,
    1,
    1,
    0.8823529411764706,
    0.9,
    1,
    0.8823529411764706,
    0.9523809523809523,
    0.8333333333333334,
    0.875,
    0.875,
    0.8,
    1,
    0.8823529411764706,
    0.8571428571428571,
    1,
    0.8823529411764706,
    0.65,
    0.9333333333333333,
    0.75,
    0.75,
    0.75,
    0.631578947368421,
    0.7272727272727273,
    1,
    0.6875,
    0.75,
    0.40540540540540543,
    0.2,
    null,
    0.9705882352941176,
    0.28125,
    0.20588235294117646,
    0.21428571428571427,
    0.3548387096774194,
    0.9714285714285714,
    0.3,
    0.5294117647058824,
    0.3888888888888889,
    0.5,
    0.47368421052631576,
    1,
    1,
    0.2839506172839506,
    0.9444444444444444,
    0.9117647058823529,
    null,
    0.7,
    0.8333333333333334,
    null,
    0.1891891891891892,
    0.6111111111111112,
    null,
    1,
    0.515625,
    0.5,
    0.9375,
    0.47058823529411764,
    0.55,
    0.47058823529411764,
    0.9090909090909091,
    0.75,
    null,
    0.7333333333333333,
    null,
    null,
    null,
    null,
    0.7,
    0.5365853658536586,
    0.6470588235294118,
    0.5263157894736842,
    0.5882352941176471,
    0.8695652173913043,
    null,
    null,
    0.7142857142857143,
    0.5294117647058824,
    null,
    0.9166666666666666,
    1,
    0.6666666666666666,
    null,
    null,
    0.6470588235294118,
    0,
    0.6428571428571429
  ]
}