{
  "mean": 0.86,
  "count": 30,
  "sum": 25.88,
  "max": 1,
  "min": 0.63,
  "raw": [
    0.9523809523809523,
    1,
    0.875,
    0.8,
    1,
    1,
    0.8823529411764706,
    0.9,
    1,
    0.8823529411764706,
    0.9523809523809523,
    0.8333333333333334,
    0.875,
    0.875,
    0.8,
    1,
    0.8823529411764706,
    0.8571428571428571,
    1,
    0.8823529411764706,
    0.65,
    0.9333333333333333,
    0.75,
    0.75,
    0.75,
    0.631578947368421,
    0.7272727272727273,
    1,
    0.6875,
    0.75
  ]
}