{
  "mean": 0.45,
  "count": 30,
  "sum": 4.05,
  "max": 0.75,
  "min": 0,
  "raw": [
    0.39285714285714285,
    0.13793103448275862,
    null,
    0.25,
    null,
    null,
    null,
    null,
    null,
    null,
    null,
    null,
    null,
    null,
    null,
    null,
    null,
    0.43333333333333335,
    0.6153846153846154,
    null,
    0.375,
    0.75,
    null,
    0.6428571428571429,
    null,
    null,
    null,
    0.45,
    null,
    null
  ]
}