{
  "mean": 0.1,
  "count": 30,
  "sum": 2.87,
  "max": 0.38,
  "min": 0,
  "raw": [
    0.13846153846153847,
    0.15384615384615385,
    0.037037037037037035,
    0.14655172413793102,
    0.041666666666666664,
    0.0958904109589041,
    0.10526315789473684,
    0.07792207792207792,
    0.0958904109589041,
    0.28,
    0.21212121212121213,
    0.20967741935483872,
    0.14285714285714285,
    0,
    0,
    0.275,
    0,
    0.03125,
    0.018633540372670808,
    0.08333333333333333,
    0.08823529411764706,
    0,
    0,
    0,
    0.3787878787878788,
    null,
    0,
    0,
    0.16666666666666666,
    0.09090909090909091
  ]
}