{
  "mean": 0.11,
  "count": 30,
  "sum": 3.11,
  "max": 0.38,
  "min": 0,
  "raw": [
    0,
    0.2777777777777778,
    0,
    0.07142857142857142,
    0.2,
    0.2,
    0.25,
    0,
    0.06666666666666667,
    0,
    0.07317073170731707,
    0.16279069767441862,
    0.2,
    0.125,
    0.15,
    0.1,
    0.17857142857142858,
    0.13157894736842105,
    0.05263157894736842,
    0.14893617021276595,
    0.08823529411764706,
    0,
    0,
    0,
    0.3787878787878788,
    null,
    0,
    0,
    0.16666666666666666,
    0.09090909090909091
  ]
}