{
  "mean": 0.87,
  "count": 30,
  "sum": 25.12,
  "max": 1,
  "min": 0,
  "raw": [
    1,
    0.9230769230769231,
    0.9846153846153847,
    0.9838709677419355,
    1,
    0.8888888888888888,
    0.8888888888888888,
    0.9,
    0.9692307692307692,
    0.8888888888888888,
    1,
    0.9565217391304348,
    0.9722222222222222,
    0.8636363636363636,
    0.9666666666666667,
    0.9230769230769231,
    0.9428571428571428,
    0.8333333333333334,
    null,
    0.9090909090909091,
    0.8823529411764706,
    0.8571428571428571,
    0.5402298850574713,
    0.8421052631578947,
    0.9047619047619048,
    0.8666666666666667,
    0.7333333333333333,
    0.26785714285714285,
    0.8627450980392157,
    0.5714285714285714
  ]
}