{
  "mean": 1.59,
  "count": 30,
  "sum": 46.22,
  "max": 2.96,
  "min": 0,
  "raw": [
    1.1686609686609686,
    1.2691373025516404,
    1.091824783321621,
    1.1071689831748355,
    1.1065209336791404,
    1.2737713675213675,
    1.2031842304776346,
    1.1435638566380615,
    1.1048191830039835,
    1.2061203844208397,
    0.9899451553930531,
    1.9505357142857143,
    1.7310545839957605,
    2.515818780055682,
    1.7100274725274724,
    0.829092654824772,
    1.7511942131841136,
    0.9916341327384273,
    null,
    1.813254744105808,
    1.45645178033842,
    1.5161812297734627,
    2.215358750474538,
    2.0466113045807663,
    2.3018232819074336,
    2.9552364864864864,
    1.5264997815094574,
    2.9158115183246074,
    1.2333572969086988,
    2.097380410022779
  ]
}