{
  "mean": 0.63,
  "count": 60,
  "sum": 37.83,
  "max": 0.87,
  "min": 0,
  "raw": [
    0.11538461538461539,
    0,
    0,
    0.5771971496437055,
    0.38235294117647056,
    0.8529411764705882,
    0.8156028368794326,
    0.8529411764705882,
    0.8529411764705882,
    0.8529411764705882,
    0.39705882352941174,
    0,
    0.8292682926829268,
    0.8292682926829268,
    0.6323529411764706,
    0.38235294117647056,
    0,
    0.5441176470588235,
    0.7612293144208038,
    0.5791962174940898,
    0.8633093525179856,
    0.5979381443298969,
    0.865979381443299,
    0,
    0.865979381443299,
    0.6052631578947368,
    0.865979381443299,
    0.8587443946188341,
    0.865979381443299,
    0.865979381443299,
    0.8235294117647058,
    0.8444444444444444,
    0.8266666666666667,
    0.8210526315789474,
    0.5882352941176471,
    0.8235294117647058,
    0.8433734939759037,
    0.8210526315789474,
    0.5783132530120482,
    0.8235294117647058,
    0.8324324324324325,
    0.8248587570621468,
    0.8615384615384616,
    0,
    0.5862944162436549,
    0.8248587570621468,
    0.5882352941176471,
    0.8248587570621468,
    0.5882352941176471,
    0.8235294117647058,
    0,
    0.8256880733944955,
    0,
    0.8248587570621468,
    0.8248587570621468,
    0,
    0.8248587570621468,
    0.8211586901763224,
    0.8248587570621468,
    0.8248587570621468
  ]
}