{
  "mean": 0.8171626984126986,
  "count": 20,
  "groupedCount": {
    "1": 5,
    "0.9444444444444444": 1,
    "0.8571428571428571": 1,
    "0.875": 1,
    "0.5": 4,
    "0.8333333333333334": 8
  },
  "raw": [
    0.9444444444444444,
    1,
    1,
    0.8571428571428571,
    0.875,
    0.5,
    0.8333333333333334,
    0.5,
    0.5,
    0.5,
    0.8333333333333334,
    0.8333333333333334,
    1,
    1,
    0.8333333333333334,
    0.8333333333333334,
    1,
    0.8333333333333334,
    0.8333333333333334,
    0.8333333333333334
  ]
}