{
  "mean": {
    "0": 51.821917808219176,
    "1": 37.28365384615385,
    "2": 37.78064516129032,
    "3": 27,
    "4": 22.897727272727273,
    "5": 22.176470588235293,
    "6": 43.57142857142857,
    "7": 27.133333333333333,
    "8": 12,
    "9": 12.181818181818182,
    "10": 11.636363636363637,
    "11": 10.181818181818182,
    "12": 10.857142857142858,
    "13": 10.75,
    "14": 11,
    "15": 11,
    "16": 11,
    "17": 11
  },
  "count": 300,
  "groupedCount": {
    "3": 11,
    "4": 6,
    "5": 16,
    "8": 1,
    "9": 1,
    "10": 1,
    "11": 11,
    "12": 5,
    "15": 11,
    "25": 6,
    "256": 13,
    "262": 2,
    "11,11,11,11,11,11,11,11,11,11,11,11,11,11,11,11,11,11": 1,
    "3,11,11,11,11,11,11,11,11,11,11,11": 2,
    "11,11,11,11,11,11,11,11": 1,
    "5,11": 15,
    "5,11,11": 9,
    "5,11,3,3,3,3": 9,
    "5,11,3,3,3": 11,
    "3,5,11,3,3,3": 5,
    "5,3,3": 3,
    "11,11,11,11,5,11,11,11,11": 1,
    "11,3,3,3": 2,
    "5,3": 4,
    "5,5,3,3,11": 1,
    "5,3,3,3,3,3,3": 2,
    "3,5": 6,
    "": 8,
    "3,11": 2,
    "3,5,11": 3,
    "11,3,3": 2,
    "5,11,11,3": 3,
    "5,11,3,11,3": 1,
    "11,11,11,11,11,11,11,11,11,11,11,11": 1,
    "11,11,11,11,11,11,11,11,11,11,11,11,11": 1,
    "5,11,11,11,3": 4,
    "5,11,3": 8,
    "3,5,11,3,3": 7,
    "3,5,3,3,3": 2,
    "11,11,11,11,11,11,11,11,11,11,5,11,11": 1,
    "11,11,11,11,11,11,11,11,11": 1,
    "11,3": 2,
    "5,11,3,3": 3,
    "3,11,3": 1,
    "10,10": 1,
    "11,11,11,11,11,11": 2,
    "3,3,3,3,3,3": 1,
    "5,3,3,11": 1,
    "10,11,11,3,3": 1,
    "3,3,3": 2,
    "3,5,3,3": 1,
    "3,5,11,11": 1,
    "3,11,11,11,11,11,11,11,11,11,11,11,11,11,11,11,11,11": 1,
    "11,11,11,11,11,11,11,11,11,11,11,11,11,11,11,11,11": 1,
    "11,11,11,11,11,11,11": 1,
    "5,11,3,3,3,11": 1,
    "11,11,11,10,11,11,11,11,11,11,11,11,11": 1,
    "10,10,10,10,10,10,10,10,10,10,10,10,10,10": 1,
    "3,5,11,3,3,11": 1,
    "3,5,11,3,11": 1,
    "5,3,3,3": 1,
    "5,3,3,3,4": 1,
    "11,4": 1,
    "11,11,11,11,3": 1,
    "3,11,11,11": 1,
    "3,3": 1,
    "5,5,3,3": 1,
    "262,262": 2,
    "15,262": 2,
    "15,5,262": 1,
    "3,256,4": 1,
    "3,5,262": 1,
    "12,4,256,4": 1,
    "256,256,3": 2,
    "256,256,256,3": 1,
    "256,256,12": 1,
    "256,256,256,12,4,4,5": 1,
    "12,12,12,12,12,12,4": 1,
    "12,12,12,12,12": 1,
    "256,4,12": 2,
    "256,4,3,3,4,3,4": 1,
    "256,4,3,4,256,4,3": 1,
    "256,4,256": 1,
    "256,4,3,256,4,3,4": 2,
    "256,4,256,256,4,256,256": 1,
    "256,256,256": 1,
    "256,12": 2,
    "256,256,256,12": 1,
    "256,25": 1,
    "3,262,256": 1,
    "25,25,262,262,262,262,256,262": 1,
    "256,15": 1,
    "3,4,5,256,4": 1,
    "256,4,5,4,256,12": 1,
    "15,15,15,3": 1,
    "15,4": 1,
    "256,256,4": 2,
    "256,4,3,3,4,4,4": 1,
    "4,4,3,3": 1,
    "4,256,12": 1,
    "256,256,256,4,262": 1,
    "12,15": 1,
    "15,15": 1,
    "12,4,256,256,5,15": 1,
    "12,12,256,4,4,5": 1,
    "262,256,256,12,4": 1,
    "256,4,3,4,256,4,256": 1,
    "256,256,256,4,4": 1,
    "256,3,12,12,12": 1,
    "4,3,3": 1,
    "25,25,25,25,25,25,3,3,25,25,25,3": 1,
    "4,256": 1,
    "25,3": 1,
    "25,15,3": 1,
    "3,256,5": 1,
    "262,256": 1,
    "5,4": 2,
    "256,12,5": 1,
    "256,12,262,262": 1,
    "25,25": 1,
    "12,5,4,256,256,256,262": 1,
    "3,7": 1,
    "256,6": 2,
    "256,256,262": 1,
    "256,25,25,25,3,15": 1,
    "12,12": 1,
    "15,256,256,256,25": 1
  },
  "raw": [
    [
      11,
      11,
      11,
      11,
      11,
      11,
      11,
      11,
      11,
      11,
      11,
      11,
      11,
      11,
      11,
      11,
      11,
      11
    ],
    [
      11
    ],
    [
      3,
      11,
      11,
      11,
      11,
      11,
      11,
      11,
      11,
      11,
      11,
      11
    ],
    [
      11
    ],
    [
      11,
      11,
      11,
      11,
      11,
      11,
      11,
      11
    ],
    [
      5,
      11
    ],
    [
      5,
      11,
      11
    ],
    [
      5,
      11,
      11
    ],
    [
      5,
      11,
      11
    ],
    [
      5,
      11,
      11
    ],
    [
      5,
      11,
      11
    ],
    [
      5,
      11,
      3,
      3,
      3,
      3
    ],
    [
      5,
      11,
      3,
      3,
      3,
      3
    ],
    [
      5,
      11,
      3,
      3,
      3
    ],
    [
      5
    ],
    [
      3,
      5,
      11,
      3,
      3,
      3
    ],
    [
      5,
      11,
      3,
      3,
      3,
      3
    ],
    [
      5
    ],
    [
      3
    ],
    [
      5,
      11
    ],
    [
      5,
      3,
      3
    ],
    [
      11
    ],
    [
      11,
      11,
      11,
      11,
      5,
      11,
      11,
      11,
      11
    ],
    [
      11,
      3,
      3,
      3
    ],
    [
      5,
      3,
      3
    ],
    [
      5,
      11,
      11
    ],
    [
      5,
      11,
      11
    ],
    [
      5,
      11
    ],
    [
      5,
      3
    ],
    [
      5,
      5,
      3,
      3,
      11
    ],
    [
      5
    ],
    [
      5,
      11,
      3,
      3,
      3,
      3
    ],
    [
      11
    ],
    [
      5,
      3,
      3,
      3,
      3,
      3,
      3
    ],
    [
      5,
      11
    ],
    [
      3,
      5
    ],
    [
      5
    ],
    [
      3,
      5
    ],
    [
      5
    ],
    [
      5,
      11
    ],
    [],
    [],
    [
      4
    ],
    [],
    [
      11
    ],
    [
      5
    ],
    [
      5,
      11,
      11
    ],
    [
      5,
      11
    ],
    [
      3,
      11
    ],
    [
      3,
      5,
      11
    ],
    [
      11,
      3,
      3
    ],
    [
      5,
      11,
      11,
      3
    ],
    [
      5,
      11,
      3,
      3,
      3
    ],
    [
      5,
      11,
      3,
      11,
      3
    ],
    [
      5
    ],
    [
      3,
      5
    ],
    [
      5,
      3
    ],
    [
      3,
      5
    ],
    [
      4
    ],
    [
      3
    ],
    [
      11,
      11,
      11,
      11,
      11,
      11,
      11,
      11,
      11,
      11,
      11,
      11
    ],
    [
      11
    ],
    [
      8
    ],
    [
      11,
      3,
      3
    ],
    [
      11,
      11,
      11,
      11,
      11,
      11,
      11,
      11,
      11,
      11,
      11,
      11,
      11
    ],
    [
      5,
      11
    ],
    [
      5,
      11,
      11,
      11,
      3
    ],
    [
      5,
      11,
      11,
      11,
      3
    ],
    [
      5,
      11
    ],
    [
      5,
      11
    ],
    [
      5,
      11,
      3
    ],
    [
      5,
      11,
      3,
      3,
      3
    ],
    [
      3,
      5,
      11,
      3,
      3,
      3
    ],
    [
      5,
      3
    ],
    [
      5,
      11,
      3
    ],
    [
      3,
      5,
      11,
      3,
      3
    ],
    [
      3,
      5,
      11,
      3,
      3
    ],
    [
      5,
      11,
      3,
      3,
      3,
      3
    ],
    [
      3,
      5,
      11,
      3,
      3,
      3
    ],
    [
      3,
      5,
      3,
      3,
      3
    ],
    [
      11,
      11,
      11,
      11,
      11,
      11,
      11,
      11,
      11,
      11,
      5,
      11,
      11
    ],
    [
      11
    ],
    [
      11,
      11,
      11,
      11,
      11,
      11,
      11,
      11,
      11
    ],
    [
      11,
      3
    ],
    [
      11
    ],
    [
      5,
      11,
      3
    ],
    [
      5,
      11,
      11,
      11,
      3
    ],
    [
      5,
      11,
      3,
      3
    ],
    [
      3,
      11
    ],
    [
      3,
      11,
      3
    ],
    [
      3,
      5,
      11,
      3,
      3
    ],
    [
      5,
      11,
      3,
      3,
      3
    ],
    [
      5,
      11,
      11
    ],
    [
      3,
      5,
      11
    ],
    [
      5,
      3,
      3,
      3,
      3,
      3,
      3
    ],
    [
      5,
      11,
      3,
      3,
      3,
      3
    ],
    [
      5,
      11,
      3,
      3,
      3,
      3
    ],
    [
      5,
      11,
