{
  "instanceType": "refactor",
  "instructionType": "exampleBased",
  "includeUsages": "withUsages",
  "temperature": 0.1,
  "inputFormat": "instructionSnippet",
  "margin": 1,
  "model": "gpt-4-1106-preview",
  "iteration": 9,
  "projectName": "dolphinscheduler",
  "metrics": {
    "ValidPrograms": 0,
    "RemainingAttemptCount": 0,
    "RemovedDataClumps": null,
    "GitChanges": 1886,
    "CommentOut": 0.9428571428571428,
    "ValidJSON": 0.8333333333333334,
    "EmptyResponse": 1,
    "ResponseSizeDecrease": 0.5514944898120986,
    "RichClass": null,
    "HarmlessErrorCategory": 0.5,
    "DataClumpSize": [
      3,
      10,
      3,
      3,
      5,
      3,
      3,
      7,
      3,
      3
    ],
    "DataClumpOccurence": [
      2,
      2,
      1,
      5,
      2,
      62,
      70,
      6,
      2,
      15
    ],
    "ParametersToParameters": [
      1,
      1,
      0,
      1,
      1,
      1,
      0,
      1,
      0,
      0
    ],
    "FieldToField": [
      0,
      0,
      0,
      0,
      0,
      0,
      1,
      0,
      1,
      0
    ],
    "PreferNonPublic": [
      0,
      0,
      0,
      0,
      0,
      0,
      1,
      0,
      1,
      0
    ],
    "PrimitiveTypes": [
      0.6666666666666666,
      0.6,
      0.6666666666666666,
      0.6666666666666666,
      0.8,
      0.6666666666666666,
      0,
      0.2857142857142857,
      0.6666666666666666,
      0.6666666666666666
    ],
    "AffectedFiles": [
      1,
      1,
      2,
      4,
      1,
      4,
      36,
      2,
      2,
      10
    ],
    "ChangeType=None": 0.06060606060606061,
    "ChangeType=ReplaceText": 0.030303030303030304,
    "ChangeType=SpecificLine": 0.9090909090909091,
    "ChangeType=SpecificLineAll": 0,
    "ChangeType=NoneButReplace": 0
  }
}