{
  "instanceType": "refactor",
  "instructionType": "exampleBased",
  "includeUsages": "withUsages",
  "temperature": 0.5,
  "inputFormat": "instructionSnippet",
  "margin": 0,
  "model": "gpt-4-1106-preview",
  "iteration": 0,
  "projectName": "dolphinscheduler",
  "metrics": {
    "ValidPrograms": 0,
    "RemainingAttemptCount": 0,
    "RemovedDataClumps": null,
    "GitChanges": 0,
    "CommentOut": 0.9545454545454546,
    "ValidJSON": 1,
    "EmptyResponse": 1,
    "ResponseSizeDecrease": 0.39382689859991515,
    "RichClass": 0,
    "HarmlessErrorCategory": 0.3333333333333333,
    "DataClumpSize": [
      3,
      3,
      5,
      10,
      3,
      3,
      3,
      3,
      6
    ],
    "DataClumpOccurence": [
      2,
      1,
      2,
      2,
      2,
      5,
      15,
      14,
      2
    ],
    "ParametersToParameters": [
      1,
      0,
      1,
      1,
      0,
      1,
      0,
      1,
      1
    ],
    "FieldToField": [
      0,
      0,
      0,
      0,
      1,
      0,
      0,
      0,
      0
    ],
    "PreferNonPublic": [
      0,
      0,
      0,
      0,
      1,
      0,
      0,
      0,
      0
    ],
    "PrimitiveTypes": [
      0.6666666666666666,
      0.6666666666666666,
      0.8,
      0.6,
      0.6666666666666666,
      0.6666666666666666,
      0.6666666666666666,
      0,
      0
    ],
    "AffectedFiles": [
      1,
      2,
      1,
      1,
      2,
      4,
      10,
      5,
      2
    ],
    "ChangeType=None": 0.8181818181818182,
    "ChangeType=ReplaceText": 0.045454545454545456,
    "ChangeType=SpecificLine": 0.13636363636363635,
    "ChangeType=SpecificLineAll": 0,
    "ChangeType=NoneButReplace": 0
  }
}