{
  "mean": 0.46,
  "count": 54,
  "sum": 21.58,
  "max": 1,
  "min": 0,
  "raw": [
    0.022222222222222223,
    0,
    0.9,
    1,
    0.9,
    0.7391304347826086,
    0.029411764705882353,
    0,
    0.7333333333333333,
    0.8,
    0.8571428571428571,
    0.8571428571428571,
    0.09090909090909091,
    0,
    0.9452054794520548,
    0.4444444444444444,
    1,
    0.9,
    0.010416666666666666,
    0.08695652173913043,
    0.8333333333333334,
    null,
    0.3548387096774194,
    null,
    0.2537313432835821,
    0.18518518518518517,
    0.4,
    null,
    0.9444444444444444,
    0.43333333333333335,
    0.6666666666666666,
    0.13157894736842105,
    0.8947368421052632,
    null,
    0.515625,
    0.45,
    0.25,
    0.07792207792207792,
    0.26785714285714285,
    0.5,
    null,
    0.6,
    0.1111111111111111,
    0.03125,
    0.6666666666666666,
    0.45454545454545453,
    null,
    0.6363636363636364,
    0,
    0,
    0.7931034482758621,
    0.16666666666666666,
    0.6470588235294118,
    null
  ]
}