{
  "mean": 0.98,
  "count": 18,
  "groupedCount": {
    "1": 16,
    "0.8333333333333334": 2
  },
  "raw": [
    1,
    1,
    1,
    1,
    1,
    1,
    1,
    0.8333333333333334,
    1,
    0.8333333333333334,
    1,
    1,
    1,
    1,
    1,
    1,
    1,
    1
  ]
}