{
  "mean": 0.82,
  "count": 36,
  "sum": 29.61,
  "max": 1,
  "min": 0,
  "raw": [
    0,
    0.9444444444444444,
    0.9919571045576407,
    1,
    0,
    1,
    0.72,
    1,
    0.8235294117647058,
    0.75,
    1,
    0.75,
    1,
    1,
    0.7391304347826086,
    0.7307692307692307,
    1,
    0.75,
    1,
    0.75,
    0.75,
    0.7777777777777778,
    0.75,
    0.75,
    1,
    1,
    0.9876923076923076,
    1,
    0.7453083109919572,
    0.75,
    0.7,
    1,
    1,
    1,
    0.75,
    0.7
  ]
}