{
  "mean": 0.74,
  "count": 12,
  "sum": null,
  "max": 0.89,
  "min": 0.58,
  "raw": [
    0.8148148148148148,
    0.8235294117647058,
    null,
    0.8148148148148148,
    null,
    0.5925925925925926,
    0.6086956521739131,
    0.8433734939759037,
    0.8888888888888888,
    0.8235294117647058,
    0.6296296296296297,
    0.5797101449275363
  ]
}