{
  "mean": 0.73,
  "count": 12,
  "sum": 8.75,
  "max": 1,
  "min": 0,
  "raw": [
    1,
    1,
    0.8571428571428571,
    1,
    0.8888888888888888,
    1,
    0,
    1,
    0,
    1,
    0,
    1
  ]
}