{
  "mean": 0.73,
  "count": 12,
  "groupedCount": {
    "0": 3,
    "1": 7,
    "0.8571428571428571": 1,
    "0.8888888888888888": 1
  },
  "raw": [
    1,
    1,
    0.8571428571428571,
    1,
    0.8888888888888888,
    1,
    0,
    1,
    0,
    1,
    0,
    1
  ]
}