{
  "mean": 0.975952380952381,
  "count": 25,
  "groupedCount": {
    "1": 22,
    "0.8571428571428571": 1,
    "0.6666666666666666": 1,
    "0.875": 1
  },
  "raw": [
    1,
    1,
    1,
    1,
    1,
    1,
    1,
    1,
    1,
    0.8571428571428571,
    0.6666666666666666,
    1,
    1,
    1,
    1,
    1,
    1,
    1,
    0.875,
    1,
    1,
    1,
    1,
    1,
    1
  ]
}