{
  "mean": 0.44,
  "count": 60,
  "sum": 23.5,
  "max": 1,
  "min": 0,
  "raw": [
    0.02830188679245283,
    0,
    0.25,
    0.012195121951219513,
    1,
    1,
    0,
    0.1111111111111111,
    0,
    1,
    0.21212121212121213,
    0.20967741935483872,
    0.14285714285714285,
    0,
    0,
    0.275,
    0,
    0.03125,
    0.018633540372670808,
    0.08333333333333333,
    0.868421052631579,
    0.15384615384615385,
    0.3684210526315789,
    0.5,
    0.8823529411764706,
    0.4594594594594595,
    0.8666666666666667,
    0.6666666666666666,
    0.7,
    0.8421052631578947,
    0.75,
    0.4166666666666667,
    0.5,
    null,
    0.7692307692307693,
    0.5,
    0.7222222222222222,
    0.45454545454545453,
    1,
    0,
    null,
    0.7,
    0.5365853658536586,
    0.6470588235294118,
    0.5263157894736842,
    0.5882352941176471,
    0.8695652173913043,
    null,
    null,
    0.7142857142857143,
    0.15384615384615385,
    null,
    0.38461538461538464,
    null,
    0.6,
    0.47058823529411764,
    0.4117647058823529,
    0.6363636363636364,
    0.4666666666666667,
    null
  ]
}