{
  "mean": 0.36,
  "count": 60,
  "sum": 19.27,
  "max": 1,
  "min": 0,
  "raw": [
    0.8490566037735849,
    1,
    0.5714285714285714,
    0.975609756097561,
    0,
    0,
    0.875,
    0.8888888888888888,
    1,
    0,
    0.7272727272727273,
    0.21774193548387097,
    0.8571428571428571,
    1,
    0.14634146341463414,
    0.65,
    1,
    0.890625,
    0.968944099378882,
    0.75,
    0.02631578947368421,
    0.8205128205128205,
    0.5789473684210527,
    0.5,
    0,
    0.5405405405405406,
    0,
    0.3333333333333333,
    0.06666666666666667,
    0,
    0.25,
    0.25,
    0.08333333333333333,
    null,
    0.23076923076923078,
    0.08333333333333333,
    0.2222222222222222,
    0.09090909090909091,
    0,
    0.2,
    null,
    0,
    0.12195121951219512,
    0,
    0,
    0,
    0,
    null,
    null,
    0,
    0.8461538461538461,
    null,
    0.15384615384615385,
    null,
    0.13333333333333333,
    0.11764705882352941,
    0.11764705882352941,
    0,
    0.13333333333333333,
    null
  ]
}