{
  "instanceType": "refactor",
  "instructionType": "exampleBased",
  "includeUsages": "withUsages",
  "temperature": 0.9,
  "inputFormat": "instructionSnippet",
  "margin": 2,
  "model": "gpt-4-1106-preview",
  "iteration": 2,
  "projectName": "dolphinscheduler",
  "inputType": "instructionSnippet",
  "metrics": {
    "ValidPrograms": 0,
    "RemainingAttemptCount": 0,
    "RemovedDataClumps": 0,
    "GitChanges": 228,
    "CommentOut": 1,
    "ValidJSON": 1,
    "EmptyResponse": 0.33333333333333337,
    "InterpretableChanges": 0.2272727272727273,
    "RichClass": 0,
    "HarmlessErrorCategory": null,
    "DataClumpSize": [
      3,
      3,
      3,
      3,
      3,
      3,
      3,
      3,
      3,
      3,
      3,
      3,
      3,
      3,
      3,
      3,
      3,
      3,
      3,
      3,
      3,
      3,
      3,
      3
    ],
    "DataClumpOccurence": [
      2,
      2,
      2,
      2,
      2,
      2,
      2,
      2,
      2,
      2,
      2,
      2,
      2,
      2,
      2,
      2,
      2,
      2,
      2,
      2,
      2,
      2,
      2,
      1
    ],
    "ParametersToParameters": [
      1,
      1,
      1,
      1,
      1,
      1,
      1,
      1,
      1,
      1,
      1,
      1,
      1,
      1,
      1,
      1,
      1,
      1,
      1,
      1,
      1,
      1,
      1,
      0
    ],
    "FieldToField": [
      0,
      0,
      0,
      0,
      0,
      0,
      0,
      0,
      0,
      0,
      0,
      0,
      0,
      0,
      0,
      0,
      0,
      0,
      0,
      0,
      0,
      0,
      0,
      0
    ],
    "PreferNonPublic": [
      0,
      0,
      0,
      0,
      0,
      0,
      0,
      0,
      0,
      0,
      0,
      0,
      0,
      0,
      0,
      0,
      0,
      0,
      0,
      0,
      0,
      0,
      0,
      0
    ],
    "PrimitiveTypes": [
      0.6666666666666666,
      0.6666666666666666,
      0.6666666666666666,
      0.6666666666666666,
      0.6666666666666666,
      0.6666666666666666,
      0.6666666666666666,
      0.6666666666666666,
      0.6666666666666666,
      0.6666666666666666,
      0.6666666666666666,
      0.6666666666666666,
      0.6666666666666666,
      0.6666666666666666,
      0.6666666666666666,
      0.6666666666666666,
      0.6666666666666666,
      0.6666666666666666,
      0.6666666666666666,
      0.6666666666666666,
      0.6666666666666666,
      0.6666666666666666,
      0.6666666666666666,
      0.6666666666666666
    ],
    "AffectedFiles": [
      1,
      1,
      1,
      1,
      1,
      1,
      1,
      1,
      1,
      1,
      1,
      1,
      1,
      1,
      1,
      1,
      1,
      1,
      1,
      1,
      1,
      1,
      1,
      2
    ]
  }
}