{
  "instanceType": "refactor",
  "instructionType": "exampleBased",
  "includeUsages": "withUsages",
  "temperature": 0.1,
  "inputFormat": "instruction",
  "model": "gpt-4-1106-preview",
  "iteration": 2,
  "projectName": "dolphinscheduler",
  "inputType": "instruction",
  "metrics": {
    "ValidPrograms": 0,
    "RemainingAttemptCount": 0,
    "RemovedDataClumps": 0,
    "GitChanges": 242,
    "CommentOut": 0.8958333333333334,
    "ValidJSON": 1,
    "EmptyResponse": 1,
    "InterpretableChanges": 1,
    "RichClass": 0,
    "HarmlessErrorCategory": 0.8333333333333334,
    "DataClumpSize": [
      3,
      10,
      5,
      4,
      3,
      3,
      3,
      5,
      7,
      3,
      3,
      3
    ],
    "DataClumpOccurence": [
      2,
      2,
      12,
      60,
      11,
      1,
      5,
      2,
      6,
      2,
      92,
      15
    ],
    "ParametersToParameters": [
      1,
      1,
      1,
      1,
      1,
      0,
      1,
      1,
      1,
      0,
      1,
      0
    ],
    "FieldToField": [
      0,
      0,
      0,
      0,
      0,
      0,
      0,
      0,
      0,
      1,
      0,
      0
    ],
    "PreferNonPublic": [
      0,
      0,
      0,
      0,
      0,
      0,
      0,
      0,
      0,
      1,
      0,
      0
    ],
    "PrimitiveTypes": [
      0.6666666666666666,
      0.6,
      0.4,
      0.25,
      1,
      0.6666666666666666,
      0.6666666666666666,
      0.8,
      0.2857142857142857,
      0.6666666666666666,
      0.3333333333333333,
      0.6666666666666666
    ],
    "AffectedFiles": [
      1,
      1,
      5,
      15,
      8,
      2,
      4,
      1,
      2,
      2,
      3,
      10
    ]
  }
}