{
  "ValidPrograms": [
    1,
    1,
    0,
    1,
    1,
    0,
    0,
    0,
    0,
    0,
    0,
    1,
    0,
    1,
    1,
    0,
    0,
    0,
    1,
    0,
    0,
    1,
    1,
    0,
    0,
    1,
    1,
    1,
    0,
    1
  ],
  "RemainingAttemptCount": [
    3,
    2,
    0,
    5,
    4,
    0,
    0,
    0,
    0,
    0,
    0,
    5,
    0,
    4,
    4,
    0,
    0,
    0,
    5,
    0,
    0,
    4,
    3,
    5,
    0,
    1,
    5,
    2,
    0,
    1
  ],
  "RemovedDataClumps": [
    0,
    0.025086384411217466,
    0,
    0,
    0.025086384411217466,
    0,
    0,
    0.05018857127401333,
    0.025086384411217466,
    0.9261198864528737,
    0.1255902460501872,
    0.025086384411217466,
    1.093365215423134,
    0.025086384411217466,
    0.025086384411217466,
    0,
    0,
    0.025086384411217466,
    0.025086384411217466,
    0.025086384411217466,
    0.05018857127401333,
    0,
    0.025086384411217466,
    0.05018857127401333,
    0,
    0,
    0,
    0,
    0,
    0
  ],
  "GitChanges": [
    203,
    187,
    178,
    191,
    209,
    199,
    205,
    201,
    245,
    231,
    237,
    152,
    200,
    170,
    171,
    154,
    288,
    462,
    195,
    346,
    274,
    98,
    204,
    15,
    47,
    109,
    83,
    173,
    342,
    48
  ],
  "CommentOut": [
    0.8695652173913043,
    1,
    1,
    0.8333333333333334,
    0.9375,
    1,
    0.8695652173913043,
    0.9333333333333333,
    0.9285714285714286,
    0.5909090909090908,
    0.9148936170212766,
    0.9333333333333333,
    0.625,
    1,
    1,
    0.96,
    0.8260869565217391,
    0.9117647058823529,
    0.8235294117647058,
    0.8333333333333334,
    0.8103448275862069,
    1,
    1,
    0.7,
    1,
    1,
    1,
    0.8636363636363636,
    0.95,
    1
  ],
  "ValidJSON": [
    1,
    1,
    1,
    1,
    1,
    1,
    1,
    1,
    1,
    1,
    1,
    1,
    1,
    1,
    1,
    1,
    1,
    0.8333333333333334,
    1,
    1,
    1,
    1,
    1,
    0.5,
    1,
    1,
    1,
    1,
    0.8333333333333334,
    1
  ],
  "NonEmptyResponse": [
    1,
    1,
    1,
    1,
    1,
    1,
    1,
    1,
    1,
    1,
    1,
    1,
    1,
    1,
    1,
    1,
    1,
    0.8333333333333334,
    1,
    1,
    1,
    1,
    1,
    0.5,
    1,
    1,
    1,
    1,
    0.8333333333333334,
    1
  ],
  "ResponseSizeDecrease": [
    1.270807453416149,
    1.5661496350364963,
    1.243097800655124,
    1.4245599329421625,
    1.3951355661881977,
    1.1087858872362504,
    1.330929024812464,
    1.1811546118115461,
    1.3065134099616857,
    0.9872837189910361,
    1.471294559099437,
    1.4459002535925614,
    1.1886695719046398,
    1.2609657206044969,
    1.521797153024911,
    1.184625212947189,
    1.2220362622036263,
    0.8292117465224111,
    1.4693965517241379,
    1.323304562268804,
    1.2103925444789607,
    1.3305978898007034,
    1.5421322863183329,
    1.2624113475177305,
    1.0076514871035418,
    1.0009553379508,
    1.156003937007874,
    1.4108382274426055,
    0.8210437552703083,
    1.001291711517761
  ],
  "RichClass": [
    0,
    0,
    0,
    0,
    0,
    0,
    0,
    0,
    0,
    0,
    0,
    0,
    1,
    0,
    0,
    0,
    0,
    0,
    0,
    0,
    0,
    0,
    0,
    0,
    0,
    0,
    0,
    0,
    0,
    0
  ],
  "ReferenceErrorOnly": [
    1,
    0.6666666666666666,
    1,
    null,
    1,
    0.6666666666666666,
    1,
    0.8333333333333334,
    0.8333333333333334,
    0.6666666666666666,
    0.4,
    null,
    0.2,
    1,
    1,
    0.6666666666666666,
    1,
    0.6666666666666666,
    null,
    1,
    0.2,
    1,
    1,
    null,
    1,
    1,
    null,
    1,
    0,
    1
  ],
  "RemovedVariables": [
    0,
    7,
    0,
    8,
    0,
    0,
    0,
    2,
    1,
    35,
    11,
    7,
    47,
    8,
    8,
    6,
    0,
    5,
    7,
    4,
    14,
    4,
    8,
    11,
    0,
    0,
    5,
    2,
    0,
    0
  ],
  "InstructionChangeType=None": [
    0.9565217391304348,
    0.7647058823529411,
    0.7142857142857143,
    1,
    0.9375,
    0.47368421052631576,
    0.9130434782608695,
    0.9333333333333333,
    0.8571428571428571,
    0.9090909090909091,
    0.723404255319149,
    1,
    0.890625,
    1,
    1,
    0.64,
    0.8695652173913043,
    0.8235294117647058,
    1,
    0.9333333333333333,
    0.7586206896551724,
    0.8571428571428571,
    0.75,
    0.9,
    0.29411764705882354,
    0.8888888888888888,
    0.3333333333333333,
    0.8636363636363636,
    0.125,
    0.6363636363636364
  ],
  "InstructionChangeType=ReplaceText": [
    0.043478260869565216,
    0.11764705882352941,
    0.19047619047619047,
    0,
    0.0625,
    0.42105263157894735,
    0.08695652173913043,
    0.022222222222222223,
    0.10714285714285714,
    0.09090909090909091,
    0.1702127659574468,
    0,
    0.046875,
    0,
    0,
    0.36,
    0.13043478260869565,
    0.11764705882352941,
    0,
    0.03333333333333333,
    0.06896551724137931,
    0,
    0,
    0,
    0,
    0,
    0,
    0,
    0.725,
    0
  ],
  "InstructionChangeType=SpecificLine": [
    0,
    0.11764705882352941,
    0.09523809523809523,
    0,
    0,
    0.10526315789473684,
    0,
    0.022222222222222223,
    0,
    0,
    0.0425531914893617,
    0,
    0.0625,
    0,
    0,
    0,
    0,
    0.029411764705882353,
    0,
    0.016666666666666666,
    0.1724137931034483,
    0.14285714285714285,
    0.25,
    0,
    0.7058823529411765,
    0.1111111111111111,
    0.6666666666666666,
    0.09090909090909091,
    0.15,
    0.36363636363636365
  ],
  "InstructionChangeType=SpecificLineAll": [
    0,
    0,
    0,
    0,
    0,
    0,
    0,
    0.022222222222222223,
    0.03571428571428571,
    0,
    0.06382978723404255,
    0,
    0,
    0,
    0,
    0,
    0,
    0,
    0,
    0.016666666666666666,
    0,
    0,
    0,
    0,
    0,
    0,
    0,
    0.045454545454545456,
    0,
    0
  ],
  "InstructionChangeType=NoneButReplace": [
    0,
    0,
    0,
    0,
    0,
    0,
    0,
    0,
    0,
    0,
    0,
    0,
    0,
    0,
    0,
    0,
    0,
    0.029411764705882353,
    0,
    0,
    0,
    0,
    0,
    0.1,
    0,
    0,
    0,
    0,
    0,
    0
  ],
  "DataClumpSize": [
    11,
    11,
    3,
    11,
    11,
    11,
    11,
    11,
    11,
    3,
    4,
    4,
    11,
    4,
    11,
    3,
    11,
    4,
    11,
    11,
    4,
    3,
    11,
    11,
    11,
    11,
    11,
    11,
    11,
    3,
    11,
    11,
    11,
    11,
    11,
    3,
    4,
    11,
    3,
    11,
    4,
    3,
    11,
    11,
    11
  ],
  "DataClumpOccurence": [
    6,
    6,
    4,
    6,
    6,
    6,
    6,
    6,
    6,
    4,
    78,
    78,
    6,
    78,
    6,
    4,
    6,
    78,
    6,
    6,
    78,
    4,
    6,
    6,
    6,
    6,
    6,
    6,
    6,
    4,
    6,
    6,
    6,
    6,
    6,
    4,
    78,
    6,
    4,
    6,
    78,
    4,
    6,
    6,
    6
  ],
  "ParametersToParameters": [
    0,
    0,
    0,
    0,
    0,
    0,
    0,
    0,
    0,
    0,
    1,
    1,
    0,
    1,
    0,
    0,
    0,
    1,
    0,
    0,
    1,
    0,
    0,
    0,
    0,
    0,
    0,
    0,
    0,
    0,
    0,
    0,
    0,
    0,
    0,
    0,
    1,
    0,
    0,
    0,
    1,
    0,
    0,
    0,
    0
  ],
  "FieldToField": [
    1,
    1,
    1,
    1,
    1,
    1,
    1,
    1,
    1,
    1,
    0,
    0,
    1,
    0,
    1,
    1,
    1,
    0,
    1,
    1,
    0,
    1,
    1,
    1,
    1,
    1,
    1,
    1,
    1,
    1,
    1,
    1,
    1,
    1,
    1,
    1,
    0,
    1,
    1,
    1,
    0,
    1,
    1,
    1,
    1
  ],
  "PreferNonPublic": [
    1,
    1,
    1,
    1,
    1,
    1,
    1,
    1,
    1,
    1,
    1,
    1,
    1,
    1,
    1,
    1,
    1,
    1,
    1,
    1,
    1,
    1,
    1,
    1,
    1,
    1,
    1,
    1,
    1,
    1,
    1,
    1,
    1,
    1,
    1,
    1,
    1,
    1,
    1,
    1,
    1,
    1,
    1,
    1,
    1
  ],