{
  "Surety": {
    "0": 5,
    "1": 22,
    "2": 20,
    "3": 12,
    "4": 3,
    "5": 2,
    "-12": 2,
    "-0.75": 10,
    "-8.5": 1,
    "-6": 2,
    "3.25": 10,
    "3.75": 7,
    "3.5": 15,
    "-7.75": 1,
    "-1.5": 3,
    "-2.75": 1,
    "1.5": 2,
    "4.25": 8,
    "0.75": 4,
    "5.75": 1,
    "2.75": 9,
    "1.75": 6,
    "2.5": 4,
    "4.5": 4,
    "-7": 1,
    "-3.25": 1,
    "-8.25": 2,
    "4.75": 2,
    "5.25": 2,
    "-6.25": 1,
    "-1": 3,
    "-4.5": 2,
    "2.25": 3,
    "0.5": 2,
    "-0.25": 1,
    "-11.25": 1,
    "-5.25": 1,
    "-9.75": 1,
    "-10.5": 1,
    "5.5": 1,
    "-10": 1
  },
  "OutputFormatCorrectness": {
    "0.6410256410256411": 2,
    "0.6153846153846154": 4,
    "0.5920679886685553": 1,
    "0.5925925925925926": 9,
    "0.581453634085213": 1,
    "0.8524590163934426": 2,
    "0.8448275862068966": 4,
    "0.8472222222222222": 2,
    "0.8502415458937198": 2,
    "0.8484848484848485": 1,
    "0.7980997624703088": 1,
    "0.8246445497630331": 1,
    "0.5770171149144254": 2,
    "0.5853658536585366": 4,
    "0.7577937649880095": 1,
    "0.5827338129496403": 1,
    "0.8376068376068376": 1,
    "0.8514851485148515": 1,
    "0.5898123324396782": 1,
    "0.5977011494252874": 1,
    "0.8125": 1,
    "0.6078431372549019": 1,
    "0.819672131147541": 3,
    "0.588957055214724": 1,
    "0.8292682926829268": 9,
    "0.8194444444444444": 3,
    "0.5882352941176471": 3,
    "0.8029925187032418": 1,
    "0.8363636363636363": 1,
    "0.5648148148148148": 1,
    "0.8148148148148148": 7,
    "0.5901639344262295": 2,
    "0.5806451612903226": 1,
    "NaN": 3,
    "0.5740740740740741": 1,
    "0.8235294117647058": 4,
    "0.8256880733944955": 3,
    "0.8529411764705882": 7,
    "0.6296296296296297": 1,
    "0.8395061728395061": 2,
    "0.8307692307692308": 1,
    "0.8173913043478261": 1,
    "0.8187919463087249": 1,
    "0.8299776286353467": 1,
    "0.8333333333333334": 1,
    "0.7507692307692307": 1,
    "0.5742574257425742": 2,
    "0.6060606060606061": 1,
    "0.6096096096096096": 1,
    "0.835920177383592": 1,
    "0.8351409978308026": 1,
    "0.8539325842696629": 2,
    "0.8548387096774194": 1,
    "0.8409090909090909": 2,
    "0.5812807881773399": 1,
    "0.814385150812065": 3,
    "0.8169014084507042": 1,
    "0.7654320987654321": 1,
    "0.7828418230563002": 1,
    "0.5726872246696035": 1,
    "0.8421052631578947": 1,
    "0.837037037037037": 1,
    "0.8360655737704918": 1,
    "0.8037825059101655": 2,
    "0.8352941176470589": 1,
    "0.847682119205298": 1,
    "0.589041095890411": 1,
    "0.8275862068965517": 1,
    "0.5906040268456376": 1,
    "0.8077753779697624": 1,
    "0.8340909090909091": 1,
    "0.7878787878787878": 1,
    "0.7764705882352941": 1,
    "0.7964601769911505": 1,
    "0.8297872340425532": 1,
    "0.8455284552845529": 1,
    "0.8626760563380281": 1,
    "0.591304347826087": 1,
    "0.7213114754098361": 1,
    "0.7707006369426752": 1,
    "0.6071428571428571": 1,
    "0.6338028169014085": 1,
    "0.5771971496437055": 1,
    "0.5856777493606138": 1,
    "0.8132387706855791": 1,
    "0.5791962174940898": 3,
    "0.5768321513002365": 1,
    "0.8203309692671394": 1,
    "0.7612293144208038": 1,
    "0.7692307692307693": 3,
    "0.6006006006006006": 1,
    "0.6125356125356125": 1,
    "0.8348623853211009": 1,
    "0.8428571428571429": 1,
    "0.6105263157894737": 1,
    "0.6114649681528662": 1,
    "0.806146572104019": 1,
    "0.8257756563245824": 1,
    "0.8205128205128205": 1,
    "0.8387096774193549": 1,
    "0.6": 1,
    "0.8037383177570093": 1,
    "0.8260869565217391": 1,
    "0.8372093023255814": 1,
    "0.8527131782945736": 1,
    "0.8081534772182254": 1,
    "0.5875706214689266": 1,
    "0.8433734939759037": 2,
    "0.8132992327365729": 1,
    "0.8382352941176471": 1,
    "0.5957446808510638": 1,
    "0.6012269938650306": 1
  },
  "InvalidJSON": {
    "0": 53,
    "1": 127
  },
  "DataClumpSize_mean": {
    "0": 7,
    "3": 8,
    "4": 13,
    "5": 35,
    "6": 2,
    "7": 4,
    "8": 16,
    "9": 10,
    "10": 3,
    "11": 20,
    "10.333333333333334": 3,
    "4.666666666666667": 14,
    "3.6666666666666665": 3,
    "5.4": 1,
    "3.2857142857142856": 2,
    "6.333333333333333": 11,
    "5.666666666666667": 3,
    "7.5": 5,
    "6.6": 2,
    "8.2": 4,
    "3.4": 2,
    "10.538461538461538": 1,
    "5.5": 4,
    "7.6": 1,
    "3.5": 2,
    "10.555555555555555": 1,
    "10.923076923076923": 1,
    "3.6": 1,
    "9.4": 1
  },
  "DataClumpOccurence_mean": {
    "0": 7,
    "2": 19,
    "3": 13,
    "4": 13,
    "6": 49,
    "9": 1,
    "15": 1,
    "16": 1,
    "18": 1,
    "21": 2,
    "24": 1,
    "26": 1,
    "33": 1,
    "34": 3,
    "35": 3,
    "42": 1,
    "94": 1,
    "220": 1,
    "434": 2,
    "44.666666666666664": 1,
    "6.333333333333333": 3,
    "40.8": 2,
    "5.333333333333333": 7,
    "35.333333333333336": 1,
    "39.5": 2,
    "24.666666666666668": 1,
    "4.8": 2,
    "31.714285714285715": 1,
    "2.6666666666666665": 4,
    "25.333333333333332": 3,
    "15.5": 1,
    "26.4": 1,
    "13.6": 3,
    "23.333333333333332": 1,
    "17.6": 1,
    "5.2": 10,
    "22.8": 1,
    "7.5": 1,
    "36.4": 1,
    "17.714285714285715": 1,
    "34.333333333333336": 1,
    "16.8": 1,
    "54.666666666666664": 1,
    "8.8": 1,
    "19.5": 1,
    "5.777777777777778": 1,
    "7.2": 1,
    "42.5": 1,
    "12.8": 1,
    "6.4": 1,
    "29.2": 1
  },
  "FieldToField_mean": {
    "0": 121,
    "0.07692307692307693": 2,
    "0.5": 15,
    "0.3333333333333333": 21,
    "0.14285714285714285": 3,
    "0.1": 1,
    "0.2": 4,
    "0.4": 3,
    "0.25": 5,
    "0.16666666666666666": 4,
    "0.8": 1
  },
  "ParametersToParameters_mean": {
    "0": 3,
    "1": 101,
    "0.9444444444444444": 2,
    "0.9230769230769231": 2,
    "0.5": 18,
    "0.6666666666666666": 20,
    "0.8571428571428571": 4,
    "0.8333333333333334": 13,
    "0.9": 2,
    "0.8": 4,
    "0.6": 3,
    "0.75": 5,
    "0.2": 1,
    "0.875": 1,
    "0.9285714285714286": 1
  },
  "DataClumpSize_count": {
    "0": 7,
    "1": 35,
    "2": 32,
    "3": 27,
    "4": 14,
    "5": 30,
    "6": 19,
    "7": 3,
    "8": 1,
    "9": 2,
    "12": 3,
    "13": 3,
    "14": 1,
    "17": 1,
    "18": 2
  },
  "DataClumpOccurence_count": {
    "0": 7,
    "1": 35,
    "2": 32,
    "3": 27,
    "4": 14,
    "5": 30,
    "6": 19,
    "7": 3,
    "8": 1,
    "9": 2,
    "12": 3,
    "13": 3,
    "14": 1,
    "17": 1,
    "18": 2
  },
  "FieldToField_count": {
    "0": 3,
    "1": 38,
    "2": 32,
    "3": 25,
    "4": 14,
    "5": 19,
    "6": 29,
    "7": 5,
    "8": 2,
    "10": 3,
    "12": 1,
    "13": 5,
    "14": 1,
    "17": 1,
    "18": 2
  },
  "ParametersToParameters_count": {
    "0": 3,
    "1": 38,
    "2": 32,
    "3": 25,
    "4": 14,
    "5": 19,
    "6": 29,
    "7": 5,
    "8": 2,
    "10": 3,
    "12": 1,
    "13": 5,
    "14": 1,
    "17": 1,
    "18": 2
  },
  "DataClumpSize_groupedCount": {
    "[object Object]": 180
  },
  "DataClumpOccurence_groupedCount": {
    "[object Object]": 180
  },
  "FieldToField_groupedCount": {
    "[object Object]": 180
  },
  "ParametersToParameters_groupedCount": {
    "[object Object]": 180
  },
  "DataClumpSize_raw": {
    "3": 5,
    "4": 2,
    "5": 15,
    "8": 1,
    "10": 1,
    "11": 11,
    "11,11,11,11,11,11,11,11,11,11,11,11,11,11,11,11,11,11": 1,
    "3,11,11,11,11,11,11,11,11,11,11,11": 2,
    "11,11,11,11,11,11,11,11": 1,
    "5,11": 15,
    "5,11,11": 9,
    "5,11,3,3,3,3": 9,
    "5,11,3,3,3": 11,
    "3,5,11,3,3,3": 5,
    "5,3,3": 3,
    "11,11,11,11,5,11,11,11,11": 1,
    "11,3,3,3": 2,
    "5,3": 4,
    "5,5,3,3,11": 1,
    "5,3,3,3,3,3,3": 2,
    "3,5": 6,
    "": 7,
    "3,11": 2,
    "3,5,11": 3,
    "11,3,3": 2,
    "5,11,11,3": 3,
    "5,11,3,11,3": 1,
    "11,11,11,11,11,11,11,11,11,11,11,11": 1,
    "11,11,11,11,11,11,11,11,11,11,11,11,11": 1,
    "5,11,11,11,3": 4,
    "5,11,3": 8,
    "3,5,11,3,3": 7,
    "3,5,3,3,3": 2,
    "11,11,11,11,11,11,11,11,11,11,5,11,11": 1,