{
  "mean": 0.78,
  "count": 30,
  "sum": 23.27,
  "max": 1,
  "min": 0,
  "raw": [
    0.723404255319149,
    1,
    0.890625,
    1,
    1,
    0.64,
    0.8695652173913043,
    0.8235294117647058,
    1,
    0.9333333333333333,
    1,
    1,
    0.6923076923076923,
    0.9361702127659575,
    0.9407407407407408,
    0.8333333333333334,
    0.42857142857142855,
    0.6268656716417911,
    0.8571428571428571,
    0.9166666666666666,
    0.8490566037735849,
    1,
    0.5714285714285714,
    0.975609756097561,
    0,
    0,
    0.875,
    0.8888888888888888,
    1,
    0
  ]
}