{
  "Surety": [
    -20.5,
    -1.25,
    -15,
    -1.25,
    -10,
    2,
    3,
    3,
    3,
    3,
    3,
    3,
    5,
    2.25,
    1,
    3.25,
    3,
    1,
    1,
    2,
    -1.75,
    -1.25,
    -13.25,
    -3,
    -5.75,
    3,
    3,
    2,
    1.5,
    4.25,
    0.75,
    null,
    1,
    5.75,
    2,
    2,
    1,
    2,
    1,
    2,
    0,
    0,
    1,
    0,
    -1.25,
    1,
    2.75,
    1.75,
    2,
    3,
    2.5,
    3,
    4,
    4.5,
    1,
    2,
    1.75,
    1.75,
    -1.25,
    1
  ],
  "Number data clumps": [
    18,
    1,
    12,
    1,
    8,
    2,
    3,
    3,
    3,
    3,
    3,
    6,
    6,
    5,
    1,
    6,
    6,
    1,
    1,
    2,
    3,
    1,
    9,
    4,
    3,
    3,
    3,
    2,
    2,
    5,
    1,
    0,
    1,
    7,
    2,
    2,
    1,
    2,
    1,
    2,
    0,
    0,
    1,
    0,
    1,
    1,
    3,
    2,
    2,
    3,
    3,
    4,
    5,
    5,
    1,
    2,
    2,
    2,
    1,
    1
  ],
  "OutputFormatCorrectness": [
    0.038461538461538464,
    0.6153846153846154,
    0.5949008498583569,
    0.5925925925925926,
    0,
    0.8524590163934426,
    0.8448275862068966,
    0.8472222222222222,
    0.8472222222222222,
    0.8502415458937198,
    0.8484848484848485,
    0.6323529411764706,
    0.8246445497630331,
    0.5794621026894865,
    0.5853658536585366,
    0.7577937649880095,
    0,
    0.5853658536585366,
    0.5925925925925926,
    0.8376068376068376,
    0.5925925925925926,
    0.8514851485148515,
    0.42592592592592593,
    0.5977011494252874,
    0.8125,
    0.6078431372549019,
    0.8502415458937198,
    0.8524590163934426,
    0.819672131147541,
    0.588957055214724,
    0.8292682926829268,
    null,
    0.5882352941176471,
    0,
    0.8363636363636363,
    0.5648148148148148,
    0.8148148148148148,
    0.5901639344262295,
    0.8292682926829268,
    0.5806451612903226,
    null,
    null,
    0.5740740740740741,
    null,
    0.6153846153846154,
    0.8235294117647058,
    0.8256880733944955,
    0.8529411764705882,
    0.6296296296296297,
    0.8395061728395061,
    0.8307692307692308,
    0.8173913043478261,
    0.8187919463087249,
    0.8299776286353467,
    0.5853658536585366,
    0.5925925925925926,
    0.819672131147541,
    0.8333333333333334,
    0.8148148148148148,
    0.5925925925925926
  ],
  "ValidJSON": [
    0,
    1,
    0,
    1,
    0,
    1,
    1,
    1,
    1,
    1,
    1,
    0,
    1,
    0,
    1,
    0,
    0,
    1,
    1,
    1,
    1,
    1,
    0,
    1,
    1,
    1,
    1,
    1,
    1,
    1,
    1,
    0,
    1,
    0,
    1,
    1,
    1,
    1,
    1,
    1,
    1,
    1,
    1,
    1,
    1,
    1,
    1,
    1,
    1,
    1,
    1,
    1,
    1,
    0,
    1,
    1,
    1,
    1,
    1,
    1
  ],
  "DataClumpSize": [
    11,
    11,
    11,
    11,
    11,
    11,
    11,
    11,
    11,
    11,
    11,
    11,
    11,
    11,
    11,
    11,
    11,
    11,
    11,
    3,
    11,
    11,
    11,
    11,
    11,
    11,
    11,
    11,
    11,
    11,
    11,
    11,
    11,
    11,
    11,
    11,
    11,
    11,
    11,
    11,
    5,
    11,
    5,
    11,
    11,
    5,
    11,
    11,
    5,
    11,
    11,
    5,
    11,
    11,
    5,
    11,
    11,
    5,
    11,
    3,
    3,
    3,
    3,
    5,
    11,
    3,
    3,
    3,
    3,
    5,
    11,
    3,
    3,
    3,
    5,
    3,
    5,
    11,
    3,
    3,
    3,
    5,
    11,
    3,
    3,
    3,
    3,
    5,
    3,
    5,
    11,
    5,
    3,
    3,
    11,
    11,
    11,
    11,
    11,
    5,
    11,
    11,
    11,
    11,
    11,
    3,
    3,
    3,
    5,
    3,
    3,
    5,
    11,
    11,
    5,
    11,
    11,
    5,
    11,
    5,
    3,
    5,
    5,
    3,
    3,
    11,
    5,
    11,
    5,
    3,
    3,
    3,
    3,
    3,
    3,
    5,
    11,
    3,
    5,
    5,
    3,
    5,
    5,
    5,
    11,
    4,
    11,
    5,
    5,
    11,
    11,
    5,
    11,
    3,
    11,
    3,
    5,
    11,
    11,
    3,
    3,
    5,
    11,
    11,
    3,
    5,
    11,
    3,
    3,
    3,
    5,
    11,
    3,
    11,
    3,
    5,
    3,
    5,
    5,
    3,
    3,
    5,
    4,
    3
  ],
  "DataClumpOccurence": [
    2,
    2,
    2,
    2,
    2,
    2,
    2,
    2,
    2,
    2,
    2,
    2,
    2,
    2,
    2,
    2,
    2,
    2,
    2,
    6,
    6,
    6,
    6,
    6,
    6,
    6,
    6,
    6,
    6,
    6,
    6,
    2,
    2,
    2,
    2,
    2,
    2,
    2,
    2,
    2,
    6,
    0,
    6,
    6,
    0,
    6,
    6,
    0,
    6,
    6,
    0,
    6,
    6,
    0,
    6,
    6,
    0,
    6,
    6,
    64,
    64,
    64,
    64,
    6,
    6,
    12,
    6,
    2,
    6,
    6,
    6,
    64,
    64,
    64,
    6,
    6,
    6,
    6,
    6,
    2,
    6,
    6,
    6,
    6,
    2,
    6,
    64,
    6,
    6,
    6,
    6,
    6,
    64,
    36,
    2,
    6,
    6,
    6,
    6,
    6,
    6,
    6,
    6,
    6,
    2,
    64,
    36,
    56,
    6,
    12,
    56,
    6,
    6,
    0,
    6,
    6,
    0,
    6,
    0,
    6,
    6,
    6,
    6,
    6,
    6,
    0,
    6,
    6,
    6,
    6,
    12,
    6,
    64,
    64,
    64,
    6,
    6,
    6,
    6,
    6,
    6,
    6,
    6,
    6,
    6,
    434,
    6,
    6,
    6,
    2,
    0,
    6,
    0,
    6,
    0,
    6,
    6,
    0,
    6,
    64,
    6,
    6,
    0,
    0,
    56,
    6,
    2,
    6,
    2,
    64,
    6,
    6,
    64,
    0,
    56,
    6,
    6,
    6,
    6,
    2,
    6,
    6,
    434,
    6
  ],
  "ParametersToParameters": [
    1,
    1,
    1,
    1,
    1,
    1,
    1,
    1,
    1,
    1,
    1,
    1,
    1,
    1,
    1,
    1,
    1,
    1,
    1,
    1,
    1,
    1,
    1,
    1,
    1,
    1,
    1,
    1,
    1,
    1,
    1,
    1,
    1,
    1,
    1,
    1,
    1,
    1,
    1,
    1,
    1,
    0,
    1,
    1,
    0,
    1,
    1,
    0,
    1,
    1,
    0,
    1,
    1,
    0,
    1,
    1,
    0,
    1,
    1,
    1,
    1,
    1,
    1,
    1,
    1,
    1,
    1,
    1,
    1,
    1,
    1,
    1,
    1,
    1,
    1,
    1,
    1,
    1,
    1,
    1,
    1,
    1,
    1,
    1,
    1,
    1,
    1,
    1,
    1,
    1,
    1,
    1,
    1,
    1,
    1,
    1,
    1,
    1,
    1,
    1,
    1,
    1,
    1,
    1,
    1,
    1,
    1,
    1,
    1,
    1,
    1,
    1,
    1,
    0,
    1,
    1,
    0,
    1,
    0,
    1,
    1,
    1,
    1,
    1,
    1,
    0,
    1,
    1,
    1,
    1,
    1,
    1,
    1,
    1,
    1,
    1,
    1,
    1,
    1,
    1,
    1,
    1,
    1,
    1,
    1,
    1,
    1,
    1,
    1,
    1,
    0,
    1,
    0,
    1,
    0,
    1,
    1,
    0,
    1,
    1,
    1,
    1,
    0,
    0,
    1,
    1,
    1,
    1,
    1,
    1,
    1,
    1,
    1,
    0,
    1,
    1,
    1,
    1,
    1,
    1,
    1,
    1,
    1,
    1
  ],