{
  "mean": 0.029411764705882353,
  "median": 0,
  "variance": 0.02854671280276813,
  "count": 1,
  "groupedCount": {
    "0": 33,
    "1": 1
  }
}