{
  "mean": 19.29,
  "count": 2,
  "sum": 38.57,
  "max": 35.41,
  "min": 3.16,
  "raw": [
    35.41186241925155,
    3.1622776601683795
  ]
}