{
  "mean": 1.41,
  "count": 2,
  "sum": 2.83,
  "max": 1.41,
  "min": 1.41,
  "raw": [
    1.4142135623730951,
    1.4142135623730951
  ]
}