{
  "mean": 2.83,
  "count": 2,
  "sum": 5.66,
  "max": 4.24,
  "min": 1.41,
  "raw": [
    1.4142135623730951,
    4.242640687119285
  ]
}