{
  "instanceType= refactor": 1.0189727755635567,
  "instanceType= refactor , model= gpt-4-1106-preview": 1.0189727755635567,
  "instanceType= refactor , temperature= 0.1": 0.9712718966922859,
  "instanceType= refactor , temperature= 0.5": 1.1004477539343385,
  "instanceType= refactor , temperature= 0.9": 0.9851986760640438,
  "instanceType= refactor , instructionType= exampleBased": 1.016681064155467,
  "instanceType= refactor , inputFormat= instructionSnippet": 0.969014566257,
  "instanceType= refactor , inputFormat= instruction": 1.2687638220963398,
  "instanceType= refactor , margin= 0": 1.1378253369180333,
  "instanceType= refactor , margin= 1": 1.1141669891613355,
  "instanceType= refactor , margin= 2": 0.810148957709428,
  "instanceType= refactor , margin= 5": 0.880555215531149,
  "instanceType= refactor , margin= 10": 0.9023763319650466,
  "model= gpt-4-1106-preview": 1.0189727755635567,
  "model= gpt-4-1106-preview , instanceType= refactor": 1.0189727755635567,
  "model= gpt-4-1106-preview , temperature= 0.1": 0.9712718966922859,
  "model= gpt-4-1106-preview , temperature= 0.5": 1.1004477539343385,
  "model= gpt-4-1106-preview , temperature= 0.9": 0.9851986760640438,
  "model= gpt-4-1106-preview , instructionType= exampleBased": 1.016681064155467,
  "model= gpt-4-1106-preview , inputFormat= instructionSnippet": 0.969014566257,
  "model= gpt-4-1106-preview , inputFormat= instruction": 1.2687638220963398,
  "model= gpt-4-1106-preview , margin= 0": 1.1378253369180333,
  "model= gpt-4-1106-preview , margin= 1": 1.1141669891613355,
  "model= gpt-4-1106-preview , margin= 2": 0.810148957709428,
  "model= gpt-4-1106-preview , margin= 5": 0.880555215531149,
  "model= gpt-4-1106-preview , margin= 10": 0.9023763319650466,
  "temperature= 0.1": 0.9712718966922859,
  "temperature= 0.5": 1.1004477539343385,
  "temperature= 0.9": 0.9851986760640438,
  "temperature= 0.1 , instanceType= refactor": 0.9712718966922859,
  "temperature= 0.5 , instanceType= refactor": 1.1004477539343385,
  "temperature= 0.9 , instanceType= refactor": 0.9851986760640438,
  "temperature= 0.1 , model= gpt-4-1106-preview": 0.9712718966922859,
  "temperature= 0.5 , model= gpt-4-1106-preview": 1.1004477539343385,
  "temperature= 0.9 , model= gpt-4-1106-preview": 0.9851986760640438,
  "temperature= 0.1 , instructionType= exampleBased": 0.9436260361155513,
  "temperature= 0.5 , instructionType= exampleBased": 1.1470949383997147,
  "temperature= 0.9 , instructionType= exampleBased": 0.9593222179511304,
  "temperature= 0.1 , inputFormat= instructionSnippet": 0.9388060056176066,
  "temperature= 0.1 , inputFormat= instruction": 1.13360135206568,
  "temperature= 0.5 , inputFormat= instructionSnippet": 0.9932326915654518,
  "temperature= 0.5 , inputFormat= instruction": 1.6365230657787666,
  "temperature= 0.9 , inputFormat= instructionSnippet": 0.9750050015879368,
  "temperature= 0.9 , inputFormat= instruction": 1.0361670484445742,
  "temperature= 0.1 , margin= 0": 1.1512149374881167,
  "temperature= 0.1 , margin= 1": 1.1054304333029472,
  "temperature= 0.1 , margin= 2": 0.7261721658740451,
  "temperature= 0.1 , margin= 5": 0.9083726431094453,
  "temperature= 0.1 , margin= 10": 0.8028398483134801,
  "temperature= 0.5 , margin= 0": 1.1555709715401792,
  "temperature= 0.5 , margin= 1": 1.1418475294268497,
  "temperature= 0.5 , margin= 2": 0.8845819656030544,
  "temperature= 0.5 , margin= 5": 0.8435289635631122,
  "temperature= 0.5 , margin= 10": 0.9406340276940633,
  "temperature= 0.9 , margin= 0": 1.1066901017258042,
  "temperature= 0.9 , margin= 1": 1.095223004754212,
  "temperature= 0.9 , margin= 2": 0.8196927416511839,
  "temperature= 0.9 , margin= 5": 0.8897640399208896,
  "temperature= 0.9 , margin= 10": 0.9636551198875971,
  "instructionType= exampleBased": 1.016681064155467,
  "instructionType= exampleBased , instanceType= refactor": 1.016681064155467,
  "instructionType= exampleBased , model= gpt-4-1106-preview": 1.016681064155467,
  "instructionType= exampleBased , temperature= 0.1": 0.9436260361155513,
  "instructionType= exampleBased , temperature= 0.5": 1.1470949383997147,
  "instructionType= exampleBased , temperature= 0.9": 0.9593222179511304,
  "instructionType= exampleBased , inputFormat= instructionSnippet": 0.9260207820558822,
  "instructionType= exampleBased , inputFormat= instruction": 1.4699824746533885,
  "instructionType= exampleBased , margin= 0": 1.2074225045750964,
  "instructionType= exampleBased , margin= 1": 1.1876706025796708,
  "instructionType= exampleBased , margin= 2": 0.6687237210101868,
  "instructionType= exampleBased , margin= 5": 0.7821497170761226,
  "instructionType= exampleBased , margin= 10": 0.784137365038328,
  "inputFormat= instructionSnippet": 0.969014566257,
  "inputFormat= instruction": 1.2687638220963398,
  "inputFormat= instructionSnippet , instanceType= refactor": 0.969014566257,
  "inputFormat= instruction , instanceType= refactor": 1.2687638220963398,
  "inputFormat= instructionSnippet , model= gpt-4-1106-preview": 0.969014566257,
  "inputFormat= instruction , model= gpt-4-1106-preview": 1.2687638220963398,
  "inputFormat= instructionSnippet , temperature= 0.1": 0.9388060056176066,
  "inputFormat= instructionSnippet , temperature= 0.5": 0.9932326915654518,
  "inputFormat= instructionSnippet , temperature= 0.9": 0.9750050015879368,
  "inputFormat= instruction , temperature= 0.1": 1.13360135206568,
  "inputFormat= instruction , temperature= 0.5": 1.6365230657787666,
  "inputFormat= instruction , temperature= 0.9": 1.0361670484445742,
  "inputFormat= instructionSnippet , instructionType= exampleBased": 0.9260207820558822,
  "inputFormat= instruction , instructionType= exampleBased": 1.4699824746533885,
  "inputFormat= instructionSnippet , margin= 0": 1.1378253369180333,
  "inputFormat= instructionSnippet , margin= 1": 1.1141669891613355,
  "inputFormat= instructionSnippet , margin= 2": 0.810148957709428,
  "inputFormat= instructionSnippet , margin= 5": 0.880555215531149,
  "inputFormat= instructionSnippet , margin= 10": 0.9023763319650466,
  "iteration= 0": 0.9941935199360792,
  "iteration= 1": 1.0135661070094717,
  "iteration= 2": 1.047864009021859,
  "iteration= 3": 1.0230937583846123,
  "iteration= 4": 1.003116300814734,
  "iteration= 5": 1.3194761184394486,
  "iteration= 6": 0.8728018539686,
  "iteration= 7": 1.1011372947991371,
  "iteration= 8": 0.7008961409873782,
  "iteration= 9": 1.1526732002273001,
  "margin= 0": 1.1378253369180333,
  "margin= 1": 1.1141669891613355,
  "margin= 2": 0.810148957709428,
  "margin= 5": 0.880555215531149,
  "margin= 10": 0.9023763319650466,
  "margin= 0 , instanceType= refactor": 1.1378253369180333,
  "margin= 1 , instanceType= refactor": 1.1141669891613355,
  "margin= 2 , instanceType= refactor": 0.810148957709428,
  "margin= 5 , instanceType= refactor": 0.880555215531149,
  "margin= 10 , instanceType= refactor": 0.9023763319650466,
  "margin= 0 , model= gpt-4-1106-preview": 1.1378253369180333,
  "margin= 1 , model= gpt-4-1106-preview": 1.1141669891613355,
  "margin= 2 , model= gpt-4-1106-preview": 0.810148957709428,
  "margin= 5 , model= gpt-4-1106-preview": 0.880555215531149,
  "margin= 10 , model= gpt-4-1106-preview": 0.9023763319650466,
  "margin= 0 , temperature= 0.1": 1.1512149374881167,
  "margin= 0 , temperature= 0.5": 1.1555709715401792,
  "margin= 0 , temperature= 0.9": 1.1066901017258042,
  "margin= 1 , temperature= 0.1": 1.1054304333029472,
  "margin= 1 , temperature= 0.5": 1.1418475294268497,
  "margin= 1 , temperature= 0.9": 1.095223004754212,
  "margin= 2 , temperature= 0.1": 0.7261721658740451,
  "margin= 2 , temperature= 0.5": 0.8845819656030544,
  "margin= 2 , temperature= 0.9": 0.8196927416511839,
  "margin= 5 , temperature= 0.1": 0.9083726431094453,
  "margin= 5 , temperature= 0.5": 0.8435289635631122,
  "margin= 5 , temperature= 0.9": 0.8897640399208896,
  "margin= 10 , temperature= 0.1": 0.8028398483134801,
  "margin= 10 , temperature= 0.5": 0.9406340276940633,