{
  "instanceType= refactor": 190.23111111111112,
  "instanceType= refactor , model= gpt-4-1106-preview": 190.23111111111112,
  "instanceType= refactor , temperature= 0.1": 189.39333333333335,
  "instanceType= refactor , temperature= 0.5": 189.88666666666666,
  "instanceType= refactor , temperature= 0.9": 191.41333333333333,
  "instanceType= refactor , instructionType= exampleBased": 187.14074074074074,
  "instanceType= refactor , inputFormat= instructionSnippet": 200.24,
  "instanceType= refactor , inputFormat= instruction": 140.18666666666667,
  "instanceType= refactor , margin= 0": 183.45333333333335,
  "instanceType= refactor , margin= 1": 196.72,
  "instanceType= refactor , margin= 2": 185.57333333333332,
  "instanceType= refactor , margin= 5": 198.37333333333333,
  "instanceType= refactor , margin= 10": 237.08,
  "instanceType= refactor , projectName= argoumlrefactor": 193.54814814814816,
  "instanceType= refactor , projectName= rocketmq_refactor": 185.25555555555556,
  "instanceType= refactor , includeUsages= noUsages": 190.23111111111112,
  "model= gpt-4-1106-preview": 190.23111111111112,
  "model= gpt-4-1106-preview , instanceType= refactor": 190.23111111111112,
  "model= gpt-4-1106-preview , temperature= 0.1": 189.39333333333335,
  "model= gpt-4-1106-preview , temperature= 0.5": 189.88666666666666,
  "model= gpt-4-1106-preview , temperature= 0.9": 191.41333333333333,
  "model= gpt-4-1106-preview , instructionType= exampleBased": 187.14074074074074,
  "model= gpt-4-1106-preview , inputFormat= instructionSnippet": 200.24,
  "model= gpt-4-1106-preview , inputFormat= instruction": 140.18666666666667,
  "model= gpt-4-1106-preview , margin= 0": 183.45333333333335,
  "model= gpt-4-1106-preview , margin= 1": 196.72,
  "model= gpt-4-1106-preview , margin= 2": 185.57333333333332,
  "model= gpt-4-1106-preview , margin= 5": 198.37333333333333,
  "model= gpt-4-1106-preview , margin= 10": 237.08,
  "model= gpt-4-1106-preview , projectName= argoumlrefactor": 193.54814814814816,
  "model= gpt-4-1106-preview , projectName= rocketmq_refactor": 185.25555555555556,
  "model= gpt-4-1106-preview , includeUsages= noUsages": 190.23111111111112,
  "temperature= 0.1": 189.39333333333335,
  "temperature= 0.5": 189.88666666666666,
  "temperature= 0.9": 191.41333333333333,
  "temperature= 0.1 , instanceType= refactor": 189.39333333333335,
  "temperature= 0.5 , instanceType= refactor": 189.88666666666666,
  "temperature= 0.9 , instanceType= refactor": 191.41333333333333,
  "temperature= 0.1 , model= gpt-4-1106-preview": 189.39333333333335,
  "temperature= 0.5 , model= gpt-4-1106-preview": 189.88666666666666,
  "temperature= 0.9 , model= gpt-4-1106-preview": 191.41333333333333,
  "temperature= 0.1 , instructionType= exampleBased": 192.9111111111111,
  "temperature= 0.5 , instructionType= exampleBased": 179.96666666666667,
  "temperature= 0.9 , instructionType= exampleBased": 188.54444444444445,
  "temperature= 0.1 , inputFormat= instructionSnippet": 193.664,
  "temperature= 0.1 , inputFormat= instruction": 168.04,
  "temperature= 0.5 , inputFormat= instructionSnippet": 199.704,
  "temperature= 0.5 , inputFormat= instruction": 140.8,
  "temperature= 0.9 , inputFormat= instructionSnippet": 207.352,
  "temperature= 0.9 , inputFormat= instruction": 111.72,
  "temperature= 0.1 , margin= 0": 155.8,
  "temperature= 0.1 , margin= 1": 174,
  "temperature= 0.1 , margin= 2": 167.16,
  "temperature= 0.1 , margin= 5": 197.4,
  "temperature= 0.1 , margin= 10": 273.96,
  "temperature= 0.5 , margin= 0": 147.56,
  "temperature= 0.5 , margin= 1": 179.6,
  "temperature= 0.5 , margin= 2": 215.68,
  "temperature= 0.5 , margin= 5": 200.44,
  "temperature= 0.5 , margin= 10": 255.24,
  "temperature= 0.9 , margin= 0": 247,
  "temperature= 0.9 , margin= 1": 236.56,
  "temperature= 0.9 , margin= 2": 173.88,
  "temperature= 0.9 , margin= 5": 197.28,
  "temperature= 0.9 , margin= 10": 182.04,
  "temperature= 0.1 , projectName= argoumlrefactor": 183.64444444444445,
  "temperature= 0.1 , projectName= rocketmq_refactor": 198.01666666666668,
  "temperature= 0.5 , projectName= argoumlrefactor": 203.05555555555554,
  "temperature= 0.5 , projectName= rocketmq_refactor": 170.13333333333333,
  "temperature= 0.9 , projectName= argoumlrefactor": 193.94444444444446,
  "temperature= 0.9 , projectName= rocketmq_refactor": 187.61666666666667,
  "temperature= 0.1 , includeUsages= noUsages": 189.39333333333335,
  "temperature= 0.5 , includeUsages= noUsages": 189.88666666666666,
  "temperature= 0.9 , includeUsages= noUsages": 191.41333333333333,
  "instructionType= exampleBased": 187.14074074074074,
  "instructionType= exampleBased , instanceType= refactor": 187.14074074074074,
  "instructionType= exampleBased , model= gpt-4-1106-preview": 187.14074074074074,
  "instructionType= exampleBased , temperature= 0.1": 192.9111111111111,
  "instructionType= exampleBased , temperature= 0.5": 179.96666666666667,
  "instructionType= exampleBased , temperature= 0.9": 188.54444444444445,
  "instructionType= exampleBased , inputFormat= instructionSnippet": 201.72,
  "instructionType= exampleBased , inputFormat= instruction": 114.24444444444444,
  "instructionType= exampleBased , margin= 0": 218.75555555555556,
  "instructionType= exampleBased , margin= 1": 201.0222222222222,
  "instructionType= exampleBased , margin= 2": 180.06666666666666,
  "instructionType= exampleBased , margin= 5": 171.46666666666667,
  "instructionType= exampleBased , margin= 10": 237.2888888888889,
  "instructionType= exampleBased , projectName= argoumlrefactor": 190.9111111111111,
  "instructionType= exampleBased , projectName= rocketmq_refactor": 185.25555555555556,
  "instructionType= exampleBased , includeUsages= noUsages": 187.14074074074074,
  "inputFormat= instructionSnippet": 200.24,
  "inputFormat= instruction": 140.18666666666667,
  "inputFormat= instructionSnippet , instanceType= refactor": 200.24,
  "inputFormat= instruction , instanceType= refactor": 140.18666666666667,
  "inputFormat= instructionSnippet , model= gpt-4-1106-preview": 200.24,
  "inputFormat= instruction , model= gpt-4-1106-preview": 140.18666666666667,
  "inputFormat= instructionSnippet , temperature= 0.1": 193.664,
  "inputFormat= instructionSnippet , temperature= 0.5": 199.704,
  "inputFormat= instructionSnippet , temperature= 0.9": 207.352,
  "inputFormat= instruction , temperature= 0.1": 168.04,
  "inputFormat= instruction , temperature= 0.5": 140.8,
  "inputFormat= instruction , temperature= 0.9": 111.72,
  "inputFormat= instructionSnippet , instructionType= exampleBased": 201.72,
  "inputFormat= instruction , instructionType= exampleBased": 114.24444444444444,
  "inputFormat= instructionSnippet , margin= 0": 183.45333333333335,
  "inputFormat= instructionSnippet , margin= 1": 196.72,
  "inputFormat= instructionSnippet , margin= 2": 185.57333333333332,
  "inputFormat= instructionSnippet , margin= 5": 198.37333333333333,
  "inputFormat= instructionSnippet , margin= 10": 237.08,
  "inputFormat= instructionSnippet , projectName= argoumlrefactor": 195.91555555555556,
  "inputFormat= instructionSnippet , projectName= rocketmq_refactor": 206.72666666666666,
  "inputFormat= instruction , projectName= argoumlrefactor": 181.7111111111111,
  "inputFormat= instruction , projectName= rocketmq_refactor": 77.9,
  "inputFormat= instructionSnippet , includeUsages= noUsages": 200.24,
  "inputFormat= instruction , includeUsages= noUsages": 140.18666666666667,
  "iteration= 0": 190.06944444444446,
  "iteration= 1": 173,
  "iteration= 2": 212.30555555555554,
  "iteration= 3": 187.22222222222223,
  "iteration= 4": 188.66666666666666,
  "iteration= 5": 174.33333333333334,
  "iteration= 6": 413.8888888888889,
  "iteration= 7": 139.11111111111111,
  "iteration= 8": 89.94444444444444,
  "iteration= 9": 133.44444444444446,
  "margin= 0": 183.45333333333335,
  "margin= 1": 196.72,
  "margin= 2": 185.57333333333332,
  "margin= 5": 198.37333333333333,
  "margin= 10": 237.08,