{
  "Surety": {
    "0": 5,
    "1": 9,
    "2": 4,
    "3": 2,
    "4": 1,
    "-0.75": 3,
    "2.75": 4,
    "1.75": 5,
    "2.5": 3,
    "4.5": 2,
    "-1.5": 1,
    "-1": 2,
    "-4.5": 2,
    "2.25": 3,
    "3.25": 1,
    "1.5": 1,
    "3.75": 3,
    "0.5": 1,
    "3.5": 3,
    "-0.25": 1,
    "-10": 1,
    "5.25": 1,
    "4.25": 1,
    "0.75": 1
  },
  "OutputFormatCorrectness": {
    "NaN": 3,
    "0.5740740740740741": 1,
    "0.6153846153846154": 3,
    "0.8235294117647058": 3,
    "0.8256880733944955": 2,
    "0.8529411764705882": 2,
    "0.6296296296296297": 1,
    "0.8395061728395061": 1,
    "0.8307692307692308": 1,
    "0.8173913043478261": 1,
    "0.8187919463087249": 1,
    "0.8299776286353467": 1,
    "0.5853658536585366": 1,
    "0.5925925925925926": 3,
    "0.819672131147541": 1,
    "0.8333333333333334": 1,
    "0.8148148148148148": 4,
    "0.8340909090909091": 1,
    "0.7878787878787878": 1,
    "0.7764705882352941": 1,
    "0.7964601769911505": 1,
    "0.8297872340425532": 1,
    "0.8409090909090909": 1,
    "0.8455284552845529": 1,
    "0.5882352941176471": 2,
    "0.8626760563380281": 1,
    "0.591304347826087": 1,
    "0.7213114754098361": 1,
    "0.5901639344262295": 1,
    "0.7707006369426752": 1,
    "0.6": 1,
    "0.8037383177570093": 1,
    "0.7692307692307693": 1,
    "0.8260869565217391": 1,
    "0.8372093023255814": 1,
    "0.8527131782945736": 1,
    "0.8081534772182254": 1,
    "0.5875706214689266": 1,
    "0.8433734939759037": 2,
    "0.8132992327365729": 1,
    "0.8292682926829268": 2,
    "0.8382352941176471": 1,
    "0.5957446808510638": 1,
    "0.6012269938650306": 1
  },
  "InvalidJSON": {
    "0": 4,
    "1": 56
  },
  "DataClumpSize_mean": {
    "0": 6,
    "3": 5,
    "4": 9,
    "5": 9,
    "7": 2,
    "8": 2,
    "9": 2,
    "10": 1,
    "11": 5,
    "6.333333333333333": 5,
    "5.666666666666667": 1,
    "7.5": 4,
    "6.6": 1,
    "5.5": 3,
    "7.6": 1,
    "3.6666666666666665": 1,
    "3.5": 1,
    "9.4": 1,
    "4.666666666666667": 1
  },
  "DataClumpOccurence_mean": {
    "0": 6,
    "2": 3,
    "3": 3,
    "4": 3,
    "6": 17,
    "9": 1,
    "16": 1,
    "18": 1,
    "21": 1,
    "24": 1,
    "26": 1,
    "33": 1,
    "34": 1,
    "35": 2,
    "42": 1,
    "220": 1,
    "434": 2,
    "2.6666666666666665": 4,
    "25.333333333333332": 1,
    "15.5": 1,
    "26.4": 1,
    "54.666666666666664": 1,
    "8.8": 1,
    "19.5": 1,
    "12.8": 1,
    "5.333333333333333": 1,
    "6.4": 1,
    "29.2": 1
  },
  "FieldToField_mean": {
    "0": 44,
    "0.3333333333333333": 5,
    "0.5": 4,
    "0.2": 2,
    "0.25": 4,
    "0.8": 1
  },
  "ParametersToParameters_mean": {
    "0": 3,
    "1": 39,
    "0.6666666666666666": 5,
    "0.5": 6,
    "0.8": 2,
    "0.75": 4,
    "0.2": 1
  },
  "DataClumpSize_count": {
    "0": 6,
    "1": 13,
    "2": 13,
    "3": 9,
    "4": 9,
    "5": 7,
    "6": 3
  },
  "DataClumpOccurence_count": {
    "0": 6,
    "1": 13,
    "2": 13,
    "3": 9,
    "4": 9,
    "5": 7,
    "6": 3
  },
  "FieldToField_count": {
    "0": 3,
    "1": 15,
    "2": 13,
    "3": 9,
    "4": 9,
    "5": 7,
    "6": 3,
    "10": 1
  },
  "ParametersToParameters_count": {
    "0": 3,
    "1": 15,
    "2": 13,
    "3": 9,
    "4": 9,
    "5": 7,
    "6": 3,
    "10": 1
  },
  "DataClumpSize_groupedCount": {
    "[object Object]": 60
  },
  "DataClumpOccurence_groupedCount": {
    "[object Object]": 60
  },
  "FieldToField_groupedCount": {
    "[object Object]": 60
  },
  "ParametersToParameters_groupedCount": {
    "[object Object]": 60
  },
  "DataClumpSize_raw": {
    "3": 2,
    "4": 2,
    "5": 5,
    "11": 4,
    "": 6,
    "5,11,11": 1,
    "5,11": 2,
    "3,11": 1,
    "3,5,11": 1,
    "11,3,3": 1,
    "5,11,11,3": 2,
    "5,11,3,3,3": 3,
    "5,11,3,11,3": 1,
    "3,5": 4,
    "5,3": 2,
    "11,3": 1,
    "10,10": 1,
    "11,11,11,11,11,11": 1,
    "3,3,3,3,3,3": 1,
    "5,11,3": 4,
    "5,11,3,3": 2,
    "5,3,3,11": 1,
    "10,11,11,3,3": 1,
    "5,3,3": 1,
    "3,3,3": 1,
    "3,5,3,3": 1,
    "3,5,11,11": 1,
    "11,4": 1,
    "11,11,11,11,3": 1,
    "3,11,11,11": 1,
    "3,5,11,3,3,3": 1,
    "3,5,11,3,3": 1,
    "3,3": 1,
    "5,5,3,3": 1
  },
  "DataClumpOccurence_raw": {
    "2": 1,
    "6": 10,
    "434": 2,
    "": 6,
    "6,2,0": 1,
    "6,0": 3,
    "6,6,0": 1,
    "6,64,6": 1,
    "6,0,0,56": 1,
    "6,2,6,2,64": 1,
    "6,6,64,0,56": 1,
    "6,6": 3,
    "6,2": 1,
    "2,64": 1,
    "34,34": 1,
    "2,2,2,2,2,2": 1,
    "64,64,36,64,36,64": 1,
    "6,0,12": 1,
    "6,0,6,12": 1,
    "6,0,2": 3,
    "6,64": 1,
    "6,6,12,0": 1,
    "6,0,0,2,36": 1,
    "6,2,64": 1,
    "6,64,56": 1,
    "6,6,2,64": 1,
    "12,6": 1,
    "6,6,2,2": 1,
    "6,434": 1,
    "2,2,2,2,56": 1,
    "6,6,0,12": 1,
    "6,2,0,0": 1,
    "6,6,6,6,2,6": 1,
    "6,6,12,2,6": 1,
    "6,6,6,64,64": 1,
    "6,36": 1,
    "6,0,2,64": 1,
    "6,6,64,64": 1,
    "6,0,56,56,12": 1
  },
  "FieldToField_raw": {
    "0": 15,
    "": 3,
    "0,0,1": 2,
    "0,1": 3,
    "0,0,0": 4,
    "0,0,0,0": 4,
    "0,0,0,0,0": 4,
    "0,0,0,1,0": 1,
    "0,0": 10,
    "0,0,0,0,0,0": 3,
    "0,1,0,0": 2,
    "0,1,0": 3,
    "0,0,0,1": 1,
    "0,1,1,1,1": 1,
    "0,0,0,0,0,0,0,0,0,0": 1,
    "0,0,1,0": 1,
    "0,0,1,1": 1,
    "0,1,0,0,0": 1
  },
  "ParametersToParameters_raw": {
    "1": 15,
    "": 3,
    "1,1,0": 2,
    "1,0": 4,
    "1,1,1": 4,
    "1,1,1,1": 4,
    "1,1,1,1,1": 4,
    "1,1,1,0,1": 1,
    "1,1": 8,
    "1,1,1,1,1,1": 3,
    "1,0,1,1": 2,
    "1,0,1": 3,
    "1,1,1,0": 1,
    "1,0,0,0,0": 1,
    "0,1": 1,
    "1,1,1,1,1,1,1,1,1,1": 1,
    "1,1,0,1": 1,
    "1,1,0,0": 1,
    "1,0,1,1,1": 1
  }
}