{
  "mean": 0.8340740740740741,
  "count": 45,
  "groupedCount": {
    "1": 20,
    "0.5": 7,
    "0.8333333333333334": 10,
    "0.6": 1,
    "0.6666666666666666": 3,
    "0.8": 2,
    "0.75": 2
  },
  "raw": [
    0.5,
    0.8333333333333334,
    0.5,
    0.5,
    0.5,
    0.8333333333333334,
    0.8333333333333334,
    1,
    1,
    0.8333333333333334,
    0.8333333333333334,
    1,
    0.8333333333333334,
    0.8333333333333334,
    0.8333333333333334,
    0.8333333333333334,
    0.6,
    0.6666666666666666,
    0.5,
    0.8333333333333334,
    0.8,
    1,
    1,
    1,
    1,
    0.6666666666666666,
    1,
    1,
    1,
    1,
    0.5,
    0.6666666666666666,
    0.75,
    0.5,
    1,
    1,
    1,
    1,
    1,
    1,
    1,
    1,
    0.75,
    1,
    0.8
  ]
}