{
  "mean": 0.8347266313932977,
  "count": 135,
  "groupedCount": {
    "1": 68,
    "0.5": 18,
    "0.6666666666666666": 20,
    "0.8571428571428571": 3,
    "0.8333333333333334": 13,
    "0.8": 4,
    "0.6": 3,
    "0.75": 5,
    "0.2": 1
  },
  "raw": [
    0.5,
    0.6666666666666666,
    0.6666666666666666,
    0.6666666666666666,
    0.6666666666666666,
    0.6666666666666666,
    0.8571428571428571,
    1,
    0.8333333333333334,
    1,
    1,
    1,
    1,
    1,
    1,
    0.6666666666666666,
    0.6666666666666666,
    0.5,
    1,
    1,
    1,
    1,
    1,
    1,
    1,
    1,
    1,
    1,
    1,
    1,
    1,
    0.6666666666666666,
    0.5,
    0.5,
    0.6666666666666666,
    1,
    1,
    1,
    0.8,
    1,
    1,
    1,
    0.5,
    1,
    1,
    0.5,
    0.5,
    0.6,
    0.5,
    0.5,
    0.6666666666666666,
    1,
    1,
    1,
    0.6666666666666666,
    0.8333333333333334,
    1,
    1,
    1,
    1,
    0.6666666666666666,
    0.6,
    0.75,
    0.5,
    0.6666666666666666,
    0.8333333333333334,
    0.8,
    0.6666666666666666,
    0.6666666666666666,
    0.8571428571428571,
    1,
    1,
    1,
    1,
    0.8571428571428571,
    1,
    1,
    0.75,
    0.6666666666666666,
    0.6666666666666666,
    1,
    0.75,
    0.2,
    1,
    1,
    1,
    1,
    0.5,
    1,
    1,
    0.5,
    0.8333333333333334,
    0.5,
    0.5,
    0.5,
    0.8333333333333334,
    0.8333333333333334,
    1,
    1,
    0.8333333333333334,
    0.8333333333333334,
    1,
    0.8333333333333334,
    0.8333333333333334,
    0.8333333333333334,
    0.8333333333333334,
    0.6,
    0.6666666666666666,
    0.5,
    0.8333333333333334,
    0.8,
    1,
    1,
    1,
    1,
    0.6666666666666666,
    1,
    1,
    1,
    1,
    0.5,
    0.6666666666666666,
    0.75,
    0.5,
    1,
    1,
    1,
    1,
    1,
    1,
    1,
    1,
    0.75,
    1,
    0.8
  ]
}