{
  "mean": 0.82,
  "count": 25,
  "sum": 20.62,
  "max": 1,
  "min": 0,
  "raw": [
    1,
    1,
    0.9,
    1,
    1,
    1,
    1,
    0.9,
    1,
    1,
    1,
    1,
    1,
    0.9285714285714286,
    1,
    1,
    0,
    0,
    0,
    1,
    0.8888888888888888,
    1,
    1,
    0,
    1
  ]
}