{
  "mean": 0.81,
  "count": 90,
  "groupedCount": {
    "0": 14,
    "1": 63,
    "0.875": 6,
    "0.8571428571428571": 1,
    "0.5": 3,
    "0.8333333333333334": 1,
    "0.6666666666666666": 1,
    "0.6": 1
  },
  "raw": [
    1,
    1,
    1,
    1,
    1,
    1,
    1,
    1,
    1,
    1,
    1,
    0,
    0,
    1,
    0.875,
    0.8571428571428571,
    1,
    1,
    1,
    1,
    0.875,
    1,
    1,
    0.875,
    1,
    1,
    0.875,
    1,
    1,
    1,
    1,
    1,
    1,
    0,
    0.5,
    1,
    1,
    0,
    0.875,
    1,
    1,
    1,
    1,
    1,
    0,
    0,
    1,
    0.8333333333333334,
    1,
    1,
    1,
    1,
    1,
    0.875,
    1,
    1,
    1,
    1,
    1,
    1,
    1,
    1,
    0,
    0,
    1,
    1,
    0,
    0,
    1,
    1,
    1,
    0,
    1,
    0.6666666666666666,
    1,
    0,
    1,
    1,
    0.5,
    1,
    0.5,
    0,
    1,
    1,
    1,
    1,
    0.6,
    0,
    1,
    1
  ]
}