{
  "mean": 0.82,
  "count": 45,
  "groupedCount": {
    "0": 6,
    "1": 30,
    "0.6666666666666666": 2,
    "0.8571428571428571": 2,
    "0.8333333333333334": 2,
    "0.8": 1,
    "0.875": 1,
    "0.5": 1
  },
  "raw": [
    0.6666666666666666,
    0.8571428571428571,
    1,
    0.8333333333333334,
    1,
    1,
    1,
    1,
    1,
    1,
    1,
    1,
    1,
    0.8,
    1,
    1,
    0,
    0,
    1,
    0.875,
    0.8571428571428571,
    1,
    1,
    1,
    1,
    1,
    1,
    1,
    1,
    0,
    0,
    1,
    0.8333333333333334,
    1,
    1,
    1,
    0,
    1,
    0.6666666666666666,
    1,
    0,
    1,
    1,
    0.5,
    1
  ]
}