{
  "mean": 0.87,
  "count": 60,
  "groupedCount": {
    "1": 31,
    "0.9444444444444444": 1,
    "0.8571428571428571": 1,
    "0.875": 1,
    "0.5": 7,
    "0.8333333333333334": 10,
    "0.9285714285714286": 1,
    "0.6": 1,
    "0.6666666666666666": 3,
    "0.8": 2,
    "0.75": 2
  },
  "raw": [
    0.9444444444444444,
    1,
    1,
    0.8571428571428571,
    0.875,
    0.5,
    0.8333333333333334,
    0.5,
    0.5,
    0.5,
    0.8333333333333334,
    0.8333333333333334,
    1,
    1,
    0.8333333333333334,
    0.8333333333333334,
    1,
    0.8333333333333334,
    0.8333333333333334,
    0.8333333333333334,
    1,
    1,
    1,
    0.9285714285714286,
    1,
    0.8333333333333334,
    0.6,
    0.6666666666666666,
    0.5,
    0.8333333333333334,
    0.8,
    1,
    1,
    1,
    1,
    0.6666666666666666,
    1,
    1,
    1,
    1,
    1,
    1,
    1,
    1,
    1,
    0.5,
    0.6666666666666666,
    0.75,
    0.5,
    1,
    1,
    1,
    1,
    1,
    1,
    1,
    1,
    0.75,
    1,
    0.8
  ]
}