{
  "mean": 0.85,
  "count": 60,
  "groupedCount": {
    "0": 3,
    "1": 37,
    "0.9444444444444444": 1,
    "0.9230769230769231": 1,
    "0.5": 5,
    "0.6666666666666666": 9,
    "0.8571428571428571": 1,
    "0.8333333333333334": 1,
    "0.9": 1,
    "0.8": 1
  },
  "raw": [
    0.9444444444444444,
    1,
    0.9230769230769231,
    1,
    1,
    0.5,
    0.6666666666666666,
    0.6666666666666666,
    0.6666666666666666,
    0.6666666666666666,
    0.6666666666666666,
    0.8571428571428571,
    1,
    0.8333333333333334,
    1,
    1,
    1,
    1,
    1,
    1,
    1,
    1,
    0.9,
    1,
    1,
    0.6666666666666666,
    0.6666666666666666,
    0.5,
    1,
    1,
    1,
    1,
    1,
    1,
    1,
    1,
    1,
    1,
    1,
    1,
    0,
    0,
    1,
    0,
    1,
    1,
    0.6666666666666666,
    0.5,
    0.5,
    0.6666666666666666,
    1,
    1,
    1,
    0.8,
    1,
    1,
    1,
    0.5,
    1,
    1
  ]
}