{
  "mean": 0.86,
  "count": 48,
  "sum": 41.49,
  "max": 1,
  "min": 0,
  "raw": [
    0.9444444444444444,
    0.5,
    0.6666666666666666,
    1,
    1,
    0.6666666666666666,
    1,
    1,
    null,
    1,
    1,
    1,
    0.9230769230769231,
    0.5,
    0.6666666666666666,
    0.8333333333333334,
    1,
    0.6666666666666666,
    0.8333333333333334,
    1,
    1,
    1,
    1,
    1,
    0.9444444444444444,
    0.5,
    0.8333333333333334,
    0.8333333333333334,
    1,
    0.8333333333333334,
    0.8,
    0.6666666666666666,
    1,
    0.5,
    1,
    1,
    1,
    1,
    1,
    0.875,
    1,
    1,
    1,
    1,
    1,
    1,
    1,
    0.5
  ]
}