{
  "mean": 0.79,
  "count": 48,
  "groupedCount": {
    "0": 4,
    "1": 26,
    "0.9230769230769231": 1,
    "0.6666666666666666": 3,
    "0.9": 2,
    "0.5": 5,
    "0.6": 1,
    "0.75": 4,
    "0.2": 1,
    "0.8333333333333334": 1
  },
  "raw": [
    0.9230769230769231,
    0.6666666666666666,
    1,
    1,
    0.9,
    0.5,
    1,
    1,
    1,
    0.5,
    1,
    0.5,
    1,
    0.6,
    1,
    1,
    0.9,
    0.75,
    0.6666666666666666,
    1,
    1,
    0.75,
    0.2,
    0.5,
    1,
    0.5,
    1,
    0.8333333333333334,
    1,
    0.6666666666666666,
    1,
    1,
    1,
    0.75,
    1,
    0.75,
    0,
    1,
    0,
    1,
    0,
    1,
    1,
    1,
    1,
    0,
    1,
    1
  ]
}