{
  "mean": 0.8,
  "count": 48,
  "sum": 38.44,
  "max": 1,
  "min": 0,
  "raw": [
    1,
    0.6666666666666666,
    0.8571428571428571,
    1,
    1,
    0.6666666666666666,
    1,
    1,
    null,
    0.6666666666666666,
    1,
    1,
    1,
    0.5,
    1,
    1,
    1,
    0.6,
    0.8,
    1,
    1,
    1,
    0.75,
    1,
    1,
    0.8333333333333334,
    0.8333333333333334,
    1,
    1,
    0.6,
    1,
    1,
    1,
    0.6666666666666666,
    1,
    1,
    0,
    1,
    0,
    1,
    0,
    1,
    1,
    1,
    1,
    1,
    null,
    0
  ]
}