{
  "mean": 0.9,
  "count": 45,
  "groupedCount": {
    "1": 28,
    "0.6666666666666666": 5,
    "0.8571428571428571": 2,
    "0.8333333333333334": 5,
    "0.8": 3,
    "0.75": 1,
    "0.2": 1
  },
  "raw": [
    0.6666666666666666,
    0.8571428571428571,
    1,
    0.8333333333333334,
    1,
    1,
    1,
    1,
    1,
    1,
    1,
    1,
    1,
    0.8,
    1,
    0.6666666666666666,
    1,
    1,
    1,
    0.6666666666666666,
    0.8333333333333334,
    0.8,
    0.6666666666666666,
    0.6666666666666666,
    0.8571428571428571,
    1,
    0.75,
    0.2,
    1,
    1,
    0.8333333333333334,
    0.8333333333333334,
    1,
    1,
    0.8333333333333334,
    0.8,
    1,
    1,
    1,
    1,
    1,
    1,
    1,
    1,
    1
  ]
}