{
  "mean": 0.749074074074074,
  "count": 45,
  "groupedCount": {
    "0": 6,
    "1": 25,
    "0.5": 5,
    "0.6666666666666666": 8,
    "0.875": 1
  },
  "raw": [
    0.5,
    0.6666666666666666,
    0.6666666666666666,
    0.6666666666666666,
    0.6666666666666666,
    0.6666666666666666,
    0.6666666666666666,
    0.5,
    1,
    1,
    1,
    0.6666666666666666,
    0.5,
    0.5,
    0.6666666666666666,
    1,
    1,
    1,
    1,
    1,
    1,
    1,
    1,
    1,
    1,
    1,
    1,
    1,
    0,
    0.5,
    1,
    1,
    0,
    0.875,
    1,
    1,
    1,
    0,
    0,
    1,
    1,
    0,
    0,
    1,
    1
  ]
}