{
  "mean": 0.65,
  "count": 15,
  "sum": 9.68,
  "max": 1,
  "min": 0.5,
  "raw": [
    0.5,
    0.8333333333333334,
    0.5,
    0.5,
    0.5,
    0.8333333333333334,
    0.6,
    0.6666666666666666,
    0.5,
    0.8333333333333334,
    0.5,
    0.6666666666666666,
    0.75,
    0.5,
    1
  ]
}