{
  "mean": 0.83,
  "count": 20,
  "sum": 16.69,
  "max": 1,
  "min": 0.5,
  "raw": [
    0.9230769230769231,
    1,
    1,
    1,
    1,
    0.5,
    0.5,
    0.6,
    0.5,
    0.5,
    0.6666666666666666,
    1,
    1,
    1,
    0.6666666666666666,
    0.8333333333333334,
    1,
    1,
    1,
    1
  ]
}