{
  "mean": 0.7386874236874238,
  "count": 25,
  "groupedCount": {
    "0": 6,
    "1": 13,
    "0.9444444444444444": 2,
    "0.9230769230769231": 2,
    "0.8571428571428571": 1,
    "0.875": 1
  },
  "raw": [
    0.9444444444444444,
    1,
    0.9230769230769231,
    1,
    1,
    0.9230769230769231,
    1,
    1,
    1,
    1,
    0.9444444444444444,
    1,
    1,
    0.8571428571428571,
    0.875,
    1,
    0,
    0,
    0,
    1,
    1,
    0,
    1,
    0,
    0
  ]
}