{
  "mean": 0.7786666666666666,
  "count": 75,
  "groupedCount": {
    "0": 8,
    "1": 45,
    "0.6666666666666666": 6,
    "0.5": 8,
    "0.8": 2,
    "0.75": 4,
    "0.2": 1,
    "0.6": 1
  },
  "raw": [
    1,
    0.6666666666666666,
    0.5,
    0.5,
    0.6666666666666666,
    1,
    1,
    1,
    0.8,
    1,
    1,
    1,
    0.5,
    1,
    1,
    1,
    1,
    0.75,
    0.6666666666666666,
    0.6666666666666666,
    1,
    0.75,
    0.2,
    1,
    1,
    1,
    1,
    0.5,
    1,
    1,
    0.5,
    0.6666666666666666,
    0.75,
    0.5,
    1,
    1,
    1,
    1,
    1,
    1,
    1,
    1,
    0.75,
    1,
    0.8,
    1,
    1,
    0,
    0,
    1,
    1,
    0,
    0,
    1,
    1,
    1,
    0,
    1,
    0.6666666666666666,
    1,
    0,
    1,
    1,
    0.5,
    1,
    0.5,
    0,
    1,
    1,
    1,
    1,
    0.6,
    0,
    1,
    1
  ]
}