{
  "PositionOnGroundTruthMetric": 10.542857142857143,
  "DataClumpSizeMetric": 5.926984126984127,
  "DataClumpSizeOccurence": 309.35238095238094,
  "FieldsToFieldsMetric": 0.14603174603174604,
  "ParametersToParametersMetric": 0.8539682539682539,
  "InvalidJSON": 1,
  "reason=size": 0.07936507936507936,
  "reason=occurrence": 0.6603174603174603,
  "reason=affected_files": 0.12063492063492064,
  "reason=domain": 0.1365079365079365,
  "reason=other": 0
}