{
  "Surety": [
    1.5,
    1,
    1,
    1,
    1.5,
    0.75,
    1,
    2.25,
    1,
    1,
    -1.25,
    0.75,
    1,
    1.5,
    2.25,
    4,
    0.75,
    1,
    1,
    -0.5,
    1.5,
    1,
    3.25,
    0.75,
    0.75,
    1,
    -2.5,
    1,
    -1,
    -1.25
  ],
  "Number data clumps": [
    2,
    1,
    1,
    1,
    2,
    1,
    1,
    3,
    1,
    1,
    1,
    1,
    1,
    2,
    3,
    8,
    1,
    1,
    1,
    2,
    2,
    1,
    4,
    1,
    1,
    1,
    2,
    1,
    12,
    2
  ],
  "OutputFormatCorrectness": [
    0.8148148148148148,
    0.8888888888888888,
    0.8888888888888888,
    0,
    0.8148148148148148,
    0.8148148148148148,
    0,
    0.5909090909090909,
    0.8565217391304348,
    0.8888888888888888,
    0.8148148148148148,
    0.8545454545454545,
    0.8888888888888888,
    0.8888888888888888,
    0.8,
    0,
    0.8,
    0.5783132530120482,
    0.9,
    0.8085106382978723,
    0.8314606741573034,
    0.575,
    0.594059405940594,
    0.8,
    0.8148148148148148,
    0.8888888888888888,
    0.5925925925925926,
    0.9230769230769231,
    0.8397435897435898,
    0.8085106382978723
  ],
  "ValidJSON": [
    1,
    1,
    1,
    0,
    1,
    1,
    0,
    1,
    0,
    1,
    1,
    1,
    1,
    1,
    1,
    0,
    1,
    1,
    1,
    1,
    1,
    1,
    1,
    1,
    1,
    1,
    1,
    1,
    1,
    1
  ],
  "DataClumpSize": [
    15,
    15,
    15,
    15,
    15,
    15,
    15,
    15,
    15,
    15,
    3,
    3,
    15,
    15,
    25,
    25,
    15,
    25,
    25,
    3,
    3,
    3,
    25,
    25,
    25,
    25,
    25,
    25,
    16,
    15,
    15,
    15,
    15,
    15,
    15,
    25,
    25,
    25,
    3,
    4,
    3,
    3,
    15,
    3,
    15,
    25,
    25,
    15,
    25,
    25,
    25,
    25,
    25,
    25,
    3,
    3,
    25,
    25,
    25,
    3,
    15,
    3
  ],
  "DataClumpOccurence": [
    2,
    2,
    2,
    2,
    2,
    2,
    2,
    2,
    2,
    2,
    833,
    1,
    2,
    2,
    2,
    2,
    2,
    2,
    2,
    1,
    1,
    1,
    2,
    2,
    2,
    2,
    2,
    2,
    2,
    2,
    2,
    2,
    2,
    2,
    2,
    2,
    2,
    2,
    2,
    2,
    6,
    2,
    2,
    3558,
    2,
    2,
    2,
    2,
    2,
    2,
    2,
    2,
    2,
    2,
    287,
    287,
    2,
    2,
    2,
    1,
    2,
    2
  ],
  "ParametersToParameters": [
    0,
    0,
    0,
    0,
    0,
    0,
    0,
    0,
    0,
    0,
    1,
    0,
    0,
    0,
    0,
    0,
    0,
    0,
    0,
    0,
    0,
    0,
    0,
    0,
    0,
    0,
    0,
    0,
    0,
    0,
    0,
    0,
    0,
    0,
    0,
    0,
    0,
    0,
    1,
    1,
    1,
    1,
    0,
    1,
    0,
    0,
    0,
    0,
    0,
    0,
    0,
    0,
    0,
    0,
    0,
    0,
    0,
    0,
    0,
    0,
    0,
    1
  ],
  "FieldToField": [
    1,
    1,
    1,
    1,
    1,
    1,
    1,
    1,
    1,
    1,
    0,
    0,
    1,
    1,
    1,
    1,
    1,
    1,
    1,
    0,
    0,
    0,
    1,
    1,
    1,
    1,
    1,
    1,
    1,
    1,
    1,
    1,
    1,
    1,
    1,
    1,
    1,
    1,
    0,
    0,
    0,
    0,
    1,
    0,
    1,
    1,
    1,
    1,
    1,
    1,
    1,
    1,
    1,
    1,
    0,
    0,
    1,
    1,
    1,
    0,
    1,
    0
  ],
  "PreferNonPublic": [
    1,
    1,
    1,
    1,
    1,
    1,
    1,
    1,
    1,
    1,
    0,
    1,
    1,
    1,
    0,
    0,
    1,
    0,
    0,
    1,
    1,
    1,
    0,
    0,
    0,
    0,
    0,
    0,
    1,
    1,
    1,
    1,
    1,
    1,
    1,
    0,
    0,
    0,
    0,
    0,
    0,
    0,
    1,
    0,
    1,
    0,
    0,
    1,
    0,
    0,
    0,
    0,
    0,
    0,
    0,
    0,
    0,
    0,
    0,
    1,
    1,
    0
  ],
  "PrimitiveTypes": [
    1,
    1,
    1,
    1,
    1,
    1,
    1,
    1,
    1,
    1,
    1,
    1,
    1,
    1,
    1,
    1,
    1,
    1,
    1,
    1,
    1,
    1,
    1,
    1,
    1,
    1,
    1,
    1,
    0.4375,
    1,
    1,
    1,
    1,
    1,
    1,
    1,
    1,
    1,
    1,
    0.75,
    0.3333333333333333,
    1,
    1,
    1,
    1,
    1,
    1,
    1,
    1,
    1,
    1,
    1,
    1,
    1,
    1,
    1,
    1,
    1,
    1,
    1,
    1,
    0.6666666666666666
  ],
  "AffectedFiles": [
    2,
    2,
    2,
    2,
    2,
    2,
    2,
    2,
    2,
    2,
    26,
    2,
    2,
    2,
    2,
    2,
    2,
    2,
    2,
    2,
    2,
    2,
    2,
    2,
    2,
    2,
    2,
    2,
    2,
    2,
    2,
    2,
    2,
    2,
    2,
    2,
    2,
    2,
    1,
    1,
    5,
    2,
    2,
    32,
    2,
    2,
    2,
    2,
    2,
    2,
    2,
    2,
    2,
    2,
    17,
    17,
    2,
    2,
    2,
    2,
    2,
    2
  ]
}