{
  "ValidPrograms": 0,
  "RemainingAttemptCount": 0,
  "RemovedDataClumps": 0,
  "GitChanges": 149.64,
  "CommentOut": 0.8907642735765064,
  "InvalidJSON": 0.9466666666666668
}