{
  "mean": 0.12,
  "count": 30,
  "sum": 2.72,
  "max": 0.33,
  "min": 0,
  "raw": [
    0.3333333333333333,
    0,
    0,
    0,
    0,
    null,
    0.25,
    0.25,
    0.29411764705882354,
    0,
    0,
    null,
    0.3076923076923077,
    null,
    0.26666666666666666,
    0.29411764705882354,
    0.29411764705882354,
    0,
    0.3333333333333333,
    null,
    0.03571428571428571,
    0,
    null,
    null,
    0.058823529411764705,
    0,
    0,
    null,
    null,
    0
  ]
}