{
  "mean": {
    "0": 6.733333333333333,
    "1": 7.525,
    "2": 6.371428571428571,
    "3": 6.444444444444445,
    "4": 5.9375,
    "5": 5.5,
    "6": 6,
    "7": 7,
    "8": 11,
    "9": 11,
    "10": 11,
    "11": 11,
    "12": 11,
    "13": 11,
    "14": 11,
    "15": 11,
    "16": 11,
    "17": 11
  },
  "count": 60,
  "groupedCount": {
    "3": 6,
    "4": 1,
    "5": 2,
    "11": 2,
    "12": 2,
    "15": 7,
    "11,11,11,11,11,11,11,11,11,11,11,11,11,11,11,11,11,11": 1,
    "3,11,11,11,11,11,11,11,11,11,11,11": 1,
    "11,11,11,11,11,11,11,11": 1,
    "5,11": 2,
    "5,11,11": 5,
    "5,11,3,3,3,3": 3,
    "5,11,3,3,3": 1,
    "3,5,11,3,3,3": 1,
    "15,15": 2,
    "15,3,3": 1,
    "3,3,4": 1,
    "3,3,3": 2,
    "3,5,3": 1,
    "12,4,3,4": 1,
    "3,6,3": 1,
    "3,4,3": 3,
    "3,3,12": 1,
    "3,3,3,12,4,4,5": 1,
    "12,12,12,12,12,12,4": 1,
    "12,12,12,12,12": 1,
    "3,4,12": 2,
    "3,4,3,3,4,3,4,3": 3,
    "3,4,3,4,3,4,3": 1,
    "3,4,3,3,4,3,3": 1,
    "3,12": 1,
    "3,3,3,12": 1
  },
  "raw": [
    [
      11,
      11,
      11,
      11,
      11,
      11,
      11,
      11,
      11,
      11,
      11,
      11,
      11,
      11,
      11,
      11,
      11,
      11
    ],
    [
      11
    ],
    [
      3,
      11,
      11,
      11,
      11,
      11,
      11,
      11,
      11,
      11,
      11,
      11
    ],
    [
      11
    ],
    [
      11,
      11,
      11,
      11,
      11,
      11,
      11,
      11
    ],
    [
      5,
      11
    ],
    [
      5,
      11,
      11
    ],
    [
      5,
      11,
      11
    ],
    [
      5,
      11,
      11
    ],
    [
      5,
      11,
      11
    ],
    [
      5,
      11,
      11
    ],
    [
      5,
      11,
      3,
      3,
      3,
      3
    ],
    [
      5,
      11,
      3,
      3,
      3,
      3
    ],
    [
      5,
      11,
      3,
      3,
      3
    ],
    [
      5
    ],
    [
      3,
      5,
      11,
      3,
      3,
      3
    ],
    [
      5,
      11,
      3,
      3,
      3,
      3
    ],
    [
      5
    ],
    [
      3
    ],
    [
      5,
      11
    ],
    [
      15,
      15
    ],
    [
      15
    ],
    [
      15
    ],
    [
      15
    ],
    [
      15,
      15
    ],
    [
      15
    ],
    [
      15
    ],
    [
      15,
      3,
      3
    ],
    [
      15
    ],
    [
      15
    ],
    [
      3
    ],
    [
      3,
      3,
      4
    ],
    [
      3
    ],
    [
      3,
      3,
      3
    ],
    [
      3
    ],
    [
      3
    ],
    [
      3,
      5,
      3
    ],
    [
      3
    ],
    [
      4
    ],
    [
      12
    ],
    [
      12,
      4,
      3,
      4
    ],
    [
      3,
      6,
      3
    ],
    [
      3,
      4,
      3
    ],
    [
      3,
      3,
      12
    ],
    [
      3,
      3,
      3,
      12,
      4,
      4,
      5
    ],
    [
      12,
      12,
      12,
      12,
      12,
      12,
      4
    ],
    [
      12
    ],
    [
      12,
      12,
      12,
      12,
      12
    ],
    [
      3,
      4,
      3
    ],
    [
      3,
      4,
      12
    ],
    [
      3,
      4,
      3,
      3,
      4,
      3,
      4,
      3
    ],
    [
      3,
      4,
      3,
      4,
      3,
      4,
      3
    ],
    [
      3,
      4,
      3
    ],
    [
      3,
      4,
      3,
      3,
      4,
      3,
      4,
      3
    ],
    [
      3,
      4,
      3,
      3,
      4,
      3,
      3
    ],
    [
      3,
      3,
      3
    ],
    [
      3,
      4,
      3,
      3,
      4,
      3,
      4,
      3
    ],
    [
      3,
      12
    ],
    [
      3,
      3,
      3,
      12
    ],
    [
      3,
      4,
      12
    ]
  ]
}