{
  "mean": 0.97,
  "count": 35,
  "sum": 34,
  "max": 1,
  "min": 0.5,
  "raw": [
    1,
    1,
    1,
    1,
    1,
    1,
    1,
    1,
    0.5,
    1,
    1,
    0.8333333333333334,
    0.6666666666666666,
    1,
    1,
    1,
    1,
    1,
    1,
    1,
    1,
    1,
    1,
    1,
    1,
    1,
    1,
    1,
    1,
    1,
    1,
    1,
    1,
    1,
    1
  ]
}