{
  "mean": 0.17,
  "count": 45,
  "sum": 7.86,
  "max": 0.8,
  "min": 0,
  "raw": [
    0.5,
    0.3333333333333333,
    0.4,
    0.5,
    0.5,
    0.3333333333333333,
    0,
    0,
    0,
    0.3333333333333333,
    0,
    0,
    0,
    0,
    0,
    0.3333333333333333,
    0.4,
    0.25,
    0.5,
    0.3333333333333333,
    0.16666666666666666,
    0.2,
    0.3333333333333333,
    0.3333333333333333,
    0,
    0,
    0,
    0,
    0,
    0.14285714285714285,
    0,
    0,
    0.25,
    0.3333333333333333,
    0.3333333333333333,
    0,
    0.25,
    0.8,
    0,
    0,
    0,
    0,
    0,
    0,
    0
  ]
}