{
  "mean": 20.66,
  "count": 45,
  "sum": 929.5,
  "max": 434,
  "min": 4,
  "raw": [
    5.333333333333333,
    15,
    6,
    6,
    6,
    6,
    6,
    6,
    6,
    6,
    6,
    4,
    6,
    434,
    6,
    17.6,
    5.2,
    5.333333333333333,
    25.333333333333332,
    22.8,
    34.333333333333336,
    6.333333333333333,
    5.333333333333333,
    16.8,
    25.333333333333332,
    42,
    19.5,
    9,
    6,
    4,
    5.2,
    5.333333333333333,
    5.333333333333333,
    5.2,
    5.2,
    4,
    6,
    6,
    6,
    6,
    21,
    6,
    18,
    35,
    26
  ]
}