{
  "mean": 19.08,
  "count": 4,
  "sum": 76.3,
  "max": 62.34,
  "min": 1.41,
  "raw": [
    62.3377895020348,
    11.135528725660043,
    1.4142135623730951,
    1.4142135623730951
  ]
}