{
  "ValidPrograms": [
    0,
    0,
    0,
    0,
    0,
    0,
    0,
    0,
    0,
    0,
    0,
    0,
    0,
    0,
    0,
    0,
    0,
    0,
    0,
    0,
    0,
    0,
    0,
    0,
    0,
    0,
    0,
    0,
    0,
    0
  ],
  "RemainingAttemptCount": [
    0,
    0,
    0,
    0,
    0,
    0,
    0,
    0,
    0,
    0,
    0,
    0,
    0,
    0,
    0,
    0,
    0,
    0,
    0,
    0,
    0,
    0,
    0,
    0,
    0,
    0,
    0,
    0,
    0,
    0
  ],
  "RemovedDataClumps": [
    0.008135460478342793,
    4.394262372123507,
    3.49075094828504,
    0,
    0.04068268850889467,
    0.4400881301331765,
    5.790336248183394,
    5.058411177693415,
    1.72868070260904,
    1.0334459293925136,
    2.3864383770831665,
    5.058411177693415,
    4.46177592838265,
    5.79460499957294,
    0.008135460478342793,
    2.9769188602577685,
    0,
    0.008135460478342793,
    2.4196279699435905,
    0.04068268850889467,
    4.4871034340780795,
    2.831108281141937,
    2.4196279699435905,
    2.4196279699435905,
    5.79460499957294,
    4.774527957862674,
    3.5326231190543638,
    7.2335010511174005,
    2.710427781547196,
    4.4871034340780795
  ],
  "GitChanges": [
    172,
    148,
    369,
    202,
    201,
    171,
    195,
    233,
    196,
    115,
    313,
    160,
    238,
    208,
    40,
    262,
    177,
    145,
    142,
    221,
    122,
    103,
    91,
    176,
    170,
    230,
    1711,
    254,
    251,
    124
  ],
  "CommentOut": [
    0.8235294117647058,
    0.8571428571428572,
    0.5747126436781609,
    0.7894736842105263,
    0.8571428571428572,
    0.8,
    0.48888888888888893,
    0.25,
    0.3529411764705882,
    0.8571428571428572,
    0.9210526315789473,
    0.2692307692307693,
    1,
    1,
    0.8823529411764706,
    0.9459459459459459,
    0.7333333333333334,
    0.4666666666666667,
    0.9,
    0.7894736842105263,
    0.5,
    0.9047619047619048,
    0.9130434782608696,
    0.782608695652174,
    0.5882352941176471,
    0.8846153846153846,
    0.7307692307692308,
    1,
    0.85,
    0.33333333333333337
  ],
  "ValidJSON": [
    1,
    1,
    1,
    1,
    1,
    1,
    0.8333333333333334,
    1,
    1,
    1,
    1,
    1,
    1,
    1,
    1,
    1,
    1,
    1,
    1,
    1,
    1,
    1,
    1,
    1,
    1,
    1,
    1,
    1,
    1,
    1
  ],
  "NonEmptyResponse": [
    1,
    1,
    1,
    1,
    1,
    1,
    1,
    1,
    1,
    1,
    1,
    1,
    1,
    1,
    1,
    1,
    1,
    1,
    1,
    1,
    1,
    1,
    1,
    1,
    1,
    1,
    1,
    1,
    1,
    1
  ],
  "ResponseSizeDecrease": [
    1.45645178033842,
    1.5161812297734627,
    2.215358750474538,
    2.0466113045807663,
    2.3018232819074336,
    2.9552364864864864,
    1.5264997815094574,
    2.9158115183246074,
    1.2333572969086988,
    2.097380410022779,
    1.3087686567164178,
    2.3730636833046472,
    8.908583391486392,
    7.742406542056075,
    1.6959418534221684,
    1.1504106776180698,
    2.2945527908540684,
    6.748637602179836,
    1.6005991800693788,
    1.7903149976492714,
    4.221917808219178,
    1.5656773435204232,
    1.7346140163642831,
    1.1986522532640742,
    1.3755897862892035,
    1.347776597359235,
    2.3235985229942933,
    4.959746226208707,
    2.1193557664653437,
    1.6094530549506854
  ],
  "RichClass": [
    null,
    0,
    null,
    1,
    1,
    1,
    0,
    0,
    0,
    0,
    0,
    0,
    0,
    0,
    null,
    0,
    1,
    0,
    1,
    1,
    0,
    0,
    0,
    0,
    null,
    0,
    1,
    1,
    0,
    0
  ],
  "ReferenceErrorOnly": [
    1,
    0.5,
    0.3333333333333333,
    0.6666666666666666,
    1,
    0.8333333333333334,
    0.16666666666666666,
    0.5,
    1,
    1,
    1,
    1,
    0,
    0,
    0.8333333333333334,
    0.6666666666666666,
    1,
    0.3333333333333333,
    1,
    0.5,
    0.3333333333333333,
    0.8333333333333334,
    1,
    0.6666666666666666,
    0,
    0.6666666666666666,
    0.6666666666666666,
    0.16666666666666666,
    0.5,
    0
  ],
  "RemovedVariables": [
    24,
    274,
    269,
    65,
    71,
    135,
    536,
    292,
    55,
    47,
    31,
    292,
    245,
    324,
    25,
    69,
    132,
    50,
    59,
    62,
    267,
    296,
    34,
    59,
    324,
    267,
    320,
    584,
    76,
    249
  ],
  "InstructionChangeType=None": [
    0,
    0,
    0.10344827586206896,
    0,
    0,
    0,
    0.08888888888888889,
    0.6964285714285714,
    0.0392156862745098,
    0,
    0.02631578947368421,
    0.8205128205128205,
    0.5789473684210527,
    0.5,
    0,
    0.5405405405405406,
    0,
    0.3333333333333333,
    0.06666666666666667,
    0,
    0.16666666666666666,
    0,
    0.6086956521739131,
    0.043478260869565216,
    0.35294117647058826,
    0.46153846153846156,
    0.4230769230769231,
    0.20689655172413793,
    0,
    0
  ],
  "InstructionChangeType=ReplaceText": [
    0.11764705882352941,
    0.14285714285714285,
    0.21839080459770116,
    0.15789473684210525,
    0.09523809523809523,
    0.13333333333333333,
    0.17777777777777778,
    0,
    0.09803921568627451,
    0.42857142857142855,
    0.10526315789473684,
    0.02564102564102564,
    0,
    0,
    0.11764705882352941,
    0,
    0.13333333333333333,
    0,
    0.23333333333333334,
    0.10526315789473684,
    0,
    0.09523809523809523,
    0.08695652173913043,
    0.13043478260869565,
    0.23529411764705882,
    0,
    0.19230769230769232,
    0,
    0.05,
    0
  ],
  "InstructionChangeType=SpecificLine": [
    0.8823529411764706,
    0.8571428571428571,
    0.5402298850574713,
    0.8421052631578947,
    0.9047619047619048,
    0.8666666666666667,
    0.7333333333333333,
    0.26785714285714285,
    0.8627450980392157,
    0.5714285714285714,
    0.868421052631579,
    0.15384615384615385,
    0.3684210526315789,
    0.5,
    0.8823529411764706,
    0.4594594594594595,
    0.8666666666666667,
    0.6666666666666666,
    0.7,
    0.8421052631578947,
    0.8333333333333334,
    0.8571428571428571,
    0.30434782608695654,
    0.782608695652174,
    0.23529411764705882,
    0.5,
    0.38461538461538464,
    0.7931034482758621,
    0.85,
    1
  ],
  "InstructionChangeType=SpecificLineAll": [
    0,
    0,
    0.13793103448275862,
    0,
    0,
    0,
    0,
    0.03571428571428571,
    0,
    0,
    0,
    0,
    0.05263157894736842,
    0,
    0,
    0,
    0,
    0,
    0,
    0.05263157894736842,
    0,
    0.047619047619047616,
    0,
    0,
    0.17647058823529413,
    0.038461538461538464,
    0,
    0,
    0.1,
    0
  ],
  "InstructionChangeType=NoneButReplace": [
    0,
    0,
    0,
    0,
    0,
    0,
    0,
    0,
    0,
    0,
    0,
    0,
    0,
    0,
    0,
    0,
    0,
    0,
    0,
    0,
    0,
    0,
    0,
    0.043478260869565216,
    0,
    0,
    0,
    0,
    0,
    0
  ],