{
  "mean": 0.65,
  "count": 51,
  "sum": 33.18,
  "max": 1,
  "min": 0,
  "raw": [
    1,
    0.18181818181818182,
    0.2,
    0.2,
    0.18181818181818182,
    0.18181818181818182,
    0.18181818181818182,
    0.18181818181818182,
    0.18181818181818182,
    0.18181818181818182,
    0.3333333333333333,
    0.3333333333333333,
    0.6666666666666666,
    0.3333333333333333,
    0.6666666666666666,
    0.3333333333333333,
    0.18181818181818182,
    1,
    0.18181818181818182,
    0.18181818181818182,
    0.18181818181818182,
    0.18181818181818182,
    0.18181818181818182,
    0,
    1,
    1,
    1,
    1,
    0.75,
    0.3333333333333333,
    1,
    1,
    1,
    1,
    1,
    1,
    1,
    1,
    1,
    1,
    1,
    1,
    1,
    1,
    1,
    1,
    1,
    1,
    1,
    1,
    0.6666666666666666
  ]
}