{
  "mean": 0.01,
  "count": 30,
  "sum": 0.28,
  "max": 0.07,
  "min": 0,
  "raw": [
    0,
    0,
    0,
    0,
    0.038461538461538464,
    0,
    0,
    0,
    0,
    0,
    0,
    0,
    0,
    0,
    0,
    0,
    0,
    0,
    0,
    0,
    0.03076923076923077,
    0,
    0,
    0.008620689655172414,
    0,
    0.0684931506849315,
    0,
    0.03896103896103896,
    0.0684931506849315,
    0.02666666666666667
  ]
}