{
  "mean": 0.04,
  "count": 30,
  "sum": 1.1,
  "max": 0.29,
  "min": 0,
  "raw": [
    0,
    0,
    0,
    0,
    0,
    0,
    0,
    0,
    0,
    0,
    0,
    0,
    null,
    0,
    0,
    0,
    0,
    0,
    0,
    0,
    0.29411764705882354,
    0.25,
    0.29411764705882354,
    0,
    0,
    null,
    0.26666666666666666,
    null,
    null,
    null
  ]
}