{
  "mean": {
    "0": 10.142857142857142,
    "1": 7.7,
    "2": 8.714285714285714,
    "3": 9.666666666666666,
    "4": 9.666666666666666,
    "5": 9.666666666666666,
    "6": 11,
    "7": 11,
    "8": 11,
    "9": 11,
    "10": 9,
    "11": 11
  },
  "count": 15,
  "groupedCount": {
    "8": 1,
    "11": 3,
    "11,11,11,11,11,11,11,11,11,11,11,11": 1,
    "11,3,3": 1,
    "11,11,11,11,11,11,11,11,11,11,11,11,11": 1,
    "11,11,11,11,11,11,11,11,11,11,5,11,11": 1,
    "11,11,11,11,11,11,11,11,11": 1,
    "11,3": 2,
    "10,10": 1,
    "": 1,
    "11,11,11,11,11,11": 1,
    "3,3,3,3,3,3": 1
  },
  "raw": [
    [
      11,
      11,
      11,
      11,
      11,
      11,
      11,
      11,
      11,
      11,
      11,
      11
    ],
    [
      11
    ],
    [
      8
    ],
    [
      11,
      3,
      3
    ],
    [
      11,
      11,
      11,
      11,
      11,
      11,
      11,
      11,
      11,
      11,
      11,
      11,
      11
    ],
    [
      11,
      11,
      11,
      11,
      11,
      11,
      11,
      11,
      11,
      11,
      5,
      11,
      11
    ],
    [
      11
    ],
    [
      11,
      11,
      11,
      11,
      11,
      11,
      11,
      11,
      11
    ],
    [
      11,
      3
    ],
    [
      11
    ],
    [
      11,
      3
    ],
    [
      10,
      10
    ],
    [],
    [
      11,
      11,
      11,
      11,
      11,
      11
    ],
    [
      3,
      3,
      3,
      3,
      3,
      3
    ]
  ]
}