{
  "mean": {
    "0": 6.67910447761194,
    "1": 7.483870967741935
  },
  "count": 135,
  "groupedCount": {
    "3": 15,
    "4": 4,
    "5": 9,
    "11": 1,
    "12": 6,
    "15": 1,
    "25": 5,
    "5,11": 6,
    "5,11,11": 8,
    "5,11,3,3,3,3": 4,
    "5,11,3,3,3": 2,
    "3,5,11,3,3,3": 1,
    "5,3": 2,
    "5,5,3,3,11": 1,
    "5,3,3,3,3,3,3": 1,
    "3,5": 4,
    "3,11": 1,
    "3,5,11": 1,
    "11,3,3": 1,
    "5,11,11,3": 1,
    "5,11,3,11,3": 1,
    "3,3,4": 2,
    "3,3,3": 3,
    "3,5,3": 1,
    "12,4,3,4": 1,
    "3,6,3": 1,
    "3,4,3": 3,
    "3,3,12": 1,
    "3,3,3,12,4,4,5": 1,
    "12,12,12,12,12,12,4": 1,
    "12,12,12,12,12": 1,
    "3,4,12": 2,
    "3,4,3,3,4,3,4,3": 3,
    "3,4,3,4,3,4,3": 1,
    "3,4,3,3,4,3,3": 1,
    "3,12": 3,
    "3,3,3,12": 1,
    "3,4,5,3,4": 1,
    "3,4,5,4,12,12": 1,
    "15,15,15,3": 1,
    "15,4": 1,
    "3,4,3,3,4,4,4": 1,
    "4,4,3,3": 1,
    "4,3,12": 1,
    "3,3,3,4,3": 1,
    "12,15": 1,
    "15,15": 1,
    "12,4,3,3,5,15": 1,
    "12,12,3,4,4,5": 1,
    "3,3,3,12,4": 1,
    "3,4,3,4,3,3,3": 1,
    "3,3,3,4,4": 1,
    "3,3,12,12,12": 1,
    "4,3": 1,
    "25,3": 1,
    "25,15,3": 1,
    "3,12,5": 2,
    "5,4": 2,
    "": 1,
    "3,12,5,3": 1,
    "25,25": 1,
    "12,5,4,3,3,3,3": 1,
    "3,7": 1,
    "3,6": 2,
    "15,3,15": 1,
    "25,25,25,25,3,15": 1,
    "12,12": 1,
    "15,3,3,3,25": 1
  },
  "raw": [
    [
      5,
      11
    ],
    [
      5,
      11,
      11
    ],
    [
      5,
      11,
      11
    ],
    [
      5,
      11,
      11
    ],
    [
      5,
      11,
      11
    ],
    [
      5,
      11,
      11
    ],
    [
      5,
      11,
      3,
      3,
      3,
      3
    ],
    [
      5,
      11,
      3,
      3,
      3,
      3
    ],
    [
      5,
      11,
      3,
      3,
      3
    ],
    [
      5
    ],
    [
      3,
      5,
      11,
      3,
      3,
      3
    ],
    [
      5,
      11,
      3,
      3,
      3,
      3
    ],
    [
      5
    ],
    [
      3
    ],
    [
      5,
      11
    ],
    [
      5,
      11,
      11
    ],
    [
      5,
      11,
      11
    ],
    [
      5,
      11
    ],
    [
      5,
      3
    ],
    [
      5,
      5,
      3,
      3,
      11
    ],
    [
      5
    ],
    [
      5,
      11,
      3,
      3,
      3,
      3
    ],
    [
      11
    ],
    [
      5,
      3,
      3,
      3,
      3,
      3,
      3
    ],
    [
      5,
      11
    ],
    [
      3,
      5
    ],
    [
      5
    ],
    [
      3,
      5
    ],
    [
      5
    ],
    [
      5,
      11
    ],
    [
      5
    ],
    [
      5,
      11,
      11
    ],
    [
      5,
      11
    ],
    [
      3,
      11
    ],
    [
      3,
      5,
      11
    ],
    [
      11,
      3,
      3
    ],
    [
      5,
      11,
      11,
      3
    ],
    [
      5,
      11,
      3,
      3,
      3
    ],
    [
      5,
      11,
      3,
      11,
      3
    ],
    [
      5
    ],
    [
      3,
      5
    ],
    [
      5,
      3
    ],
    [
      3,
      5
    ],
    [
      4
    ],
    [
      3
    ],
    [
      3
    ],
    [
      3,
      3,
      4
    ],
    [
      3
    ],
    [
      3,
      3,
      3
    ],
    [
      3
    ],
    [
      3
    ],
    [
      3,
      5,
      3
    ],
    [
      3
    ],
    [
      4
    ],
    [
      12
    ],
    [
      12,
      4,
      3,
      4
    ],
    [
      3,
      6,
      3
    ],
    [
      3,
      4,
      3
    ],
    [
      3,
      3,
      12
    ],
    [
      3,
      3,
      3,
      12,
      4,
      4,
      5
    ],
    [
      12,
      12,
      12,
      12,
      12,
      12,
      4
    ],
    [
      12
    ],
    [
      12,
      12,
      12,
      12,
      12
    ],
    [
      3,
      4,
      3
    ],
    [
      3,
      4,
      12
    ],
    [
      3,
      4,
      3,
      3,
      4,
      3,
      4,
      3
    ],
    [
      3,
      4,
      3,
      4,
      3,
      4,
      3
    ],
    [
      3,
      4,
      3
    ],
    [
      3,
      4,
      3,
      3,
      4,
      3,
      4,
      3
    ],
    [
      3,
      4,
      3,
      3,
      4,
      3,
      3
    ],
    [
      3,
      3,
      3
    ],
    [
      3,
      4,
      3,
      3,
      4,
      3,
      4,
      3
    ],
    [
      3,
      12
    ],
    [
      3,
      3,
      3,
      12
    ],
    [
      3,
      4,
      12
    ],
    [
      3,
      4,
      5,
      3,
      4
    ],
    [
      5
    ],
    [
      3,
      4,
      5,
      4,
      12,
      12
    ],
    [
      15,
      15,
      15,
      3
    ],
    [
      15,
      4
    ],
    [
      3
    ],
    [
      3,
      3,
      3
    ],
    [
      25
    ],
    [
      3,
      4,
      3,
      3,
      4,
      4,
      4
    ],
    [
      4,
      4,
      3,
      3
    ],
    [
      4,
      3,
      12
    ],
    [
      12
    ],
    [
      3,
      3,
      3,
      4,
      3
    ],
    [
      12,
      15
    ],
    [
      15,
      15
    ],
    [
      3
    ],
    [
      3,
      12
    ],
    [
      12,
      4,
      3,
      3,
      5,
      15
    ],
    [
      5
    ],
    [
      12
    ],
    [
      12,
      12,
      3,
      4,
      4,
      5
    ],
    [
      3,
      3,
      3,
      12,
      4
    ],
    [
      3
    ],
    [
      3,
      4,
      3,
      4,
      3,
      3,
      3
    ],
    [
      3,
      3,
      3,
      4,
      4
    ],
    [
      12
    ],
    [
      3
    ],
    [
      3,
      3,
      4
    ],
    [
      3
    ],
    [
      3,
      3,
      12,
      12,
      12
    ],
    [
      4
    ],
    [
      4,
      3
    ],
    [
      25,
      3
    ],
    [
      25,
      15,
      3
    ],
    [
      3
    ],
    [
      3,
      12,
      5
    ],
    [
      4
    ],
    [
      25
    ],
    [
      3,
      12
    ],
    [
      25
    ],
    [
      5,
      4
    ],
    [],
    [
      25
    ],
    [
      3,
      12,
      5
    ],
    [
      3,
      12,
      5,
      3
    ],
    [
      25,
      25
    ],
    [
      12,
      5,
      4,
      3,
      3,
      3,
      3
    ],
    [
      15
    ],
    [
      3,
      7
    ],
    [
      5,
      4
    ],
    [
      3,
      6
    ],
    [
      15,
      3,
      15
    ],
    [
      3,
      6
    ],
    [
      25,
      25,
      25,
      25,
      3,
      15
    ],
    [
      12,
      12
    ],
    [
      12
    ],
    [
      15,
      3,
      3,
      3,
      25
    ],
    [
      25
    ],
    [
      3
    ],
    [
      3
    ]
  ]
}