{
  "mean": {
    "0": 12.573529411764707,
    "1": 10.435897435897436,
    "2": 9.392857142857142,
    "3": 10.73913043478261,
    "4": 11.25,
    "5": 12,
    "6": 10.75,
    "7": 10.666666666666666,
    "8": 12,
    "9": 12.181818181818182,
    "10": 11.636363636363637,
    "11": 10.181818181818182,
    "12": 10.857142857142858,
    "13": 10.75,
    "14": 11,
    "15": 11,
    "16": 11,
    "17": 11
  },
  "count": 75,
  "groupedCount": {
    "3": 1,
    "4": 1,
    "8": 1,
    "10": 1,
    "11": 8,
    "15": 14,
    "25": 3,
    "11,11,11,11,11,11,11,11,11,11,11,11,11,11,11,11,11,11": 1,
    "3,11,11,11,11,11,11,11,11,11,11,11": 2,
    "11,11,11,11,11,11,11,11": 1,
    "5,3,3": 2,
    "11,11,11,11,5,11,11,11,11": 1,
    "11,3,3,3": 2,
    "": 7,
    "11,11,11,11,11,11,11,11,11,11,11,11": 1,
    "11,3,3": 1,
    "11,11,11,11,11,11,11,11,11,11,11,11,11": 1,
    "11,11,11,11,11,11,11,11,11,11,5,11,11": 1,
    "11,11,11,11,11,11,11,11,11": 1,
    "11,3": 2,
    "10,10": 1,
    "11,11,11,11,11,11": 2,
    "3,3,3,3,3,3": 1,
    "3,11,11,11,11,11,11,11,11,11,11,11,11,11,11,11,11,11": 1,
    "11,11,11,11,11,11,11,11,11,11,11,11,11,11,11,11,11": 1,
    "11,11,11,11,11,11,11": 1,
    "11,11,11,10,11,11,11,11,11,11,11,11,11": 1,
    "10,10,10,10,10,10,10,10,10,10,10,10,10,10": 1,
    "11,4": 1,
    "11,11,11,11,3": 1,
    "15,15": 3,
    "15,3,3": 1,
    "25,25": 3,
    "3,3,3": 1,
    "25,25,25,25,25,25,16,15": 1,
    "3,4,3,3": 1,
    "25,25,25,25,25,25,3,3,25,25,25,3": 1,
    "15,3": 1
  },
  "raw": [
    [
      11,
      11,
      11,
      11,
      11,
      11,
      11,
      11,
      11,
      11,
      11,
      11,
      11,
      11,
      11,
      11,
      11,
      11
    ],
    [
      11
    ],
    [
      3,
      11,
      11,
      11,
      11,
      11,
      11,
      11,
      11,
      11,
      11,
      11
    ],
    [
      11
    ],
    [
      11,
      11,
      11,
      11,
      11,
      11,
      11,
      11
    ],
    [
      5,
      3,
      3
    ],
    [
      11
    ],
    [
      11,
      11,
      11,
      11,
      5,
      11,
      11,
      11,
      11
    ],
    [
      11,
      3,
      3,
      3
    ],
    [
      5,
      3,
      3
    ],
    [],
    [],
    [
      4
    ],
    [],
    [
      11
    ],
    [
      11,
      11,
      11,
      11,
      11,
      11,
      11,
      11,
      11,
      11,
      11,
      11
    ],
    [
      11
    ],
    [
      8
    ],
    [
      11,
      3,
      3
    ],
    [
      11,
      11,
      11,
      11,
      11,
      11,
      11,
      11,
      11,
      11,
      11,
      11,
      11
    ],
    [
      11,
      11,
      11,
      11,
      11,
      11,
      11,
      11,
      11,
      11,
      5,
      11,
      11
    ],
    [
      11
    ],
    [
      11,
      11,
      11,
      11,
      11,
      11,
      11,
      11,
      11
    ],
    [
      11,
      3
    ],
    [
      11
    ],
    [
      11,
      3
    ],
    [
      10,
      10
    ],
    [],
    [
      11,
      11,
      11,
      11,
      11,
      11
    ],
    [
      3,
      3,
      3,
      3,
      3,
      3
    ],
    [
      3,
      11,
      11,
      11,
      11,
      11,
      11,
      11,
      11,
      11,
      11,
      11,
      11,
      11,
      11,
      11,
      11,
      11
    ],
    [
      3,
      11,
      11,
      11,
      11,
      11,
      11,
      11,
      11,
      11,
      11,
      11
    ],
    [
      11,
      11,
      11,
      11,
      11,
      11,
      11,
      11,
      11,
      11,
      11,
      11,
      11,
      11,
      11,
      11,
      11
    ],
    [
      11,
      11,
      11,
      11,
      11,
      11
    ],
    [
      11,
      11,
      11,
      11,
      11,
      11,
      11
    ],
    [
      11,
      3,
      3,
      3
    ],
    [
      11,
      11,
      11,
      10,
      11,
      11,
      11,
      11,
      11,
      11,
      11,
      11,
      11
    ],
    [],
    [
      10,
      10,
      10,
      10,
      10,
      10,
      10,
      10,
      10,
      10,
      10,
      10,
      10,
      10
    ],
    [
      10
    ],
    [
      11,
      4
    ],
    [
      11
    ],
    [],
    [
      11,
      11,
      11,
      11,
      3
    ],
    [],
    [
      15,
      15
    ],
    [
      15
    ],
    [
      15
    ],
    [
      15
    ],
    [
      15,
      15
    ],
    [
      15
    ],
    [
      15
    ],
    [
      15,
      3,
      3
    ],
    [
      15
    ],
    [
      15
    ],
    [
      25
    ],
    [
      25
    ],
    [
      15
    ],
    [
      25,
      25
    ],
    [
      3,
      3,
      3
    ],
    [
      25,
      25,
      25,
      25,
      25,
      25,
      16,
      15
    ],
    [
      15
    ],
    [
      15
    ],
    [
      15
    ],
    [
      15,
      15
    ],
    [
      25,
      25
    ],
    [
      25
    ],
    [
      3,
      4,
      3,
      3
    ],
    [
      15
    ],
    [
      3
    ],
    [
      15
    ],
    [
      25,
      25
    ],
    [
      15
    ],
    [
      25,
      25,
      25,
      25,
      25,
      25,
      3,
      3,
      25,
      25,
      25,
      3
    ],
    [
      15,
      3
    ]
  ]
}