{
  "mean": {
    "0": 7.383838383838384,
    "1": 7.9855072463768115,
    "2": 6.555555555555555
  },
  "count": 100,
  "groupedCount": {
    "3": 7,
    "5": 8,
    "10": 1,
    "11": 4,
    "12": 3,
    "15": 4,
    "25": 3,
    "5,3,3": 2,
    "11,11,11,11,5,11,11,11,11": 1,
    "11,3,3,3": 2,
    "5,11,11": 3,
    "5,11": 4,
    "5,3": 1,
    "5,5,3,3,11": 1,
    "5,11,3,3,3,3": 4,
    "5,3,3,3,3,3,3": 2,
    "3,5": 2,
    "11,11,11,11,11,11,11,11,11,11,5,11,11": 1,
    "11,11,11,11,11,11,11,11,11": 1,
    "11,3": 1,
    "5,11,3": 2,
    "5,11,11,11,3": 2,
    "5,11,3,3": 1,
    "3,11": 1,
    "3,11,3": 1,
    "3,5,11,3,3": 1,
    "5,11,3,3,3": 2,
    "3,5,11": 2,
    "3,5,3,3,3": 1,
    "3,5,11,3,3,3": 1,
    "11,11,11,10,11,11,11,11,11,11,11,11,11": 1,
    "": 1,
    "10,10,10,10,10,10,10,10,10,10,10,10,10,10": 1,
    "3,5,11,3,3,11": 1,
    "5,11,11,3": 1,
    "3,5,11,3,11": 1,
    "5,3,3,3": 1,
    "5,3,3,3,4": 1,
    "25,25": 1,
    "3,3,3": 2,
    "25,25,25,25,25,25,16,15": 1,
    "15,15": 2,
    "3,4,5,3,4": 1,
    "3,4,5,4,12,12": 1,
    "15,15,15,3": 1,
    "15,4": 1,
    "3,4,3,3,4,4,4": 1,
    "4,4,3,3": 1,
    "4,3,12": 1,
    "3,3,3,4,3": 1,
    "12,15": 1,
    "3,12": 1,
    "12,4,3,3,5,15": 1,
    "12,12,3,4,4,5": 1,
    "3,3,3,12,4": 1,
    "3,4,3,4,3,3,3": 1,
    "3,3,3,4,4": 1,
    "3,3,4": 1,
    "3,3,12,12,12": 1
  },
  "raw": [
    [
      5,
      3,
      3
    ],
    [
      11
    ],
    [
      11,
      11,
      11,
      11,
      5,
      11,
      11,
      11,
      11
    ],
    [
      11,
      3,
      3,
      3
    ],
    [
      5,
      3,
      3
    ],
    [
      5,
      11,
      11
    ],
    [
      5,
      11,
      11
    ],
    [
      5,
      11
    ],
    [
      5,
      3
    ],
    [
      5,
      5,
      3,
      3,
      11
    ],
    [
      5
    ],
    [
      5,
      11,
      3,
      3,
      3,
      3
    ],
    [
      11
    ],
    [
      5,
      3,
      3,
      3,
      3,
      3,
      3
    ],
    [
      5,
      11
    ],
    [
      3,
      5
    ],
    [
      5
    ],
    [
      3,
      5
    ],
    [
      5
    ],
    [
      5,
      11
    ],
    [
      11,
      11,
      11,
      11,
      11,
      11,
      11,
      11,
      11,
      11,
      5,
      11,
      11
    ],
    [
      11
    ],
    [
      11,
      11,
      11,
      11,
      11,
      11,
      11,
      11,
      11
    ],
    [
      11,
      3
    ],
    [
      11
    ],
    [
      5,
      11,
      3
    ],
    [
      5,
      11,
      11,
      11,
      3
    ],
    [
      5,
      11,
      3,
      3
    ],
    [
      3,
      11
    ],
    [
      3,
      11,
      3
    ],
    [
      3,
      5,
      11,
      3,
      3
    ],
    [
      5,
      11,
      3,
      3,
      3
    ],
    [
      5,
      11,
      11
    ],
    [
      3,
      5,
      11
    ],
    [
      5,
      3,
      3,
      3,
      3,
      3,
      3
    ],
    [
      5,
      11,
      3,
      3,
      3,
      3
    ],
    [
      5,
      11,
      3,
      3,
      3,
      3
    ],
    [
      5,
      11,
      3,
      3,
      3,
      3
    ],
    [
      3,
      5,
      3,
      3,
      3
    ],
    [
      3,
      5,
      11,
      3,
      3,
      3
    ],
    [
      11,
      3,
      3,
      3
    ],
    [
      11,
      11,
      11,
      10,
      11,
      11,
      11,
      11,
      11,
      11,
      11,
      11,
      11
    ],
    [],
    [
      10,
      10,
      10,
      10,
      10,
      10,
      10,
      10,
      10,
      10,
      10,
      10,
      10,
      10
    ],
    [
      10
    ],
    [
      3,
      5,
      11,
      3,
      3,
      11
    ],
    [
      5,
      11,
      11,
      11,
      3
    ],
    [
      5,
      11,
      3
    ],
    [
      5,
      11,
      11,
      3
    ],
    [
      5,
      11,
      3,
      3,
      3
    ],
    [
      3,
      5,
      11,
      3,
      11
    ],
    [
      5,
      3,
      3,
      3
    ],
    [
      5,
      3,
      3,
      3,
      4
    ],
    [
      5,
      11
    ],
    [
      3
    ],
    [
      3,
      5,
      11
    ],
    [
      5
    ],
    [
      3
    ],
    [
      5
    ],
    [
      5
    ],
    [
      25
    ],
    [
      25
    ],
    [
      15
    ],
    [
      25,
      25
    ],
    [
      3,
      3,
      3
    ],
    [
      25,
      25,
      25,
      25,
      25,
      25,
      16,
      15
    ],
    [
      15
    ],
    [
      15
    ],
    [
      15
    ],
    [
      15,
      15
    ],
    [
      3,
      4,
      5,
      3,
      4
    ],
    [
      5
    ],
    [
      3,
      4,
      5,
      4,
      12,
      12
    ],
    [
      15,
      15,
      15,
      3
    ],
    [
      15,
      4
    ],
    [
      3
    ],
    [
      3,
      3,
      3
    ],
    [
      25
    ],
    [
      3,
      4,
      3,
      3,
      4,
      4,
      4
    ],
    [
      4,
      4,
      3,
      3
    ],
    [
      4,
      3,
      12
    ],
    [
      12
    ],
    [
      3,
      3,
      3,
      4,
      3
    ],
    [
      12,
      15
    ],
    [
      15,
      15
    ],
    [
      3
    ],
    [
      3,
      12
    ],
    [
      12,
      4,
      3,
      3,
      5,
      15
    ],
    [
      5
    ],
    [
      12
    ],
    [
      12,
      12,
      3,
      4,
      4,
      5
    ],
    [
      3,
      3,
      3,
      12,
      4
    ],
    [
      3
    ],
    [
      3,
      4,
      3,
      4,
      3,
      3,
      3
    ],
    [
      3,
      3,
      3,
      4,
      4
    ],
    [
      12
    ],
    [
      3
    ],
    [
      3,
      3,
      4
    ],
    [
      3
    ],
    [
      3,
      3,
      12,
      12,
      12
    ]
  ]
}