{
  "mean": {
    "0": 5.421052631578948,
    "1": 6.705882352941177
  },
  "count": 20,
  "groupedCount": {
    "3": 1,
    "5": 1,
    "11,3": 1,
    "10,10": 1,
    "": 1,
    "11,11,11,11,11,11": 1,
    "3,3,3,3,3,3": 1,
    "5,11,3": 3,
    "5,11,3,3": 1,
    "5,3": 1,
    "5,3,3,11": 1,
    "10,11,11,3,3": 1,
    "5,3,3": 1,
    "3,3,3": 1,
    "3,5,3,3": 1,
    "3,5": 2,
    "3,5,11,11": 1
  },
  "raw": [
    [
      11,
      3
    ],
    [
      10,
      10
    ],
    [],
    [
      11,
      11,
      11,
      11,
      11,
      11
    ],
    [
      3,
      3,
      3,
      3,
      3,
      3
    ],
    [
      5,
      11,
      3
    ],
    [
      3
    ],
    [
      5,
      11,
      3,
      3
    ],
    [
      5,
      11,
      3
    ],
    [
      5,
      11,
      3
    ],
    [
      5,
      3
    ],
    [
      5,
      3,
      3,
      11
    ],
    [
      10,
      11,
      11,
      3,
      3
    ],
    [
      5
    ],
    [
      5,
      3,
      3
    ],
    [
      3,
      3,
      3
    ],
    [
      3,
      5,
      3,
      3
    ],
    [
      3,
      5
    ],
    [
      3,
      5
    ],
    [
      3,
      5,
      11,
      11
    ]
  ]
}