{
  "mean": {
    "0": 5.716666666666667,
    "1": 9.627450980392156,
    "2": 7.878048780487805,
    "3": 5.909090909090909,
    "4": 5.424242424242424,
    "5": 7.631578947368421,
    "6": 11,
    "7": 11,
    "8": 11,
    "9": 11,
    "10": 11,
    "11": 11,
    "12": 11,
    "13": 11,
    "14": 11,
    "15": 11,
    "16": 11,
    "17": 11
  },
  "count": 60,
  "groupedCount": {
    "3": 1,
    "5": 4,
    "8": 1,
    "11": 3,
    "11,11,11,11,11,11,11,11,11,11,11,11,11,11,11,11,11,11": 1,
    "3,11,11,11,11,11,11,11,11,11,11,11": 2,
    "11,11,11,11,11,11,11,11": 1,
    "5,11": 9,
    "5,11,11": 5,
    "5,11,3,3,3,3": 5,
    "5,11,3,3,3": 6,
    "3,5,11,3,3,3": 3,
    "11,11,11,11,11,11,11,11,11,11,11,11": 1,
    "11,3,3": 1,
    "11,11,11,11,11,11,11,11,11,11,11,11,11": 1,
    "5,11,11,11,3": 2,
    "5,11,3": 2,
    "5,3": 1,
    "3,5,11,3,3": 5,
    "3,5,3,3,3": 1,
    "3,11,11,11,11,11,11,11,11,11,11,11,11,11,11,11,11,11": 1,
    "11,11,11,11,11,11,11,11,11,11,11,11,11,11,11,11,11": 1,
    "11,11,11,11,11,11": 1,
    "11,11,11,11,11,11,11": 1,
    "5,11,3,3,3,11": 1
  },
  "raw": [
    [
      11,
      11,
      11,
      11,
      11,
      11,
      11,
      11,
      11,
      11,
      11,
      11,
      11,
      11,
      11,
      11,
      11,
      11
    ],
    [
      11
    ],
    [
      3,
      11,
      11,
      11,
      11,
      11,
      11,
      11,
      11,
      11,
      11,
      11
    ],
    [
      11
    ],
    [
      11,
      11,
      11,
      11,
      11,
      11,
      11,
      11
    ],
    [
      5,
      11
    ],
    [
      5,
      11,
      11
    ],
    [
      5,
      11,
      11
    ],
    [
      5,
      11,
      11
    ],
    [
      5,
      11,
      11
    ],
    [
      5,
      11,
      11
    ],
    [
      5,
      11,
      3,
      3,
      3,
      3
    ],
    [
      5,
      11,
      3,
      3,
      3,
      3
    ],
    [
      5,
      11,
      3,
      3,
      3
    ],
    [
      5
    ],
    [
      3,
      5,
      11,
      3,
      3,
      3
    ],
    [
      5,
      11,
      3,
      3,
      3,
      3
    ],
    [
      5
    ],
    [
      3
    ],
    [
      5,
      11
    ],
    [
      11,
      11,
      11,
      11,
      11,
      11,
      11,
      11,
      11,
      11,
      11,
      11
    ],
    [
      11
    ],
    [
      8
    ],
    [
      11,
      3,
      3
    ],
    [
      11,
      11,
      11,
      11,
      11,
      11,
      11,
      11,
      11,
      11,
      11,
      11,
      11
    ],
    [
      5,
      11
    ],
    [
      5,
      11,
      11,
      11,
      3
    ],
    [
      5,
      11,
      11,
      11,
      3
    ],
    [
      5,
      11
    ],
    [
      5,
      11
    ],
    [
      5,
      11,
      3
    ],
    [
      5,
      11,
      3,
      3,
      3
    ],
    [
      3,
      5,
      11,
      3,
      3,
      3
    ],
    [
      5,
      3
    ],
    [
      5,
      11,
      3
    ],
    [
      3,
      5,
      11,
      3,
      3
    ],
    [
      3,
      5,
      11,
      3,
      3
    ],
    [
      5,
      11,
      3,
      3,
      3,
      3
    ],
    [
      3,
      5,
      11,
      3,
      3,
      3
    ],
    [
      3,
      5,
      3,
      3,
      3
    ],
    [
      3,
      11,
      11,
      11,
      11,
      11,
      11,
      11,
      11,
      11,
      11,
      11,
      11,
      11,
      11,
      11,
      11,
      11
    ],
    [
      3,
      11,
      11,
      11,
      11,
      11,
      11,
      11,
      11,
      11,
      11,
      11
    ],
    [
      11,
      11,
      11,
      11,
      11,
      11,
      11,
      11,
      11,
      11,
      11,
      11,
      11,
      11,
      11,
      11,
      11
    ],
    [
      11,
      11,
      11,
      11,
      11,
      11
    ],
    [
      11,
      11,
      11,
      11,
      11,
      11,
      11
    ],
    [
      5,
      11
    ],
    [
      5,
      11,
      3,
      3,
      3
    ],
    [
      5,
      11
    ],
    [
      5,
      11
    ],
    [
      5,
      11
    ],
    [
      5,
      11,
      3,
      3,
      3
    ],
    [
      5,
      11,
      3,
      3,
      3
    ],
    [
      5
    ],
    [
      5
    ],
    [
      3,
      5,
      11,
      3,
      3
    ],
    [
      3,
      5,
      11,
      3,
      3
    ],
    [
      5,
      11,
      3,
      3,
      3,
      3
    ],
    [
      5,
      11,
      3,
      3,
      3,
      11
    ],
    [
      3,
      5,
      11,
      3,
      3
    ],
    [
      5,
      11,
      3,
      3,
      3
    ]
  ]
}