{
  "mean": 2.32,
  "count": 9,
  "sum": 20.87,
  "max": 4.47,
  "min": 1.41,
  "raw": [
    1.4142135623730951,
    4.47213595499958,
    3.4641016151377544,
    2.8284271247461903,
    1.4142135623730951,
    2,
    1.4142135623730951,
    2.449489742783178,
    1.4142135623730951
  ]
}