{
  "mean": 6.26,
  "count": 75,
  "sum": 469.46,
  "max": 25,
  "min": 3,
  "raw": [
    9,
    9,
    8,
    4,
    5.4,
    5,
    4.666666666666667,
    11,
    3.2857142857142856,
    8,
    4,
    5,
    4,
    5,
    8,
    6.333333333333333,
    8.2,
    5.5,
    7,
    5.666666666666667,
    5,
    5,
    9,
    6.333333333333333,
    3.2857142857142856,
    4.666666666666667,
    4.666666666666667,
    4.666666666666667,
    3.4,
    4.666666666666667,
    6,
    8.2,
    6.333333333333333,
    7.5,
    5,
    6.6,
    3.5,
    3.6,
    8,
    3,
    6.333333333333333,
    5,
    3,
    5,
    5,
    3.8,
    5,
    6.666666666666667,
    12,
    9.5,
    3,
    3,
    25,
    3.5714285714285716,
    3.5,
    6.333333333333333,
    12,
    3.2,
    13.5,
    15,
    3,
    7.5,
    7,
    5,
    12,
    6.666666666666667,
    5,
    3,
    3.2857142857142856,
    3.4,
    12,
    3,
    3.3333333333333335,
    3,
    8.4
  ]
}