{
  "mean": 6.259492063492062,
  "count": 75,
  "groupedCount": {
    "3": 8,
    "4": 3,
    "5": 12,
    "6": 1,
    "7": 2,
    "8": 4,
    "9": 3,
    "11": 1,
    "12": 4,
    "15": 1,
    "25": 1,
    "5.4": 1,
    "4.666666666666667": 5,
    "3.2857142857142856": 3,
    "6.333333333333333": 5,
    "8.2": 2,
    "5.5": 1,
    "5.666666666666667": 1,
    "3.4": 2,
    "7.5": 2,
    "6.6": 1,
    "3.5": 2,
    "3.6": 1,
    "3.8": 1,
    "6.666666666666667": 2,
    "9.5": 1,
    "3.5714285714285716": 1,
    "3.2": 1,
    "13.5": 1,
    "3.3333333333333335": 1,
    "8.4": 1
  },
  "raw": [
    9,
    9,
    8,
    4,
    5.4,
    5,
    4.666666666666667,
    11,
    3.2857142857142856,
    8,
    4,
    5,
    4,
    5,
    8,
    6.333333333333333,
    8.2,
    5.5,
    7,
    5.666666666666667,
    5,
    5,
    9,
    6.333333333333333,
    3.2857142857142856,
    4.666666666666667,
    4.666666666666667,
    4.666666666666667,
    3.4,
    4.666666666666667,
    6,
    8.2,
    6.333333333333333,
    7.5,
    5,
    6.6,
    3.5,
    3.6,
    8,
    3,
    6.333333333333333,
    5,
    3,
    5,
    5,
    3.8,
    5,
    6.666666666666667,
    12,
    9.5,
    3,
    3,
    25,
    3.5714285714285716,
    3.5,
    6.333333333333333,
    12,
    3.2,
    13.5,
    15,
    3,
    7.5,
    7,
    5,
    12,
    6.666666666666667,
    5,
    3,
    3.2857142857142856,
    3.4,
    12,
    3,
    3.3333333333333335,
    3,
    8.4
  ]
}