{
  "mean": 69.57,
  "count": 30,
  "groupedCount": {
    "2": 9,
    "4": 1,
    "6": 1,
    "8": 1,
    "16": 1,
    "30": 4,
    "73.6": 1,
    "14.833333333333334": 1,
    "1.75": 1,
    "541.4285714285714": 1,
    "380.75": 1,
    "26.333333333333332": 1,
    "27.6": 1,
    "24.666666666666668": 1,
    "18.8": 1,
    "23.142857142857142": 1,
    "27.8": 1,
    "35.666666666666664": 1,
    "718.8": 1
  },
  "raw": [
    73.6,
    6,
    14.833333333333334,
    1.75,
    2,
    30,
    30,
    2,
    541.4285714285714,
    380.75,
    26.333333333333332,
    2,
    27.6,
    2,
    2,
    2,
    16,
    24.666666666666668,
    4,
    2,
    8,
    18.8,
    30,
    23.142857142857142,
    27.8,
    2,
    30,
    35.666666666666664,
    2,
    718.8
  ]
}