{
  "mean": 0.84,
  "count": 30,
  "groupedCount": {
    "0": 4,
    "1": 22,
    "0.5": 1,
    "0.875": 2,
    "0.8333333333333334": 1
  },
  "raw": [
    1,
    1,
    1,
    0,
    0.5,
    1,
    1,
    0,
    0.875,
    1,
    1,
    1,
    1,
    1,
    0,
    0,
    1,
    0.8333333333333334,
    1,
    1,
    1,
    1,
    1,
    0.875,
    1,
    1,
    1,
    1,
    1,
    1
  ]
}