{
  "mean": 0.23,
  "count": 14,
  "sum": 3.27,
  "max": 1,
  "min": 0,
  "raw": [
    0.18181818181818182,
    0.3333333333333333,
    0.6666666666666666,
    0,
    0,
    0,
    0.18181818181818182,
    1,
    0.18181818181818182,
    0.18181818181818182,
    0.18181818181818182,
    0.18181818181818182,
    0.18181818181818182,
    0
  ]
}