{
  "mean": 0.69,
  "count": 103,
  "sum": 70.56,
  "max": 1,
  "min": 0,
  "raw": [
    0.18181818181818182,
    0.18181818181818182,
    0.18181818181818182,
    0.18181818181818182,
    0.18181818181818182,
    0.18181818181818182,
    0.18181818181818182,
    0.18181818181818182,
    0.2,
    0.18181818181818182,
    0,
    0.2,
    0.2,
    0.18181818181818182,
    0.2,
    0,
    0,
    0.2,
    0.6,
    0.3333333333333333,
    0.3333333333333333,
    0,
    0.2,
    0.18181818181818182,
    0.2,
    0.18181818181818182,
    0.18181818181818182,
    0.3333333333333333,
    0.2,
    0,
    0.2,
    0.3333333333333333,
    0.7666666666666667,
    1,
    1,
    0.75,
    1,
    1,
    1,
    0.75,
    0.3333333333333333,
    1,
    1,
    1,
    1,
    0.875,
    0.7666666666666667,
    0.25,
    1,
    0.97,
    1,
    1,
    1,
    1,
    0.75,
    1,
    1,
    0.7666666666666667,
    0.75,
    1,
    1,
    0.4,
    0.7666666666666667,
    0.75,
    0.7666666666666667,
    0.25,
    1,
    1,
    1,
    1,
    1,
    1,
    0.75,
    1,
    1,
    0.8,
    1,
    1,
    1,
    1,
    1,
    1,
    1,
    1,
    1,
    1,
    1,
    1,
    1,
    1,
    1,
    1,
    1,
    1,
    1,
    1,
    1,
    1,
    0.75,
    1,
    1,
    0.75,
    0.75
  ]
}