{
  "mean": 0.19,
  "count": 150,
  "sum": 29.18,
  "max": 1,
  "min": 0,
  "raw": [
    0.2,
    0.18181818181818182,
    0,
    0.2,
    0.18181818181818182,
    0.3333333333333333,
    0.3333333333333333,
    0.3333333333333333,
    0.3333333333333333,
    0.2,
    0.18181818181818182,
    0,
    0.3333333333333333,
    0,
    0,
    0.2,
    0.18181818181818182,
    0.3333333333333333,
    0.3333333333333333,
    0.3333333333333333,
    0.2,
    0,
    0.18181818181818182,
    0.2,
    0.3333333333333333,
    0,
    0.3333333333333333,
    0.3333333333333333,
    0.3333333333333333,
    0.3333333333333333,
    0.2,
    0.18181818181818182,
    0.18181818181818182,
    0.3333333333333333,
    0,
    0,
    0,
    0,
    0,
    0.2,
    0.18181818181818182,
    0.3333333333333333,
    0.3333333333333333,
    0.3333333333333333,
    0.2,
    0.18181818181818182,
    0.3333333333333333,
    0,
    0,
    0.2,
    0.2,
    0,
    0.3333333333333333,
    0.2,
    0.18181818181818182,
    0.3333333333333333,
    0.3333333333333333,
    0.3333333333333333,
    0.3333333333333333,
    0.3333333333333333,
    0.2,
    0.18181818181818182,
    0.3333333333333333,
    0,
    0,
    0.2,
    0.3333333333333333,
    0.2,
    0,
    0,
    0.2,
    0,
    0,
    0,
    0.3333333333333333,
    0.2,
    0.18181818181818182,
    0,
    0.3333333333333333,
    0.2,
    0,
    0.2,
    0.3333333333333333,
    0,
    0,
    0,
    0,
    0.6666666666666666,
    0.2,
    0.3333333333333333,
    0.2,
    0.3333333333333333,
    0.6666666666666666,
    0,
    0.1,
    0,
    0,
    0.3333333333333333,
    0.6666666666666666,
    0.2,
    0,
    0,
    0.3333333333333333,
    0.2,
    0.18181818181818182,
    0.3333333333333333,
    0,
    0,
    0.2,
    0.18181818181818182,
    0.3333333333333333,
    0,
    0,
    0.2,
    0.2,
    0.3333333333333333,
    0.2,
    0.18181818181818182,
    0.3333333333333333,
    0,
    0.3333333333333333,
    0,
    0.18181818181818182,
    0,
    0,
    0.2,
    0.3333333333333333,
    0.3333333333333333,
    0.6666666666666666,
    0.2,
    0,
    0.3333333333333333,
    0,
    1,
    0.2,
    0.18181818181818182,
    0.3333333333333333,
    0.2,
    0.18181818181818182,
    0,
    0,
    0,
    0.18181818181818182,
    0.18181818181818182,
    0.3333333333333333,
    0.2,
    0.18181818181818182,
    0.3333333333333333,
    0.3333333333333333,
    0.2
  ]
}