{
  "mean": 0.92,
  "count": 54,
  "sum": 49.47,
  "max": 1,
  "min": 0.5,
  "raw": [
    1,
    1,
    1,
    1,
    1,
    1,
    1,
    0.75,
    1,
    1,
    1,
    0.75,
    1,
    1,
    0.75,
    0.75,
    0.75,
    1,
    1,
    1,
    0.8,
    1,
    1,
    1,
    1,
    1,
    1,
    0.75,
    1,
    1,
    1,
    1,
    1,
    1,
    1,
    0.75,
    0.75,
    0.75,
    1,
    0.5,
    1,
    0.8333333333333334,
    1,
    1,
    1,
    1,
    0.6666666666666666,
    1,
    0.75,
    0.75,
    0.75,
    1,
    0.6666666666666666,
    1
  ]
}