{
  "mean": 2.16,
  "count": 150,
  "sum": 324.67,
  "max": 5.33,
  "min": 0,
  "raw": [
    3.3333333333333335,
    3.3333333333333335,
    1.3333333333333333,
    3.3333333333333335,
    3.3333333333333335,
    1.3333333333333333,
    3.3333333333333335,
    5.333333333333333,
    3.3333333333333335,
    1.3333333333333333,
    3.3333333333333335,
    1.3333333333333333,
    1.3333333333333333,
    1.3333333333333333,
    1.3333333333333333,
    1.3333333333333333,
    1.3333333333333333,
    1.3333333333333333,
    3.3333333333333335,
    1.3333333333333333,
    1.3333333333333333,
    1.3333333333333333,
    1.3333333333333333,
    1.3333333333333333,
    3.3333333333333335,
    1.3333333333333333,
    1.3333333333333333,
    1.3333333333333333,
    3.3333333333333335,
    1.3333333333333333,
    1.3333333333333333,
    1.3333333333333333,
    1.3333333333333333,
    1.3333333333333333,
    1.3333333333333333,
    5.333333333333333,
    1.3333333333333333,
    1.3333333333333333,
    3.3333333333333335,
    1.3333333333333333,
    1.3333333333333333,
    5.333333333333333,
    1.3333333333333333,
    1.3333333333333333,
    1.3333333333333333,
    5.333333333333333,
    1.3333333333333333,
    1.3333333333333333,
    1.3333333333333333,
    1.3333333333333333,
    1.3333333333333333,
    1.3333333333333333,
    1.3333333333333333,
    1.3333333333333333,
    1.3333333333333333,
    1.3333333333333333,
    1.3333333333333333,
    3.3333333333333335,
    1.3333333333333333,
    1.3333333333333333,
    1.3333333333333333,
    1.3333333333333333,
    1.3333333333333333,
    1.3333333333333333,
    1.3333333333333333,
    3.3333333333333335,
    3.3333333333333335,
    1.3333333333333333,
    1.3333333333333333,
    1.3333333333333333,
    1.3333333333333333,
    1.3333333333333333,
    3.3333333333333335,
    1.3333333333333333,
    1.3333333333333333,
    1.3333333333333333,
    1.3333333333333333,
    1.3333333333333333,
    3.3333333333333335,
    1.3333333333333333,
    3.3333333333333335,
    1.3333333333333333,
    1.3333333333333333,
    5.333333333333333,
    3.3333333333333335,
    1.3333333333333333,
    1.3333333333333333,
    5.333333333333333,
    3.3333333333333335,
    1.3333333333333333,
    3.3333333333333335,
    1.3333333333333333,
    1.3333333333333333,
    3.3333333333333335,
    5.333333333333333,
    3.3333333333333335,
    5.333333333333333,
    1.3333333333333333,
    3.3333333333333335,
    1.3333333333333333,
    3.3333333333333335,
    1.3333333333333333,
    1.3333333333333333,
    3.3333333333333335,
    1.3333333333333333,
    1.3333333333333333,
    3.3333333333333335,
    3.3333333333333335,
    1.3333333333333333,
    3.3333333333333335,
    1.3333333333333333,
    1.3333333333333333,
    1.3333333333333333,
    1.3333333333333333,
    1.3333333333333333,
    3.3333333333333335,
    null,
    3.3333333333333335,
    1.3333333333333333,
    1.3333333333333333,
    3.3333333333333335,
    3.3333333333333335,
    1.3333333333333333,
    1.3333333333333333,
    1.3333333333333333,
    1.3333333333333333,
    1.3333333333333333,
    1.3333333333333333,
    5.333333333333333,
    1.3333333333333333,
    3.3333333333333335,
    3.3333333333333335,
    1.3333333333333333,
    1.3333333333333333,
    3.3333333333333335,
    1.3333333333333333,
    3.3333333333333335,
    1.3333333333333333,
    1.3333333333333333,
    1.3333333333333333,
    5.333333333333333,
    3.3333333333333335,
    3.3333333333333335,
    5.333333333333333,
    1.3333333333333333,
    1.3333333333333333,
    5.333333333333333,
    3.3333333333333335,
    1.3333333333333333,
    1.3333333333333333
  ]
}