{
  "mean": 0.04,
  "count": 30,
  "sum": 0.98,
  "max": 0.17,
  "min": 0,
  "raw": [
    0,
    0,
    0,
    0.08333333333333333,
    0,
    0.10526315789473684,
    0,
    0,
    0.125,
    0.125,
    0,
    0.16666666666666666,
    null,
    0,
    0.16666666666666666,
    null,
    0,
    0.09375,
    0,
    0,
    0.11764705882352941,
    null,
    0,
    0,
    0,
    null,
    null,
    0,
    0,
    0
  ]
}