{
  "OutputFormatCorrectness": [
    0.9239130434782609,
    0.7255434782608695,
    0.7222222222222222,
    0.75,
    1,
    1,
    0.7333333333333333,
    1,
    0.7292225201072386,
    0.7222222222222222,
    0.71875,
    1,
    0.7407407407407407,
    1,
    0.7037037037037037,
    1,
    1,
    1,
    0.75,
    0.75,
    0.75,
    1,
    1,
    1,
    0.75,
    0.75,
    0.7443820224719101,
    0.696969696969697,
    0.9789473684210527,
    0.7333333333333333
  ],
  "DataClumpSize": [
    3,
    5,
    11,
    3,
    3,
    3,
    5,
    11,
    3,
    3,
    3,
    3,
    5,
    3,
    5,
    11,
    5,
    3,
    5,
    5,
    5,
    11,
    3,
    3,
    3,
    3,
    5,
    3,
    5,
    5,
    3,
    5,
    5,
    5,
    11,
    3,
    5,
    5,
    11,
    3,
    3,
    3,
    5,
    5,
    3,
    3,
    4,
    3,
    3,
    11,
    3,
    5,
    11,
    3,
    3,
    3,
    3,
    3,
    11,
    5,
    11,
    3,
    3,
    3,
    3,
    5
  ],
  "DataClumpOccurence": [
    6,
    6,
    6,
    6,
    2,
    6,
    6,
    6,
    6,
    2,
    6,
    34,
    6,
    6,
    6,
    6,
    6,
    6,
    6,
    6,
    6,
    6,
    6,
    6,
    34,
    2,
    6,
    6,
    6,
    6,
    6,
    6,
    6,
    6,
    6,
    6,
    6,
    6,
    6,
    6,
    6,
    6,
    6,
    6,
    2,
    6,
    18,
    2,
    6,
    6,
    6,
    6,
    6,
    6,
    2,
    6,
    6,
    34,
    6,
    6,
    6,
    6,
    6,
    34,
    34,
    6
  ],
  "ParametersToParameters": [
    1,
    1,
    1,
    1,
    1,
    1,
    1,
    1,
    1,
    1,
    1,
    1,
    1,
    1,
    1,
    1,
    1,
    1,
    1,
    1,
    1,
    1,
    1,
    1,
    1,
    1,
    1,
    1,
    1,
    1,
    1,
    1,
    1,
    1,
    1,
    1,
    1,
    1,
    0,
    1,
    1,
    1,
    1,
    1,
    1,
    1,
    1,
    1,
    1,
    1,
    1,
    1,
    1,
    1,
    1,
    1,
    1,
    1,
    1,
    1,
    1,
    1,
    1,
    1,
    1,
    1
  ],
  "FieldToField": [
    0,
    0,
    0,
    0,
    0,
    0,
    0,
    0,
    0,
    0,
    0,
    0,
    0,
    0,
    0,
    0,
    0,
    0,
    0,
    0,
    0,
    0,
    0,
    0,
    0,
    0,
    0,
    0,
    0,
    0,
    0,
    0,
    0,
    0,
    0,
    0,
    0,
    0,
    1,
    0,
    0,
    0,
    0,
    0,
    0,
    0,
    0,
    0,
    0,
    0,
    0,
    0,
    0,
    0,
    0,
    0,
    0,
    0,
    0,
    0,
    0,
    0,
    0,
    0,
    0,
    0
  ],
  "PreferNonPublic": [
    0,
    0,
    0,
    0,
    0,
    0,
    0,
    0,
    0,
    0,
    0,
    0,
    0,
    0,
    0,
    0,
    0,
    0,
    0,
    0,
    0,
    0,
    0,
    0,
    0,
    0,
    0,
    0,
    0,
    0,
    0,
    0,
    0,
    0,
    0,
    0,
    0,
    0,
    1,
    0,
    0,
    0,
    0,
    0,
    0,
    0,
    0,
    0,
    0,
    0,
    0,
    0,
    0,
    0,
    0,
    0,
    0,
    0,
    0,
    0,
    0,
    0,
    0,
    0,
    0,
    0
  ],
  "PrimitiveTypes": [
    0.3333333333333333,
    0.2,
    0.18181818181818182,
    0.3333333333333333,
    0,
    0,
    0.2,
    0.18181818181818182,
    0.3333333333333333,
    0,
    0,
    0.3333333333333333,
    0.2,
    0.3333333333333333,
    0.2,
    0.18181818181818182,
    0.2,
    0.3333333333333333,
    0.2,
    0.2,
    0.2,
    0.18181818181818182,
    0.3333333333333333,
    0.3333333333333333,
    0.3333333333333333,
    0.3333333333333333,
    0.2,
    0.3333333333333333,
    0.2,
    0.2,
    0.3333333333333333,
    0.2,
    0.2,
    0.2,
    0.18181818181818182,
    0.3333333333333333,
    0.2,
    0.2,
    0,
    0.3333333333333333,
    0.3333333333333333,
    0.3333333333333333,
    0.2,
    0.2,
    0,
    0.3333333333333333,
    0,
    0,
    0.3333333333333333,
    0.18181818181818182,
    0.3333333333333333,
    0.2,
    0.18181818181818182,
    0.3333333333333333,
    0,
    0,
    0.3333333333333333,
    0.3333333333333333,
    0.18181818181818182,
    0.2,
    0.18181818181818182,
    0.3333333333333333,
    0.3333333333333333,
    0.3333333333333333,
    0.3333333333333333,
    0.2
  ],
  "AffectedFiles": [
    3,
    3,
    3,
    3,
    2,
    3,
    3,
    3,
    3,
    2,
    3,
    5,
    3,
    3,
    3,
    3,
    3,
    3,
    3,
    3,
    3,
    3,
    4,
    4,
    5,
    2,
    3,
    3,
    3,
    3,
    3,
    3,
    3,
    3,
    3,
    3,
    3,
    3,
    3,
    3,
    3,
    3,
    3,
    3,
    1,
    3,
    3,
    1,
    3,
    3,
    3,
    3,
    3,
    3,
    2,
    3,
    4,
    5,
    3,
    3,
    3,
    4,
    4,
    5,
    5,
    3
  ],
  "Time": [
    143.80833333333334,
    130.0075,
    21.272,
    22.464,
    66.813,
    24.86,
    38.023,
    24.417,
    121.9525,
    23.18,
    68.33,
    18.814,
    45.524,
    30.134,
    74.266,
    17.925,
    29.714,
    55.328,
    15.556,
    16.38,
    59.072,
    51.258,
    53.496,
    21.825,
    23.247,
    17.675,
    84.291,
    51.541,
    112.018,
    20.023
  ],
  "Price": [
    0.47535,
    0.29613,
    0.18696000000000002,
    0.17886000000000002,
    0.22872,
    0.17010000000000003,
    0.18570000000000003,
    0.16680000000000003,
    0.5563899999999999,
    0.17046000000000003,
    0.19692,
    0.17934,
    0.20061,
    0.18591000000000002,
    0.23229,
    0.16200000000000003,
    0.17190000000000003,
    0.19602000000000003,
    0.16227000000000003,
    0.16275,
    0.19797,
    0.19833,
    0.19713,
    0.17889,
    0.17997000000000002,
    0.16422000000000003,
    0.51613,
    0.19056,
    0.48178,
    0.16797
  ],
  "Surety": [
    6,
    3.75,
    1,
    1,
    2,
    1,
    2,
    1,
    3,
    1,
    2,
    1,
    2,
    1,
    2,
    1,
    1,
    2,
    1,
    1,
    2,
    2,
    1.75,
    0.75,
    1,
    1,
    5.5,
    1,
    3,
    1
  ],
  "Number data clumps": [
    6,
    6,
    1,
    1,
    2,
    1,
    2,
    1,
    6,
    1,
    2,
    1,
    2,
    1,
    2,
    1,
    1,
    2,
    1,
    1,
    2,
    2,
    2,
    1,
    1,
    1,
    8,
    1,
    6,
    1
  ],
  "ValidJSON": [
    0,
    0,
    1,
    1,
    1,
    1,
    1,
    1,
    0,
    1,
    1,
    1,
    1,
    1,
    1,
    1,
    1,
    1,
    1,
    1,
    1,
    1,
    1,
    1,
    1,
    1,
    0,
    1,
    0,
    1
  ]
}