{
  "mean": 0.8236671264611176,
  "count": 12,
  "groupedCount": {
    "0.8888888888888888": 1,
    "0.8148148148148148": 4,
    "0.8210526315789474": 1,
    "0.8333333333333334": 1,
    "0.8085106382978723": 2,
    "0.8173913043478261": 1,
    "0.8235294117647058": 2
  },
  "raw": [
    0.8888888888888888,
    0.8148148148148148,
    0.8210526315789474,
    0.8333333333333334,
    0.8085106382978723,
    0.8173913043478261,
    0.8235294117647058,
    0.8148148148148148,
    0.8085106382978723,
    0.8148148148148148,
    0.8235294117647058,
    0.8148148148148148
  ]
}