{
  "mean": 15.43,
  "count": 25,
  "sum": 385.66,
  "max": 94,
  "min": 2,
  "raw": [
    6,
    6.333333333333333,
    6,
    31.714285714285715,
    6,
    5.2,
    36.4,
    4,
    4,
    17.714285714285715,
    5.2,
    42.5,
    94,
    6,
    6,
    26.333333333333332,
    2,
    27.6,
    2,
    2,
    2,
    16,
    24.666666666666668,
    4,
    2
  ]
}