{
  "mean": 0.83,
  "count": 30,
  "sum": 24.77,
  "max": 1,
  "min": 0,
  "raw": [
    1,
    0,
    0.7333333333333333,
    0.9859550561797753,
    1,
    0.72,
    1,
    0.7333333333333333,
    1,
    0.7380952380952381,
    0.7435897435897436,
    0.7391304347826086,
    0.75,
    0.7407407407407407,
    0.7333333333333333,
    1,
    0.7447447447447447,
    0.7407407407407407,
    0.7333333333333333,
    0.746268656716418,
    1,
    1,
    0.75,
    1,
    1,
    0.7,
    0.75,
    0.990990990990991,
    1,
    1
  ]
}