{
  "mean": 8.82,
  "count": 60,
  "groupedCount": {
    "2": 11,
    "3": 8,
    "4": 5,
    "6": 9,
    "15": 1,
    "34": 1,
    "35": 1,
    "44.666666666666664": 1,
    "6.333333333333333": 1,
    "40.8": 2,
    "5.333333333333333": 5,
    "13.6": 2,
    "23.333333333333332": 1,
    "17.6": 1,
    "5.2": 7,
    "25.333333333333332": 1,
    "22.8": 1,
    "5.777777777777778": 1,
    "7.2": 1
  },
  "raw": [
    2,
    2,
    6,
    2,
    2,
    3,
    4,
    4,
    4,
    4,
    4,
    44.666666666666664,
    6.333333333333333,
    40.8,
    6,
    5.333333333333333,
    15,
    6,
    6,
    6,
    2,
    2,
    2,
    34,
    2,
    3,
    13.6,
    13.6,
    3,
    3,
    23.333333333333332,
    40.8,
    5.333333333333333,
    35,
    6,
    17.6,
    5.2,
    5.333333333333333,
    25.333333333333332,
    22.8,
    5.777777777777778,
    6,
    2,
    2,
    2,
    3,
    7.2,
    3,
    3,
    3,
    5.2,
    5.2,
    6,
    6,
    5.2,
    5.2,
    5.333333333333333,
    5.333333333333333,
    5.2,
    5.2
  ]
}