{
  "mean": 0.61,
  "count": 60,
  "sum": null,
  "max": 0.85,
  "min": 0,
  "raw": [
    0.038461538461538464,
    0.6153846153846154,
    0.5949008498583569,
    0.5925925925925926,
    0,
    0.8524590163934426,
    0.8448275862068966,
    0.8472222222222222,
    0.8472222222222222,
    0.8502415458937198,
    0.8484848484848485,
    0.6323529411764706,
    0.8246445497630331,
    0.5794621026894865,
    0.5853658536585366,
    0.7577937649880095,
    0,
    0.5853658536585366,
    0.5925925925925926,
    0.8376068376068376,
    0.4,
    0.5925925925925926,
    0.5742574257425742,
    0.6060606060606061,
    0.6096096096096096,
    0.8529411764705882,
    0.835920177383592,
    0.8351409978308026,
    0.8539325842696629,
    0.8548387096774194,
    0.8448275862068966,
    0.8254310344827587,
    0.823394495412844,
    0.8235294117647058,
    0.8409090909090909,
    0.5770171149144254,
    0,
    0.8171296296296297,
    null,
    0.8169014084507042,
    0.11538461538461539,
    0,
    0,
    0.5771971496437055,
    0.38235294117647056,
    0.8529411764705882,
    0.8156028368794326,
    0.8529411764705882,
    0.8529411764705882,
    0.8529411764705882,
    0.39705882352941174,
    0,
    0.8292682926829268,
    0.8292682926829268,
    0.6323529411764706,
    0.38235294117647056,
    0,
    0.5441176470588235,
    0.7612293144208038,
    0.5791962174940898
  ]
}