{
  "ValidPrograms": 0.19333333333333333,
  "RemainingAttemptCount": 0.9533333333333334,
  "RemovedDataClumps": -40.973333333333336,
  "GitChanges": 206.72666666666666,
  "CommentOut": 0.621867658064561,
  "InvalidJSON": 0.9577777777777773
}