{
  "mean": 9.8,
  "count": 25,
  "sum": 245,
  "max": 39.5,
  "min": 0,
  "raw": [
    35.333333333333336,
    2,
    6,
    39.5,
    24.666666666666668,
    6,
    2,
    2,
    21,
    2,
    39.5,
    6,
    null,
    34,
    6,
    2,
    2,
    2,
    2,
    1,
    2,
    2,
    2,
    2,
    2
  ]
}