{
  "mean": 0.06,
  "count": 90,
  "sum": 5.54,
  "max": 0.08,
  "min": 0.05,
  "raw": [
    0.06094000000000001,
    0.06094000000000001,
    0.06298000000000001,
    0.06094000000000001,
    0.06094000000000001,
    0.06094000000000001,
    0.06427000000000001,
    0.06361,
    0.061840000000000006,
    0.06094000000000001,
    0.06385,
    0.06358,
    0.06367,
    0.06451,
    0.06727,
    0.06385,
    0.06505,
    0.06385,
    0.06385,
    0.06385,
    0.07046,
    0.07441999999999999,
    0.07748,
    0.07111999999999999,
    0.07250000000000001,
    0.07100000000000001,
    0.07111999999999999,
    0.07049,
    0.07250000000000001,
    0.05465,
    0.05095,
    0.06766,
    0.04723,
    0.05095,
    0.050620000000000005,
    0.050620000000000005,
    0.05086,
    0.05056,
    0.050620000000000005,
    0.050620000000000005,
    0.0608,
    0.0608,
    0.0608,
    0.0608,
    0.0608,
    0.0608,
    0.05162,
    0.0482,
    0.0482,
    0.04796,
    0.05421000000000001,
    0.05421000000000001,
    0.05523,
    0.055560000000000005,
    0.05421000000000001,
    0.055170000000000004,
    0.05523,
    0.054900000000000004,
    0.05523,
    0.05523,
    0.058679999999999996,
    0.060419999999999995,
    0.060419999999999995,
    0.060419999999999995,
    0.060419999999999995,
    0.05934,
    0.0603,
    0.060419999999999995,
    0.058679999999999996,
    0.0603,
    0.06432,
    0.06357,
    0.06609000000000001,
    0.0627,
    0.06609000000000001,
    0.06603,
    0.0627,
    0.06174,
    0.06495000000000001,
    0.06405,
    0.06981,
    0.07008,
    0.069,
    0.069,
    0.069,
    0.069,
    0.069,
    0.07062,
    0.07062,
    0.06954
  ]
}