{
  "mean": 0.20588235294117646,
  "median": 0,
  "variance": 0.16349480968858138,
  "count": 7,
  "groupedCount": {
    "0": 27,
    "1": 7
  }
}