{
  "mean": 0.23529411764705882,
  "median": 0,
  "variance": 0.17993079584775082,
  "count": 8,
  "groupedCount": {
    "0": 26,
    "1": 8
  }
}