{
  "mean": 0.4411764705882353,
  "median": 0,
  "variance": 0.2465397923875432,
  "count": 15,
  "groupedCount": {
    "0": 19,
    "1": 15
  }
}