{
  "Surety": [
    null,
    -1.25,
    null,
    -1.25,
    null,
    -1.5,
    0.75,
    null,
    -1,
    -5.75,
    0,
    0,
    1,
    0,
    -1.25,
    1.5,
    1,
    1,
    null,
    1.5,
    0.75,
    null,
    2.25,
    null,
    1,
    -1.25,
    0.75,
    1,
    1.5,
    2.25,
    null,
    0.75,
    1,
    1,
    -0.5,
    1.5,
    1,
    3.25,
    0.75,
    0.75,
    1,
    -2.5,
    1,
    -1,
    -1.25
  ],
  "Number data clumps": [
    0,
    1,
    0,
    1,
    0,
    3,
    1,
    0,
    4,
    3,
    0,
    0,
    1,
    0,
    1,
    2,
    1,
    1,
    0,
    2,
    1,
    0,
    3,
    0,
    1,
    1,
    1,
    1,
    2,
    3,
    0,
    1,
    1,
    1,
    2,
    2,
    1,
    4,
    1,
    1,
    1,
    2,
    1,
    12,
    2
  ],
  "OutputFormatCorrectness": [
    null,
    0.6153846153846154,
    null,
    0.5925925925925926,
    null,
    0.5925925925925926,
    0.8514851485148515,
    null,
    0.5977011494252874,
    0.8125,
    null,
    null,
    0.5740740740740741,
    null,
    0.6153846153846154,
    0.8148148148148148,
    0.8888888888888888,
    0.8888888888888888,
    null,
    0.8148148148148148,
    0.8148148148148148,
    null,
    0.5909090909090909,
    null,
    0.8888888888888888,
    0.8148148148148148,
    0.8545454545454545,
    0.8888888888888888,
    0.8888888888888888,
    0.8,
    null,
    0.8,
    0.5783132530120482,
    0.9,
    0.8085106382978723,
    0.8314606741573034,
    0.575,
    0.594059405940594,
    0.8,
    0.8148148148148148,
    0.8888888888888888,
    0.5925925925925926,
    0.9230769230769231,
    0.8397435897435898,
    0.8085106382978723
  ],
  "ValidJSON": [
    0,
    1,
    0,
    1,
    0,
    1,
    1,
    0,
    1,
    1,
    1,
    1,
    1,
    1,
    1,
    1,
    1,
    1,
    0,
    1,
    1,
    0,
    1,
    0,
    1,
    1,
    1,
    1,
    1,
    1,
    0,
    1,
    1,
    1,
    1,
    1,
    1,
    1,
    1,
    1,
    1,
    1,
    1,
    1,
    1
  ],
  "DataClumpSize": [
    11,
    11,
    5,
    3,
    3,
    5,
    3,
    3,
    3,
    3,
    5,
    3,
    3,
    4,
    11,
    15,
    15,
    15,
    15,
    15,
    15,
    15,
    15,
    3,
    3,
    15,
    25,
    25,
    15,
    25,
    25,
    3,
    3,
    3,
    15,
    15,
    15,
    15,
    15,
    25,
    25,
    25,
    3,
    4,
    3,
    3,
    15,
    3,
    15,
    25,
    25,
    15,
    25,
    25,
    25,
    25,
    25,
    25,
    3,
    3,
    25,
    25,
    25,
    3,
    15,
    3
  ],
  "DataClumpOccurence": [
    2,
    2,
    6,
    64,
    36,
    6,
    6,
    64,
    36,
    56,
    6,
    12,
    56,
    434,
    6,
    2,
    2,
    2,
    2,
    2,
    2,
    2,
    2,
    833,
    1,
    2,
    2,
    2,
    2,
    2,
    2,
    1,
    1,
    1,
    2,
    2,
    2,
    2,
    2,
    2,
    2,
    2,
    2,
    2,
    6,
    2,
    2,
    3558,
    2,
    2,
    2,
    2,
    2,
    2,
    2,
    2,
    2,
    2,
    287,
    287,
    2,
    2,
    2,
    1,
    2,
    2
  ],
  "ParametersToParameters": [
    1,
    1,
    1,
    1,
    1,
    1,
    1,
    1,
    1,
    1,
    1,
    1,
    1,
    1,
    1,
    0,
    0,
    0,
    0,
    0,
    0,
    0,
    0,
    1,
    0,
    0,
    0,
    0,
    0,
    0,
    0,
    0,
    0,
    0,
    0,
    0,
    0,
    0,
    0,
    0,
    0,
    0,
    1,
    1,
    1,
    1,
    0,
    1,
    0,
    0,
    0,
    0,
    0,
    0,
    0,
    0,
    0,
    0,
    0,
    0,
    0,
    0,
    0,
    0,
    0,
    1
  ],
  "FieldToField": [
    0,
    0,
    0,
    0,
    0,
    0,
    0,
    0,
    0,
    0,
    0,
    0,
    0,
    0,
    0,
    1,
    1,
    1,
    1,
    1,
    1,
    1,
    1,
    0,
    0,
    1,
    1,
    1,
    1,
    1,
    1,
    0,
    0,
    0,
    1,
    1,
    1,
    1,
    1,
    1,
    1,
    1,
    0,
    0,
    0,
    0,
    1,
    0,
    1,
    1,
    1,
    1,
    1,
    1,
    1,
    1,
    1,
    1,
    0,
    0,
    1,
    1,
    1,
    0,
    1,
    0
  ],
  "PreferNonPublic": [
    0,
    0,
    0,
    0,
    0,
    0,
    0,
    0,
    0,
    1,
    0,
    0,
    1,
    1,
    0,
    1,
    1,
    1,
    1,
    1,
    1,
    1,
    1,
    0,
    1,
    1,
    0,
    0,
    1,
    0,
    0,
    1,
    1,
    1,
    1,
    1,
    1,
    1,
    1,
    0,
    0,
    0,
    0,
    0,
    0,
    0,
    1,
    0,
    1,
    0,
    0,
    1,
    0,
    0,
    0,
    0,
    0,
    0,
    0,
    0,
    0,
    0,
    0,
    1,
    1,
    0
  ],
  "PrimitiveTypes": [
    0.18181818181818182,
    0.18181818181818182,
    0.6,
    0.3333333333333333,
    0.6666666666666666,
    0,
    0.3333333333333333,
    0.3333333333333333,
    0.6666666666666666,
    0,
    0.2,
    0,
    0,
    1,
    0.18181818181818182,
    1,
    1,
    1,
    1,
    1,
    1,
    1,
    1,
    1,
    1,
    1,
    1,
    1,
    1,
    1,
    1,
    1,
    1,
    1,
    1,
    1,
    1,
    1,
    1,
    1,
    1,
    1,
    1,
    0.75,
    0.3333333333333333,
    1,
    1,
    1,
    1,
    1,
    1,
    1,
    1,
    1,
    1,
    1,
    1,
    1,
    1,
    1,
    1,
    1,
    1,
    1,
    1,
    0.6666666666666666
  ],
  "AffectedFiles": [
    2,
    2,
    3,
    5,
    4,
    3,
    3,
    5,
    4,
    1,
    3,
    3,
    1,
    41,
    3,
    2,
    2,
    2,
    2,
    2,
    2,
    2,
    2,
    26,
    2,
    2,
    2,
    2,
    2,
    2,
    2,
    2,
    2,
    2,
    2,
    2,
    2,
    2,
    2,
    2,
    2,
    2,
    1,
    1,
    5,
    2,
    2,
    32,
    2,
    2,
    2,
    2,
    2,
    2,
    2,
    2,
    2,
    2,
    17,
    17,
    2,
    2,
    2,
    2,
    2,
    2
  ]
}