{
  "mean": 0.81,
  "count": 300,
  "sum": 243.56,
  "max": 1,
  "min": 0,
  "raw": [
    0.9444444444444444,
    1,
    0.9230769230769231,
    1,
    1,
    0.5,
    0.6666666666666666,
    0.6666666666666666,
    0.6666666666666666,
    0.6666666666666666,
    0.6666666666666666,
    0.8571428571428571,
    1,
    0.8333333333333334,
    1,
    1,
    1,
    1,
    1,
    1,
    1,
    1,
    0.9,
    1,
    1,
    0.6666666666666666,
    0.6666666666666666,
    0.5,
    1,
    1,
    1,
    1,
    1,
    1,
    1,
    1,
    1,
    1,
    1,
    1,
    null,
    null,
    1,
    null,
    1,
    1,
    0.6666666666666666,
    0.5,
    0.5,
    0.6666666666666666,
    1,
    1,
    1,
    0.8,
    1,
    1,
    1,
    0.5,
    1,
    1,
    0.9230769230769231,
    1,
    1,
    1,
    1,
    0.5,
    0.5,
    0.6,
    0.5,
    0.5,
    0.6666666666666666,
    1,
    1,
    1,
    0.6666666666666666,
    0.8333333333333334,
    1,
    1,
    1,
    1,
    1,
    1,
    0.9,
    1,
    1,
    0.6666666666666666,
    0.6,
    0.75,
    0.5,
    0.6666666666666666,
    0.8333333333333334,
    0.8,
    0.6666666666666666,
    0.6666666666666666,
    0.8571428571428571,
    1,
    1,
    1,
    1,
    0.8571428571428571,
    1,
    1,
    1,
    1,
    1,
    1,
    1,
    0.75,
    0.6666666666666666,
    0.6666666666666666,
    1,
    0.75,
    0.2,
    1,
    1,
    1,
    1,
    0.5,
    1,
    1,
    0.9444444444444444,
    1,
    1,
    0.8571428571428571,
    0.875,
    0.5,
    0.8333333333333334,
    0.5,
    0.5,
    0.5,
    0.8333333333333334,
    0.8333333333333334,
    1,
    1,
    0.8333333333333334,
    0.8333333333333334,
    1,
    0.8333333333333334,
    0.8333333333333334,
    0.8333333333333334,
    1,
    1,
    1,
    0.9285714285714286,
    1,
    0.8333333333333334,
    0.6,
    0.6666666666666666,
    0.5,
    0.8333333333333334,
    0.8,
    1,
    1,
    1,
    1,
    0.6666666666666666,
    1,
    1,
    1,
    1,
    1,
    1,
    1,
    1,
    1,
    0.5,
    0.6666666666666666,
    0.75,
    0.5,
    1,
    1,
    1,
    1,
    1,
    1,
    1,
    1,
    0.75,
    1,
    0.8,
    1,
    0,
    0,
    0,
    1,
    1,
    0,
    1,
    0,
    0,
    1,
    1,
    1,
    1,
    1,
    1,
    1,
    1,
    1,
    1,
    1,
    0,
    0,
    1,
    0.875,
    0.8571428571428571,
    1,
    1,
    1,
    1,
    0.875,
    1,
    1,
    0.875,
    1,
    1,
    0.875,
    1,
    1,
    1,
    1,
    0,
    0,
    0,
    1,
    0.8888888888888888,
    1,
    1,
    0,
    1,
    1,
    1,
    1,
    0,
    0.5,
    1,
    1,
    0,
    0.875,
    1,
    1,
    1,
    1,
    1,
    0,
    0,
    1,
    0.8333333333333334,
    1,
    1,
    1,
    1,
    1,
    0.875,
    1,
    1,
    1,
    1,
    1,
    1,
    1,
    1,
    1,
    1,
    1,
    0,
    1,
    0,
    0.08333333333333333,
    1,
    1,
    1,
    0,
    0,
    1,
    1,
    0,
    0,
    1,
    1,
    1,
    null,
    1,
    0.6666666666666666,
    1,
    0,
    1,
    1,
    0.5,
    1,
    0.5,
    0,
    1,
    1,
    1,
    1,
    0.6,
    0,
    1,
    1
  ]
}