{
  "mean": 0.8441904761904762,
  "count": 75,
  "groupedCount": {
    "0": 2,
    "1": 40,
    "0.5": 9,
    "0.6666666666666666": 7,
    "0.8571428571428571": 2,
    "0.8333333333333334": 10,
    "0.6": 1,
    "0.875": 4
  },
  "raw": [
    0.5,
    0.6666666666666666,
    0.6666666666666666,
    0.6666666666666666,
    0.6666666666666666,
    0.6666666666666666,
    0.8571428571428571,
    1,
    0.8333333333333334,
    1,
    1,
    1,
    1,
    1,
    1,
    0.5,
    0.5,
    0.6,
    0.5,
    0.5,
    0.6666666666666666,
    1,
    1,
    1,
    0.6666666666666666,
    0.8333333333333334,
    1,
    1,
    1,
    1,
    0.5,
    0.8333333333333334,
    0.5,
    0.5,
    0.5,
    0.8333333333333334,
    0.8333333333333334,
    1,
    1,
    0.8333333333333334,
    0.8333333333333334,
    1,
    0.8333333333333334,
    0.8333333333333334,
    0.8333333333333334,
    1,
    1,
    1,
    1,
    1,
    1,
    1,
    1,
    1,
    1,
    1,
    0,
    0,
    1,
    0.875,
    0.8571428571428571,
    1,
    1,
    1,
    1,
    0.875,
    1,
    1,
    0.875,
    1,
    1,
    0.875,
    1,
    1,
    1
  ]
}