{
  "mean": 0.11,
  "count": 60,
  "groupedCount": {
    "0": 39,
    "0.1": 1,
    "0.3333333333333333": 8,
    "0.5": 3,
    "0.4": 2,
    "0.25": 1,
    "0.16666666666666666": 3,
    "0.2": 2,
    "0.14285714285714285": 1
  },
  "raw": [
    0,
    0,
    0.1,
    0,
    0,
    0.3333333333333333,
    0.3333333333333333,
    0.5,
    0,
    0,
    0,
    0,
    0,
    0,
    0,
    0,
    0,
    0,
    0,
    0,
    0,
    0,
    0,
    0,
    0,
    0.3333333333333333,
    0.4,
    0.25,
    0.5,
    0.3333333333333333,
    0.16666666666666666,
    0.2,
    0.3333333333333333,
    0.3333333333333333,
    0,
    0,
    0,
    0,
    0,
    0.14285714285714285,
    0,
    0,
    0,
    0,
    0,
    0.16666666666666666,
    0.4,
    0.3333333333333333,
    0.5,
    0.16666666666666666,
    0.2,
    0,
    0,
    0,
    0,
    0.3333333333333333,
    0,
    0,
    0,
    0
  ]
}