{
  "mean": 0.89,
  "count": 60,
  "sum": 53.33,
  "max": 1,
  "min": 0.5,
  "raw": [
    1,
    1,
    0.9,
    1,
    1,
    0.6666666666666666,
    0.6666666666666666,
    0.5,
    1,
    1,
    1,
    1,
    1,
    1,
    1,
    1,
    1,
    1,
    1,
    1,
    1,
    1,
    0.9,
    1,
    1,
    0.6666666666666666,
    0.6,
    0.75,
    0.5,
    0.6666666666666666,
    0.8333333333333334,
    0.8,
    0.6666666666666666,
    0.6666666666666666,
    0.8571428571428571,
    1,
    1,
    1,
    1,
    0.8571428571428571,
    1,
    1,
    1,
    0.9285714285714286,
    1,
    0.8333333333333334,
    0.6,
    0.6666666666666666,
    0.5,
    0.8333333333333334,
    0.8,
    1,
    1,
    1,
    1,
    0.6666666666666666,
    1,
    1,
    1,
    1
  ]
}