{
  "mean": 0.28,
  "count": 30,
  "sum": 8.15,
  "max": 1,
  "min": 0,
  "raw": [
    0,
    0,
    0,
    0.16129032258064516,
    0,
    0,
    0.12903225806451613,
    0.25,
    0,
    0,
    0.02830188679245283,
    0,
    0.25,
    0.012195121951219513,
    1,
    1,
    0,
    0.1111111111111111,
    0,
    1,
    1,
    null,
    0.6111111111111112,
    0.8,
    0,
    0.5,
    0,
    0,
    1,
    0.2962962962962963
  ]
}