{
  "mean": 2.21,
  "count": 30,
  "sum": 66.39,
  "max": 4.48,
  "min": 0.17,
  "raw": [
    3.9954599999999996,
    3.25279,
    0.50369,
    4.072080000000001,
    3.0815900000000003,
    4.48446,
    4.41206,
    3.6969700000000003,
    0.49611000000000005,
    4.152430000000001,
    3.62482,
    0.97119,
    2.8229800000000003,
    4.3751999999999995,
    0.20503,
    0.2215,
    0.49693,
    3.2580500000000003,
    0.18349000000000001,
    0.18847,
    0.20401,
    0.17155,
    3.7812799999999998,
    3.7402499999999996,
    0.19444,
    2.9261,
    0.19699,
    3.61484,
    0.18835000000000002,
    2.8723600000000005
  ]
}