{
  "mean": 0.05,
  "count": 30,
  "sum": 1.59,
  "max": 0.08,
  "min": 0.04,
  "raw": [
    0.04483,
    0.04603,
    0.046900000000000004,
    0.04657,
    0.04525,
    0.04696,
    0.04654,
    0.04633,
    0.04669,
    0.0466,
    0.0763,
    0.0757,
    0.07723000000000001,
    0.07735,
    0.07696,
    0.07525000000000001,
    0.07666,
    0.07678,
    0.07717,
    0.07627,
    0.03719,
    0.03665,
    0.03626,
    0.03692,
    0.03629,
    0.03524,
    0.03641,
    0.03692,
    0.035840000000000004,
    0.03731
  ]
}