{
  "mean": 0.9466666666666668,
  "count": 25,
  "groupedCount": {
    "1": 19,
    "0.8333333333333334": 4,
    "0.6666666666666666": 2
  },
  "raw": [
    1,
    1,
    0.8333333333333334,
    1,
    1,
    1,
    1,
    1,
    1,
    1,
    0.6666666666666666,
    1,
    0.8333333333333334,
    0.8333333333333334,
    0.8333333333333334,
    1,
    1,
    1,
    1,
    1,
    1,
    0.6666666666666666,
    1,
    1,
    1
  ]
}