{
  "mean": 0.98,
  "count": 18,
  "groupedCount": {
    "1": 17,
    "0.6666666666666666": 1
  },
  "raw": [
    1,
    1,
    1,
    1,
    1,
    1,
    1,
    1,
    1,
    1,
    1,
    1,
    1,
    1,
    1,
    1,
    1,
    0.6666666666666666
  ]
}