{
  "mean": 0.91,
  "count": 18,
  "groupedCount": {
    "1": 12,
    "0.6666666666666666": 1,
    "0.3333333333333333": 1,
    "0.8333333333333334": 4
  },
  "raw": [
    0.6666666666666666,
    0.3333333333333333,
    0.8333333333333334,
    1,
    1,
    1,
    1,
    1,
    1,
    0.8333333333333334,
    0.8333333333333334,
    1,
    1,
    1,
    1,
    0.8333333333333334,
    1,
    1
  ]
}