{
  "mean": 0.97,
  "count": 18,
  "groupedCount": {
    "1": 15,
    "0.8333333333333334": 3
  },
  "raw": [
    1,
    1,
    1,
    1,
    1,
    0.8333333333333334,
    1,
    1,
    1,
    0.8333333333333334,
    0.8333333333333334,
    1,
    1,
    1,
    1,
    1,
    1,
    1
  ]
}