{
  "mean": 0.93,
  "count": 30,
  "groupedCount": {
    "1": 26,
    "0.3333333333333333": 1,
    "0.16666666666666666": 1,
    "0.8333333333333334": 1,
    "0.6666666666666666": 1
  },
  "raw": [
    1,
    1,
    1,
    1,
    1,
    1,
    0.3333333333333333,
    1,
    1,
    1,
    1,
    1,
    1,
    0.16666666666666666,
    1,
    1,
    1,
    0.8333333333333334,
    0.6666666666666666,
    1,
    1,
    1,
    1,
    1,
    1,
    1,
    1,
    1,
    1,
    1
  ]
}