{
  "mean": 0.951851851851852,
  "count": 45,
  "groupedCount": {
    "1": 36,
    "0.8333333333333334": 6,
    "0.5": 1,
    "0.6666666666666666": 2
  },
  "raw": [
    1,
    1,
    0.8333333333333334,
    1,
    1,
    1,
    1,
    0.8333333333333334,
    1,
    1,
    1,
    1,
    1,
    1,
    1,
    1,
    1,
    1,
    1,
    1,
    1,
    1,
    1,
    1,
    1,
    1,
    1,
    1,
    0.5,
    1,
    0.6666666666666666,
    1,
    0.8333333333333334,
    0.8333333333333334,
    0.8333333333333334,
    1,
    1,
    1,
    1,
    1,
    1,
    0.8333333333333334,
    0.6666666666666666,
    1,
    1
  ]
}