{
  "Surety": 1.9791666666666667,
  "OutputFormatCorrectness": 0.7331263754356333,
  "InvalidJSON": 0.8333333333333334,
  "DataClumpSize_mean": 10.92906746031746,
  "DataClumpOccurence_mean": 39.285714285714285,
  "FieldToField_mean": 0.17592592592592593,
  "ParametersToParameters_mean": 0.728835978835979,
  "DataClumpSize_count": 2.5,
  "DataClumpOccurence_count": 2.5,
  "FieldToField_count": 2.5833333333333335,
  "ParametersToParameters_count": 2.5833333333333335,
  "DataClumpSize_groupedCount": {
    "15": 1
  },
  "DataClumpOccurence_groupedCount": {
    "2": 2.5555555555555554
  },
  "FieldToField_groupedCount": {
    "0": 2.8
  },
  "ParametersToParameters_groupedCount": {
    "1": 2.7777777777777777
  },
  "DataClumpSize_raw": {
    "0": 10.916666666666666
  },
  "DataClumpOccurence_raw": {
    "0": 54.166666666666664
  },
  "FieldToField_raw": {
    "0": 0.16666666666666666
  },
  "ParametersToParameters_raw": {
    "0": 0.75
  }
}