{
  "mean": 7.6,
  "count": 300,
  "groupedCount": {
    "0": 8,
    "3": 26,
    "4": 17,
    "5": 39,
    "6": 3,
    "7": 6,
    "8": 16,
    "9": 11,
    "10": 3,
    "11": 21,
    "12": 9,
    "14": 1,
    "15": 19,
    "25": 12,
    "10.333333333333334": 3,
    "4.666666666666667": 14,
    "3.6666666666666665": 4,
    "5.4": 1,
    "3.2857142857142856": 4,
    "6.333333333333333": 14,
    "5.666666666666667": 3,
    "7.5": 8,
    "6.6": 2,
    "8.2": 4,
    "3.4": 3,
    "10.538461538461538": 1,
    "5.5": 4,
    "7.6": 1,
    "3.5": 4,
    "10.555555555555555": 1,
    "10.923076923076923": 1,
    "3.6": 1,
    "9.4": 1,
    "3.3333333333333335": 5,
    "5.75": 2,
    "4.857142857142857": 1,
    "10.857142857142858": 1,
    "3.375": 3,
    "3.4285714285714284": 1,
    "5.25": 1,
    "22.625": 1,
    "3.8": 1,
    "6.666666666666667": 4,
    "9.5": 1,
    "3.5714285714285716": 1,
    "3.2": 1,
    "13.5": 1,
    "8.4": 1,
    "3.25": 1,
    "19.5": 1,
    "14.333333333333334": 1,
    "4.5": 4,
    "4.714285714285714": 1,
    "19.666666666666668": 1,
    "9.8": 1
  },
  "raw": [
    11,
    11,
    10.333333333333334,
    11,
    11,
    8,
    9,
    9,
    9,
    9,
    9,
    4.666666666666667,
    4.666666666666667,
    5,
    5,
    4.666666666666667,
    4.666666666666667,
    5,
    3,
    8,
    3.6666666666666665,
    11,
    10.333333333333334,
    5,
    3.6666666666666665,
    9,
    9,
    8,
    4,
    5.4,
    5,
    4.666666666666667,
    11,
    3.2857142857142856,
    8,
    4,
    5,
    4,
    5,
    8,
    0,
    0,
    4,
    0,
    11,
    5,
    9,
    8,
    7,
    6.333333333333333,
    5.666666666666667,
    7.5,
    5,
    6.6,
    5,
    4,
    4,
    4,
    4,
    3,
    11,
    11,
    8,
    5.666666666666667,
    11,
    8,
    8.2,
    8.2,
    8,
    8,
    6.333333333333333,
    5,
    4.666666666666667,
    4,
    6.333333333333333,
    5,
    5,
    4.666666666666667,
    4.666666666666667,
    3.4,
    10.538461538461538,
    11,
    11,
    7,
    11,
    6.333333333333333,
    8.2,
    5.5,
    7,
    5.666666666666667,
    5,
    5,
    9,
    6.333333333333333,
    3.2857142857142856,
    4.666666666666667,
    4.666666666666667,
    4.666666666666667,
    3.4,
    4.666666666666667,
    7,
    10,
    0,
    11,
    3,
    6.333333333333333,
    3,
    5.5,
    6.333333333333333,
    6.333333333333333,
    4,
    5.5,
    7.6,
    5,
    3.6666666666666665,
    3,
    3.5,
    4,
    4,
    7.5,
    10.555555555555555,
    10.333333333333334,
    11,
    11,
    11,
    8,
    5,
    8,
    8,
    8,
    5,
    5,
    5,
    5,
    5,
    5,
    4.666666666666667,
    6,
    5,
    5,
    5,
    10.923076923076923,
    0,
    10,
    10,
    6,
    8.2,
    6.333333333333333,
    7.5,
    5,
    6.6,
    3.5,
    3.6,
    8,
    3,
    6.333333333333333,
    5,
    3,
    5,
    5,
    7.5,
    11,
    0,
    9.4,
    0,
    8,
    6.333333333333333,
    7.5,
    9,
    4.666666666666667,
    5,
    11,
    11,
    5,
    5,
    3,
    5,
    5.5,
    4,
    5,
    15,
    15,
    15,
    15,
    15,
    15,
    15,
    7,
    15,
    15,
    3,
    3.3333333333333335,
    3,
    3,
    3,
    3,
    3.6666666666666665,
    3,
    4,
    12,
    5.75,
    4,
    3.3333333333333335,
    6,
    4.857142857142857,
    10.857142857142858,
    12,
    12,
    3.3333333333333335,
    6.333333333333333,
    3.375,
    3.4285714285714284,
    3.3333333333333335,
    3.375,
    3.2857142857142856,
    3,
    3.375,
    7.5,
    5.25,
    6.333333333333333,
    25,
    25,
    15,
    25,
    3,
    22.625,
    15,
    15,
    15,
    15,
    3.8,
    5,
    6.666666666666667,
    12,
    9.5,
    3,
    3,
    25,
    3.5714285714285716,
    3.5,
    6.333333333333333,
    12,
    3.2,
    13.5,
    15,
    3,
    7.5,
    7,
    5,
    12,
    6.666666666666667,
    5,
    3,
    3.2857142857142856,
    3.4,
    12,
    3,
    3.3333333333333335,
    3,
    8.4,
    25,
    25,
    3.25,
    15,
    3,
    15,
    25,
    15,
    19.5,
    9,
    4,
    3.5,
    14,
    14.333333333333334,
    3,
    6.666666666666667,
    4,
    25,
    7.5,
    25,
    4.5,
    0,
    25,
    6.666666666666667,
    5.75,
    25,
    4.714285714285714,
    15,
    5,
    4.5,
    4.5,
    11,
    4.5,
    19.666666666666668,
    12,
    12,
    9.8,
    25,
    3,
    3
  ]
}