{
  "mean": 1.31,
  "count": 30,
  "sum": 38.09,
  "max": 2.75,
  "min": 0,
  "raw": [
    null,
    1.056580565805658,
    0.9883446830801467,
    1.105217516982223,
    1.5037509377344336,
    1.2634508348794062,
    1.0583732741970098,
    1.1326786937656999,
    2.75,
    0.9681081983636667,
    0.693461185351423,
    0.7149260421335724,
    1.0346820809248556,
    1.0182949595519601,
    1.3810383068305703,
    1.2133333333333334,
    1.0554350772567092,
    0.9432039645860014,
    2.251572327044025,
    0.3491536674410886,
    1.9587819650067295,
    0.9841645431379686,
    0.9973045822102425,
    1.0871632329635499,
    1.3386075949367089,
    1.5218170950388523,
    2.062015503875969,
    0.9889669007021064,
    2.561025641025641,
    2.1064814814814814
  ]
}