{
  "mean": 3.61,
  "count": 54,
  "sum": 169.57,
  "max": 52.97,
  "min": 0,
  "raw": [
    1.3951355661881977,
    1.5715130023640662,
    1.1065209336791404,
    1.1219736438859944,
    1.0549576249155097,
    1.1512325830653805,
    1.521797153024911,
    1.7882472137791288,
    1.5861943024105187,
    1.0388360860081023,
    1.182368520620507,
    1.05148174774343,
    1.0076514871035418,
    1.4863741339491916,
    1.4686316928069227,
    null,
    0.9863291139240506,
    1.6745847817690227,
    1.5037509377344336,
    1.3588306573765525,
    1.7100274725274724,
    null,
    1.0035590436210988,
    null,
    1.3810383068305703,
    3.6867140513942043,
    1.3886620786189199,
    null,
    0.9078846644552182,
    null,
    1.3386075949367089,
    3.1055530059660397,
    1.609005414648048,
    null,
    1.814957264957265,
    null,
    2.2964215271907578,
    8.353351955307263,
    2.3018232819074336,
    2.860248447204969,
    1.8241108145155471,
    0.856727427477126,
    52.973684210526315,
    1.2633600917431194,
    1.6959418534221684,
    7.493306801736614,
    2.915950334288443,
    4.816279482177691,
    14.801282051282051,
    1.8697788697788698,
    1.3755897862892035,
    1.5682582380632146,
    13.747478665632274,
    3.5569774527726996
  ]
}