{
  "mean": 5.02,
  "count": 54,
  "sum": 221.02,
  "max": 116.22,
  "min": 0,
  "raw": [
    1.243097800655124,
    2.212586339217191,
    1.091824783321621,
    1.075294999063495,
    1.1710480196284612,
    1.0733599811897485,
    1.1886695719046398,
    1.1842202512934221,
    0.9694474280940446,
    1.0348404255319148,
    1.0672687929250164,
    1.0811384876805437,
    1.5421322863183329,
    1.3360597439544808,
    1.4059905100830368,
    1.0877641573287207,
    0.9663715231195779,
    1.7664187371419529,
    0.9883446830801467,
    1.4871161857738004,
    1.7310545839957605,
    null,
    null,
    null,
    1.0346820809248556,
    2.209307992202729,
    1.423598461849828,
    0.8746255883611468,
    1.045483664317745,
    null,
    0.9973045822102425,
    2.1452695388612253,
    null,
    null,
    null,
    null,
    6.267352185089974,
    116.2235294117647,
    2.215358750474538,
    3.811531007751938,
    4.723087988491969,
    0.9425330812854442,
    2.3649032992036405,
    16.99214659685864,
    8.908583391486392,
    2.8808567603748325,
    1.6494503839783166,
    2.222757111597374,
    1.6066481994459834,
    10.695348837209302,
    1.7346140163642831,
    null,
    1.3450339695891298,
    null
  ]
}