{
  "mean": 8.8,
  "count": 30,
  "sum": 193.62,
  "max": 129.23,
  "min": 0,
  "raw": [
    129.23145400593472,
    1.0331022142697384,
    0.9425330812854442,
    1.0685753578796024,
    0.856727427477126,
    null,
    4.303140315846796,
    4.508109794135995,
    6.405671641791045,
    6.463934426229508,
    1.8082342360347756,
    null,
    2.222757111597374,
    null,
    4.816279482177691,
    4.122166730695351,
    3.9109539354370693,
    1.1310868473895583,
    5.2477311748834925,
    null,
    1.1224946946474887,
    1.3054908808692278,
    null,
    null,
    3.5569774527726996,
    2.7830070222759615,
    3.773258077072791,
    null,
    null,
    3.0035087719298246
  ]
}