{
  "mean": 1.58,
  "count": 180,
  "sum": 194.56,
  "max": 6.12,
  "min": 0,
  "raw": [
    null,
    1.056580565805658,
    0.9883446830801467,
    1.105217516982223,
    1.5037509377344336,
    1.2634508348794062,
    1.0583732741970098,
    1.1326786937656999,
    2.75,
    0.9681081983636667,
    2.3983781044095287,
    2.481540930979133,
    1.4871161857738004,
    2.728543472183394,
    1.3588306573765525,
    1.4765348515156178,
    1.6525942636158557,
    1.4777539122430194,
    3.012976022566996,
    2.3501110288675053,
    0.9899451553930531,
    1.9505357142857143,
    1.7310545839957605,
    2.515818780055682,
    1.7100274725274724,
    0.829092654824772,
    1.7511942131841136,
    0.9916341327384273,
    null,
    1.813254744105808,
    null,
    null,
    null,
    null,
    null,
    null,
    null,
    null,
    null,
    null,
    1.3750454710803928,
    0.6847389558232931,
    null,
    1.095429556084352,
    1.0035590436210988,
    0.9980379332897319,
    1.070566170437229,
    1.7448046550290939,
    1.0982552062394468,
    0.6300254452926208,
    0.9659164365046718,
    1.8470588235294119,
    null,
    1.0351453123491359,
    null,
    null,
    null,
    null,
    null,
    null,
    0.693461185351423,
    0.7149260421335724,
    1.0346820809248556,
    1.0182949595519601,
    1.3810383068305703,
    1.2133333333333334,
    1.0554350772567092,
    0.9432039645860014,
    2.251572327044025,
    0.3491536674410886,
    2.5391866415297604,
    1.468487394957983,
    2.209307992202729,
    3.488130168044812,
    3.6867140513942043,
    2.1509486607142856,
    null,
    2.019645888915838,
    null,
    1.0441176470588236,
    1.205986092915449,
    2.386579139314369,
    1.423598461849828,
    1.8940031944242777,
    1.3886620786189199,
    1.1158895895792411,
    1.7639935016984198,
    1.3535831211349583,
    1.0633088492479887,
    null,
    null,
    null,
    0.8746255883611468,
    null,
    null,
    null,
    null,
    null,
    null,
    null,
    1.9756944444444444,
    1.020954268724338,
    1.045483664317745,
    2.3893911995177817,
    0.9078846644552182,
    0.8696808510638298,
    1.2053333333333334,
    0.936752371786058,
    1.1834288299155609,
    null,
    null,
    null,
    null,
    null,
    null,
    null,
    null,
    2.0761710794297352,
    0.8693928321542408,
    null,
    1.9587819650067295,
    0.9841645431379686,
    0.9973045822102425,
    1.0871632329635499,
    1.3386075949367089,
    1.5218170950388523,
    2.062015503875969,
    0.9889669007021064,
    2.561025641025641,
    2.1064814814814814,
    2.4726155490248463,
    1.0039615166949631,
    2.1452695388612253,
    1.6304347826086956,
    3.1055530059660397,
    2.3009708737864076,
    6.118055555555555,
    1.271248888324228,
    5.138589211618258,
    1.9956176961602672,
    1.0368159203980098,
    1.8054187192118227,
    null,
    1.5569272976680384,
    1.609005414648048,
    0.9411764705882353,
    1.0249482206740728,
    2.940025657472739,
    1.0007743207095594,
    2.928677563150074,
    1.0319497542326597,
    null,
    null,
    1.355353451839603,
    null,
    null,
    1.071006530527625,
    null,
    null,
    null,
    1.0711412030222744,
    0.6671480144404333,
    null,
    1.0862125340599456,
    1.814957264957265,
    null,
    1.1791383219954648,
    1.1327731664171996,
    1.0029103608847496,
    1.1964114066004485,
    0.9615494568324757,
    1.5090137857900319,
    null,
    1.5035754610462928,
    null,
    null,
    null,
    2.0468284376330352,
    null,
    null
  ]
}