{
  "mean": 4.19,
  "count": 30,
  "sum": 96.36,
  "max": 15.24,
  "min": 0,
  "raw": [
    null,
    4.569354222392052,
    3.811531007751938,
    2.9712647796488714,
    2.860248447204969,
    12.946118721461188,
    2.889189189189189,
    2.853837597330367,
    null,
    2.858980044345898,
    6.961739423563121,
    15.235571260306243,
    2.8808567603748325,
    null,
    7.493306801736614,
    2.7790294627383014,
    2.3070182301854314,
    2.4117341640706127,
    0.9909977494373593,
    0.08567208271787297,
    null,
    null,
    null,
    3.174724748683581,
    1.5682582380632146,
    10.045897644191713,
    0,
    0.46558120362737015,
    null,
    4.201420598680873
  ]
}