{
  "mean": 1.7,
  "count": 30,
  "sum": 49.22,
  "max": 4.96,
  "min": 0,
  "raw": [
    1.0219982556449267,
    1.1268635724331928,
    1.4059905100830368,
    1.1931128640776698,
    1.4686316928069227,
    1.130328867235079,
    1.105263157894737,
    1.1205760857429943,
    1.3020348837209301,
    1.0491893883566692,
    1.0368159203980098,
    1.8054187192118227,
    null,
    1.5569272976680384,
    1.609005414648048,
    0.9411764705882353,
    1.0249482206740728,
    2.940025657472739,
    1.0007743207095594,
    2.928677563150074,
    4.221917808219178,
    1.5656773435204232,
    1.7346140163642831,
    1.1986522532640742,
    1.3755897862892035,
    1.347776597359235,
    2.3235985229942933,
    4.959746226208707,
    2.1193557664653437,
    1.6094530549506854
  ]
}