{
  "mean": 7.71,
  "count": 30,
  "sum": 169.6,
  "max": 129.23,
  "min": 0,
  "raw": [
    1.0550618108920815,
    1.0653776051985102,
    1.0733599811897485,
    1.076483655982228,
    1.1512325830653805,
    1.0641784732501587,
    1.1300557526609225,
    1.0611145320197044,
    1.1061926428626514,
    1.151744529863986,
    0.9659164365046718,
    1.8470588235294119,
    null,
    1.0351453123491359,
    null,
    null,
    null,
    null,
    null,
    null,
    129.23145400593472,
    1.0331022142697384,
    0.9425330812854442,
    1.0685753578796024,
    0.856727427477126,
    null,
    4.303140315846796,
    4.508109794135995,
    6.405671641791045,
    6.463934426229508
  ]
}