{
  "mean": 1.25,
  "count": 60,
  "sum": 75.21,
  "max": 3.15,
  "min": 0.83,
  "raw": [
    1.471294559099437,
    1.4459002535925614,
    1.1886695719046398,
    1.2609657206044969,
    1.521797153024911,
    1.184625212947189,
    1.2220362622036263,
    0.8292117465224111,
    1.4693965517241379,
    1.323304562268804,
    1.9840153452685423,
    3.1479257641921397,
    1.1842202512934221,
    1.297878241575371,
    1.7882472137791288,
    1.878096479791395,
    1.2081605573063525,
    0.9942835365853658,
    1.5223880597014925,
    1.788584740827024,
    1.1193998965338852,
    1.169042189281642,
    0.9694474280940446,
    1.1372133359028715,
    1.5861943024105187,
    0.9018898271009248,
    1.1314351452401497,
    1.322190097578605,
    1.1053484602917343,
    1.0035110533159948,
    1.0499964591742794,
    1.1857233101705622,
    1.0348404255319148,
    1.0311687185711809,
    1.0388360860081023,
    1.077170577170577,
    1.1049565378213426,
    1.1389777493424327,
    1.1776061776061777,
    1.0718984962406015,
    1.0775112536227416,
    1.2015037593984963,
    1.0672687929250164,
    1.173913043478261,
    1.182368520620507,
    1.089468093798513,
    1.1744265662444369,
    1.5814583578748969,
    1.0769356153219234,
    1.1591485048150025,
    1.2205447010065127,
    1.1132354614771822,
    1.0811384876805437,
    1.1242987894892236,
    1.05148174774343,
    1.1168680682006291,
    1.1853779429987608,
    1.142950605168466,
    1.0680092703588269,
    1.2587361940974109
  ]
}