{
  "ValidPrograms": [
    0,
    0,
    0,
    0,
    0,
    0,
    0,
    0,
    0,
    0,
    0,
    0,
    0,
    0,
    0,
    0,
    0,
    0,
    0,
    0,
    0,
    0,
    0,
    0,
    0,
    0,
    0,
    0,
    0,
    0,
    0,
    0,
    0,
    0,
    0,
    0,
    0,
    0,
    0,
    0,
    0,
    0,
    0,
    0,
    0
  ],
  "RemainingAttemptCount": [
    0,
    0,
    0,
    0,
    0,
    0,
    0,
    0,
    0,
    0,
    0,
    0,
    0,
    0,
    0,
    0,
    0,
    0,
    0,
    0,
    0,
    0,
    0,
    0,
    0,
    0,
    0,
    0,
    0,
    0,
    0,
    0,
    0,
    0,
    0,
    0,
    0,
    0,
    0,
    0,
    0,
    0,
    0,
    0,
    0
  ],
  "RemovedDataClumps": [
    0,
    0,
    0,
    0,
    0,
    0,
    0,
    0,
    0,
    0,
    0,
    0,
    0,
    0,
    0,
    0,
    0,
    0,
    0,
    0,
    0,
    0,
    0,
    0,
    0,
    0,
    0,
    0,
    0,
    0,
    0,
    0,
    0,
    0,
    0,
    0,
    0,
    0,
    0,
    0,
    0,
    0,
    0,
    0,
    0
  ],
  "GitChanges": [
    121,
    106,
    106,
    131,
    122,
    173,
    169,
    155,
    188,
    158,
    81,
    147,
    153,
    48,
    112,
    171,
    131,
    171,
    112,
    101,
    131,
    105,
    116,
    171,
    119,
    88,
    107,
    146,
    149,
    138,
    144,
    125,
    146,
    115,
    113,
    130,
    103,
    111,
    146,
    123,
    157,
    122,
    157,
    125,
    128
  ],
  "CommentOut": [
    0.9615384615384616,
    0.96875,
    0.875,
    1,
    1,
    0.9117647058823529,
    0.9696969696969697,
    0.9285714285714286,
    0.9333333333333333,
    1,
    0.9411764705882353,
    0.9,
    0.9230769230769231,
    1,
    1,
    0.9583333333333334,
    0.96,
    0.9545454545454546,
    1,
    0.9615384615384616,
    0.9615384615384616,
    0.9,
    1,
    0.7692307692307692,
    1,
    1,
    1,
    0.9375,
    0.8928571428571429,
    0.9,
    0.8571428571428572,
    0.9615384615384616,
    0.8571428571428572,
    0.9666666666666667,
    0.9615384615384616,
    0.9642857142857143,
    0.9615384615384616,
    0.9583333333333334,
    0.8928571428571429,
    0.8333333333333334,
    0.9318181818181819,
    1,
    0.9090909090909091,
    1,
    0.967741935483871
  ],
  "ValidJSON": [
    1,
    1,
    1,
    1,
    1,
    1,
    1,
    1,
    1,
    1,
    1,
    1,
    1,
    1,
    1,
    1,
    1,
    1,
    1,
    1,
    1,
    1,
    1,
    1,
    1,
    1,
    1,
    1,
    1,
    1,
    1,
    1,
    1,
    1,
    1,
    1,
    1,
    1,
    1,
    1,
    1,
    1,
    0.6666666666666666,
    1,
    1
  ],
  "EmptyResponse": [
    1,
    1,
    1,
    1,
    1,
    1,
    1,
    1,
    1,
    1,
    1,
    0.8333333333333334,
    1,
    1,
    1,
    1,
    1,
    1,
    1,
    1,
    1,
    1,
    1,
    1,
    1,
    1,
    1,
    1,
    1,
    1,
    1,
    1,
    1,
    1,
    1,
    1,
    1,
    1,
    1,
    1,
    1,
    1,
    1,
    1,
    1
  ],
  "InterpretableChanges": [
    1,
    1,
    1,
    1,
    1,
    1,
    1,
    1,
    1,
    1,
    1,
    1,
    1,
    1,
    1,
    0,
    0,
    0,
    0.5,
    0,
    0,
    0.75,
    0.5,
    0.5,
    0,
    0,
    0.5,
    0,
    0,
    0.5,
    1,
    1,
    1,
    1,
    1,
    1,
    1,
    1,
    1,
    1,
    1,
    1,
    1,
    1,
    1
  ],
  "RichClass": [
    null,
    null,
    null,
    null,
    null,
    null,
    null,
    null,
    null,
    null,
    null,
    null,
    null,
    null,
    null,
    0,
    0,
    0,
    0,
    0,
    0,
    0,
    0,
    0,
    0,
    0,
    0,
    0,
    0,
    0,
    null,
    null,
    null,
    null,
    null,
    null,
    null,
    null,
    null,
    null,
    null,
    null,
    null,
    null,
    null
  ],
  "HarmlessErrorCategory": [
    0.6,
    0.6,
    0.8,
    0.8,
    0.8,
    0.6,
    0.8,
    0.8,
    0.2,
    0.8,
    0.6,
    1,
    1,
    0.8,
    1,
    0.8,
    0.6,
    0.6,
    0.8,
    0.6,
    0.6,
    0.2,
    0.8,
    0.4,
    0.2,
    0.8,
    0.2,
    1,
    0.6,
    0,
    0.8,
    1,
    0.8,
    0.6,
    0.8,
    1,
    1,
    0.6,
    0.8,
    1,
    0.8,
    0.8,
    1,
    0.8,
    1
  ],
  "DataClumpSize": [
    11,
    3,
    4,
    11,
    3,
    4,
    4,
    11,
    3,
    4,
    11,
    3,
    4,
    11,
    3,
    4,
    11,
    3,
    4,
    11,
    3,
    4,
    11,
    3,
    4,
    11,
    3,
    4,
    11,
    3,
    4,
    11,
    3,
    11,
    3,
    4,
    11,
    3,
    11,
    3,
    4,
    4,
    4,
    11,
    3,
    11,
    3,
    4,
    11,
    3,
    4,
    11,
    3,
    4,
    11,
    3,
    4,
    11,
    3,
    4,
    11,
    3,
    4,
    11,
    3,
    4,
    11,
    3,
    4,
    11,
    3,
    4,
    11,
    3,
    11,
    3,
    11,
    3,
    4,
    11,
    3,
    11,
    3,
    11,
    3,
    4,
    11,
    3,
    4,
    11,
    3,
    4,
    11,
    3,
    4,
    11,
    3,
    4,
    11,
    3,
    4,
    11,
    3,
    4,
    11,
    3,
    4,
    11,
    3,
    4,
    11,
    3,
    4,
    11,
    3,
    11,
    3,
    4,
    11,
    3,
    4,
    4,
    11,
    3,
    4,
    11,
    3,
    11,
    3,
    4
  ],
  "DataClumpOccurence": [
    6,
    4,
    78,
    6,
    4,
    78,
    78,
    6,
    4,
    78,
    6,
    4,
    78,
    6,
    4,
    78,
    6,
    4,
    78,
    6,
    4,
    78,
    6,
    4,
    78,
    6,
    4,
    78,
    6,
    4,
    78,
    6,
    4,
    6,
    4,
    78,
    6,
    4,
    6,
    4,
    78,
    78,
    78,
    6,
    4,
    6,
    4,
    78,
    6,
    4,
    78,
    6,
    4,
    78,
    6,
    4,
    78,
    6,
    4,
    78,
    6,
    4,
    78,
    6,
    4,
    78,
    6,
    4,
    78,
    6,
    4,
    78,
    6,
    4,
    6,
    4,
    6,
    4,
    78,
    6,
    4,
    6,
    4,
    6,
    4,
    78,
    6,
    4,
    78,
    6,
    4,
    78,
    6,
    4,
    78,
    6,
    4,
    78,
    6,
    4,
    78,
    6,
    4,
    78,
    6,
    4,
    78,
    6,
    4,
    78,
    6,
    4,
    78,
    6,
    4,
    6,
    4,
    78,
    6,
    4,
    78,
    78,
    6,
    4,
    78,
    6,
    4,
    6,
    4,
    78
  ],
  "ParametersToParameters": [
    0,
    0,
    1,
    0,
    0,
    1,
    1,
    0,
    0,
    1,
    0,
    0,
    1,
    0,
    0,
    1,
    0,
    0,
    1,
    0,
    0,
    1,
    0,
    0,
    1,
    0,
    0,
    1,
    0,
    0,
    1,
    0,
    0,
    0,
    0,
    1,
    0,
    0,
    0,
    0,
    1,
    1,
    1,
    0,
    0,
    0,
    0,
    1,
    0,
    0,
    1,
    0,
    0,
    1,
    0,
    0,
    1,
    0,
    0,
    1,
    0,
    0,
    1,
    0,
    0,
    1,
    0,
    0,
    1,
    0,
    0,
    1,
    0,
    0,
    0,
    0,
    0,
    0,
    1,
    0,
    0,
    0,
    0,
    0,
    0,
    1,
    0,
    0,
    1,
    0,
    0,
    1,
    0,
    0,
    1,
    0,
    0,
    1,
    0,
    0,
    1,
    0,
    0,
    1,
    0,
    0,
    1,
    0,
    0,
    1,
    0,
    0,
    1,
    0,
    0,
    0,
    0,
    1,
    0,
    0,
    1,
    1,
    0,
    0,
    1,
    0,
    0,
    0,
    0,
    1
  ],