{
  "Surety": [
    3.25,
    3,
    1,
    1,
    2,
    2,
    1,
    2,
    1,
    2,
    2,
    1.75,
    1.75,
    -1.25,
    1,
    2.5,
    4.5,
    3,
    null,
    4.25,
    3,
    5,
    3,
    4.25,
    3.25,
    2.5,
    3.5,
    -1.25,
    2,
    1.75,
    2.5,
    5,
    3,
    2.5,
    2.25,
    3,
    1,
    1,
    1,
    1,
    1.75,
    0.75,
    0.75,
    3.5,
    2.25
  ],
  "Number data clumps": [
    6,
    6,
    1,
    1,
    2,
    2,
    1,
    2,
    1,
    2,
    2,
    2,
    2,
    1,
    1,
    5,
    5,
    6,
    0,
    5,
    6,
    6,
    6,
    5,
    6,
    3,
    4,
    2,
    2,
    4,
    5,
    6,
    6,
    5,
    5,
    3,
    1,
    1,
    1,
    1,
    2,
    1,
    4,
    4,
    5
  ],
  "OutputFormatCorrectness": [
    0.7577937649880095,
    0,
    0.5853658536585366,
    0.5925925925925926,
    0.8376068376068376,
    0.5648148148148148,
    0.8148148148148148,
    0.5901639344262295,
    0.8292682926829268,
    0.5806451612903226,
    0.5925925925925926,
    0.819672131147541,
    0.8333333333333334,
    0.8148148148148148,
    0.5925925925925926,
    0.5770171149144254,
    0,
    0.8171296296296297,
    null,
    0.8169014084507042,
    0.8266666666666667,
    0.8275862068965517,
    0.8171296296296297,
    0.5906040268456376,
    0,
    0.8148148148148148,
    0.591304347826087,
    0.7213114754098361,
    0.5901639344262295,
    0.7707006369426752,
    0.38235294117647056,
    0,
    0.5441176470588235,
    0.7612293144208038,
    0.5791962174940898,
    0.8448275862068966,
    0.5853658536585366,
    0.5925925925925926,
    0.8292682926829268,
    0.8292682926829268,
    0.5925925925925926,
    0.8292682926829268,
    0.8382352941176471,
    0.5957446808510638,
    0.6012269938650306
  ],
  "ValidJSON": [
    0,
    0,
    1,
    1,
    1,
    1,
    1,
    1,
    1,
    1,
    1,
    1,
    1,
    1,
    1,
    0,
    0,
    0,
    0,
    1,
    0,
    1,
    0,
    1,
    0,
    1,
    1,
    1,
    1,
    1,
    0,
    0,
    0,
    0,
    0,
    1,
    1,
    1,
    1,
    1,
    1,
    1,
    1,
    1,
    1
  ],
  "DataClumpSize": [
    3,
    5,
    11,
    3,
    3,
    3,
    5,
    11,
    3,
    3,
    3,
    3,
    5,
    3,
    5,
    11,
    3,
    5,
    5,
    3,
    5,
    5,
    5,
    11,
    3,
    5,
    5,
    3,
    3,
    5,
    4,
    3,
    3,
    5,
    11,
    3,
    3,
    3,
    5,
    11,
    3,
    3,
    5,
    11,
    3,
    3,
    3,
    3,
    3,
    5,
    3,
    3,
    3,
    5,
    11,
    3,
    3,
    3,
    3,
    5,
    11,
    3,
    3,
    3,
    3,
    5,
    11,
    3,
    3,
    3,
    3,
    3,
    5,
    3,
    3,
    3,
    3,
    5,
    11,
    3,
    3,
    3,
    3,
    3,
    3,
    3,
    5,
    3,
    3,
    3,
    5,
    3,
    5,
    3,
    5,
    11,
    11,
    3,
    5,
    11,
    3,
    3,
    5,
    11,
    3,
    3,
    3,
    3,
    5,
    11,
    3,
    3,
    3,
    11,
    3,
    5,
    11,
    3,
    3,
    5,
    11,
    3,
    3,
    3,
    3,
    5,
    11,
    5,
    3,
    5,
    5,
    3,
    3,
    5,
    5,
    11,
    3,
    3,
    5,
    5,
    3,
    3,
    5,
    11,
    3,
    3,
    3
  ],
  "DataClumpOccurence": [
    6,
    6,
    6,
    6,
    2,
    6,
    6,
    6,
    6,
    2,
    6,
    64,
    6,
    6,
    6,
    6,
    6,
    6,
    6,
    6,
    6,
    6,
    6,
    6,
    6,
    6,
    6,
    2,
    6,
    6,
    434,
    6,
    6,
    6,
    6,
    6,
    64,
    6,
    6,
    6,
    6,
    2,
    6,
    6,
    6,
    2,
    6,
    6,
    6,
    6,
    64,
    2,
    36,
    6,
    6,
    2,
    64,
    64,
    64,
    6,
    6,
    6,
    2,
    12,
    6,
    6,
    6,
    6,
    2,
    6,
    6,
    6,
    6,
    64,
    2,
    6,
    6,
    6,
    6,
    6,
    64,
    64,
    6,
    64,
    56,
    6,
    6,
    2,
    64,
    12,
    6,
    6,
    6,
    6,
    6,
    2,
    2,
    6,
    6,
    6,
    6,
    2,
    6,
    6,
    6,
    2,
    6,
    6,
    6,
    6,
    6,
    2,
    6,
    6,
    6,
    6,
    6,
    6,
    2,
    6,
    6,
    6,
    2,
    6,
    6,
    6,
    0,
    6,
    6,
    6,
    6,
    6,
    36,
    6,
    6,
    0,
    2,
    64,
    6,
    6,
    64,
    64,
    6,
    0,
    56,
    56,
    12
  ],
  "ParametersToParameters": [
    1,
    1,
    1,
    1,
    1,
    1,
    1,
    1,
    1,
    1,
    1,
    1,
    1,
    1,
    1,
    1,
    1,
    1,
    1,
    1,
    1,
    1,
    1,
    1,
    1,
    1,
    1,
    1,
    1,
    1,
    1,
    1,
    1,
    1,
    1,
    1,
    1,
    1,
    1,
    1,
    1,
    1,
    1,
    1,
    1,
    1,
    1,
    1,
    1,
    1,
    1,
    1,
    1,
    1,
    1,
    1,
    1,
    1,
    1,
    1,
    1,
    1,
    1,
    1,
    1,
    1,
    1,
    1,
    1,
    1,
    1,
    1,
    1,
    1,
    1,
    1,
    1,
    1,
    1,
    1,
    1,
    1,
    1,
    1,
    1,
    1,
    1,
    1,
    1,
    1,
    1,
    1,
    1,
    1,
    1,
    1,
    1,
    1,
    1,
    1,
    1,
    1,
    1,
    1,
    1,
    1,
    1,
    1,
    1,
    1,
    1,
    1,
    1,
    1,
    1,
    1,
    1,
    1,
    1,
    1,
    1,
    1,
    1,
    1,
    1,
    1,
    0,
    1,
    1,
    1,
    1,
    1,
    1,
    1,
    1,
    0,
    1,
    1,
    1,
    1,
    1,
    1,
    1,
    0,
    1,
    1,
    1
  ],
  "FieldToField": [
    0,
    0,
    0,
    0,
    0,
    0,
    0,
    0,
    0,
    0,
    0,
    0,
    0,
    0,
    0,
    0,
    0,
    0,
    0,
    0,
    0,
    0,
    0,
    0,
    0,
    0,
    0,
    0,
    0,
    0,
    0,
    0,
    0,
    0,
    0,
    0,
    0,
    0,
    0,
    0,
    0,
    0,
    0,
    0,
    0,
    0,
    0,
    0,
    0,
    0,
    0,
    0,
    0,
    0,
    0,
    0,
    0,
    0,
    0,
    0,
    0,
    0,
    0,
    0,
    0,
    0,
    0,
    0,
    0,
    0,
    0,
    0,
    0,
    0,
    0,
    0,
    0,
    0,
    0,
    0,
    0,
    0,
    0,
    0,
    0,
    0,
    0,
    0,
    0,
    0,
    0,
    0,
    0,
    0,
    0,
    0,
    0,
    0,
    0,
    0,
    0,
    0,
    0,
    0,
    0,
    0,
    0,
    0,
    0,
    0,
    0,
    0,
    0,
    0,
    0,
    0,
    0,
    0,
    0,
    0,
    0,
    0,
    0,
    0,
    0,
    0,
    1,
    0,
    0,
    0,
    0,
    0,
    0,
    0,
    0,
    1,
    0,
    0,
    0,
    0,
    0,
    0,
    0,
    1,
    0,
    0,
    0
  ],
  "PreferNonPublic": [
    0,
    0,
    0,
    0,
    0,
    0,
    0,
    0,
    0,
    0,
    0,
    0,
    0,
    0,
    0,
    0,
    0,
    0,
    0,
    0,
    0,
    0,
    0,
    0,
    0,
    0,
    0,
    0,
    0,
    0,
    1,
    0,
    0,
    0,
    0,
    0,
    0,
    0,
    0,
    0,
    0,
    0,
    0,
    0,
    0,
    0,
    0,
    0,
    0,
    0,
    0,
    0,
    0,
    0,
    0,
    0,
    0,
    0,
    0,
    0,
    0,
    0,
    0,
    0,
    0,
    0,
    0,
    0,
    0,
    0,
    0,
    0,
    0,
    0,
    0,
    0,
    0,
    0,
    0,
    0,
    0,
    0,
    0,
    0,
    0,
    0,
    0,
    0,
    0,
    0,
    0,
    0,
    0,
    0,
    0,
    0,
    0,
    0,
    0,
    0,
    0,
    0,
    0,
    0,
    0,
    0,
    0,
    0,
    0,
    0,
    0,
    0,
    0,
    0,
    0,
    0,
    0,
    0,
    0,
    0,
    0,
    0,
    0,
    0,
    0,
    0,
    1,
    0,
    0,
    0,
    0,
    0,
    0,
    0,
    0,
    1,
    0,
    0,
    0,
    0,
    0,
    0,
    0,
    1,
    0,
    1,
    0
  ],