{
  "mean": {
    "0": 4.644444444444445,
    "1": 10.255813953488373
  },
  "count": 45,
  "groupedCount": {
    "3": 1,
    "5": 1,
    "5,11": 11,
    "5,11,11": 7,
    "5,3": 1,
    "5,5,3,3,11": 1,
    "3,11": 2,
    "3,5,11": 1,
    "5,11,11,11,3": 4,
    "5,11,3": 6,
    "5,11,3,3": 2,
    "3,11,3": 1,
    "5,11,3,3,3": 2,
    "3,5,11,3,3,11": 1,
    "5,11,11,3": 2,
    "3,11,11,11": 1,
    "3,5,11,3,3,3": 1
  },
  "raw": [
    [
      5,
      11
    ],
    [
      5,
      11,
      11
    ],
    [
      5,
      11,
      11
    ],
    [
      5,
      11,
      11
    ],
    [
      5,
      11,
      11
    ],
    [
      5,
      11,
      11
    ],
    [
      5,
      11,
      11
    ],
    [
      5,
      11
    ],
    [
      5,
      3
    ],
    [
      5,
      5,
      3,
      3,
      11
    ],
    [
      5
    ],
    [
      5,
      11,
      11
    ],
    [
      5,
      11
    ],
    [
      3,
      11
    ],
    [
      3,
      5,
      11
    ],
    [
      5,
      11
    ],
    [
      5,
      11,
      11,
      11,
      3
    ],
    [
      5,
      11,
      11,
      11,
      3
    ],
    [
      5,
      11
    ],
    [
      5,
      11
    ],
    [
      5,
      11,
      3
    ],
    [
      5,
      11,
      11,
      11,
      3
    ],
    [
      5,
      11,
      3,
      3
    ],
    [
      3,
      11
    ],
    [
      3,
      11,
      3
    ],
    [
      5,
      11,
      3
    ],
    [
      3
    ],
    [
      5,
      11,
      3,
      3
    ],
    [
      5,
      11,
      3
    ],
    [
      5,
      11,
      3
    ],
    [
      5,
      11
    ],
    [
      5,
      11,
      3,
      3,
      3
    ],
    [
      5,
      11
    ],
    [
      5,
      11
    ],
    [
      5,
      11
    ],
    [
      3,
      5,
      11,
      3,
      3,
      11
    ],
    [
      5,
      11,
      11,
      11,
      3
    ],
    [
      5,
      11,
      3
    ],
    [
      5,
      11,
      11,
      3
    ],
    [
      5,
      11,
      3,
      3,
      3
    ],
    [
      5,
      11
    ],
    [
      5,
      11,
      3
    ],
    [
      5,
      11,
      11,
      3
    ],
    [
      3,
      11,
      11,
      11
    ],
    [
      3,
      5,
      11,
      3,
      3,
      3
    ]
  ]
}