{
  "mean": 0.14,
  "count": 30,
  "sum": 4.09,
  "max": 0.21,
  "min": 0.09,
  "raw": [
    0.11857000000000001,
    0.14794,
    0.1612,
    0.1612,
    0.193,
    0.15134999999999998,
    0.10971,
    0.18477,
    0.11471999999999999,
    0.14306999999999997,
    0.14451999999999998,
    0.20500000000000002,
    0.12106,
    0.12162999999999999,
    0.18418,
    0.11256,
    0.10031999999999999,
    0.12756,
    0.11268,
    0.14814,
    0.10513,
    0.14248,
    0.11959,
    0.11758,
    0.13516,
    0.09219,
    0.14267999999999997,
    0.13283999999999999,
    0.11316000000000001,
    0.12342
  ]
}