{
  "mean": 0.11,
  "count": 142,
  "sum": 15.02,
  "max": 0.33,
  "min": 0,
  "raw": [
    0.2,
    0,
    0.2,
    0.18181818181818182,
    0,
    0.2,
    0.18181818181818182,
    0,
    0.2,
    0.18181818181818182,
    0,
    0.2,
    0.18181818181818182,
    0,
    0.2,
    0.18181818181818182,
    0,
    0.2,
    0.18181818181818182,
    0,
    0.2,
    0,
    0,
    0.3333333333333333,
    0.2,
    0,
    0.3333333333333333,
    0.3333333333333333,
    0,
    0.2,
    0,
    0.18181818181818182,
    0,
    0,
    0,
    0.3333333333333333,
    0,
    0.3333333333333333,
    0.2,
    0,
    0.2,
    0,
    0.2,
    0.18181818181818182,
    0,
    0,
    0,
    0.2,
    0.18181818181818182,
    0,
    0,
    0,
    0.2,
    0,
    0.2,
    0,
    0.2,
    0,
    0,
    0.2,
    0.18181818181818182,
    0,
    0,
    0,
    0,
    0,
    0,
    0.3333333333333333,
    0.3333333333333333,
    0,
    0.3333333333333333,
    0,
    0,
    0,
    0,
    0,
    0.3333333333333333,
    0,
    0,
    0,
    0,
    0,
    0,
    0,
    0.2,
    0,
    0,
    0.2,
    0,
    0.2,
    0.18181818181818182,
    0,
    0,
    0.3333333333333333,
    0.2,
    0,
    0.2,
    0,
    0.2,
    0,
    0.3333333333333333,
    0.2,
    0.18181818181818182,
    0,
    0,
    0,
    0.2,
    0.18181818181818182,
    0,
    0,
    0,
    0.2,
    0,
    0,
    0.2,
    0,
    0,
    0,
    0.2,
    0.18181818181818182,
    0.3333333333333333,
    0,
    0,
    0.2,
    0,
    0.2,
    0,
    0,
    0.2,
    0.18181818181818182,
    0,
    0.3333333333333333,
    0.3333333333333333,
    0.18181818181818182,
    0,
    0,
    0.3333333333333333,
    0.2,
    0.18181818181818182,
    0.3333333333333333,
    0,
    0
  ]
}