{
  "mean": 0.07,
  "count": 36,
  "sum": 2.65,
  "max": 0.15,
  "min": 0.05,
  "raw": [
    0.11667,
    0.06361,
    0.06385,
    0.07049,
    0.11600999999999999,
    0.06541,
    0.06775,
    0.07408999999999999,
    0.11468999999999999,
    0.06577,
    0.06766,
    0.057319999999999996,
    0.08346,
    0.05056,
    0.0482,
    0.054900000000000004,
    0.08385000000000001,
    0.05131,
    0.0482,
    0.056310000000000006,
    0.08754,
    0.05152,
    0.051320000000000005,
    0.055470000000000005,
    0.14862,
    0.060419999999999995,
    0.06174,
    0.07062,
    0.1122,
    0.061200000000000004,
    0.06564,
    0.07263,
    0.11379,
    0.06357,
    0.08331,
    0.07086
  ]
}