{
  "mean": 0.76,
  "count": 30,
  "sum": 21.33,
  "max": 0.95,
  "min": 0,
  "raw": [
    0.68,
    0.6666666666666666,
    0.8260869565217391,
    0.7083333333333334,
    0.9318181818181818,
    0.65,
    0.5,
    0.8695652173913043,
    0.6666666666666666,
    0.6666666666666666,
    0.8181818181818182,
    0.75,
    0.6764705882352942,
    0.8695652173913043,
    0.6956521739130435,
    0.65,
    null,
    0.6666666666666666,
    null,
    0.8666666666666667,
    0.8292682926829268,
    0.7441860465116279,
    0.76,
    0.875,
    0.85,
    0.8,
    0.7142857142857143,
    0.868421052631579,
    0.9473684210526315,
    0.7872340425531915
  ]
}