{
  "mean": 0.91,
  "count": 30,
  "sum": 27.33,
  "max": 1,
  "min": 0,
  "raw": [
    1,
    1,
    0.8333333333333334,
    1,
    0.8333333333333334,
    1,
    0.8333333333333334,
    0.8333333333333334,
    1,
    1,
    1,
    1,
    1,
    0.8333333333333334,
    1,
    1,
    1,
    1,
    0,
    0.8333333333333334,
    0.8333333333333334,
    0.8333333333333334,
    1,
    1,
    1,
    0.8333333333333334,
    0.8333333333333334,
    1,
    1,
    1
  ]
}