{
  "mean": 7.08,
  "count": 20,
  "sum": 141.56,
  "max": 11,
  "min": 4.67,
  "raw": [
    10.555555555555555,
    10.333333333333334,
    11,
    11,
    11,
    8,
    5,
    8,
    8,
    8,
    5,
    5,
    5,
    5,
    5,
    5,
    4.666666666666667,
    6,
    5,
    5
  ]
}