{
  "mean": 0.72,
  "count": 20,
  "sum": 14.45,
  "max": 0.85,
  "min": 0.58,
  "raw": [
    0.6410256410256411,
    0.6071428571428571,
    0.6338028169014085,
    0.5771971496437055,
    0.5856777493606138,
    0.8529411764705882,
    0.8132387706855791,
    0.8529411764705882,
    0.8529411764705882,
    0.8529411764705882,
    0.5791962174940898,
    0.5768321513002365,
    0.8292682926829268,
    0.8292682926829268,
    0.8037825059101655,
    0.5791962174940898,
    0.8194444444444444,
    0.8203309692671394,
    0.7612293144208038,
    0.5791962174940898
  ]
}