{
  "mean": 0.6,
  "count": 90,
  "sum": 45,
  "max": 1,
  "min": 0,
  "raw": [
    0.8,
    1,
    0.75,
    0.4,
    0.6,
    0.8333333333333334,
    0.6666666666666666,
    1,
    0.8333333333333334,
    0.6666666666666666,
    0.8,
    0.4,
    0.6,
    0.75,
    0.6,
    1,
    0.6666666666666666,
    0.5,
    0.8333333333333334,
    0.6666666666666666,
    1,
    0.8,
    1,
    0.4,
    0.6,
    0.6666666666666666,
    0,
    1,
    0.5,
    0.3333333333333333,
    0.8333333333333334,
    1,
    null,
    1,
    0.6666666666666666,
    1,
    0.8333333333333334,
    0.5,
    1,
    0.8333333333333334,
    0.6666666666666666,
    1,
    0.6666666666666666,
    0.8333333333333334,
    1,
    1,
    0.3333333333333333,
    1,
    1,
    null,
    0.6666666666666666,
    0.6666666666666666,
    null,
    0.6666666666666666,
    0.5,
    null,
    0.5,
    0.5,
    1,
    0.6666666666666666,
    0,
    0,
    0,
    1,
    0,
    null,
    0,
    null,
    null,
    null,
    null,
    0,
    0.6666666666666666,
    0,
    0,
    0.16666666666666666,
    1,
    null,
    null,
    0.16666666666666666,
    0,
    null,
    1,
    0,
    0,
    null,
    null,
    0,
    null,
    0
  ]
}