{
  "mean": 240.32,
  "count": 90,
  "sum": 21628.84,
  "max": 898.15,
  "min": 0.88,
  "raw": [
    542.8589999999999,
    543.332,
    250.546,
    289.965,
    593.925,
    406.509,
    170.496,
    507.66900000000004,
    414.264,
    141.18300000000002,
    538.621,
    296.45300000000003,
    356.18899999999996,
    258.10699999999997,
    226.731,
    260.589,
    133.92199999999997,
    342.08000000000004,
    348.87199999999996,
    131.557,
    279.827,
    512.6279999999999,
    351.169,
    215.99,
    374.252,
    92.747,
    233.959,
    275.16700000000003,
    225.589,
    287.39,
    205.292,
    185.558,
    60.6115,
    189.0665,
    202.544,
    147.31099999999998,
    193.756,
    109.78550000000001,
    497.342,
    181.93350000000004,
    898.1545000000001,
    115.10900000000001,
    196.5865,
    129.019,
    198.58350000000002,
    298.78900000000004,
    415.57708333333335,
    237.9595,
    206.14450000000002,
    108.9405,
    178.15200000000004,
    182.05999999999997,
    33.548,
    160.176,
    219.2705,
    1.972,
    157.53300000000002,
    465.673,
    196.27333333333334,
    307.5303333333333,
    230.233,
    246.52300000000002,
    237.651,
    650.89,
    478.548,
    1.524,
    165.803,
    1.4,
    2.074,
    0.877,
    1.664,
    222.09799999999998,
    337.53700000000003,
    184.157,
    117.031,
    202.277,
    442.1505,
    1.536,
    2.192,
    326.0145,
    278.574,
    1.353,
    129.522,
    130.223,
    344.33,
    2.201,
    2.047,
    245.233,
    14.481,
    345.859
  ]
}