{
  "mean": 0.6,
  "count": 30,
  "sum": 16.17,
  "max": 1,
  "min": 0,
  "raw": [
    1,
    1,
    0.6666666666666666,
    0.5,
    0.6666666666666666,
    0.6666666666666666,
    0.6666666666666666,
    0.5,
    null,
    0.5,
    0.5,
    0.6666666666666666,
    0,
    1,
    0.8333333333333334,
    1,
    0.16666666666666666,
    0.5,
    0.5,
    null,
    1,
    0.6666666666666666,
    null,
    0,
    0.6666666666666666,
    0.3333333333333333,
    1,
    0,
    0.6666666666666666,
    0.5
  ]
}