{
  "OutputFormatCorrectness": [
    0.75,
    0.7380952380952381,
    0.9876160990712074,
    0.75,
    0.7424242424242424,
    0.7391304347826086,
    0.7407407407407407,
    0.991044776119403,
    0.7361111111111112,
    1,
    0.7435897435897436,
    0.7391304347826086,
    0.75,
    0.7407407407407407,
    0.7333333333333333,
    1,
    0.7447447447447447,
    0.7407407407407407,
    0.7333333333333333,
    0.746268656716418,
    1,
    1,
    1,
    0.7222222222222222,
    1,
    0.75,
    1,
    0.7160493827160493,
    1,
    0.7272727272727273
  ],
  "DataClumpSize": [
    3,
    100,
    4,
    8,
    100,
    3,
    4,
    4,
    8,
    3,
    3,
    3,
    100,
    4,
    100,
    3,
    8,
    8,
    3,
    4,
    4,
    3,
    3,
    3,
    4,
    4,
    8,
    3,
    3,
    100,
    4,
    8,
    100,
    3,
    100,
    4,
    8,
    3,
    4,
    4,
    8,
    8,
    8,
    8,
    3,
    100,
    4,
    100,
    8,
    3,
    4,
    4,
    8,
    3,
    3,
    8,
    3,
    3,
    4,
    100,
    8,
    100,
    3,
    100,
    4,
    100,
    3,
    100,
    4,
    8,
    100,
    3,
    3,
    4,
    3,
    3,
    30,
    100,
    30,
    64,
    3,
    4,
    4,
    6,
    3,
    8,
    3,
    8,
    3,
    3,
    4,
    4,
    8,
    8,
    8,
    4,
    3,
    3,
    4,
    3,
    4,
    4,
    3,
    30,
    30,
    4,
    8,
    3,
    100,
    4,
    8,
    64,
    100,
    4,
    30,
    30,
    3
  ],
  "DataClumpOccurence": [
    12,
    2,
    4,
    3,
    2,
    12,
    4,
    4,
    3,
    3,
    3,
    12,
    2,
    4,
    2,
    3,
    3,
    3,
    12,
    4,
    4,
    3,
    3,
    12,
    4,
    4,
    3,
    267,
    12,
    2,
    4,
    3,
    2,
    12,
    2,
    4,
    3,
    12,
    4,
    4,
    3,
    3,
    3,
    3,
    12,
    2,
    4,
    2,
    3,
    12,
    4,
    4,
    3,
    267,
    12,
    3,
    267,
    12,
    4,
    2,
    3,
    2,
    12,
    2,
    4,
    2,
    12,
    2,
    4,
    3,
    2,
    3,
    12,
    4,
    3,
    12,
    2,
    2,
    2,
    2,
    12,
    10,
    8,
    2,
    12,
    3,
    12,
    3,
    3,
    12,
    4,
    4,
    3,
    3,
    3,
    2,
    4,
    12,
    4,
    12,
    4,
    4,
    11,
    2,
    2,
    96,
    3,
    12,
    2,
    4,
    3,
    2,
    2,
    2,
    2,
    2,
    12
  ],
  "ParametersToParameters": [
    1,
    0,
    1,
    1,
    0,
    1,
    1,
    1,
    1,
    1,
    1,
    1,
    0,
    1,
    0,
    1,
    1,
    1,
    1,
    1,
    1,
    1,
    1,
    1,
    1,
    1,
    1,
    1,
    1,
    0,
    1,
    1,
    0,
    1,
    0,
    1,
    1,
    1,
    1,
    1,
    1,
    1,
    1,
    1,
    1,
    0,
    1,
    0,
    1,
    1,
    1,
    1,
    1,
    1,
    1,
    1,
    1,
    1,
    1,
    0,
    1,
    0,
    1,
    0,
    1,
    0,
    1,
    0,
    1,
    1,
    0,
    1,
    1,
    1,
    1,
    1,
    0,
    0,
    0,
    0,
    1,
    0,
    0,
    1,
    1,
    1,
    1,
    1,
    1,
    1,
    1,
    1,
    1,
    1,
    1,
    1,
    1,
    1,
    1,
    1,
    1,
    1,
    1,
    0,
    0,
    1,
    1,
    1,
    0,
    1,
    1,
    0,
    0,
    1,
    0,
    0,
    1
  ],
  "FieldToField": [
    0,
    1,
    0,
    0,
    1,
    0,
    0,
    0,
    0,
    0,
    0,
    0,
    1,
    0,
    1,
    0,
    0,
    0,
    0,
    0,
    0,
    0,
    0,
    0,
    0,
    0,
    0,
    0,
    0,
    1,
    0,
    0,
    1,
    0,
    1,
    0,
    0,
    0,
    0,
    0,
    0,
    0,
    0,
    0,
    0,
    1,
    0,
    1,
    0,
    0,
    0,
    0,
    0,
    0,
    0,
    0,
    0,
    0,
    0,
    1,
    0,
    1,
    0,
    1,
    0,
    1,
    0,
    1,
    0,
    0,
    1,
    0,
    0,
    0,
    0,
    0,
    1,
    1,
    1,
    1,
    0,
    1,
    1,
    0,
    0,
    0,
    0,
    0,
    0,
    0,
    0,
    0,
    0,
    0,
    0,
    0,
    0,
    0,
    0,
    0,
    0,
    0,
    0,
    1,
    1,
    0,
    0,
    0,
    1,
    0,
    0,
    1,
    1,
    0,
    1,
    1,
    0
  ],
  "PreferNonPublic": [
    0,
    0,
    0,
    0,
    0,
    0,
    0,
    0,
    0,
    0,
    0,
    0,
    0,
    0,
    0,
    0,
    0,
    0,
    0,
    0,
    0,
    0,
    0,
    0,
    0,
    0,
    0,
    0,
    0,
    0,
    0,
    0,
    0,
    0,
    0,
    0,
    0,
    0,
    0,
    0,
    0,
    0,
    0,
    0,
    0,
    0,
    0,
    0,
    0,
    0,
    0,
    0,
    0,
    0,
    0,
    0,
    0,
    0,
    0,
    0,
    0,
    0,
    0,
    0,
    0,
    0,
    0,
    0,
    0,
    0,
    0,
    0,
    0,
    0,
    0,
    0,
    1,
    0,
    1,
    0,
    0,
    1,
    1,
    0,
    0,
    0,
    0,
    0,
    0,
    0,
    0,
    0,
    0,
    0,
    0,
    0,
    0,
    0,
    0,
    0,
    0,
    0,
    0,
    1,
    1,
    0,
    0,
    0,
    0,
    0,
    0,
    0,
    0,
    0,
    1,
    1,
    0
  ],
  "PrimitiveTypes": [
    1,
    0.97,
    1,
    0.75,
    0.97,
    1,
    1,
    1,
    0.75,
    1,
    1,
    1,
    0.97,
    1,
    0.97,
    1,
    0.75,
    0.75,
    1,
    1,
    1,
    1,
    1,
    1,
    1,
    1,
    0.75,
    0.3333333333333333,
    1,
    0.97,
    1,
    0.75,
    0.97,
    1,
    0.97,
    1,
    0.75,
    1,
    1,
    1,
    0.75,
    0.75,
    0.875,
    0.75,
    1,
    0.97,
    1,
    0.97,
    0.875,
    1,
    1,
    1,
    0.75,
    0.3333333333333333,
    1,
    0.75,
    0.3333333333333333,
    1,
    1,
    0.97,
    0.75,
    0.97,
    1,
    0.97,
    1,
    0.97,
    1,
    0.97,
    1,
    0.75,
    0.97,
    1,
    1,
    1,
    1,
    1,
    0.7666666666666667,
    0.97,
    0.7666666666666667,
    1,
    1,
    0,
    0.25,
    0.6666666666666666,
    1,
    0.875,
    1,
    0.75,
    1,
    1,
    1,
    1,
    0.75,
    0.75,
    0.75,
    0.75,
    0.6666666666666666,
    1,
    1,
    1,
    1,
    1,
    1,
    0.7666666666666667,
    0.7666666666666667,
    0.25,
    0.75,
    1,
    0.97,
    1,
    0.75,
    1,
    0.97,
    0.75,
    0.7666666666666667,
    0.7666666666666667,
    1
  ],
  "AffectedFiles": [
    3,
    2,
    3,
    3,
    2,
    3,
    3,
    3,
    3,
    3,
    3,
    3,
    2,
    3,
    2,
    3,
    3,
    3,
    3,
    3,
    3,
    3,
    3,
    3,
    3,
    3,
    3,
    56,
    3,
    2,
    3,
    3,
    2,
    3,
    2,
    3,
    3,
    3,
    3,
    3,
    3,
    3,
    3,
    3,
    3,
    2,
    3,
    2,
    3,
    3,
    3,
    3,
    3,
    56,
    3,
    3,
    56,
    3,
    3,
    2,
    3,
    2,
    3,
    2,
    3,
    2,
    3,
    2,
    3,
    3,
    2,
    3,
    3,
    3,
    3,
    3,
    2,
    2,
    2,
    2,
    3,
    5,
    4,
    2,
    3,
    3,
    3,
    3,
    3,
    3,
    3,
    3,
    3,
    3,
    3,
    1,
    1,
    3,
    3,
    3,
    3,
    3,
    5,
    2,
    2,
    18,
    3,
    3,
    2,
    3,
    3,
    2,
    2,
    1,
    2,
    2,
    3
  ],
  "Time": [
    262.359,
    58.2075,
    157.701,
    97.379,
    113.573,
    111.114,
    70.715,
    130.37,
    160.114,
    96.131,
    81.835,
    119.578,
    91.713,
    120.104,
    84.236,
    69.567,
    67.438,
    38.962,
    63.893,
    168.8915,
    58.447,
    59.383,
    23.248,
    35.018,
    22.106,
    20.412,
    27.689,
    115.753,
    88.42,
    49.338
  ],
  "Price": [
    0.29701,
    0.32875,
    0.3517,
    0.29032,
    0.2977,
    0.30661000000000005,
    0.28600000000000003,
    0.34423000000000004,
    0.30976000000000004,
    0.29038,
    0.26086000000000004,
    0.30631,
    0.27265,
    0.32371,
    0.27058000000000004,
    0.25057,
    0.33103000000000005,
    0.24448000000000003,
    0.26974,
    0.36010000000000003,
    0.25171,
    0.25720000000000004,
    0.22435000000000002,
    0.22846000000000002,
    0.22381,
    0.22186000000000003,
    0.22618000000000002,
    0.31918,
    0.26017,
    0.24910000000000002
  ],