{
  "mean": 0.58,
  "count": 54,
  "sum": 26.52,
  "max": 1,
  "min": 0,
  "raw": [
    1,
    0.8,
    1,
    0.25,
    0.8,
    1,
    0.4,
    0.6,
    0.8,
    0.2,
    0.8,
    0.5,
    0.2,
    0.8,
    0.8,
    0,
    1,
    0.4,
    null,
    0.3333333333333333,
    1,
    null,
    0.8333333333333334,
    0.5,
    0.8333333333333334,
    0.3333333333333333,
    0.5,
    null,
    0.6666666666666666,
    null,
    0.8333333333333334,
    0.3333333333333333,
    1,
    0.16666666666666666,
    0.6666666666666666,
    1,
    1,
    0.5,
    1,
    null,
    0,
    0,
    0.6666666666666666,
    0,
    1,
    0,
    null,
    1,
    null,
    0,
    0.3333333333333333,
    null,
    0,
    0.6666666666666666
  ]
}