{
  "mean": 0.48,
  "count": 30,
  "sum": 8.63,
  "max": 1,
  "min": 0,
  "raw": [
    0,
    0.8,
    1,
    0.6666666666666666,
    null,
    1,
    0,
    0.8333333333333334,
    1,
    1,
    0.16666666666666666,
    null,
    null,
    0.8333333333333334,
    null,
    null,
    1,
    null,
    null,
    null,
    null,
    null,
    null,
    0.3333333333333333,
    0,
    0,
    0,
    0,
    null,
    0
  ]
}