{
  "mean": 0.68,
  "count": 90,
  "sum": 59.23,
  "max": 1,
  "min": 0,
  "raw": [
    1,
    0.8,
    0.8,
    1,
    1,
    0.6666666666666666,
    0.6666666666666666,
    1,
    1,
    0.6666666666666666,
    0.8,
    1,
    0.6,
    0.8,
    0.4,
    1,
    0.8333333333333334,
    0.6666666666666666,
    1,
    1,
    0.8,
    1,
    1,
    0.4,
    1,
    0.5,
    1,
    1,
    0.6666666666666666,
    0.8333333333333334,
    1,
    1,
    0.6666666666666666,
    0.5,
    0.6666666666666666,
    0.6666666666666666,
    0.6666666666666666,
    0.5,
    null,
    0.5,
    0.5,
    0.6666666666666666,
    0,
    1,
    0.8333333333333334,
    1,
    0.16666666666666666,
    0.5,
    0.5,
    null,
    1,
    0.6666666666666666,
    null,
    0,
    0.6666666666666666,
    0.3333333333333333,
    1,
    0,
    0.6666666666666666,
    0.5,
    1,
    0.5,
    0.3333333333333333,
    0.6666666666666666,
    1,
    0.8333333333333334,
    0.16666666666666666,
    0.5,
    1,
    1,
    1,
    1,
    0,
    0,
    0.8333333333333334,
    0.6666666666666666,
    1,
    0.3333333333333333,
    1,
    0.5,
    0.3333333333333333,
    0.8333333333333334,
    1,
    0.6666666666666666,
    0,
    0.6666666666666666,
    0.6666666666666666,
    0.16666666666666666,
    0.5,
    0
  ]
}