{
  "mean": 0.51,
  "count": 30,
  "sum": 15.4,
  "max": 1,
  "min": 0,
  "raw": [
    0.8,
    0.6,
    0.6,
    0.8,
    0.6,
    0.8333333333333334,
    0.8333333333333334,
    0.8333333333333334,
    0.8333333333333334,
    1,
    0.3333333333333333,
    0.3333333333333333,
    0.5,
    0.3333333333333333,
    0.5,
    0.3333333333333333,
    0.3333333333333333,
    0.5,
    0.3333333333333333,
    0.3333333333333333,
    0.5,
    0.8333333333333334,
    0.8333333333333334,
    0,
    0.6666666666666666,
    0,
    1,
    0,
    0,
    0
  ]
}