{
  "mean": 0.65,
  "count": 30,
  "sum": 18.98,
  "max": 1,
  "min": 0,
  "raw": [
    1,
    0.8,
    1,
    0.75,
    0.6,
    1,
    0.5,
    0.6666666666666666,
    0.8333333333333334,
    0.6,
    0.5,
    0.5,
    0.4,
    0.75,
    1,
    0.8333333333333334,
    1,
    0.75,
    0.6666666666666666,
    0.6,
    0.4,
    null,
    0,
    1,
    0,
    0.6666666666666666,
    1,
    0.16666666666666666,
    0.6666666666666666,
    0.3333333333333333
  ]
}