{
  "mean": 0.57,
  "count": 30,
  "sum": 10.83,
  "max": 1,
  "min": 0,
  "raw": [
    0.5,
    0.5,
    0.4,
    0.75,
    1,
    0.8333333333333334,
    1,
    0.75,
    0.6666666666666666,
    0.6,
    null,
    null,
    null,
    null,
    null,
    null,
    null,
    0.8333333333333334,
    0.8333333333333334,
    null,
    1,
    null,
    0,
    null,
    0.16666666666666666,
    0,
    0,
    1,
    0,
    null
  ]
}