{
  "mean": 0.12,
  "count": 30,
  "sum": 3.7,
  "max": 0.15,
  "min": 0.1,
  "raw": [
    0.14838,
    0.14750999999999997,
    0.14838,
    0.09783,
    0.14750999999999997,
    0.1134,
    0.09783,
    0.14862,
    0.14862,
    0.09783,
    0.09759000000000001,
    0.11286,
    0.09807,
    0.14742,
    0.11439,
    0.1482,
    0.14838,
    0.1122,
    0.11379,
    0.11451,
    0.11088,
    0.09698999999999999,
    0.12503999999999998,
    0.11316,
    0.09720000000000001,
    0.11334,
    0.14397,
    0.11379,
    0.13056,
    0.14787
  ]
}