{
  "mean": 0.06,
  "count": 270,
  "sum": 16.77,
  "max": 0.12,
  "min": 0.04,
  "raw": [
    0.06094000000000001,
    0.06094000000000001,
    0.06298000000000001,
    0.06094000000000001,
    0.06094000000000001,
    0.06094000000000001,
    0.06427000000000001,
    0.06361,
    0.061840000000000006,
    0.06094000000000001,
    0.06385,
    0.06358,
    0.06367,
    0.06451,
    0.06727,
    0.06385,
    0.06505,
    0.06385,
    0.06385,
    0.06385,
    0.07046,
    0.07441999999999999,
    0.07748,
    0.07111999999999999,
    0.07250000000000001,
    0.07100000000000001,
    0.07111999999999999,
    0.07049,
    0.07250000000000001,
    0.05465,
    0.06334000000000001,
    0.06511,
    0.06445000000000001,
    0.06334000000000001,
    0.04666,
    0.06298000000000001,
    0.06094000000000001,
    0.06541,
    0.06094000000000001,
    0.06556,
    0.06697,
    0.06433,
    0.06418,
    0.06828999999999999,
    0.06763,
    0.06802,
    0.06451,
    0.06775,
    0.06385,
    0.06802,
    0.07046,
    0.07238,
    0.07463,
    0.07124,
    0.07463,
    0.056749999999999995,
    0.07358,
    0.07408999999999999,
    0.07250000000000001,
    0.07433000000000001,
    0.06115000000000001,
    0.06493,
    0.04621,
    0.08008,
    0.08923,
    0.06172,
    0.0472,
    0.06577,
    0.06376,
    0.06094000000000001,
    0.06841,
    0.05266,
    0.07468,
    0.06975999999999999,
    0.0775,
    0.06718,
    0.08629,
    0.06766,
    0.06864999999999999,
    0.06733,
    0.0749,
    0.07676,
    0.07397000000000001,
    0.08188999999999999,
    0.056749999999999995,
    0.05558,
    0.05669,
    0.057319999999999996,
    0.057109999999999994,
    0.05689999999999999,
    0.05095,
    0.06766,
    0.04723,
    0.05095,
    0.050620000000000005,
    0.050620000000000005,
    0.05086,
    0.05056,
    0.050620000000000005,
    0.050620000000000005,
    0.0608,
    0.0608,
    0.0608,
    0.0608,
    0.0608,
    0.0608,
    0.05162,
    0.0482,
    0.0482,
    0.04796,
    0.05421000000000001,
    0.05421000000000001,
    0.05523,
    0.055560000000000005,
    0.05421000000000001,
    0.055170000000000004,
    0.05523,
    0.054900000000000004,
    0.05523,
    0.05523,
    0.05965,
    0.05161,
    0.06499,
    0.05029,
    0.06118,
    0.050530000000000005,
    0.046810000000000004,
    0.05131,
    0.05029,
    0.04687,
    0.048440000000000004,
    0.04913,
    0.05297,
    0.048440000000000004,
    0.04802,
    0.06257,
    0.04913,
    0.0482,
    0.06356,
    0.05156,
    0.037680000000000005,
    0.05385,
    0.05451,
    0.055470000000000005,
    0.05466000000000001,
    0.05571000000000001,
    0.061110000000000005,
    0.056310000000000006,
    0.05523,
    0.055200000000000006,
    0.05194,
    0.052000000000000005,
    0.05008,
    0.05272,
    0.048100000000000004,
    0.05122,
    0.04834,
    0.05152,
    0.05191,
    0.04711,
    0.05276,
    0.06634999999999999,
    0.0524,
    0.052070000000000005,
    0.06971,
    0.06302,
    0.04976,
    0.051320000000000005,
    0.04802,
    0.05333,
    0.037680000000000005,
    0.037680000000000005,
    0.07425000000000001,
    0.056850000000000005,
    0.05523,
    0.11943000000000001,
    0.06738000000000001,
    0.055470000000000005,
    0.037680000000000005,
    0.05484000000000001,
    0.058679999999999996,
    0.060419999999999995,
    0.060419999999999995,
    0.060419999999999995,
    0.060419999999999995,
    0.05934,
    0.0603,
    0.060419999999999995,
    0.058679999999999996,
    0.0603,
    0.06432,
    0.06357,
    0.06609000000000001,
    0.0627,
    0.06609000000000001,
    0.06603,
    0.0627,
    0.06174,
    0.06495000000000001,
    0.06405,
    0.06981,
    0.07008,
    0.069,
    0.069,
    0.069,
    0.069,
    0.069,
    0.07062,
    0.07062,
    0.06954,
    0.05832,
    0.059879999999999996,
    0.060419999999999995,
    0.05925,
    0.060419999999999995,
    0.06228,
    0.061259999999999995,
    0.061200000000000004,
    0.059879999999999996,
    0.061200000000000004,
    0.0954,
    0.06849,
    0.06501000000000001,
    0.0627,
    0.06548999999999999,
    0.06687000000000001,
    0.0627,
    0.06564,
    0.06591,
    0.06627,
    0.06852,
    0.07155,
    0.07125000000000001,
    0.05643,
    0.07008,
    0.07089000000000001,
    0.07203000000000001,
    0.07263,
    0.07139999999999999,
    0.05649,
    0.04683,
    0.06294,
    0.06195,
    0.04572,
    0.05946,
    0.060689999999999994,
    0.060719999999999996,
    0.06357,
    0.062009999999999996,
    0.05967,
    0.06396,
    0.06513,
    0.06437999999999999,
    0.06473999999999999,
    0.06342,
    0.06692999999999999,
    0.06489,
    0.08331,
    0.08304,
    0.0678,
    0.07206000000000001,
    0.05673,
    0.06837,
    0.08954999999999999,
    0.09068999999999999,
    0.07155,
    0.09009,
    0.07086,
    0.06963,
    0.07098
  ]
}