{
  "mean": 0.07,
  "count": 36,
  "sum": 2.65,
  "max": 0.15,
  "min": 0.05,
  "raw": [
    0.11648999999999998,
    0.06094000000000001,
    0.06727,
    0.07250000000000001,
    0.09725999999999999,
    0.04666,
    0.06763,
    0.07463,
    0.09783,
    0.08923,
    0.0775,
    0.056749999999999995,
    0.08445,
    0.050620000000000005,
    0.0608,
    0.05421000000000001,
    0.08688,
    0.06118,
    0.04802,
    0.05466000000000001,
    0.08327999999999999,
    0.048100000000000004,
    0.06971,
    0.05523,
    0.14750999999999997,
    0.060419999999999995,
    0.06609000000000001,
    0.069,
    0.11439,
    0.060419999999999995,
    0.06548999999999999,
    0.07008,
    0.09720000000000001,
    0.05946,
    0.06342,
    0.09068999999999999
  ]
}