{
  "mean": 0.06,
  "count": 30,
  "sum": 1.85,
  "max": 0.07,
  "min": 0.05,
  "raw": [
    0.06385,
    0.06358,
    0.06367,
    0.06451,
    0.06727,
    0.06385,
    0.06505,
    0.06385,
    0.06385,
    0.06385,
    0.0608,
    0.0608,
    0.0608,
    0.0608,
    0.0608,
    0.0608,
    0.05162,
    0.0482,
    0.0482,
    0.04796,
    0.06432,
    0.06357,
    0.06609000000000001,
    0.0627,
    0.06609000000000001,
    0.06603,
    0.0627,
    0.06174,
    0.06495000000000001,
    0.06405
  ]
}