{
  "mean": 0.06,
  "count": 30,
  "sum": 1.69,
  "max": 0.12,
  "min": 0.04,
  "raw": [
    0.05421000000000001,
    0.05421000000000001,
    0.05523,
    0.055560000000000005,
    0.05421000000000001,
    0.055170000000000004,
    0.05523,
    0.054900000000000004,
    0.05523,
    0.05523,
    0.037680000000000005,
    0.05385,
    0.05451,
    0.055470000000000005,
    0.05466000000000001,
    0.05571000000000001,
    0.061110000000000005,
    0.056310000000000006,
    0.05523,
    0.055200000000000006,
    0.037680000000000005,
    0.037680000000000005,
    0.07425000000000001,
    0.056850000000000005,
    0.05523,
    0.11943000000000001,
    0.06738000000000001,
    0.055470000000000005,
    0.037680000000000005,
    0.05484000000000001
  ]
}