{
  "mean": 0.11,
  "count": 30,
  "sum": 3.21,
  "max": 0.12,
  "min": 0.1,
  "raw": [
    0.11667,
    0.09734999999999999,
    0.11667,
    0.11667,
    0.11648999999999998,
    0.09852,
    0.11667,
    0.11667,
    0.09855,
    0.09855,
    0.11840999999999999,
    0.10025999999999999,
    0.09896999999999999,
    0.09813,
    0.09725999999999999,
    0.11667,
    0.09855,
    0.11600999999999999,
    0.11504999999999999,
    0.11631,
    0.09863999999999999,
    0.09945,
    0.09774,
    0.09849,
    0.09783,
    0.09860999999999999,
    0.10296,
    0.11468999999999999,
    0.11337,
    0.12039
  ]
}