{
  "mean": 0.06,
  "count": 30,
  "sum": 1.88,
  "max": 0.09,
  "min": 0.05,
  "raw": [
    0.06094000000000001,
    0.06094000000000001,
    0.06298000000000001,
    0.06094000000000001,
    0.06094000000000001,
    0.06094000000000001,
    0.06427000000000001,
    0.06361,
    0.061840000000000006,
    0.06094000000000001,
    0.06334000000000001,
    0.06511,
    0.06445000000000001,
    0.06334000000000001,
    0.04666,
    0.06298000000000001,
    0.06094000000000001,
    0.06541,
    0.06094000000000001,
    0.06556,
    0.06115000000000001,
    0.06493,
    0.04621,
    0.08008,
    0.08923,
    0.06172,
    0.0472,
    0.06577,
    0.06376,
    0.06094000000000001
  ]
}