{
  "mean": 0.1,
  "count": 30,
  "sum": 3.1,
  "max": 0.15,
  "min": 0.07,
  "raw": [
    0.09863999999999999,
    0.09945,
    0.09774,
    0.09849,
    0.09783,
    0.09860999999999999,
    0.10296,
    0.11468999999999999,
    0.11337,
    0.12039,
    0.08334,
    0.08510999999999999,
    0.09048,
    0.06609,
    0.08327999999999999,
    0.10214999999999999,
    0.08874,
    0.08754,
    0.08928,
    0.08507999999999999,
    0.11088,
    0.09698999999999999,
    0.12503999999999998,
    0.11316,
    0.09720000000000001,
    0.11334,
    0.14397,
    0.11379,
    0.13056,
    0.14787
  ]
}