{
  "mean": 0.06,
  "count": 30,
  "sum": 1.76,
  "max": 0.07,
  "min": 0.05,
  "raw": [
    0.06334000000000001,
    0.06511,
    0.06445000000000001,
    0.06334000000000001,
    0.04666,
    0.06298000000000001,
    0.06094000000000001,
    0.06541,
    0.06094000000000001,
    0.06556,
    0.05965,
    0.05161,
    0.06499,
    0.05029,
    0.06118,
    0.050530000000000005,
    0.046810000000000004,
    0.05131,
    0.05029,
    0.04687,
    0.05832,
    0.059879999999999996,
    0.060419999999999995,
    0.05925,
    0.060419999999999995,
    0.06228,
    0.061259999999999995,
    0.061200000000000004,
    0.059879999999999996,
    0.061200000000000004
  ]
}