{
  "mean": 0.06,
  "count": 30,
  "sum": 1.94,
  "max": 0.07,
  "min": 0.04,
  "raw": [
    0.07046,
    0.07238,
    0.07463,
    0.07124,
    0.07463,
    0.056749999999999995,
    0.07358,
    0.07408999999999999,
    0.07250000000000001,
    0.07433000000000001,
    0.037680000000000005,
    0.05385,
    0.05451,
    0.055470000000000005,
    0.05466000000000001,
    0.05571000000000001,
    0.061110000000000005,
    0.056310000000000006,
    0.05523,
    0.055200000000000006,
    0.06852,
    0.07155,
    0.07125000000000001,
    0.05643,
    0.07008,
    0.07089000000000001,
    0.07203000000000001,
    0.07263,
    0.07139999999999999,
    0.05649
  ]
}