{
  "mean": 0.84,
  "count": 30,
  "sum": 24.33,
  "max": 1,
  "min": 0,
  "raw": [
    0.9565217391304348,
    0.7647058823529411,
    0.7142857142857143,
    1,
    0.9375,
    0.47368421052631576,
    0.9130434782608695,
    0.9333333333333333,
    0.8571428571428571,
    0.9090909090909091,
    null,
    0.7272727272727273,
    0.875,
    0.8589743589743589,
    0.9655172413793104,
    1,
    0.6875,
    0.3541666666666667,
    1,
    0.38308457711442784,
    1,
    0.9393939393939394,
    0.9310344827586207,
    0.8387096774193549,
    0.9701492537313433,
    1,
    0.8064516129032258,
    0.75,
    1,
    0.7847222222222222
  ]
}