{
  "mean": 0.07,
  "count": 30,
  "sum": 0.63,
  "max": 0.21,
  "min": 0,
  "raw": [
    0.10714285714285714,
    0.10344827586206896,
    null,
    0,
    null,
    null,
    null,
    null,
    null,
    null,
    null,
    null,
    null,
    null,
    null,
    null,
    null,
    0.13333333333333333,
    0.07692307692307693,
    null,
    0,
    0.20833333333333334,
    null,
    0,
    null,
    null,
    null,
    0,
    null,
    null
  ]
}