{
  "mean": 0.86,
  "count": 30,
  "sum": 25.72,
  "max": 1,
  "min": 0,
  "raw": [
    1,
    1,
    1,
    0.9872448979591837,
    0.7222222222222222,
    1,
    0.7380952380952381,
    0.7037037037037037,
    1,
    0.7333333333333333,
    1,
    1,
    1,
    0.7222222222222222,
    1,
    0.75,
    1,
    0.7160493827160493,
    1,
    0.7272727272727273,
    1,
    0,
    0.6794871794871795,
    0.7435897435897436,
    1,
    0.75,
    0.7419354838709677,
    1,
    1,
    1
  ]
}