{
  "mean": 0.99,
  "count": 30,
  "sum": 29.59,
  "max": 1,
  "min": 0.75,
  "raw": [
    0.96875,
    0.96875,
    1,
    1,
    1,
    0.96875,
    1,
    1,
    1,
    0.96875,
    1,
    1,
    1,
    1,
    1,
    1,
    1,
    1,
    1,
    1,
    1,
    1,
    1,
    1,
    1,
    0.96875,
    1,
    1,
    0.75,
    1
  ]
}