{
  "mean": 0.03,
  "count": 54,
  "sum": 1.31,
  "max": 0.26,
  "min": 0,
  "raw": [
    0,
    0.07692307692307693,
    0,
    0.14285714285714285,
    0.058823529411764705,
    0,
    0.016666666666666666,
    0,
    0.08333333333333333,
    0,
    0.058823529411764705,
    0,
    0,
    0,
    0,
    0,
    0.125,
    0.10256410256410256,
    0.004975124378109453,
    0.08333333333333333,
    0,
    null,
    0,
    null,
    0,
    0,
    null,
    null,
    null,
    null,
    0,
    0.02127659574468085,
    0,
    null,
    0.03125,
    null,
    0,
    0.05333333333333334,
    0,
    0,
    null,
    0,
    0,
    0,
    0.05263157894736842,
    0,
    0,
    null,
    0.25925925925925924,
    0,
    0,
    0,
    0.14285714285714285,
    0
  ]
}