{
  "mean": 0.7,
  "count": 115,
  "sum": 80.17,
  "max": 1,
  "min": 0,
  "raw": [
    0.6666666666666666,
    0.6,
    0.3333333333333333,
    0.8,
    0.6666666666666666,
    0.2857142857142857,
    0.6666666666666666,
    1,
    1,
    0.5625,
    0.6666666666666666,
    0.25,
    0.6,
    0.6666666666666666,
    0.3333333333333333,
    1,
    0.6666666666666666,
    0.8,
    0,
    0.6666666666666666,
    0.6666666666666666,
    0.6666666666666666,
    0.8,
    0.6666666666666666,
    0.5,
    1,
    0.3333333333333333,
    0.6666666666666666,
    0.6,
    0.6666666666666666,
    0.6666666666666666,
    0.7666666666666667,
    1,
    0.8,
    0.2857142857142857,
    0,
    0.3333333333333333,
    0.6666666666666666,
    0.3333333333333333,
    0.6666666666666666,
    0.4,
    0.6666666666666666,
    1,
    0.6666666666666666,
    0.6666666666666666,
    0.6666666666666666,
    0.6,
    0.6666666666666666,
    0,
    0.6666666666666666,
    0,
    1,
    0.6666666666666666,
    0.2857142857142857,
    0.25,
    0.3333333333333333,
    0.3333333333333333,
    0.6,
    0.6666666666666666,
    0.6666666666666666,
    0.3333333333333333,
    0.5625,
    1,
    0.6666666666666666,
    0.6666666666666666,
    0.6,
    0.6666666666666666,
    0.6666666666666666,
    0.6666666666666666,
    0.8,
    0.6,
    0.6666666666666666,
    0.3333333333333333,
    0.6666666666666666,
    0.6666666666666666,
    0.6666666666666666,
    0.6666666666666666,
    0.6,
    0.8,
    0.6666666666666666,
    0.2857142857142857,
    0.6666666666666666,
    0.6666666666666666,
    0.6666666666666666,
    0.8,
    0,
    1,
    1,
    1,
    1,
    1,
    1,
    1,
    1,
    1,
    1,
    1,
    1,
    1,
    1,
    1,
    1,
    1,
    1,
    1,
    1,
    1,
    1,
    1,
    1,
    1,
    1,
    1,
    1,
    1
  ]
}