{
  "mean": 1.27,
  "count": 54,
  "sum": 68.38,
  "max": 5.79,
  "min": 0,
  "raw": [
    0.9261198864528737,
    0.025086384411217466,
    0.8748040747537686,
    0.30208619993501173,
    0.7851635033696382,
    0.27682432830710724,
    0.025086384411217466,
    0.8619856684914495,
    0,
    0.17593759219535343,
    0.7084920196214881,
    0.27682432830710724,
    0,
    0.797956709593926,
    0.9004535349436154,
    0.025086384411217466,
    0.025086384411217466,
    0.05018857127401333,
    1.9841555099556274,
    3.128473852618953,
    1.0419081442647524,
    0,
    0.010363389886990149,
    0,
    0.010363389886990149,
    0,
    0,
    0,
    0,
    0,
    0.051828085082661346,
    3.3858698786403068,
    0.5925004756438597,
    0,
    0.5872871902770953,
    0,
    0.008135460478342793,
    5.79460499957294,
    1.0334459293925136,
    5.79460499957294,
    0,
    5.79460499957294,
    0,
    0.9842308692308279,
    0.04068268850889467,
    0,
    5.79460499957294,
    0,
    2.403032031014476,
    1.0334459293925136,
    4.4871034340780795,
    5.79460499957294,
    5.79460499957294,
    5.79460499957294
  ]
}