{
  "mean": 0.71,
  "count": 60,
  "sum": null,
  "max": 0.86,
  "min": 0,
  "raw": [
    0.4,
    0.5925925925925926,
    0.5742574257425742,
    0.6060606060606061,
    0.6096096096096096,
    0.8529411764705882,
    0.835920177383592,
    0.8351409978308026,
    0.8539325842696629,
    0.8548387096774194,
    0.8448275862068966,
    0.8254310344827587,
    0.823394495412844,
    0.8235294117647058,
    0.8409090909090909,
    0.5770171149144254,
    0,
    0.8171296296296297,
    null,
    0.8169014084507042,
    null,
    0.5925925925925926,
    0.7855227882037533,
    0.5764192139737991,
    0.8148148148148148,
    0.8421052631578947,
    0.8374384236453202,
    0.8360655737704918,
    0.8539325842696629,
    0.8395061728395061,
    null,
    0.8352941176470589,
    0.847682119205298,
    0.8448275862068966,
    0,
    0.8266666666666667,
    0.8275862068965517,
    0.8171296296296297,
    0.5906040268456376,
    0,
    0,
    0.7878787878787878,
    0.6153846153846154,
    0.7764705882352941,
    0.7964601769911505,
    0.8256880733944955,
    0.8148148148148148,
    0.8297872340425532,
    0.8409090909090909,
    0.8455284552845529,
    0.8235294117647058,
    0.5882352941176471,
    0.8626760563380281,
    0.8235294117647058,
    0.8148148148148148,
    0.8148148148148148,
    0.591304347826087,
    0.7213114754098361,
    0.5901639344262295,
    0.7707006369426752
  ]
}