{
  "Surety": [
    null,
    null,
    1,
    1,
    2,
    2,
    1,
    2,
    1,
    2,
    2,
    2,
    1.75,
    0.75,
    1,
    null,
    null,
    3,
    null,
    null,
    3,
    null,
    2,
    4,
    3,
    5.75,
    null,
    1,
    null,
    5,
    1,
    1,
    3,
    0.75,
    4.75,
    1.5,
    null,
    2,
    -0.25,
    2,
    1,
    null,
    1,
    0.75,
    0.75
  ],
  "Number data clumps": [
    0,
    0,
    1,
    1,
    2,
    2,
    1,
    2,
    1,
    2,
    2,
    2,
    2,
    1,
    1,
    0,
    0,
    3,
    0,
    0,
    3,
    0,
    2,
    4,
    3,
    6,
    0,
    1,
    0,
    5,
    1,
    1,
    3,
    1,
    5,
    2,
    0,
    2,
    6,
    2,
    1,
    0,
    1,
    1,
    1
  ],
  "OutputFormatCorrectness": [
    null,
    null,
    0.5853658536585366,
    0.5925925925925926,
    0.8376068376068376,
    0.5648148148148148,
    0.8148148148148148,
    0.5901639344262295,
    0.8292682926829268,
    0.5806451612903226,
    0.5925925925925926,
    0.819672131147541,
    0.8333333333333334,
    0.8148148148148148,
    0.5925925925925926,
    null,
    null,
    0.8148148148148148,
    null,
    null,
    0.8148148148148148,
    null,
    0.8376068376068376,
    0.8292682926829268,
    0.8333333333333334,
    0.8165680473372781,
    null,
    0.5925925925925926,
    null,
    0.704225352112676,
    0.8433734939759037,
    0.8148148148148148,
    0.8181818181818182,
    0.6,
    0.8148148148148148,
    0.6133333333333333,
    null,
    0.5901639344262295,
    0.8074534161490683,
    0.8235294117647058,
    0.5797101449275363,
    null,
    0.8888888888888888,
    0.6,
    0.8148148148148148
  ],
  "ValidJSON": [
    0,
    0,
    1,
    1,
    1,
    1,
    1,
    1,
    1,
    1,
    1,
    1,
    1,
    1,
    1,
    0,
    0,
    1,
    0,
    0,
    1,
    0,
    1,
    1,
    1,
    1,
    0,
    1,
    0,
    1,
    1,
    1,
    1,
    1,
    1,
    1,
    0,
    1,
    1,
    1,
    1,
    0,
    1,
    1,
    1
  ],
  "DataClumpSize": [
    5,
    3,
    5,
    11,
    3,
    5,
    5,
    3,
    5,
    5,
    5,
    11,
    3,
    5,
    5,
    3,
    3,
    4,
    3,
    3,
    3,
    4,
    3,
    3,
    3,
    3,
    3,
    12,
    3,
    3,
    3,
    12,
    3,
    4,
    12,
    12,
    12,
    3,
    4,
    4,
    5,
    3,
    3,
    3,
    3,
    4,
    4,
    12,
    3,
    3,
    3,
    4,
    3,
    3,
    3,
    12,
    12,
    12,
    3,
    6,
    3,
    6,
    25,
    25,
    25,
    25,
    3,
    15,
    12,
    12,
    12,
    25,
    3,
    3
  ],
  "DataClumpOccurence": [
    6,
    6,
    6,
    6,
    6,
    6,
    6,
    6,
    6,
    6,
    6,
    6,
    6,
    6,
    6,
    2,
    6,
    18,
    2,
    6,
    30,
    6,
    30,
    30,
    30,
    30,
    30,
    2,
    30,
    30,
    30,
    2,
    30,
    6,
    2,
    2,
    2,
    30,
    6,
    2,
    6,
    30,
    30,
    30,
    30,
    47,
    2,
    2,
    30,
    30,
    30,
    47,
    2,
    30,
    3558,
    2,
    2,
    2,
    1,
    2,
    30,
    4,
    2,
    2,
    2,
    2,
    1436,
    2,
    2,
    2,
    2,
    2,
    1436,
    1
  ],
  "ParametersToParameters": [
    1,
    1,
    1,
    1,
    1,
    1,
    1,
    1,
    1,
    1,
    1,
    1,
    1,
    1,
    1,
    1,
    1,
    1,
    1,
    1,
    1,
    1,
    1,
    1,
    1,
    1,
    1,
    1,
    1,
    1,
    1,
    1,
    1,
    1,
    1,
    1,
    1,
    1,
    1,
    1,
    1,
    1,
    1,
    1,
    1,
    1,
    1,
    1,
    1,
    1,
    1,
    1,
    1,
    1,
    1,
    1,
    1,
    1,
    0,
    1,
    1,
    1,
    0,
    0,
    0,
    0,
    1,
    0,
    1,
    1,
    1,
    0,
    1,
    0
  ],
  "FieldToField": [
    0,
    0,
    0,
    0,
    0,
    0,
    0,
    0,
    0,
    0,
    0,
    0,
    0,
    0,
    0,
    0,
    0,
    0,
    0,
    0,
    0,
    0,
    0,
    0,
    0,
    0,
    0,
    0,
    0,
    0,
    0,
    0,
    0,
    0,
    0,
    0,
    0,
    0,
    0,
    0,
    0,
    0,
    0,
    0,
    0,
    0,
    0,
    0,
    0,
    0,
    0,
    0,
    0,
    0,
    0,
    0,
    0,
    0,
    0,
    0,
    0,
    0,
    1,
    1,
    1,
    1,
    0,
    1,
    0,
    0,
    0,
    1,
    0,
    0
  ],
  "PreferNonPublic": [
    0,
    0,
    0,
    0,
    0,
    0,
    0,
    0,
    0,
    0,
    0,
    0,
    0,
    0,
    0,
    0,
    0,
    0,
    0,
    0,
    0,
    0,
    0,
    0,
    0,
    0,
    0,
    0,
    0,
    0,
    0,
    0,
    0,
    0,
    0,
    0,
    0,
    0,
    0,
    0,
    0,
    0,
    0,
    0,
    0,
    0,
    0,
    0,
    0,
    0,
    0,
    1,
    0,
    0,
    0,
    0,
    0,
    0,
    1,
    0,
    0,
    0,
    0,
    0,
    0,
    0,
    0,
    1,
    0,
    0,
    0,
    0,
    0,
    1
  ],
  "PrimitiveTypes": [
    0.2,
    0.3333333333333333,
    0.2,
    0.18181818181818182,
    0.3333333333333333,
    0.2,
    0.2,
    0.3333333333333333,
    0.2,
    0.2,
    0.2,
    0.18181818181818182,
    0.3333333333333333,
    0.2,
    0.2,
    0,
    0.3333333333333333,
    0,
    0,
    0.3333333333333333,
    1,
    1,
    1,
    1,
    1,
    1,
    1,
    0.75,
    1,
    1,
    1,
    0.75,
    1,
    1,
    0.75,
    0.75,
    0.75,
    1,
    1,
    1,
    0.8,
    1,
    1,
    1,
    1,
    1,
    1,
    0.75,
    1,
    1,
    1,
    1,
    1,
    1,
    1,
    0.75,
    0.75,
    0.75,
    1,
    0.5,
    1,
    0.8333333333333334,
    1,
    1,
    1,
    1,
    0.6666666666666666,
    1,
    0.75,
    0.75,
    0.75,
    1,
    0.6666666666666666,
    1
  ],
  "AffectedFiles": [
    3,
    3,
    3,
    3,
    3,
    3,
    3,
    3,
    3,
    3,
    3,
    3,
    3,
    3,
    3,
    1,
    3,
    3,
    1,
    3,
    1,
    1,
    1,
    1,
    1,
    1,
    1,
    1,
    1,
    1,
    1,
    1,
    1,
    1,
    1,
    1,
    1,
    1,
    1,
    1,
    1,
    1,
    1,
    1,
    1,
    5,
    1,
    1,
    1,
    1,
    1,
    5,
    1,
    1,
    32,
    1,
    1,
    1,
    2,
    1,
    1,
    1,
    2,
    2,
    2,
    2,
    29,
    2,
    1,
    1,
    1,
    2,
    29,
    2
  ]
}