{
  "mean": 0.7777777777777778,
  "median": 1,
  "variance": 0.1728395061728395,
  "count": 7,
  "groupedCount": {
    "0": 2,
    "1": 7
  }
}