{
  "mean": 0.5588235294117647,
  "median": 1,
  "variance": 0.2465397923875432,
  "count": 19,
  "groupedCount": {
    "0": 15,
    "1": 19
  }
}