{
  "mean": 0.5483870967741935,
  "median": 1,
  "variance": 0.24765868886576473,
  "count": 17,
  "groupedCount": {
    "0": 14,
    "1": 17
  }
}