{
  "mean": 0.79,
  "count": 246,
  "sum": 193.7,
  "max": 1,
  "min": 0,
  "raw": [
    0,
    0,
    1,
    1,
    0,
    1,
    1,
    1,
    0,
    1,
    1,
    1,
    1,
    0,
    1,
    1,
    1,
    0,
    1,
    1,
    1,
    1,
    0,
    1,
    1,
    0,
    1,
    1,
    0,
    1,
    1,
    1,
    0,
    1,
    1,
    1,
    1,
    0,
    1,
    1,
    1,
    0,
    1,
    1,
    1,
    1,
    0,
    0,
    1,
    0,
    0,
    1,
    1,
    1,
    0,
    1,
    1,
    1,
    0,
    1,
    1,
    1,
    1,
    0.6666666666666666,
    0.6,
    0.4,
    0.25,
    1,
    0.6666666666666666,
    0.6666666666666666,
    0.8,
    0.2857142857142857,
    0.6666666666666666,
    0.3333333333333333,
    0.6666666666666666,
    0.6666666666666666,
    0.6666666666666666,
    0.8,
    0.6,
    0.6666666666666666,
    0.6666666666666666,
    0,
    0.6666666666666666,
    0,
    0.6666666666666666,
    0.6,
    0.6666666666666666,
    0.6666666666666666,
    0.8,
    0.6666666666666666,
    0,
    0.2857142857142857,
    0.6666666666666666,
    0.3333333333333333,
    0.6666666666666666,
    0.3333333333333333,
    0.3333333333333333,
    0.6666666666666666,
    0.6666666666666666,
    0.6666666666666666,
    0.8,
    0.6,
    0.6666666666666666,
    0.6666666666666666,
    0.6,
    0.6666666666666666,
    0.6666666666666666,
    0.8,
    0.6666666666666666,
    0,
    0.2857142857142857,
    0.6666666666666666,
    0,
    0,
    0.6,
    0.6666666666666666,
    0.6666666666666666,
    0.6666666666666666,
    1,
    0.3333333333333333,
    0.6666666666666666,
    0.6666666666666666,
    0.3333333333333333,
    0.5,
    0.6,
    1,
    0.6666666666666666,
    0,
    0.6666666666666666,
    0.6666666666666666,
    0.6666666666666666,
    0.8,
    0.6,
    0.6666666666666666,
    0.6666666666666666,
    0,
    0.6666666666666666,
    0,
    1,
    1,
    1,
    1,
    1,
    1,
    1,
    1,
    1,
    1,
    1,
    1,
    1,
    0.8571428571428571,
    1,
    1,
    1,
    1,
    1,
    1,
    1,
    1,
    1,
    1,
    1,
    1,
    1,
    1,
    1,
    1,
    1,
    1,
    1,
    1,
    1,
    1,
    1,
    0.8571428571428571,
    1,
    1,
    1,
    1,
    1,
    1,
    1,
    1,
    1,
    1,
    1,
    1,
    1,
    1,
    1,
    1,
    1,
    1,
    0.8571428571428571,
    1,
    1,
    1,
    1,
    1,
    1,
    1,
    1,
    1,
    1,
    1,
    1,
    1,
    1,
    1,
    1,
    1,
    1,
    1,
    1,
    1,
    1,
    1,
    1,
    1,
    1,
    1,
    1,
    1,
    1,
    1,
    1,
    1,
    1,
    1,
    1,
    1,
    1,
    1,
    1,
    1,
    1,
    1,
    1,
    1,
    1,
    1,
    1,
    1,
    1,
    0.8571428571428571
  ]
}