{
  "mean": 4.66,
  "count": 45,
  "sum": 209.63,
  "max": 8,
  "min": 3,
  "raw": [
    4.666666666666667,
    4.666666666666667,
    5,
    3,
    8,
    4,
    5,
    4,
    5,
    8,
    4,
    4,
    4,
    4,
    3,
    5,
    5,
    4.666666666666667,
    4.666666666666667,
    3.4,
    4.666666666666667,
    4.666666666666667,
    4.666666666666667,
    3.4,
    4.666666666666667,
    3,
    3.5,
    4,
    4,
    7.5,
    5,
    4.666666666666667,
    6,
    5,
    5,
    6.333333333333333,
    5,
    3,
    5,
    5,
    3,
    5,
    5.5,
    4,
    5
  ]
}