{
  "mean": 0.94,
  "count": 45,
  "groupedCount": {
    "1": 34,
    "0.5": 2,
    "0.8333333333333334": 5,
    "0.8571428571428571": 1,
    "0.6666666666666666": 1,
    "0.75": 1,
    "0.8": 1
  },
  "raw": [
    1,
    1,
    1,
    1,
    1,
    1,
    1,
    1,
    1,
    1,
    1,
    1,
    0.5,
    1,
    1,
    0.8333333333333334,
    1,
    1,
    1,
    1,
    1,
    1,
    1,
    1,
    0.8571428571428571,
    1,
    1,
    0.5,
    1,
    1,
    0.8333333333333334,
    1,
    0.8333333333333334,
    0.8333333333333334,
    0.8333333333333334,
    0.6666666666666666,
    1,
    1,
    1,
    1,
    1,
    1,
    0.75,
    1,
    0.8
  ]
}