{
  "mean": 0.94,
  "count": 120,
  "sum": 112.23,
  "max": 1,
  "min": 0,
  "raw": [
    0.71875,
    1,
    0.75,
    1,
    1,
    0.75,
    1,
    1,
    1,
    1,
    0.96875,
    1,
    1,
    0.96875,
    0.75,
    0.96875,
    1,
    1,
    1,
    0.75,
    1,
    0.96875,
    1,
    1,
    1,
    1,
    1,
    1,
    1,
    0.96875,
    1,
    1,
    1,
    0.96875,
    1,
    1,
    0.96875,
    1,
    0.96875,
    1,
    0.75,
    0.7619047619047619,
    0.7619047619047619,
    0.75,
    0.75,
    0.75,
    0.7619047619047619,
    0.7619047619047619,
    0.7619047619047619,
    0.7777777777777778,
    1,
    1,
    1,
    1,
    1,
    1,
    1,
    1,
    1,
    1,
    1,
    1,
    0.75,
    1,
    1,
    0.7777777777777778,
    1,
    1,
    1,
    1,
    0,
    1,
    1,
    0.75,
    1,
    0.75,
    0.7428571428571429,
    1,
    1,
    0.75,
    1,
    0.75,
    1,
    1,
    0.75,
    0.75,
    1,
    0.75,
    1,
    1,
    1,
    1,
    1,
    1,
    1,
    1,
    1,
    0.96875,
    1,
    1,
    1,
    1,
    1,
    1,
    1,
    1,
    1,
    0.96875,
    1,
    1,
    1,
    1,
    0.75,
    1,
    1,
    1,
    1,
    1,
    0.96875,
    1
  ]
}