{
  "instanceType": "refactor",
  "instructionType": "exampleBased",
  "includeUsages": "withUsages",
  "temperature": 0.5,
  "inputFormat": "instruction",
  "model": "gpt-4-1106-preview",
  "iteration": 3,
  "projectName": "dolphinscheduler",
  "metrics": {
    "ValidPrograms": 0,
    "RemainingAttemptCount": 0,
    "RemovedDataClumps": null,
    "GitChanges": 160,
    "CommentOut": 0.9574468085106383,
    "ValidJSON": 1,
    "EmptyResponse": 1,
    "ResponseSizeDecrease": 0.9820337325837204,
    "RichClass": 1,
    "HarmlessErrorCategory": 0.6666666666666666,
    "DataClumpSize": [
      3,
      10,
      5,
      4,
      3,
      3,
      3,
      5,
      7,
      3,
      3
    ],
    "DataClumpOccurence": [
      2,
      2,
      12,
      60,
      11,
      1,
      5,
      2,
      6,
      92,
      15
    ],
    "ParametersToParameters": [
      1,
      1,
      1,
      1,
      1,
      0,
      1,
      1,
      1,
      1,
      0
    ],
    "FieldToField": [
      0,
      0,
      0,
      0,
      0,
      0,
      0,
      0,
      0,
      0,
      0
    ],
    "PreferNonPublic": [
      0,
      0,
      0,
      0,
      0,
      0,
      0,
      0,
      0,
      0,
      0
    ],
    "PrimitiveTypes": [
      0.6666666666666666,
      0.6,
      0.4,
      0.25,
      1,
      0.6666666666666666,
      0.6666666666666666,
      0.8,
      0.2857142857142857,
      0.3333333333333333,
      0.6666666666666666
    ],
    "AffectedFiles": [
      1,
      1,
      5,
      15,
      8,
      2,
      4,
      1,
      2,
      3,
      10
    ],
    "ChangeType=None": 0.9361702127659575,
    "ChangeType=ReplaceText": 0,
    "ChangeType=SpecificLine": 0.06382978723404255,
    "ChangeType=SpecificLineAll": 0,
    "ChangeType=NoneButReplace": 0
  }
}