{
  "sensitivityBest": {
    "0.1": 100,
    "0.9": 100
  },
  "specifityBest": {
    "0.1": 100,
    "0.9": 85
  },
  "medianSensitivity": {
    "0.1": 45,
    "0.9": 35
  },
  "medianSpecifity": {
    "0.1": 21,
    "0.9": 25
  },
  "meanSensitivity": {
    "0.1": 40,
    "0.9": 38
  },
  "meanSpecifity": {
    "0.1": 29,
    "0.9": 27
  },
  "sums": {
    "0.1": 0.5192307692307693,
    "0.9": 0.4807692307692308
  }
}