{
  "sums": {
    "gpt-4": 0.4422809457579972,
    "gpt-3": 0.5577190542420027
  }
}