{
  "instanceType": "refactor",
  "instructionType": "exampleBased",
  "temperature": 0.5,
  "inputFormat": "instructionSnippet",
  "margin": 0,
  "model": "gpt-4-1106-preview",
  "iteration": 1,
  "projectName": "rocketmq_refactor",
  "metrics": {
    "ValidPrograms": 0,
    "RemainingAttemptCount": 0,
    "RemovedDataClumps": null,
    "GitChanges": 282,
    "CommentOut": 0.7741935483870968,
    "ValidJSON": 1,
    "EmptyResponse": 1,
    "ResponseSizeDecrease": 0.7211694408877507,
    "RichClass": 0,
    "HarmlessErrorCategory": 0,
    "DataClumpSize": [
      25,
      3,
      3,
      5,
      4,
      3,
      3,
      3,
      3,
      3,
      3,
      7,
      4,
      6,
      5
    ],
    "DataClumpOccurence": [
      2,
      608,
      16,
      8,
      4,
      608,
      608,
      608,
      608,
      608,
      126,
      2,
      4,
      8,
      8
    ],
    "ParametersToParameters": [
      0,
      1,
      1,
      1,
      1,
      1,
      1,
      1,
      0,
      1,
      1,
      1,
      1,
      1,
      1
    ],
    "FieldToField": [
      1,
      0,
      0,
      0,
      0,
      0,
      0,
      0,
      0,
      0,
      0,
      0,
      0,
      0,
      0
    ],
    "PreferNonPublic": [
      0,
      0,
      0,
      0,
      0,
      0,
      0,
      1,
      0,
      0,
      0,
      0,
      0,
      0,
      0
    ],
    "PrimitiveTypes": [
      1,
      1,
      1,
      1,
      1,
      1,
      1,
      1,
      1,
      1,
      1,
      0.8571428571428571,
      1,
      1,
      1
    ],
    "AffectedFiles": [
      2,
      32,
      1,
      1,
      2,
      32,
      32,
      32,
      32,
      32,
      2,
      1,
      1,
      1,
      1
    ],
    "ChangeType=None": 0.1935483870967742,
    "ChangeType=ReplaceText": 0.46774193548387094,
    "ChangeType=SpecificLine": 0.25806451612903225,
    "ChangeType=SpecificLineAll": 0.07258064516129033,
    "ChangeType=NoneButReplace": 0.008064516129032258
  }
}