{
  "mean": 0.84,
  "count": 25,
  "groupedCount": {
    "0": 2,
    "1": 18,
    "0.8": 1,
    "0.75": 1,
    "0.2": 1,
    "0.6666666666666666": 1,
    "0.5": 1
  },
  "raw": [
    1,
    1,
    1,
    0.8,
    1,
    1,
    0.75,
    0.2,
    1,
    1,
    1,
    1,
    1,
    1,
    1,
    1,
    0,
    1,
    0.6666666666666666,
    1,
    0,
    1,
    1,
    0.5,
    1
  ]
}