{
  "instanceType": "detect",
  "instructionType": "definitionBased",
  "temperature": 0.5,
  "inputType": "fullFile",
  "model": "gpt-4-1106-preview",
  "iteration": 2,
  "projectName": "argoumlrefactor",
  "inputFormat": "fullFile",
  "metrics": {
    "Surety": -13.25,
    "Number data clumps": 9,
    "OutputFormatCorrectness": 0.42592592592592593,
    "ValidJSON": 0,
    "DataClumpSize": [
      11,
      11,
      11,
      11,
      5,
      11,
      11,
      11,
      11
    ],
    "DataClumpOccurence": [
      6,
      6,
      6,
      6,
      6,
      6,
      6,
      6,
      6
    ],
    "ParametersToParameters": [
      1,
      1,
      1,
      1,
      1,
      1,
      1,
      1,
      1
    ],
    "FieldToField": [
      0,
      0,
      0,
      0,
      0,
      0,
      0,
      0,
      0
    ],
    "PreferNonPublic": [
      0,
      0,
      0,
      0,
      0,
      0,
      0,
      0,
      0
    ],
    "PrimitiveTypes": [
      0.18181818181818182,
      0.18181818181818182,
      0.18181818181818182,
      0.18181818181818182,
      0.2,
      0.18181818181818182,
      0.18181818181818182,
      0.18181818181818182,
      0.18181818181818182
    ],
    "AffectedFiles": [
      3,
      3,
      3,
      3,
      3,
      3,
      3,
      3,
      3
    ]
  }
}