{
  "mean": 0.75,
  "count": 194,
  "sum": 145.56,
  "max": 1,
  "min": 0,
  "raw": [
    0.2,
    0.18181818181818182,
    0,
    0.2,
    0,
    0.2,
    0.18181818181818182,
    0,
    0.2,
    0,
    0.2,
    0.18181818181818182,
    0,
    0.2,
    0,
    0.2,
    0.2,
    0,
    0,
    0.2,
    0,
    0.2,
    0.18181818181818182,
    0,
    0.3333333333333333,
    0.2,
    0.6,
    0,
    0.6,
    0,
    0.3333333333333333,
    0.2,
    0,
    0,
    0,
    0.3333333333333333,
    1,
    1,
    0.75,
    0.75,
    1,
    1,
    1,
    1,
    0.75,
    1,
    0.75,
    1,
    0.75,
    1,
    1,
    0.75,
    1,
    1,
    0.75,
    1,
    0.6666666666666666,
    1,
    1,
    1,
    0.75,
    0.3333333333333333,
    0.875,
    0.75,
    0.75,
    0.75,
    1,
    0.6666666666666666,
    1,
    1,
    1,
    1,
    0.6666666666666666,
    1,
    1,
    0.75,
    0.875,
    1,
    1,
    1,
    1,
    0.75,
    1,
    0.6666666666666666,
    1,
    0.75,
    1,
    0.6666666666666666,
    0.75,
    0.3333333333333333,
    1,
    0.75,
    1,
    0.97,
    1,
    0,
    0.75,
    0.75,
    1,
    1,
    0.97,
    0.75,
    1,
    0.97,
    0.75,
    0.97,
    1,
    0.75,
    1,
    0.75,
    1,
    1,
    0.75,
    1,
    0.75,
    0.75,
    0.7666666666666667,
    1,
    1,
    1,
    0.4,
    0.6666666666666666,
    0.75,
    0,
    1,
    0.75,
    0.6666666666666666,
    0.75,
    0.75,
    0,
    0.3333333333333333,
    1,
    1,
    1,
    1,
    1,
    1,
    1,
    1,
    1,
    1,
    1,
    1,
    1,
    1,
    1,
    0.75,
    1,
    1,
    0.8,
    1,
    1,
    0.8,
    1,
    1,
    1,
    1,
    0.75,
    0.75,
    1,
    1,
    1,
    1,
    1,
    1,
    1,
    1,
    1,
    1,
    1,
    1,
    1,
    1,
    1,
    1,
    1,
    1,
    1,
    1,
    1,
    0.6666666666666666,
    1,
    1,
    1,
    1,
    1,
    1,
    0.75,
    1,
    1,
    1,
    1,
    0.75,
    1
  ]
}