{
  "mean": 0.26,
  "count": 30,
  "sum": 7.76,
  "max": 1,
  "min": 0,
  "raw": [
    1,
    0,
    0.962962962962963,
    0,
    0,
    0,
    0,
    0.9444444444444444,
    1,
    0.967741935483871,
    0,
    0,
    0,
    0,
    0,
    0,
    0,
    0,
    1,
    0,
    0,
    0,
    0,
    0,
    0,
    0,
    0,
    0,
    0.8888888888888888,
    1
  ]
}