{
  "mean": 0.9,
  "count": 25,
  "groupedCount": {
    "0": 1,
    "1": 18,
    "0.625": 1,
    "0.7741935483870968": 1,
    "0.8571428571428572": 1,
    "0.9444444444444444": 1,
    "0.5294117647058824": 1,
    "0.8148148148148149": 1
  },
  "raw": [
    1,
    1,
    1,
    1,
    1,
    1,
    1,
    1,
    0.625,
    1,
    0.7741935483870968,
    0.8571428571428572,
    1,
    1,
    1,
    1,
    0,
    0.9444444444444444,
    1,
    1,
    1,
    1,
    0.5294117647058824,
    1,
    0.8148148148148149
  ]
}