{
  "mean": 0.69,
  "count": 175,
  "sum": 121.48,
  "max": 1,
  "min": 0,
  "raw": [
    0.9117647058823529,
    0.9696969696969697,
    0.9285714285714286,
    0.9333333333333333,
    1,
    1,
    1,
    1,
    0.9761904761904762,
    1,
    1,
    1,
    1,
    1,
    1,
    1,
    1,
    1,
    1,
    1,
    1,
    1,
    1,
    1,
    0.9,
    0.9615384615384616,
    0.9,
    1,
    0.7692307692307692,
    1,
    0.9879518072289156,
    1,
    1,
    1,
    1,
    1,
    1,
    1,
    1,
    1,
    1,
    1,
    1,
    1,
    1,
    1,
    1,
    1,
    1,
    1,
    0.9642857142857143,
    0.9615384615384616,
    0.9583333333333334,
    0.8928571428571429,
    0.8333333333333334,
    1,
    1,
    1,
    1,
    1,
    1,
    0.875,
    1,
    1,
    1,
    1,
    1,
    1,
    1,
    1,
    1,
    1,
    1,
    1,
    1,
    0,
    1,
    0,
    0,
    0,
    0,
    0,
    0,
    0,
    0,
    0.9130434782608696,
    1,
    0,
    0,
    1,
    0.9090909090909091,
    1,
    0,
    0,
    0.9166666666666666,
    1,
    0,
    0,
    0,
    0,
    0,
    0,
    0,
    0,
    1,
    0,
    0,
    0.8571428571428572,
    0,
    0,
    1,
    1,
    0,
    1,
    0,
    0,
    0,
    0,
    0,
    0,
    0,
    0,
    0,
    1,
    0,
    0.8484848484848485,
    0.7741935483870968,
    1,
    0.9647058823529412,
    0.8536585365853658,
    0.7,
    1,
    0.9076923076923077,
    0.9263803680981595,
    0.41666666666666663,
    0.9210526315789473,
    0.6025641025641026,
    1,
    1,
    0.8823529411764706,
    0.9459459459459459,
    0.8,
    0.4666666666666667,
    0.9,
    0.8421052631578947,
    1,
    1,
    0.41666666666666663,
    0,
    1,
    0.41666666666666663,
    0.9473684210526316,
    1,
    1,
    1,
    0,
    0.65,
    0.8292682926829268,
    1,
    0.631578947368421,
    0.5294117647058824,
    1,
    0,
    0,
    0.4285714285714286,
    1,
    0,
    0.3846153846153846,
    0,
    0.5333333333333333,
    0.5882352941176471,
    0.5882352941176471,
    1,
    0.4666666666666667,
    0
  ]
}