{
  "mean": 0.69,
  "count": 90,
  "sum": 60.47,
  "max": 1,
  "min": 0,
  "raw": [
    0.8695652173913043,
    1,
    1,
    0.8333333333333334,
    0.9375,
    1,
    0.8695652173913043,
    0.9333333333333333,
    0.9285714285714286,
    0.5909090909090908,
    0.9148936170212766,
    0.9333333333333333,
    0.625,
    1,
    1,
    0.96,
    0.8260869565217391,
    0.9117647058823529,
    0.8235294117647058,
    0.8333333333333334,
    0.8103448275862069,
    1,
    1,
    0.7,
    1,
    1,
    1,
    0.8636363636363636,
    0.95,
    1,
    null,
    0.8181818181818181,
    0.8958333333333334,
    0.9397590361445783,
    0.6206896551724138,
    1,
    0.7604166666666666,
    0.865979381443299,
    0.2666666666666667,
    0.32352941176470584,
    0.6818181818181819,
    0.8823529411764706,
    0.8846153846153846,
    0.9574468085106383,
    0.9264705882352942,
    1,
    0.9884169884169884,
    0.9852941176470589,
    1,
    0.75,
    0.75,
    0.8275862068965517,
    1,
    0.9813084112149533,
    1,
    0.6190476190476191,
    1,
    1,
    0.26086956521739135,
    0.41666666666666663,
    0.7395833333333333,
    0.030303030303030276,
    0.06896551724137934,
    0.19354838709677424,
    0.05970149253731338,
    0.75,
    0.19354838709677424,
    0.625,
    0.07407407407407407,
    0.8263888888888888,
    0.34905660377358494,
    0.2222222222222222,
    0.5,
    0.9634146341463414,
    0,
    1,
    0.375,
    0,
    0.19999999999999996,
    0,
    0,
    null,
    0.6111111111111112,
    0.9333333333333333,
    0,
    0.33333333333333337,
    0,
    0.5294117647058824,
    0,
    0.37037037037037035
  ]
}