{
  "mean": 0.79,
  "count": 90,
  "sum": 70.77,
  "max": 1,
  "min": 0,
  "raw": [
    0.9361702127659575,
    0.9333333333333333,
    1,
    1,
    1,
    0.9615384615384616,
    0.9,
    1,
    0.7692307692307692,
    1,
    0.9879518072289156,
    1,
    1,
    1,
    1,
    1,
    1,
    1,
    1,
    1,
    1,
    1,
    1,
    1,
    1,
    1,
    1,
    1,
    1,
    1,
    1,
    0.2222222222222222,
    0.5,
    0.8790322580645161,
    1,
    1,
    0.375,
    0.022222222222222254,
    1,
    1,
    0.8484848484848485,
    0.7741935483870968,
    1,
    1,
    0.8536585365853658,
    0.7,
    1,
    0.8611111111111112,
    0.8305084745762712,
    0.41666666666666663,
    0.9210526315789473,
    0.6025641025641026,
    1,
    1,
    0.8823529411764706,
    0.9459459459459459,
    0.8,
    0.4666666666666667,
    0.9,
    0.8421052631578947,
    1,
    1,
    0.41666666666666663,
    0,
    1,
    0.41666666666666663,
    1,
    1,
    1,
    1,
    0,
    0.65,
    0.8292682926829268,
    1,
    0.631578947368421,
    0.5294117647058824,
    1,
    0,
    0,
    0.6363636363636364,
    1,
    0,
    0.3846153846153846,
    0,
    0.5,
    0.5882352941176471,
    0.5882352941176471,
    1,
    0.4666666666666667,
    0
  ]
}