{
  "mean": 0.79,
  "count": 54,
  "sum": 34.75,
  "max": 1,
  "min": 0,
  "raw": [
    1,
    0.9545454545454546,
    1,
    0.9090909090909091,
    1,
    0.7619047619047619,
    0.625,
    1,
    0.9696969696969697,
    1,
    1,
    1,
    1,
    0.9375,
    0.8181818181818181,
    1,
    1,
    0.7142857142857143,
    0.8958333333333334,
    1,
    0.972972972972973,
    null,
    null,
    null,
    0.8846153846153846,
    0.8823529411764706,
    1,
    1,
    1,
    null,
    1,
    0.96,
    null,
    null,
    null,
    null,
    0.06896551724137934,
    0.07407407407407407,
    0.5747126436781609,
    0.4666666666666667,
    0.47058823529411764,
    1,
    0.5,
    0.1428571428571429,
    1,
    0.41666666666666663,
    0.6341463414634146,
    0.3846153846153846,
    0.6111111111111112,
    0.4545454545454546,
    0.9130434782608696,
    null,
    0.75,
    null
  ]
}