{
  "mean": 0.58,
  "count": 35,
  "sum": 20.46,
  "max": 1,
  "min": 0,
  "raw": [
    1,
    1,
    1,
    1,
    0.9,
    1,
    1,
    1,
    1,
    1,
    1,
    1,
    1,
    1,
    1,
    0,
    0,
    0,
    0,
    0,
    0,
    0,
    0,
    1,
    0,
    1,
    0,
    0.3846153846153846,
    0,
    0.5333333333333333,
    0.5882352941176471,
    0.5882352941176471,
    1,
    0.4666666666666667,
    0
  ]
}