{
  "mean": 0.8,
  "count": 30,
  "sum": 19.99,
  "max": 1,
  "min": 0,
  "raw": [
    1,
    1,
    1,
    1,
    1,
    0.8947368421052632,
    1,
    1,
    0.75,
    0.5,
    0.7419354838709677,
    1,
    null,
    1,
    0.7222222222222222,
    null,
    1,
    1,
    1,
    0.7575757575757576,
    0.3529411764705882,
    null,
    0.75,
    0.9090909090909091,
    0.6111111111111112,
    null,
    null,
    0.3529411764705882,
    0,
    0.6428571428571428
  ]
}