{
  "mean": 0.84,
  "count": 30,
  "sum": 21.95,
  "max": 1,
  "min": 0,
  "raw": [
    1,
    1,
    1,
    1,
    1,
    1,
    1,
    0.8571428571428572,
    1,
    1,
    0.8529411764705882,
    1,
    1,
    1,
    1,
    1,
    0.2962962962962963,
    0.9444444444444444,
    0.9166666666666666,
    null,
    null,
    0.44999999999999996,
    0.6341463414634146,
    0.4117647058823529,
    0.631578947368421,
    0.5294117647058824,
    1,
    null,
    null,
    0.4285714285714286
  ]
}