{
  "mean": 0.81,
  "count": 25,
  "sum": 20.28,
  "max": 1,
  "min": 0,
  "raw": [
    1,
    1,
    1,
    1,
    1,
    1,
    1,
    1,
    1,
    1,
    1,
    1,
    1,
    1,
    1,
    0,
    0.65,
    0.8292682926829268,
    1,
    0.631578947368421,
    0.5294117647058824,
    1,
    0,
    0,
    0.6363636363636364
  ]
}