{
  "mean": 0.7616611022276658,
  "count": 25,
  "groupedCount": {
    "0": 4,
    "1": 11,
    "0.6923076923076923": 1,
    "0.7142857142857143": 1,
    "0.9583333333333334": 1,
    "0.6666666666666667": 1,
    "0.8666666666666667": 1,
    "0.9": 1,
    "0.9642857142857143": 1,
    "0.8888888888888888": 1,
    "0.7058823529411764": 1,
    "0.6842105263157895": 1
  },
  "raw": [
    1,
    1,
    1,
    1,
    0.6923076923076923,
    1,
    1,
    0.7142857142857143,
    0.9583333333333334,
    0.6666666666666667,
    0.8666666666666667,
    1,
    1,
    0.9,
    1,
    0.9642857142857143,
    0.8888888888888888,
    0,
    0,
    0.7058823529411764,
    0.6842105263157895,
    1,
    0,
    0,
    1
  ]
}