{
  "mean": 0.92,
  "count": 45,
  "sum": 41.3,
  "max": 1,
  "min": 0.12,
  "raw": [
    1,
    1,
    0.8531468531468531,
    1,
    1,
    1,
    1,
    0.8,
    1,
    1,
    1,
    1,
    1,
    1,
    1,
    0.8695652173913043,
    1,
    1,
    0.8333333333333334,
    0.9375,
    0.9361702127659575,
    0.9333333333333333,
    1,
    1,
    1,
    1,
    1,
    1,
    0.7,
    1,
    0.9890710382513661,
    0.9375,
    0.4672897196261683,
    0.5833333333333333,
    0.11969111969111967,
    0.8611111111111112,
    1,
    1,
    1,
    0.9574468085106383,
    0.7741935483870968,
    0.75,
    1,
    1,
    1
  ]
}