{
  "mean": 0.97,
  "count": 30,
  "sum": 28.98,
  "max": 1,
  "min": 0.77,
  "raw": [
    1,
    0.8888888888888888,
    0.9090909090909091,
    1,
    0.8666666666666667,
    1,
    1,
    1,
    1,
    0.9285714285714286,
    0.9090909090909091,
    1,
    1,
    0.9411764705882353,
    1,
    1,
    1,
    1,
    1,
    1,
    0.875,
    0.7692307692307692,
    1,
    1,
    1,
    1,
    1,
    0.8888888888888888,
    1,
    1
  ]
}