{
  "mean": 0.9733430346279773,
  "count": 270,
  "groupedCount": {
    "1": 209,
    "0.9310344827586207": 1,
    "0.9615384615384616": 6,
    "0.96875": 2,
    "0.875": 2,
    "0.9444444444444444": 1,
    "0.8571428571428572": 4,
    "0.9117647058823529": 1,
    "0.9696969696969697": 1,
    "0.9285714285714286": 1,
    "0.9333333333333333": 2,
    "0.9761904761904762": 1,
    "0.9": 5,
    "0.9411764705882353": 1,
    "0.9230769230769231": 1,
    "0.6923076923076923": 1,
    "0.8695652173913043": 1,
    "0.8333333333333334": 2,
    "0.9375": 3,
    "0.9583333333333334": 3,
    "0.96": 1,
    "0.9545454545454546": 1,
    "0.9361702127659575": 1,
    "0.7692307692307692": 1,
    "0.9879518072289156": 1,
    "0.625": 1,
    "0.8928571428571429": 2,
    "0.8181818181818181": 1,
    "0.7142857142857143": 1,
    "0.6666666666666667": 1,
    "0.7777777777777778": 1,
    "0.20415224913494812": 1,
    "0.9666666666666667": 1,
    "0.8611111111111112": 1,
    "0.9574468085106383": 1,
    "0.9642857142857143": 1,
    "0.7741935483870968": 1,
    "0.9318181818181819": 1,
    "0.967741935483871": 1,
    "0.6190476190476191": 1,
    "0.8666666666666667": 1
  },
  "raw": [
    1,
    1,
    0.9310344827586207,
    1,
    1,
    0.9615384615384616,
    0.96875,
    0.875,
    1,
    1,
    1,
    1,
    1,
    1,
    1,
    1,
    1,
    1,
    1,
    1,
    1,
    1,
    1,
    1,
    1,
    1,
    1,
    1,
    1,
    0.9444444444444444,
    1,
    1,
    0.8571428571428572,
    1,
    1,
    0.9117647058823529,
    0.9696969696969697,
    0.9285714285714286,
    0.9333333333333333,
    1,
    1,
    1,
    1,
    0.9761904761904762,
    1,
    1,
    1,
    1,
    1,
    1,
    1,
    1,
    1,
    1,
    1,
    1,
    1,
    1,
    1,
    0.9,
    1,
    1,
    1,
    1,
    1,
    0.9411764705882353,
    0.9,
    0.9230769230769231,
    1,
    1,
    1,
    1,
    1,
    1,
    1,
    1,
    1,
    1,
    1,
    1,
    1,
    1,
    0.96875,
    1,
    1,
    1,
    1,
    1,
    1,
    0.6923076923076923,
    0.8695652173913043,
    1,
    1,
    0.8333333333333334,
    0.9375,
    0.9583333333333334,
    0.96,
    0.9545454545454546,
    1,
    0.9615384615384616,
    1,
    1,
    1,
    1,
    1,
    1,
    1,
    1,
    1,
    1,
    1,
    1,
    1,
    1,
    1,
    1,
    1,
    1,
    1,
    1,
    0.9361702127659575,
    0.9333333333333333,
    1,
    1,
    1,
    0.9615384615384616,
    0.9,
    1,
    0.7692307692307692,
    1,
    0.9879518072289156,
    1,
    1,
    1,
    1,
    1,
    1,
    1,
    1,
    1,
    1,
    1,
    1,
    1,
    1,
    1,
    1,
    1,
    1,
    1,
    1,
    1,
    1,
    0.625,
    1,
    1,
    1,
    0.9375,
    0.8928571428571429,
    0.9,
    1,
    1,
    0.8181818181818181,
    1,
    1,
    1,
    1,
    1,
    1,
    1,
    1,
    1,
    1,
    1,
    1,
    1,
    1,
    0.7142857142857143,
    0.9583333333333334,
    0.6666666666666667,
    1,
    0.9375,
    1,
    0.7777777777777778,
    0.20415224913494812,
    0.8571428571428572,
    0.9615384615384616,
    0.8571428571428572,
    0.9666666666666667,
    0.9615384615384616,
    1,
    1,
    1,
    1,
    1,
    1,
    1,
    1,
    1,
    1,
    1,
    1,
    1,
    1,
    1,
    1,
    1,
    1,
    1,
    1,
    0.8611111111111112,
    1,
    1,
    1,
    0.9574468085106383,
    0.9642857142857143,
    0.9615384615384616,
    0.9583333333333334,
    0.8928571428571429,
    0.8333333333333334,
    1,
    1,
    1,
    1,
    1,
    1,
    0.875,
    1,
    1,
    1,
    1,
    1,
    1,
    1,
    1,
    1,
    1,
    1,
    1,
    1,
    0.7741935483870968,
    0.8571428571428572,
    1,
    1,
    1,
    0.9318181818181819,
    1,
    1,
    1,
    0.967741935483871,
    0.6190476190476191,
    1,
    1,
    1,
    1,
    1,
    1,
    1,
    1,
    1,
    1,
    1,
    1,
    1,
    1,
    0.8666666666666667,
    1,
    1,
    0.9,
    1
  ]
}