{
  "mean": 0.57,
  "count": 60,
  "sum": 30.11,
  "max": 1,
  "min": 0,
  "raw": [
    0.34905660377358494,
    0.2222222222222222,
    0.5,
    0.9634146341463414,
    0,
    1,
    0.375,
    0,
    0.19999999999999996,
    0,
    0.06060606060606055,
    0.7741935483870968,
    0.1428571428571429,
    0.8705882352941177,
    0.8536585365853658,
    0.4625,
    0.736842105263158,
    0.9076923076923077,
    0.9263803680981595,
    0.41666666666666663,
    0.9210526315789473,
    0.2692307692307693,
    1,
    1,
    0.8823529411764706,
    0.9459459459459459,
    0.7333333333333334,
    0.4666666666666667,
    0.9,
    0.7894736842105263,
    0.08333333333333337,
    0.41666666666666663,
    0.41666666666666663,
    null,
    0.3076923076923077,
    0.41666666666666663,
    0.5789473684210527,
    0.2727272727272727,
    1,
    1,
    null,
    0.44999999999999996,
    0.6341463414634146,
    0.4117647058823529,
    0.631578947368421,
    0.5294117647058824,
    1,
    null,
    null,
    0.4285714285714286,
    0.7692307692307692,
    null,
    0.3846153846153846,
    null,
    0.5333333333333333,
    0.3529411764705882,
    0.3529411764705882,
    1,
    0.4666666666666667,
    null
  ]
}