{
  "mean": 0.69,
  "count": 30,
  "sum": 19.96,
  "max": 1,
  "min": 0,
  "raw": [
    0.8103448275862069,
    1,
    1,
    0.7,
    1,
    1,
    1,
    0.8636363636363636,
    0.95,
    1,
    0.75,
    0.8275862068965517,
    1,
    0.9813084112149533,
    1,
    0.6190476190476191,
    1,
    1,
    0.26086956521739135,
    0.41666666666666663,
    0,
    null,
    0.6111111111111112,
    0.9333333333333333,
    0,
    0.33333333333333337,
    0,
    0.5294117647058824,
    0,
    0.37037037037037035
  ]
}