{
  "mean": 0,
  "count": 60,
  "sum": 28.9,
  "max": 1,
  "min": 0,
  "raw": [
    null,
    1,
    0.8958333333333334,
    0.9518072289156626,
    0.6206896551724138,
    1,
    0.7916666666666666,
    0.865979381443299,
    0.2666666666666667,
    0.9803921568627451,
    0,
    0,
    0,
    0,
    0,
    0,
    0,
    0,
    0,
    0,
    0.9807692307692307,
    0.8095238095238095,
    1,
    0.9777777777777777,
    1,
    1,
    0.9555555555555556,
    0.962962962962963,
    1,
    1,
    0,
    0,
    0,
    0,
    0,
    0,
    0,
    0,
    0,
    0,
    0,
    1,
    1,
    1,
    1,
    0,
    1,
    0.9696969696969697,
    0,
    1,
    1,
    0,
    0.962962962962963,
    0,
    0,
    0,
    0,
    0.9444444444444444,
    1,
    0.967741935483871
  ]
}