{
  "mean": 0.83,
  "count": 150,
  "sum": 101,
  "max": 1,
  "min": 0,
  "raw": [
    0.9615384615384616,
    0.9,
    1,
    0.7692307692307692,
    1,
    0.95,
    0.9090909090909091,
    1,
    0.9583333333333334,
    0.9545454545454546,
    0.9879518072289156,
    1,
    0.9696969696969697,
    1,
    0.9714285714285714,
    1,
    1,
    0.9,
    1,
    1,
    0.9090909090909091,
    1,
    1,
    0.9411764705882353,
    1,
    1,
    1,
    1,
    1,
    1,
    1,
    1,
    1,
    1,
    1,
    1,
    1,
    0.8571428571428572,
    1,
    1,
    1,
    0.7692307692307692,
    1,
    0.9444444444444444,
    0.6842105263157895,
    1,
    0.9444444444444444,
    0.7857142857142857,
    0.875,
    1,
    0.9545454545454546,
    1,
    0.8823529411764706,
    0.7608695652173914,
    1,
    1,
    null,
    0.962962962962963,
    null,
    0.9333333333333333,
    0.868421052631579,
    0.6071428571428572,
    1,
    0.9523809523809523,
    0.9444444444444444,
    0.9705882352941176,
    0.9375,
    0.9,
    0.875,
    null,
    null,
    null,
    1,
    null,
    null,
    null,
    null,
    null,
    null,
    null,
    0.8529411764705882,
    1,
    1,
    1,
    1,
    1,
    0.2962962962962963,
    0.9444444444444444,
    0.9166666666666666,
    null,
    null,
    null,
    null,
    null,
    null,
    null,
    null,
    1,
    1,
    null,
    0.06060606060606055,
    0.7741935483870968,
    0.1428571428571429,
    0.8705882352941177,
    0.8536585365853658,
    0.4625,
    0.736842105263158,
    0.9076923076923077,
    0.9263803680981595,
    0.41666666666666663,
    0.9210526315789473,
    0.2692307692307693,
    1,
    1,
    0.8823529411764706,
    0.9459459459459459,
    0.7333333333333334,
    0.4666666666666667,
    0.9,
    0.7894736842105263,
    0.08333333333333337,
    0.41666666666666663,
    0.41666666666666663,
    null,
    0.3076923076923077,
    0.41666666666666663,
    0.5789473684210527,
    0.2727272727272727,
    1,
    1,
    null,
    0.44999999999999996,
    0.6341463414634146,
    0.4117647058823529,
    0.631578947368421,
    0.5294117647058824,
    1,
    null,
    null,
    0.4285714285714286,
    0.7692307692307692,
    null,
    0.3846153846153846,
    null,
    0.5333333333333333,
    0.3529411764705882,
    0.3529411764705882,
    1,
    0.4666666666666667,
    null
  ]
}