{
  "mean": 0.9329931933803768,
  "count": 25,
  "groupedCount": {
    "1": 15,
    "0.9761904761904762": 1,
    "0.9879518072289156": 1,
    "0.9210526315789473": 1,
    "0.6025641025641026": 1,
    "0.8823529411764706": 1,
    "0.9459459459459459": 1,
    "0.8": 1,
    "0.4666666666666667": 1,
    "0.9": 1,
    "0.8421052631578947": 1
  },
  "raw": [
    1,
    1,
    1,
    0.9761904761904762,
    1,
    0.9879518072289156,
    1,
    1,
    1,
    1,
    1,
    1,
    1,
    1,
    1,
    0.9210526315789473,
    0.6025641025641026,
    1,
    1,
    0.8823529411764706,
    0.9459459459459459,
    0.8,
    0.4666666666666667,
    0.9,
    0.8421052631578947
  ]
}