{
  "mean": 0.68,
  "count": 35,
  "sum": 23.93,
  "max": 1,
  "min": 0,
  "raw": [
    1,
    1,
    1,
    1,
    1,
    1,
    1,
    1,
    1,
    1,
    1,
    1,
    1,
    1,
    1,
    0,
    0,
    0.8571428571428572,
    0,
    0,
    1,
    1,
    0,
    1,
    0,
    0,
    0.65,
    0.8292682926829268,
    1,
    0.631578947368421,
    0.5294117647058824,
    1,
    0,
    0,
    0.4285714285714286
  ]
}