{
  "mean": 0.93,
  "count": 25,
  "sum": 23.32,
  "max": 1,
  "min": 0.47,
  "raw": [
    1,
    1,
    1,
    0.9761904761904762,
    1,
    0.9879518072289156,
    1,
    1,
    1,
    1,
    1,
    1,
    1,
    1,
    1,
    0.9210526315789473,
    0.6025641025641026,
    1,
    1,
    0.8823529411764706,
    0.9459459459459459,
    0.8,
    0.4666666666666667,
    0.9,
    0.8421052631578947
  ]
}