{
  "Surety": {
    "0": 1,
    "1": 2,
    "2": 1,
    "3": 2,
    "4": 1,
    "0.75": 3,
    "4.75": 1,
    "-0.25": 1
  },
  "OutputFormatCorrectness": {
    "0.8888888888888888": 1,
    "0.8148148148148148": 4,
    "0.8210526315789474": 1,
    "0.8333333333333334": 1,
    "0.8085106382978723": 2,
    "0.8173913043478261": 1,
    "0.8235294117647058": 2
  },
  "InvalidJSON": {
    "1": 12
  },
  "DataClumpSize_mean": {
    "3": 1,
    "9": 1,
    "12": 2,
    "15": 2,
    "25": 1,
    "6.333333333333333": 2,
    "3.5": 1,
    "8.4": 1,
    "4.5": 1
  },
  "DataClumpOccurence_mean": {
    "1": 1,
    "2": 6,
    "12.666666666666666": 2,
    "380.75": 1,
    "718.8": 1,
    "24.5": 1
  },
  "FieldToField_mean": {
    "0": 11,
    "1": 1
  },
  "ParametersToParameters_mean": {
    "0": 1,
    "1": 11
  },
  "DataClumpSize_count": {
    "1": 5,
    "2": 3,
    "3": 2,
    "4": 1,
    "5": 1
  },
  "DataClumpOccurence_count": {
    "1": 5,
    "2": 3,
    "3": 2,
    "4": 1,
    "5": 1
  },
  "FieldToField_count": {
    "1": 5,
    "2": 3,
    "3": 2,
    "4": 1,
    "5": 1
  },
  "ParametersToParameters_count": {
    "1": 5,
    "2": 3,
    "3": 2,
    "4": 1,
    "5": 1
  },
  "DataClumpSize_groupedCount": {
    "[object Object]": 12
  },
  "DataClumpOccurence_groupedCount": {
    "[object Object]": 12
  },
  "FieldToField_groupedCount": {
    "[object Object]": 12
  },
  "ParametersToParameters_groupedCount": {
    "[object Object]": 12
  },
  "DataClumpSize_raw": {
    "3": 1,
    "12": 2,
    "15": 1,
    "25": 1,
    "3,4,12": 2,
    "15,15": 1,
    "4,4,3,3": 1,
    "3,3,12,12,12": 1,
    "15,3": 1,
    "5,4": 1
  },
  "DataClumpOccurence_raw": {
    "1": 1,
    "2": 4,
    "30,6,2": 2,
    "2,2": 2,
    "47,2,38,1436": 1,
    "30,3558,2,2,2": 1,
    "2,47": 1
  },
  "FieldToField_raw": {
    "0": 4,
    "1": 1,
    "0,0,0": 2,
    "0,0": 3,
    "0,0,0,0": 1,
    "0,0,0,0,0": 1
  },
  "ParametersToParameters_raw": {
    "0": 1,
    "1": 4,
    "1,1,1": 2,
    "1,1": 3,
    "1,1,1,1": 1,
    "1,1,1,1,1": 1
  }
}