{
  "Surety": [
    1,
    5.5,
    4.5,
    3.75,
    2,
    2,
    6,
    3.5,
    2.5,
    1.75,
    1.5,
    1.75,
    1,
    3,
    2.75,
    4.75,
    1,
    2.75,
    2,
    4.5,
    2,
    3,
    5.75,
    2,
    1,
    1,
    1,
    4.5,
    1,
    3.5,
    4.75,
    1,
    3,
    3,
    1,
    1,
    1,
    0.75,
    3,
    3,
    -0.5,
    4,
    1,
    4.75,
    -1.25,
    0.75,
    2,
    0.75
  ],
  "Number data clumps": [
    1,
    6,
    5,
    4,
    2,
    2,
    7,
    4,
    3,
    2,
    2,
    2,
    1,
    3,
    3,
    5,
    1,
    3,
    2,
    5,
    2,
    3,
    6,
    2,
    1,
    1,
    1,
    5,
    1,
    4,
    5,
    1,
    4,
    3,
    1,
    1,
    1,
    1,
    3,
    3,
    2,
    4,
    1,
    5,
    2,
    1,
    2,
    1
  ],
  "OutputFormatCorrectness": [
    0,
    0.8148148148148148,
    0.8148148148148148,
    0.8266666666666667,
    0.5888077858880778,
    0.819672131147541,
    0.5888594164456233,
    0.819672131147541,
    0.8181818181818182,
    0.5901639344262295,
    0.5866666666666667,
    0.5925925925925926,
    0.8666666666666667,
    0.8210526315789474,
    0.8235294117647058,
    0.7062146892655368,
    0,
    0.8354430379746836,
    0.7037037037037037,
    0.8248587570621468,
    0.8723404255319149,
    0.7052631578947368,
    0,
    0.5882352941176471,
    0.865979381443299,
    0.8235294117647058,
    0.8235294117647058,
    0.8248587570621468,
    0.865979381443299,
    0.8324324324324325,
    0.5875706214689266,
    0.6,
    0.591304347826087,
    0.8333333333333334,
    0.8235294117647058,
    0.8148148148148148,
    0.8888888888888888,
    0.8148148148148148,
    0.8210526315789474,
    0.8333333333333334,
    0.8085106382978723,
    0.8173913043478261,
    0.8235294117647058,
    0.8148148148148148,
    0.8085106382978723,
    0.8148148148148148,
    0.8235294117647058,
    0.8148148148148148
  ],
  "ValidJSON": [
    0,
    1,
    1,
    1,
    0,
    1,
    0,
    1,
    1,
    1,
    1,
    1,
    1,
    1,
    1,
    1,
    0,
    1,
    1,
    1,
    1,
    1,
    0,
    1,
    1,
    1,
    1,
    1,
    1,
    1,
    1,
    1,
    1,
    1,
    1,
    1,
    1,
    1,
    1,
    1,
    1,
    1,
    1,
    1,
    1,
    1,
    1,
    1
  ],
  "DataClumpSize": [
    30,
    3,
    3,
    3,
    3,
    8,
    8,
    3,
    4,
    4,
    8,
    3,
    3,
    4,
    3,
    3,
    100,
    64,
    3,
    8,
    3,
    4,
    4,
    8,
    8,
    8,
    4,
    4,
    8,
    8,
    4,
    8,
    30,
    64,
    3,
    3,
    30,
    3,
    3,
    4,
    100,
    3,
    4,
    4,
    3,
    4,
    4,
    3,
    100,
    4,
    100,
    3,
    100,
    3,
    4,
    8,
    3,
    8,
    3,
    4,
    4,
    3,
    3,
    3,
    4,
    4,
    8,
    4,
    3,
    4,
    4,
    3,
    3,
    8,
    3,
    100,
    100,
    8,
    3,
    3,
    4,
    4,
    3,
    3,
    100,
    3,
    3,
    8,
    4,
    3,
    100,
    4,
    100,
    3,
    3,
    64,
    4,
    4,
    8,
    30,
    3,
    4,
    3,
    3,
    15,
    12,
    3,
    4,
    12,
    3,
    4,
    12,
    15,
    15,
    4,
    4,
    3,
    3,
    12,
    3,
    3,
    12,
    12,
    12,
    15,
    3,
    25,
    5,
    4,
    3
  ],
  "DataClumpOccurence": [
    2,
    12,
    4,
    3,
    3,
    3,
    3,
    12,
    4,
    4,
    3,
    1592,
    12,
    4,
    3,
    3,
    2,
    2,
    12,
    3,
    12,
    4,
    4,
    3,
    3,
    3,
    2,
    2,
    3,
    3,
    14,
    3,
    2,
    2,
    362,
    1592,
    2,
    12,
    12,
    4,
    2,
    12,
    4,
    2,
    12,
    4,
    4,
    12,
    2,
    4,
    2,
    3,
    2,
    12,
    2,
    3,
    12,
    3,
    12,
    4,
    4,
    3,
    3,
    2,
    8,
    2,
    3,
    2,
    12,
    4,
    4,
    2,
    12,
    3,
    12,
    2,
    2,
    3,
    12,
    12,
    4,
    4,
    3,
    3,
    2,
    12,
    4,
    3,
    2,
    12,
    2,
    4,
    2,
    3,
    13,
    2,
    4,
    14,
    3,
    2,
    362,
    2,
    12,
    12,
    2,
    2,
    30,
    6,
    2,
    30,
    6,
    2,
    2,
    2,
    47,
    2,
    38,
    1436,
    2,
    30,
    3558,
    2,
    2,
    2,
    2,
    2,
    2,
    2,
    47,
    1
  ],
  "ParametersToParameters": [
    0,
    1,
    1,
    1,
    1,
    1,
    1,
    1,
    1,
    1,
    1,
    1,
    1,
    1,
    1,
    1,
    0,
    0,
    1,
    1,
    1,
    1,
    1,
    1,
    1,
    1,
    1,
    1,
    1,
    1,
    0,
    1,
    0,
    0,
    1,
    1,
    0,
    1,
    1,
    1,
    0,
    1,
    1,
    1,
    1,
    1,
    1,
    1,
    0,
    1,
    0,
    1,
    0,
    1,
    1,
    1,
    1,
    1,
    1,
    1,
    1,
    1,
    1,
    0,
    0,
    1,
    1,
    1,
    1,
    1,
    1,
    0,
    1,
    1,
    1,
    0,
    0,
    1,
    1,
    1,
    1,
    1,
    1,
    1,
    0,
    1,
    1,
    1,
    1,
    1,
    0,
    1,
    0,
    1,
    1,
    0,
    1,
    0,
    1,
    0,
    1,
    1,
    1,
    1,
    0,
    1,
    1,
    1,
    1,
    1,
    1,
    1,
    0,
    0,
    1,
    1,
    1,
    1,
    1,
    1,
    1,
    1,
    1,
    1,
    0,
    1,
    0,
    1,
    1,
    0
  ],
  "FieldToField": [
    1,
    0,
    0,
    0,
    0,
    0,
    0,
    0,
    0,
    0,
    0,
    0,
    0,
    0,
    0,
    0,
    1,
    1,
    0,
    0,
    0,
    0,
    0,
    0,
    0,
    0,
    0,
    0,
    0,
    0,
    1,
    0,
    1,
    1,
    0,
    0,
    1,
    0,
    0,
    0,
    1,
    0,
    0,
    0,
    0,
    0,
    0,
    0,
    1,
    0,
    1,
    0,
    1,
    0,
    0,
    0,
    0,
    0,
    0,
    0,
    0,
    0,
    0,
    0,
    1,
    0,
    0,
    0,
    0,
    0,
    0,
    0,
    0,
    0,
    0,
    1,
    1,
    0,
    0,
    0,
    0,
    0,
    0,
    0,
    1,
    0,
    0,
    0,
    0,
    0,
    1,
    0,
    1,
    0,
    0,
    1,
    0,
    1,
    0,
    1,
    0,
    0,
    0,
    0,
    1,
    0,
    0,
    0,
    0,
    0,
    0,
    0,
    1,
    1,
    0,
    0,
    0,
    0,
    0,
    0,
    0,
    0,
    0,
    0,
    1,
    0,
    1,
    0,
    0,
    0
  ],
  "PreferNonPublic": [
    1,
    0,
    0,
    0,
    0,
    0,
    0,
    0,
    0,
    0,
    0,
    0,
    0,
    0,
    0,
    0,
    0,
    0,
    0,
    0,
    0,
    0,
    0,
    0,
    0,
    0,
    0,
    0,
    0,
    0,
    1,
    0,
    1,
    0,
    0,
    0,
    1,
    0,
    0,
    0,
    0,
    0,
    0,
    0,
    0,
    0,
    0,
    0,
    0,
    0,
    0,
    0,
    0,
    0,
    0,
    0,
    0,
    0,
    0,
    0,
    0,
    0,
    0,
    1,
    1,
    0,
    0,
    0,
    0,
    0,
    0,
    0,
    0,
    0,
    0,
    0,
    0,
    0,
    0,
    0,
    0,
    0,
    0,
    0,
    0,
    0,
    0,
    0,
    0,
    0,
    0,
    0,
    0,
    0,
    0,
    0,
    0,
    1,
    0,
    1,
    0,
    0,
    0,
    0,
    1,
    0,
    0,
    0,
    0,
    0,
    0,
    0,
    1,
    1,
    0,
    0,
    0,
    0,
    0,
    0,
    0,
    0,
    0,
    0,
    1,
    0,
    0,
    0,
    1,
    1
  ],