{
  "ValidPrograms": [
    0,
    0,
    0,
    0,
    0,
    0,
    0,
    0,
    0,
    0,
    0,
    0,
    0,
    0,
    0,
    0,
    0,
    0,
    0,
    1,
    0,
    1,
    0,
    0,
    0,
    0,
    0,
    0,
    0,
    0,
    0,
    0,
    0,
    0,
    0
  ],
  "RemainingAttemptCount": [
    0,
    0,
    0,
    0,
    0,
    0,
    0,
    0,
    0,
    0,
    0,
    0,
    0,
    0,
    0,
    0,
    0,
    0,
    0,
    5,
    0,
    5,
    0,
    0,
    0,
    0,
    0,
    0,
    0,
    0,
    0,
    0,
    0,
    0,
    0
  ],
  "RemovedDataClumps": [
    0,
    0,
    0,
    0,
    0,
    0,
    0,
    0,
    0,
    0,
    0,
    0,
    0,
    0,
    0,
    0,
    0,
    0,
    0,
    0,
    0,
    0,
    0,
    0,
    0,
    0,
    0,
    0,
    0,
    0,
    0,
    0,
    0,
    0,
    0
  ],
  "GitChanges": [
    226,
    214,
    169,
    291,
    219,
    154,
    180,
    153,
    183,
    238,
    159,
    180,
    186,
    211,
    151,
    18,
    178,
    155,
    254,
    0,
    114,
    0,
    215,
    10,
    240,
    114,
    98,
    70,
    134,
    157,
    209,
    1688,
    251,
    167,
    112
  ],
  "CommentOut": [
    1,
    1,
    1,
    1,
    1,
    1,
    1,
    0.8181818181818181,
    1,
    1,
    0.6190476190476191,
    1,
    1,
    1,
    1,
    1,
    0.36,
    1,
    0.9714285714285714,
    0,
    1,
    0,
    1,
    0.8,
    1,
    0.5833333333333333,
    0.9047619047619048,
    0.9130434782608696,
    0.782608695652174,
    0.5882352941176471,
    0.8846153846153846,
    0.8846153846153846,
    1,
    0.85,
    1
  ],
  "ValidJSON": [
    1,
    1,
    1,
    1,
    1,
    1,
    1,
    1,
    1,
    1,
    1,
    1,
    1,
    1,
    1,
    0.8333333333333334,
    0.8333333333333334,
    1,
    1,
    1,
    1,
    1,
    1,
    0.8333333333333334,
    1,
    1,
    1,
    1,
    1,
    1,
    1,
    1,
    1,
    1,
    1
  ],
  "EmptyResponse": [
    1,
    1,
    1,
    1,
    1,
    1,
    1,
    1,
    1,
    1,
    1,
    1,
    1,
    1,
    1,
    0.8333333333333334,
    0.8333333333333334,
    0.8333333333333334,
    1,
    0,
    1,
    0,
    1,
    0.8333333333333334,
    1,
    1,
    1,
    1,
    1,
    1,
    1,
    1,
    1,
    1,
    1
  ],
  "InterpretableChanges": [
    1,
    1,
    1,
    1,
    1,
    1,
    1,
    1,
    1,
    1,
    1,
    1,
    1,
    1,
    1,
    1,
    1,
    0.23529411764705888,
    0.19999999999999996,
    1,
    0,
    1,
    0.45833333333333337,
    1,
    0.13043478260869568,
    0.25,
    1,
    0.33333333333333337,
    0.2857142857142857,
    0.1428571428571429,
    0.2857142857142857,
    0.2857142857142857,
    1,
    0.2857142857142857,
    0.6666666666666667
  ],
  "RichClass": [
    null,
    null,
    null,
    null,
    null,
    0,
    0,
    0,
    0,
    0,
    null,
    null,
    null,
    null,
    null,
    0,
    0,
    0,
    0,
    null,
    0,
    null,
    0,
    0,
    0,
    0,
    0,
    0,
    0,
    null,
    0,
    1,
    1,
    0,
    0
  ],
  "HarmlessErrorCategory": [
    0.6,
    1,
    1,
    0.8,
    0.8,
    0.8,
    1,
    1,
    0.4,
    1,
    0.4,
    1,
    1,
    1,
    0.6,
    0.8333333333333334,
    0.5,
    0.6666666666666666,
    0.16666666666666666,
    0,
    0.16666666666666666,
    0,
    0.16666666666666666,
    0.3333333333333333,
    0.5,
    0.3333333333333333,
    0.8333333333333334,
    1,
    0.6666666666666666,
    0,
    0.6666666666666666,
    0.6666666666666666,
    0.16666666666666666,
    0.5,
    0
  ],
  "DataClumpSize": [
    11,
    3,
    4,
    4,
    11,
    3,
    4,
    11,
    3,
    4,
    4,
    11,
    3,
    4,
    4,
    11,
    3,
    4,
    11,
    3,
    4,
    4,
    11,
    3,
    4,
    11,
    11,
    3,
    4,
    11,
    3,
    4,
    11,
    3,
    4,
    11,
    3,
    4,
    4,
    11,
    3,
    4,
    11,
    3,
    4,
    11,
    3,
    4,
    3,
    3,
    3,
    3,
    3,
    3,
    3,
    6,
    3,
    3,
    3,
    3,
    3,
    3,
    4,
    10,
    3,
    3,
    3,
    3,
    5,
    3,
    3,
    4,
    3,
    3,
    6,
    3,
    4,
    10,
    3,
    5,
    3,
    3,
    3,
    3,
    3,
    3,
    7,
    3,
    3,
    10,
    3,
    3,
    3,
    3,
    5,
    3,
    10,
    7,
    3,
    3,
    3,
    5,
    10,
    3,
    3,
    25,
    5,
    25,
    5,
    25,
    5,
    25,
    5,
    25,
    5,
    25,
    5,
    25,
    5,
    25,
    5,
    25,
    5,
    25,
    5
  ],
  "DataClumpOccurence": [
    6,
    4,
    78,
    78,
    6,
    4,
    78,
    6,
    4,
    78,
    78,
    6,
    4,
    78,
    78,
    6,
    4,
    78,
    6,
    4,
    78,
    78,
    6,
    4,
    78,
    6,
    6,
    4,
    78,
    6,
    4,
    78,
    6,
    4,
    78,
    6,
    4,
    78,
    78,
    6,
    4,
    78,
    6,
    4,
    78,
    6,
    4,
    78,
    2,
    1,
    2,
    2,
    92,
    1,
    2,
    2,
    2,
    70,
    2,
    15,
    2,
    2,
    2,
    2,
    1,
    92,
    4,
    5,
    2,
    15,
    70,
    60,
    4,
    14,
    2,
    2,
    2,
    2,
    1,
    2,
    70,
    2,
    92,
    15,
    5,
    62,
    6,
    2,
    1,
    2,
    5,
    92,
    15,
    2,
    2,
    70,
    2,
    6,
    2,
    2,
    1,
    2,
    2,
    2,
    92,
    0,
    0,
    0,
    0,
    0,
    0,
    0,
    0,
    0,
    0,
    0,
    0,
    0,
    0,
    0,
    0,
    0,
    0,
    0,
    0
  ],
  "ParametersToParameters": [
    0,
    0,
    1,
    1,
    0,
    0,
    1,
    0,
    0,
    1,
    1,
    0,
    0,
    1,
    1,
    0,
    0,
    1,
    0,
    0,
    1,
    1,
    0,
    0,
    1,
    0,
    0,
    0,
    1,
    0,
    0,
    1,
    0,
    0,
    1,
    0,
    0,
    1,
    1,
    0,
    0,
    1,
    0,
    0,
    1,
    0,
    0,
    1,
    0,
    0,
    1,
    0,
    1,
    0,
    1,
    0,
    0,
    0,
    0,
    0,
    0,
    1,
    1,
    1,
    0,
    1,
    0,
    1,
    1,
    0,
    0,
    1,
    0,
    1,
    1,
    1,
    1,
    1,
    0,
    1,
    0,
    0,
    1,
    0,
    1,
    1,
    1,
    1,
    0,
    1,
    1,
    1,
    0,
    1,
    1,
    0,
    1,
    1,
    0,
    1,
    0,
    1,
    1,
    0,
    1,
    0,
    1,
    0,
    1,
    0,
    1,
    0,
    1,
    0,
    1,
    0,
    1,
    0,
    1,
    0,
    1,
    0,
    1,
    0,
    1
  ],
  "FieldToField": [
    1,
    1,
    0,
    0,
    1,
    1,
    0,
    1,
    1,
    0,
    0,
    1,
    1,
    0,
    0,
    1,
    1,
    0,
    1,
    1,
    0,
    0,
    1,
    1,
    0,
    1,
    1,
    1,
    0,
    1,
    1,
    0,
    1,
    1,
    0,
    1,
    1,
    0,
    0,
    1,
    1,
    0,
    1,
    1,
    0,
    1,
    1,
    0,
    1,
    0,
    0,
    1,
    0,
    0,
    0,
    1,
    1,
    1,
    0,
    0,
    0,
    0,
    0,
    0,
    0,
    0,
    0,
    0,
    0,
    0,
    1,
    0,
    0,
    0,
    0,
    0,
    0,
    0,
    0,
    0,
    1,
    1,
    0,
    0,
    0,
    0,
    0,
    0,
    0,
    0,
    0,
    0,
    0,
    0,
    0,
    1,
    0,
    0,
    1,
    0,
    0,
    0,
    0,
    1,
    0,
    1,
    0,
    1,
    0,
    1,
    0,
    1,
    0,
    1,
    0,
    1,
    0,
    1,
    0,
    1,
    0,
    1,
    0,
    1,
    0
  ],