{
  "mean": 0.97,
  "count": 60,
  "sum": 58.13,
  "max": 5,
  "min": 0,
  "raw": [
    0,
    2.3389699999999998,
    2.3674299999999997,
    3.00752,
    2.3846999999999996,
    0.21489,
    4.33253,
    2.1413499999999996,
    0.22599,
    5.00087,
    0.93292,
    0.9090900000000001,
    1.043,
    0.95318,
    0.98814,
    0.9641700000000001,
    1.12809,
    1.0318,
    0.9604699999999999,
    0.95259,
    1.1271300000000002,
    0.32321999999999995,
    1.05298,
    0.9811700000000001,
    1.39913,
    1.07855,
    1.06048,
    1.08283,
    0.07884,
    1.0557400000000001,
    0.11333,
    0.11333,
    0.11333,
    0.11333,
    0.11333,
    0.11333,
    0.11333,
    0.11333,
    0.11333,
    0.11333,
    1.16004,
    1.1956799999999999,
    0.21591,
    1.26426,
    1.17242,
    1.06073,
    1.17309,
    1.09002,
    1.27674,
    1.13667,
    1.6992,
    1.7376,
    0.09518,
    1.03119,
    0.09518,
    0.09518,
    0.09518,
    0.09518,
    0.09518,
    0.09518
  ]
}