{
  "mean": 0.34,
  "count": 35,
  "sum": 12.05,
  "max": 1,
  "min": 0,
  "raw": [
    0.3333333333333333,
    0.8,
    0.8,
    0.3333333333333333,
    1,
    0.25,
    1,
    0.3333333333333333,
    0.6,
    0.8,
    0.3333333333333333,
    1,
    1,
    1,
    0.8,
    0,
    0,
    0,
    0,
    0,
    0,
    0,
    0,
    0,
    0,
    0,
    0,
    0.5,
    0.5,
    0,
    0.6666666666666666,
    0,
    0,
    0,
    0
  ]
}