{
  "mean": 0.16,
  "count": 90,
  "sum": 9.06,
  "max": 0.89,
  "min": 0,
  "raw": [
    0,
    0,
    0,
    0,
    0,
    0,
    0,
    0,
    0,
    0,
    0,
    0.8947368421052632,
    0,
    0,
    0,
    0,
    0,
    0,
    0.3,
    0,
    0.25,
    0,
    0.8387096774193549,
    0.15384615384615385,
    null,
    0.7,
    0.5,
    0.4444444444444444,
    0,
    0,
    null,
    null,
    null,
    null,
    null,
    null,
    null,
    null,
    null,
    null,
    null,
    null,
    0,
    null,
    null,
    null,
    null,
    null,
    null,
    null,
    0.2,
    null,
    null,
    0,
    null,
    null,
    0,
    null,
    null,
    null,
    null,
    0.125,
    0.4666666666666667,
    0.18518518518518517,
    0.08333333333333333,
    0.7407407407407407,
    0.08333333333333333,
    0.08333333333333333,
    null,
    0.08333333333333333,
    0.25,
    0.25,
    0.08333333333333333,
    null,
    0.23076923076923078,
    0.08333333333333333,
    0.2222222222222222,
    0.09090909090909091,
    0,
    0.2,
    null,
    null,
    null,
    0.18181818181818182,
    0.6666666666666666,
    0.21428571428571427,
    0,
    0,
    null,
    0.45
  ]
}