{
  "mean": 0.34,
  "count": 54,
  "sum": 16.05,
  "max": 1,
  "min": 0,
  "raw": [
    0.9375,
    0.8461538461538461,
    0,
    0,
    0,
    0,
    1,
    0.6153846153846154,
    0,
    0,
    0.06666666666666667,
    0,
    0.29411764705882354,
    0.6,
    0.05555555555555555,
    null,
    0.10714285714285714,
    0,
    0.9655172413793104,
    0.9318181818181818,
    0.03333333333333333,
    null,
    0.65625,
    null,
    0.9407407407407408,
    0.6956521739130435,
    0.058823529411764705,
    null,
    0,
    null,
    0.5,
    0.85,
    0.5,
    null,
    0.16666666666666666,
    null,
    0.9701492537313433,
    0.9166666666666666,
    0,
    0.08333333333333333,
    0.125,
    0,
    0,
    0.14634146341463414,
    0,
    0.23076923076923078,
    0,
    0.13333333333333333,
    1,
    0.48484848484848486,
    0.35294117647058826,
    0.6666666666666666,
    0.05555555555555555,
    0.058823529411764705
  ]
}