{
  "mean": 0.41,
  "count": 54,
  "sum": 19.1,
  "max": 1,
  "min": 0,
  "raw": [
    0.9333333333333333,
    0.8928571428571429,
    0,
    0,
    0,
    0,
    0.8235294117647058,
    1,
    0,
    0,
    0.07142857142857142,
    0,
    0.8636363636363636,
    1,
    0,
    0.4444444444444444,
    0,
    0,
    0.3541666666666667,
    0.8695652173913043,
    0,
    null,
    0.5806451612903226,
    null,
    0.6268656716417911,
    0.6666666666666666,
    0.6,
    null,
    0,
    0.43333333333333335,
    0.3333333333333333,
    0.868421052631579,
    0.10526315789473684,
    null,
    0.390625,
    0.45,
    0.75,
    0.6883116883116883,
    0.6964285714285714,
    0.08333333333333333,
    null,
    0.1,
    0.8888888888888888,
    0.890625,
    0.3333333333333333,
    0.09090909090909091,
    null,
    0,
    1,
    1,
    0.20689655172413793,
    0,
    0.058823529411764705,
    null
  ]
}