{
  "mean": 0.11,
  "count": 30,
  "sum": 2.88,
  "max": 0.6,
  "min": 0,
  "raw": [
    0,
    0.043478260869565216,
    0.027777777777777776,
    0.13636363636363635,
    0.03333333333333333,
    0.07692307692307693,
    0.05714285714285714,
    0,
    null,
    0.06060606060606061,
    0.05555555555555555,
    0.07142857142857142,
    0.06896551724137931,
    0.12195121951219512,
    0.058823529411764705,
    0.058823529411764705,
    0.12903225806451613,
    0.6,
    0,
    null,
    0.26666666666666666,
    0.1935483870967742,
    null,
    0,
    0.5,
    0,
    0.04878048780487805,
    0.10526315789473684,
    0.06666666666666667,
    0.1
  ]
}