{
  "mean": 0.1,
  "count": 90,
  "sum": 9.13,
  "max": 0.82,
  "min": 0,
  "raw": [
    0,
    0,
    0,
    0,
    0,
    0,
    0,
    0,
    0,
    0,
    0,
    0,
    0,
    0.008064516129032258,
    0,
    0.018518518518518517,
    0,
    0,
    0,
    0,
    0.014084507042253521,
    0,
    0.09090909090909091,
    0,
    0.05555555555555555,
    0,
    0,
    0,
    0,
    0,
    0,
    0.043478260869565216,
    0.027777777777777776,
    0.13636363636363635,
    0.03333333333333333,
    0.07692307692307693,
    0.05714285714285714,
    0,
    null,
    0.06060606060606061,
    0.05555555555555555,
    0.07142857142857142,
    0.06896551724137931,
    0.12195121951219512,
    0.058823529411764705,
    0.058823529411764705,
    0.12903225806451613,
    0.6,
    0,
    null,
    0.26666666666666666,
    0.1935483870967742,
    null,
    0,
    0.5,
    0,
    0.04878048780487805,
    0.10526315789473684,
    0.06666666666666667,
    0.1,
    0,
    0,
    0.10344827586206896,
    0,
    0,
    0,
    0.08888888888888889,
    0.6964285714285714,
    0.0392156862745098,
    0,
    0.02631578947368421,
    0.8205128205128205,
    0.5789473684210527,
    0.5,
    0,
    0.5405405405405406,
    0,
    0.3333333333333333,
    0.06666666666666667,
    0,
    0.16666666666666666,
    0,
    0.6086956521739131,
    0.043478260869565216,
    0.35294117647058826,
    0.46153846153846156,
    0.4230769230769231,
    0.20689655172413793,
    0,
    0
  ]
}