{
  "mean": 0.47,
  "count": 60,
  "sum": 18.43,
  "max": 1,
  "min": 0,
  "raw": [
    1,
    1,
    0.6923076923076923,
    0.9361702127659575,
    0.9407407407407408,
    0.8333333333333334,
    0.42857142857142855,
    0.6268656716417911,
    0.8571428571428571,
    0.9166666666666666,
    0.8181818181818182,
    0.75,
    0.6764705882352942,
    0.8695652173913043,
    0.6956521739130435,
    0.65,
    null,
    0.6666666666666666,
    null,
    0.8666666666666667,
    0.05555555555555555,
    0.07142857142857142,
    0.06896551724137931,
    0.12195121951219512,
    0.058823529411764705,
    0.058823529411764705,
    0.12903225806451613,
    0.6,
    0,
    null,
    null,
    null,
    0,
    null,
    null,
    null,
    null,
    null,
    null,
    null,
    0.4411764705882353,
    0.6111111111111112,
    0.25,
    0.42105263157894735,
    0,
    0,
    0.5432098765432098,
    0,
    0.029411764705882353,
    null,
    null,
    null,
    null,
    null,
    null,
    null,
    null,
    0.43333333333333335,
    0.3076923076923077,
    null
  ]
}