{
  "mean": 0.05,
  "count": 30,
  "sum": 1.36,
  "max": 0.7,
  "min": 0,
  "raw": [
    0,
    0,
    0,
    0,
    0,
    0,
    0,
    0,
    0,
    0,
    0,
    0.043478260869565216,
    0.027777777777777776,
    0.13636363636363635,
    0.03333333333333333,
    0.07692307692307693,
    0.05714285714285714,
    0,
    null,
    0.06060606060606061,
    0,
    0,
    0.10344827586206896,
    0,
    0,
    0,
    0.08888888888888889,
    0.6964285714285714,
    0.0392156862745098,
    0
  ]
}