{
  "mean": 0.53,
  "count": 60,
  "sum": 21.14,
  "max": 1,
  "min": 0,
  "raw": [
    null,
    0.7272727272727273,
    0.875,
    0.8589743589743589,
    0.9655172413793104,
    1,
    0.6875,
    0.3541666666666667,
    1,
    0.38308457711442784,
    0.68,
    0.6666666666666666,
    0.8260869565217391,
    0.7083333333333334,
    0.9318181818181818,
    0.65,
    0.5,
    0.8695652173913043,
    0.6666666666666666,
    0.6666666666666666,
    0,
    0.043478260869565216,
    0.027777777777777776,
    0.13636363636363635,
    0.03333333333333333,
    0.07692307692307693,
    0.05714285714285714,
    0,
    null,
    0.06060606060606061,
    null,
    null,
    null,
    null,
    null,
    null,
    null,
    null,
    null,
    null,
    0.5945945945945946,
    0.8,
    null,
    0.029411764705882353,
    0.65625,
    0.7352941176470589,
    0.7380952380952381,
    0.5806451612903226,
    0.02857142857142857,
    0.6,
    0.5,
    0.7586206896551724,
    null,
    0.6666666666666666,
    null,
    null,
    null,
    null,
    null,
    null
  ]
}