{
  "Surety": 1.5375,
  "OutputFormatCorrectness": 0.7564005774790672,
  "InvalidJSON": 0.5,
  "DataClumpSize_mean": 6.806666666666667,
  "DataClumpOccurence_mean": 13.246666666666666,
  "FieldToField_mean": 0.14884615384615385,
  "ParametersToParameters_mean": 0.8344871794871794,
  "DataClumpSize_count": 4.6,
  "DataClumpOccurence_count": 4.6,
  "FieldToField_count": 4.8,
  "ParametersToParameters_count": 4.8,
  "DataClumpSize_groupedCount": {
    "11": 2.588235294117647
  },
  "DataClumpOccurence_groupedCount": {
    "2": 3.5555555555555554
  },
  "FieldToField_groupedCount": {
    "0": 4.3,
    "1": 1.25
  },
  "ParametersToParameters_groupedCount": {
    "0": 1.3333333333333333,
    "1": 4.2
  },
  "DataClumpSize_raw": {
    "0": 5.85,
    "1": 8.444444444444445,
    "2": 7.571428571428571,
    "3": 5.909090909090909,
    "4": 4.454545454545454,
    "5": 6.2,
    "6": 11,
    "7": 11,
    "8": 11,
    "9": 11,
    "10": 11,
    "11": 11
  },
  "DataClumpOccurence_raw": {
    "0": 5,
    "1": 10.333333333333334,
    "2": 19.571428571428573,
    "3": 8.727272727272727,
    "4": 32.18181818181818,
    "5": 16,
    "6": 2,
    "7": 2,
    "8": 2,
    "9": 2,
    "10": 2,
    "11": 2
  },
  "FieldToField_raw": {
    "0": 0,
    "1": 0.2777777777777778,
    "2": 0.14285714285714285,
    "3": 0.16666666666666666,
    "4": 0,
    "5": 0,
    "6": 0,
    "7": 0,
    "8": 0,
    "9": 0,
    "10": 0,
    "11": 0,
    "12": 0.5
  },
  "ParametersToParameters_raw": {
    "0": 1,
    "1": 0.7222222222222222,
    "2": 0.8571428571428571,
    "3": 0.8333333333333334,
    "4": 1,
    "5": 0.7142857142857143,
    "6": 1,
    "7": 1,
    "8": 1,
    "9": 1,
    "10": 1,
    "11": 1,
    "12": 0.5
  }
}