{
  "mean": 17.83,
  "count": 48,
  "sum": 855.93,
  "max": 220,
  "min": 0,
  "raw": [
    2,
    3,
    4,
    5.333333333333333,
    35.333333333333336,
    4,
    6,
    6,
    null,
    6,
    25.333333333333332,
    6,
    2,
    3,
    23.333333333333332,
    17.6,
    6,
    6,
    5.2,
    34.333333333333336,
    33,
    6,
    35,
    42,
    5.777777777777778,
    3,
    5.2,
    5.2,
    39.5,
    6,
    5.2,
    4,
    220,
    3,
    6.4,
    21,
    2,
    30,
    20.25,
    21,
    2,
    73.6,
    26.333333333333332,
    8,
    2,
    2,
    26.5,
    1.5
  ]
}