{
  "mean": 0.66,
  "count": 84,
  "sum": null,
  "max": 0.87,
  "min": 0,
  "raw": [
    0.038461538461538464,
    0.8524590163934426,
    0.8484848484848485,
    0.7577937649880095,
    0.5925925925925926,
    0.6078431372549019,
    0.8292682926829268,
    0.5648148148148148,
    null,
    0.8235294117647058,
    0.8307692307692308,
    0.5925925925925926,
    0.4,
    0.8529411764705882,
    0.8448275862068966,
    0.5770171149144254,
    null,
    0.8421052631578947,
    null,
    0.8266666666666667,
    0,
    0.8256880733944955,
    0.8235294117647058,
    0.8148148148148148,
    0.11538461538461539,
    0.8529411764705882,
    0.39705882352941174,
    0.38235294117647056,
    0.7692307692307693,
    0,
    0,
    0.8448275862068966,
    0.5882352941176471,
    0.8529411764705882,
    0.5875706214689266,
    0.5925925925925926,
    0,
    0.591304347826087,
    0.5925925925925926,
    0.5875706214689266,
    0.8181818181818182,
    0.5925925925925926,
    0.5909090909090909,
    0.8121693121693122,
    0.8292682926829268,
    0.8148148148148148,
    0.8108108108108109,
    0.6462765957446809,
    0.5975609756097561,
    0.8148148148148148,
    0.5875706214689266,
    0.8248587570621468,
    0.8618677042801557,
    0.8181818181818182,
    0.819672131147541,
    0.8148148148148148,
    0.8666666666666667,
    0.8148148148148148,
    0.8148148148148148,
    0.5901639344262295,
    0.8633093525179856,
    0.8235294117647058,
    0.8324324324324325,
    0,
    0.3148148148148148,
    0.5818181818181818,
    0.8235294117647058,
    0.8235294117647058,
    0.625,
    0.5866666666666667,
    0.8235294117647058,
    0.8518518518518519,
    0.8148148148148148,
    0.8148148148148148,
    0.8148148148148148,
    0,
    0.8148148148148148,
    0.8205128205128205,
    0.8210526315789474,
    0.8165680473372781,
    0.8314606741573034,
    0.8148148148148148,
    0.8235294117647058,
    0.6133333333333333
  ]
}