{
  "instanceType": "refactor",
  "instructionType": "exampleBased",
  "includeUsages": "withUsages",
  "temperature": 0.5,
  "inputFormat": "instructionSnippet",
  "margin": 2,
  "model": "gpt-4-1106-preview",
  "iteration": 7,
  "projectName": "dolphinscheduler",
  "inputType": "instructionSnippet",
  "metrics": {
    "ValidPrograms": 0,
    "RemainingAttemptCount": 0,
    "RemovedDataClumps": 0,
    "GitChanges": 0,
    "CommentOut": 1,
    "ValidJSON": 0.8333333333333334,
    "EmptyResponse": 0.8333333333333334,
    "ResponseSizeDecrease": 1.0675179803317187,
    "RichClass": 0,
    "HarmlessErrorCategory": 1,
    "DataClumpSize": [
      10,
      3,
      3,
      3,
      3,
      3,
      3,
      3,
      3,
      3,
      6,
      3,
      4,
      3
    ],
    "DataClumpOccurence": [
      2,
      2,
      92,
      1,
      2,
      5,
      70,
      15,
      7,
      14,
      2,
      70,
      4,
      2
    ],
    "ParametersToParameters": [
      1,
      0,
      1,
      0,
      1,
      1,
      0,
      0,
      1,
      1,
      1,
      0,
      0,
      0
    ],
    "FieldToField": [
      0,
      0,
      0,
      0,
      0,
      0,
      1,
      0,
      0,
      0,
      0,
      1,
      0,
      0
    ],
    "PreferNonPublic": [
      0,
      1,
      0,
      0,
      0,
      0,
      1,
      0,
      0,
      0,
      0,
      1,
      0,
      0
    ],
    "PrimitiveTypes": [
      0.6,
      0.6666666666666666,
      0.3333333333333333,
      0.6666666666666666,
      0.6666666666666666,
      0.6666666666666666,
      0,
      0.6666666666666666,
      0,
      0,
      0,
      0,
      0.75,
      0.3333333333333333
    ],
    "AffectedFiles": [
      1,
      2,
      3,
      2,
      1,
      4,
      36,
      10,
      3,
      5,
      2,
      36,
      3,
      3
    ],
    "ChangeType=None": 0,
    "ChangeType=ReplaceText": 0,
    "ChangeType=SpecificLine": 0,
    "ChangeType=SpecificLineAll": 0
  }
}