{
  "ValidPrograms": 0.2,
  "RemainingAttemptCount": 0.62,
  "RemovedDataClumps": -10.426666666666666,
  "GitChanges": 157.92,
  "CommentOut": 0.8186988423742946,
  "InvalidJSON": 0.9733333333333335
}