{
  "mean": 0.88,
  "count": 30,
  "sum": 26.33,
  "max": 1,
  "min": 0.67,
  "raw": [
    0.8333333333333334,
    0.8333333333333334,
    0.8333333333333334,
    1,
    0.6666666666666666,
    0.8333333333333334,
    0.8333333333333334,
    0.8333333333333334,
    1,
    0.8333333333333334,
    0.8333333333333334,
    0.8333333333333334,
    0.8333333333333334,
    0.8333333333333334,
    0.8333333333333334,
    1,
    0.8333333333333334,
    0.8333333333333334,
    0.8333333333333334,
    1,
    1,
    0.8333333333333334,
    1,
    0.8333333333333334,
    1,
    0.8333333333333334,
    1,
    1,
    0.8333333333333334,
    0.8333333333333334
  ]
}