{
  "mean": 0.07,
  "count": 90,
  "sum": 5.88,
  "max": 0.12,
  "min": 0.04,
  "raw": [
    0.07046,
    0.07441999999999999,
    0.07748,
    0.07111999999999999,
    0.07250000000000001,
    0.07100000000000001,
    0.07111999999999999,
    0.07049,
    0.07250000000000001,
    0.05465,
    0.07046,
    0.07238,
    0.07463,
    0.07124,
    0.07463,
    0.056749999999999995,
    0.07358,
    0.07408999999999999,
    0.07250000000000001,
    0.07433000000000001,
    0.0749,
    0.07676,
    0.07397000000000001,
    0.08188999999999999,
    0.056749999999999995,
    0.05558,
    0.05669,
    0.057319999999999996,
    0.057109999999999994,
    0.05689999999999999,
    0.05421000000000001,
    0.05421000000000001,
    0.05523,
    0.055560000000000005,
    0.05421000000000001,
    0.055170000000000004,
    0.05523,
    0.054900000000000004,
    0.05523,
    0.05523,
    0.037680000000000005,
    0.05385,
    0.05451,
    0.055470000000000005,
    0.05466000000000001,
    0.05571000000000001,
    0.061110000000000005,
    0.056310000000000006,
    0.05523,
    0.055200000000000006,
    0.037680000000000005,
    0.037680000000000005,
    0.07425000000000001,
    0.056850000000000005,
    0.05523,
    0.11943000000000001,
    0.06738000000000001,
    0.055470000000000005,
    0.037680000000000005,
    0.05484000000000001,
    0.06981,
    0.07008,
    0.069,
    0.069,
    0.069,
    0.069,
    0.069,
    0.07062,
    0.07062,
    0.06954,
    0.06852,
    0.07155,
    0.07125000000000001,
    0.05643,
    0.07008,
    0.07089000000000001,
    0.07203000000000001,
    0.07263,
    0.07139999999999999,
    0.05649,
    0.07206000000000001,
    0.05673,
    0.06837,
    0.08954999999999999,
    0.09068999999999999,
    0.07155,
    0.09009,
    0.07086,
    0.06963,
    0.07098
  ]
}