{
  "mean": 0.12,
  "count": 30,
  "sum": 3.53,
  "max": 0.12,
  "min": 0.12,
  "raw": [
    0.11595000000000001,
    0.1179,
    0.11772,
    0.11742000000000001,
    0.11949000000000001,
    0.11829,
    0.11691000000000001,
    0.12033,
    0.12096000000000001,
    0.11592000000000001,
    0.11592000000000001,
    0.1164,
    0.11643,
    0.11685000000000001,
    0.117,
    0.11667000000000001,
    0.12033,
    0.12087,
    0.11766,
    0.11721000000000001,
    0.11781000000000001,
    0.11721000000000001,
    0.11763000000000001,
    0.11658,
    0.11577000000000001,
    0.11643,
    0.11931000000000001,
    0.11673,
    0.11664000000000001,
    0.11859
  ]
}