{
  "mean": 0.16,
  "count": 90,
  "sum": 12.16,
  "max": 1,
  "min": 0,
  "raw": [
    0,
    0,
    0.0625,
    0,
    0,
    0,
    0.058823529411764705,
    0,
    0,
    0.058823529411764705,
    0,
    0,
    0,
    0.0625,
    0.06666666666666667,
    0,
    0.058823529411764705,
    0.07142857142857142,
    0,
    0.058823529411764705,
    0.35,
    0,
    0.25,
    0,
    0.10714285714285714,
    0.05263157894736842,
    0,
    0,
    0.125,
    0,
    0.5945945945945946,
    0.8,
    null,
    0.029411764705882353,
    0.65625,
    0.7352941176470589,
    0.7380952380952381,
    0.5806451612903226,
    0.02857142857142857,
    0.6,
    0.4411764705882353,
    0.6111111111111112,
    0.25,
    0.42105263157894735,
    0,
    0,
    0.5432098765432098,
    0,
    0.029411764705882353,
    null,
    0.3,
    0,
    null,
    0.7567567567567568,
    0.16666666666666666,
    null,
    0,
    0.390625,
    0.5,
    0.03125,
    0,
    0,
    0,
    0,
    0.125,
    null,
    0,
    null,
    null,
    null,
    null,
    0,
    0.12195121951219512,
    0,
    0,
    0,
    0,
    null,
    null,
    0,
    0,
    null,
    0,
    0,
    0.05555555555555555,
    null,
    null,
    0.058823529411764705,
    1,
    0.21428571428571427
  ]
}