{
  "mean": 0.11879629629629632,
  "count": 90,
  "groupedCount": {
    "0": 73,
    "1": 7,
    "0.125": 3,
    "0.75": 1,
    "0.5": 4,
    "0.16666666666666666": 1,
    "0.4": 1
  },
  "raw": [
    0,
    0,
    0,
    0,
    0,
    0,
    0,
    0,
    0,
    0,
    0,
    0,
    0,
    0,
    0.125,
    0,
    0,
    0,
    0,
    0,
    0,
    0,
    0,
    0,
    0,
    0,
    0,
    0,
    0,
    0,
    0,
    0,
    0,
    0.75,
    0.5,
    0,
    0,
    1,
    0.125,
    0,
    0,
    0,
    0,
    0,
    1,
    1,
    0,
    0.16666666666666666,
    0,
    0,
    0,
    0,
    0,
    0.125,
    0,
    0,
    0,
    0,
    0,
    0,
    0,
    0,
    0.5,
    1,
    0,
    0,
    0,
    1,
    0,
    0,
    0,
    0,
    0,
    0,
    0,
    0,
    0,
    0,
    0.5,
    0,
    0.5,
    1,
    0,
    0,
    0,
    0,
    0.4,
    1,
    0,
    0
  ]
}