{
  "mean": 0.25,
  "count": 25,
  "sum": 6.3,
  "max": 1,
  "min": 0,
  "raw": [
    0,
    0,
    0.07692307692307693,
    0,
    0,
    0.07692307692307693,
    0,
    0,
    0,
    0,
    0,
    0,
    0,
    0.14285714285714285,
    0,
    0,
    1,
    1,
    1,
    0,
    0,
    1,
    0,
    1,
    1
  ]
}