{
  "mean": 0.11,
  "count": 20,
  "sum": 2.1,
  "max": 0.5,
  "min": 0,
  "raw": [
    0,
    0,
    0,
    0,
    0,
    0.16666666666666666,
    0.4,
    0.3333333333333333,
    0.5,
    0.16666666666666666,
    0.2,
    0,
    0,
    0,
    0,
    0.3333333333333333,
    0,
    0,
    0,
    0
  ]
}