{
  "mean": 0.15343752543752542,
  "count": 75,
  "groupedCount": {
    "0": 59,
    "1": 11,
    "0.07692307692307693": 2,
    "0.1": 1,
    "0.14285714285714285": 1,
    "0.1111111111111111": 1
  },
  "raw": [
    0,
    0,
    0.07692307692307693,
    0,
    0,
    0,
    0,
    0.1,
    0,
    0,
    0,
    0,
    0,
    0,
    0,
    0.07692307692307693,
    0,
    0,
    0,
    0,
    0,
    0,
    0,
    0,
    0,
    0,
    0,
    0,
    0,
    0,
    0,
    0,
    0,
    0.14285714285714285,
    0,
    0,
    0,
    0,
    0,
    0,
    0,
    0,
    0,
    0,
    0,
    0,
    1,
    1,
    1,
    0,
    0,
    1,
    0,
    1,
    1,
    0,
    0,
    1,
    1,
    0,
    0.1111111111111111,
    0,
    0,
    1,
    0,
    0,
    0,
    0,
    0,
    0,
    1,
    0,
    1,
    0,
    0
  ]
}