{
  "mean": 0.1,
  "count": 48,
  "sum": 4.78,
  "max": 0.5,
  "min": 0,
  "raw": [
    0,
    0.5,
    0.3333333333333333,
    0,
    0,
    0.3333333333333333,
    0,
    0,
    null,
    0,
    0,
    0,
    0.07692307692307693,
    0.5,
    0.3333333333333333,
    0,
    0,
    0.3333333333333333,
    0.16666666666666666,
    0,
    0,
    0,
    0,
    0,
    0,
    0.5,
    0,
    0,
    0,
    0.16666666666666666,
    0.2,
    0.3333333333333333,
    0,
    0.5,
    0,
    0,
    0,
    0,
    0,
    0,
    0,
    0,
    0,
    0,
    0,
    0,
    0,
    0.5
  ]
}