{
  "mean": 0.34722222222222227,
  "count": 12,
  "groupedCount": {
    "0": 7,
    "1": 4,
    "0.16666666666666666": 1
  },
  "raw": [
    0,
    0,
    0,
    0,
    0,
    1,
    0.16666666666666666,
    0,
    1,
    1,
    0,
    1
  ]
}