{
  "mean": 0.21,
  "count": 45,
  "sum": 9.54,
  "max": 1,
  "min": 0,
  "raw": [
    0.5,
    0.3333333333333333,
    0.3333333333333333,
    0.3333333333333333,
    0.3333333333333333,
    0.3333333333333333,
    0.3333333333333333,
    0.5,
    0,
    0,
    0,
    0.3333333333333333,
    0.5,
    0.5,
    0.3333333333333333,
    0,
    0,
    0,
    0,
    0,
    0,
    0,
    0,
    0,
    0,
    0,
    0,
    0,
    0.75,
    0.5,
    0,
    0,
    1,
    0.125,
    0,
    0,
    0,
    0.5,
    1,
    0,
    0,
    0,
    1,
    0,
    0
  ]
}