{
  "mean": 0.08,
  "count": 45,
  "sum": 3.47,
  "max": 1,
  "min": 0,
  "raw": [
    0.3333333333333333,
    0.14285714285714285,
    0,
    0,
    0,
    0,
    0,
    0,
    0,
    0,
    0,
    0,
    0,
    0.2,
    0,
    0,
    0,
    0,
    0,
    0.125,
    0,
    0,
    0,
    0,
    0,
    0,
    0,
    0,
    0,
    1,
    1,
    0,
    0.16666666666666666,
    0,
    0,
    0,
    null,
    0,
    0,
    0,
    0,
    0,
    0,
    0.5,
    0
  ]
}