{
  "mean": 0.18,
  "count": 15,
  "groupedCount": {
    "0": 7,
    "0.3333333333333333": 4,
    "0.16666666666666666": 1,
    "0.2": 1,
    "0.25": 1,
    "0.8": 1
  },
  "raw": [
    0.3333333333333333,
    0,
    0,
    0,
    0.3333333333333333,
    0.16666666666666666,
    0.2,
    0.3333333333333333,
    0.3333333333333333,
    0,
    0,
    0.25,
    0.8,
    0,
    0
  ]
}