{
  "mean": 0.27,
  "count": 25,
  "sum": 6.67,
  "max": 1,
  "min": 0,
  "raw": [
    0,
    0.3333333333333333,
    0.5,
    0.5,
    0.3333333333333333,
    0,
    0,
    0.25,
    0.3333333333333333,
    0.3333333333333333,
    0.5,
    0.3333333333333333,
    0.25,
    0.5,
    0,
    0,
    0,
    0.5,
    1,
    0,
    0,
    0,
    1,
    0,
    0
  ]
}