{
  "mean": 0.11,
  "count": 180,
  "groupedCount": {
    "0": 121,
    "0.07692307692307693": 2,
    "0.5": 15,
    "0.3333333333333333": 21,
    "0.14285714285714285": 3,
    "0.1": 1,
    "0.2": 4,
    "0.4": 3,
    "0.25": 5,
    "0.16666666666666666": 4,
    "0.8": 1
  },
  "raw": [
    0,
    0,
    0.07692307692307693,
    0,
    0,
    0.5,
    0.3333333333333333,
    0.3333333333333333,
    0.3333333333333333,
    0.3333333333333333,
    0.3333333333333333,
    0.14285714285714285,
    0,
    0,
    0,
    0,
    0,
    0,
    0,
    0,
    0,
    0,
    0.1,
    0,
    0,
    0.3333333333333333,
    0.3333333333333333,
    0.5,
    0,
    0,
    0,
    0,
    0,
    0,
    0,
    0,
    0,
    0,
    0,
    0,
    0,
    0,
    0,
    0,
    0,
    0,
    0.3333333333333333,
    0.5,
    0.5,
    0.3333333333333333,
    0,
    0,
    0,
    0.2,
    0,
    0,
    0,
    0,
    0,
    0,
    0.07692307692307693,
    0,
    0,
    0,
    0,
    0.5,
    0.3333333333333333,
    0.4,
    0.5,
    0.5,
    0.3333333333333333,
    0,
    0,
    0,
    0.3333333333333333,
    0,
    0,
    0,
    0,
    0,
    0,
    0,
    0,
    0,
    0,
    0.3333333333333333,
    0.4,
    0.25,
    0.5,
    0.3333333333333333,
    0.16666666666666666,
    0.2,
    0.3333333333333333,
    0.3333333333333333,
    0,
    0,
    0,
    0,
    0,
    0.14285714285714285,
    0,
    0,
    0,
    0,
    0,
    0,
    0,
    0.25,
    0.3333333333333333,
    0.3333333333333333,
    0,
    0.25,
    0.8,
    0,
    0,
    0,
    0,
    0,
    0,
    0,
    0,
    0,
    0,
    0.14285714285714285,
    0,
    0.5,
    0,
    0.5,
    0.5,
    0.5,
    0,
    0,
    0,
    0,
    0.16666666666666666,
    0,
    0,
    0,
    0,
    0,
    0,
    0,
    0,
    0,
    0,
    0.16666666666666666,
    0.4,
    0.3333333333333333,
    0.5,
    0.16666666666666666,
    0.2,
    0,
    0,
    0,
    0,
    0.3333333333333333,
    0,
    0,
    0,
    0,
    0,
    0,
    0,
    0,
    0,
    0.5,
    0.3333333333333333,
    0.25,
    0.5,
    0,
    0,
    0,
    0,
    0,
    0,
    0,
    0,
    0.25,
    0,
    0.2
  ]
}