{
  "mean": 0.18,
  "count": 120,
  "groupedCount": {
    "0": 91,
    "1": 18,
    "0.125": 3,
    "0.1111111111111111": 1,
    "0.75": 1,
    "0.5": 4,
    "0.16666666666666666": 1,
    "0.4": 1
  },
  "raw": [
    0,
    1,
    1,
    1,
    0,
    0,
    1,
    0,
    1,
    1,
    0,
    0,
    0,
    0,
    0,
    0,
    0,
    0,
    0,
    0,
    0,
    0,
    0,
    0,
    0.125,
    0,
    0,
    0,
    0,
    0,
    0,
    0,
    0,
    0,
    0,
    0,
    0,
    0,
    0,
    0,
    0,
    0,
    1,
    1,
    0,
    0.1111111111111111,
    0,
    0,
    1,
    0,
    0,
    0,
    0,
    0.75,
    0.5,
    0,
    0,
    1,
    0.125,
    0,
    0,
    0,
    0,
    0,
    1,
    1,
    0,
    0.16666666666666666,
    0,
    0,
    0,
    0,
    0,
    0.125,
    0,
    0,
    0,
    0,
    0,
    0,
    0,
    0,
    0,
    0,
    0,
    1,
    0,
    1,
    0,
    0,
    0,
    0,
    0.5,
    1,
    0,
    0,
    0,
    1,
    0,
    0,
    0,
    0,
    0,
    0,
    0,
    0,
    0,
    0,
    0.5,
    0,
    0.5,
    1,
    0,
    0,
    0,
    0,
    0.4,
    1,
    0,
    0
  ]
}