{
  "mean": 0.09305555555555554,
  "count": 30,
  "groupedCount": {
    "0": 25,
    "1": 2,
    "0.125": 1,
    "0.16666666666666666": 1,
    "0.5": 1
  },
  "raw": [
    0,
    0,
    0,
    0,
    0.125,
    0,
    0,
    0,
    0,
    0,
    0,
    0,
    0,
    0,
    1,
    1,
    0,
    0.16666666666666666,
    0,
    0,
    0,
    0,
    0,
    0,
    0,
    0,
    0,
    0,
    0.5,
    0
  ]
}