{
  "mean": 0.091996336996337,
  "count": 60,
  "groupedCount": {
    "0": 43,
    "0.07692307692307693": 1,
    "0.5": 4,
    "0.3333333333333333": 9,
    "0.14285714285714285": 1,
    "0.1": 1,
    "0.2": 1
  },
  "raw": [
    0,
    0,
    0.07692307692307693,
    0,
    0,
    0.5,
    0.3333333333333333,
    0.3333333333333333,
    0.3333333333333333,
    0.3333333333333333,
    0.3333333333333333,
    0.14285714285714285,
    0,
    0,
    0,
    0,
    0,
    0,
    0,
    0,
    0,
    0,
    0.1,
    0,
    0,
    0.3333333333333333,
    0.3333333333333333,
    0.5,
    0,
    0,
    0,
    0,
    0,
    0,
    0,
    0,
    0,
    0,
    0,
    0,
    0,
    0,
    0,
    0,
    0,
    0,
    0.3333333333333333,
    0.5,
    0.5,
    0.3333333333333333,
    0,
    0,
    0,
    0.2,
    0,
    0,
    0,
    0,
    0,
    0
  ]
}