{
  "mean": 0.11,
  "count": 180,
  "sum": 19.9,
  "max": 0.8,
  "min": 0,
  "raw": [
    0,
    0,
    0.07692307692307693,
    0,
    0,
    0.5,
    0.3333333333333333,
    0.3333333333333333,
    0.3333333333333333,
    0.3333333333333333,
    0.3333333333333333,
    0.14285714285714285,
    0,
    0,
    0,
    0,
    0,
    0,
    0,
    0,
    0,
    0,
    0.1,
    0,
    0,
    0.3333333333333333,
    0.3333333333333333,
    0.5,
    0,
    0,
    0,
    0,
    0,
    0,
    0,
    0,
    0,
    0,
    0,
    0,
    null,
    null,
    0,
    null,
    0,
    0,
    0.3333333333333333,
    0.5,
    0.5,
    0.3333333333333333,
    0,
    0,
    0,
    0.2,
    0,
    0,
    0,
    0,
    0,
    0,
    0.07692307692307693,
    0,
    0,
    0,
    0,
    0.5,
    0.3333333333333333,
    0.4,
    0.5,
    0.5,
    0.3333333333333333,
    0,
    0,
    0,
    0.3333333333333333,
    0,
    0,
    0,
    0,
    0,
    0,
    0,
    0,
    0,
    0,
    0.3333333333333333,
    0.4,
    0.25,
    0.5,
    0.3333333333333333,
    0.16666666666666666,
    0.2,
    0.3333333333333333,
    0.3333333333333333,
    0,
    0,
    0,
    0,
    0,
    0.14285714285714285,
    0,
    0,
    0,
    0,
    0,
    0,
    0,
    0.25,
    0.3333333333333333,
    0.3333333333333333,
    0,
    0.25,
    0.8,
    0,
    0,
    0,
    0,
    0,
    0,
    0,
    0,
    0,
    0,
    0.14285714285714285,
    0,
    0.5,
    0,
    0.5,
    0.5,
    0.5,
    0,
    0,
    0,
    0,
    0.16666666666666666,
    0,
    0,
    0,
    0,
    0,
    0,
    0,
    0,
    0,
    0,
    0.16666666666666666,
    0.4,
    0.3333333333333333,
    0.5,
    0.16666666666666666,
    0.2,
    0,
    0,
    0,
    0,
    0.3333333333333333,
    0,
    0,
    0,
    0,
    0,
    0,
    0,
    0,
    0,
    0.5,
    0.3333333333333333,
    0.25,
    0.5,
    0,
    0,
    0,
    0,
    0,
    0,
    0,
    0,
    0.25,
    0,
    0.2
  ]
}