{
  "mean": 0.06,
  "count": 25,
  "sum": 1.43,
  "max": 0.33,
  "min": 0,
  "raw": [
    0.3333333333333333,
    0.14285714285714285,
    0,
    0,
    0,
    0.3333333333333333,
    0,
    0,
    0,
    0.3333333333333333,
    0,
    0,
    0,
    0,
    0.16666666666666666,
    0,
    0,
    0,
    0,
    0.125,
    0,
    0,
    0,
    0,
    0
  ]
}