{
  "mean": 0.07,
  "count": 30,
  "sum": 2.08,
  "max": 1,
  "min": 0,
  "raw": [
    0,
    0,
    0,
    0.33333333333333337,
    0,
    0,
    0,
    0,
    0,
    0,
    0.19999999999999996,
    0.19999999999999996,
    0,
    0,
    0,
    0,
    0,
    0,
    0,
    0,
    0,
    0.1428571428571429,
    0,
    0,
    0,
    1,
    0,
    0,
    0,
    0.19999999999999996
  ]
}