{
  "mean": 1.67,
  "count": 30,
  "sum": 50.09,
  "max": 3.52,
  "min": 0.05,
  "raw": [
    2.0721100000000003,
    1.5411599999999999,
    1.54904,
    2.14853,
    1.6375199999999999,
    1.27311,
    2.8171800000000005,
    1.5320500000000001,
    1.30711,
    1.74366,
    0.85999,
    2.01154,
    1.5332100000000002,
    3.2957099999999997,
    1.9262200000000003,
    1.91955,
    1.9122499999999998,
    2.16291,
    3.5169000000000006,
    1.84314,
    1.2714400000000001,
    0.16563000000000003,
    0.56938,
    1.7705400000000002,
    1.89844,
    0.04619000000000001,
    1.6673300000000002,
    1.2794,
    1.55616,
    1.2603900000000001
  ]
}