{
  "instanceType": "refactor",
  "instructionType": "exampleBased",
  "includeUsages": "withUsages",
  "temperature": 0.1,
  "inputFormat": "instruction",
  "model": "gpt-4-1106-preview",
  "iteration": 7,
  "projectName": "dolphinscheduler",
  "inputType": "instruction",
  "metrics": {
    "ValidPrograms": 0,
    "RemainingAttemptCount": 0,
    "RemovedDataClumps": 0,
    "GitChanges": 94,
    "CommentOut": 0.865979381443299,
    "ValidJSON": 0.8333333333333334,
    "EmptyResponse": 1,
    "InterpretableChanges": 1,
    "RichClass": null,
    "HarmlessErrorCategory": 0.8333333333333334,
    "DataClumpSize": [
      3,
      10,
      3,
      3,
      4,
      3,
      4,
      9,
      4,
      3,
      3,
      5,
      3,
      5
    ],
    "DataClumpOccurence": [
      2,
      2,
      92,
      5,
      2,
      2,
      60,
      4,
      2,
      1,
      11,
      12,
      70,
      2
    ],
    "ParametersToParameters": [
      1,
      1,
      1,
      1,
      1,
      0,
      1,
      0,
      1,
      0,
      1,
      1,
      0,
      1
    ],
    "FieldToField": [
      0,
      0,
      0,
      0,
      0,
      0,
      0,
      1,
      0,
      0,
      0,
      0,
      1,
      0
    ],
    "PreferNonPublic": [
      0,
      0,
      0,
      0,
      0,
      1,
      0,
      1,
      0,
      0,
      0,
      0,
      1,
      0
    ],
    "PrimitiveTypes": [
      0.6666666666666666,
      0.6,
      0.3333333333333333,
      0.6666666666666666,
      0.25,
      0.6666666666666666,
      0.25,
      0.5555555555555556,
      0.25,
      0.6666666666666666,
      1,
      0.4,
      0,
      0.8
    ],
    "AffectedFiles": [
      1,
      1,
      3,
      4,
      1,
      2,
      15,
      3,
      2,
      2,
      8,
      5,
      36,
      1
    ]
  }
}