{
  "mean": 0.93,
  "count": 150,
  "sum": 139.12,
  "max": 1,
  "min": 0,
  "raw": [
    1,
    1,
    1,
    1,
    1,
    1,
    0.18181818181818182,
    1,
    1,
    1,
    1,
    1,
    1,
    1,
    1,
    1,
    0.18181818181818182,
    1,
    1,
    1,
    1,
    0.18181818181818182,
    1,
    1,
    1,
    1,
    1,
    0.18181818181818182,
    1,
    1,
    1,
    1,
    1,
    1,
    0.18181818181818182,
    1,
    1,
    1,
    1,
    1,
    1,
    1,
    1,
    1,
    1,
    1,
    1,
    0.18181818181818182,
    1,
    1,
    0.97,
    0.3333333333333333,
    0.97,
    0.97,
    0.97,
    0.97,
    0.97,
    0.97,
    0.97,
    0.97,
    0.97,
    0.97,
    0.97,
    0.97,
    0.97,
    0.97,
    0.97,
    0.97,
    0.97,
    0,
    0.97,
    0.97,
    0.97,
    0.97,
    0.97,
    0.97,
    0,
    0.97,
    0.97,
    0.97,
    0.97,
    0.97,
    0.97,
    0.97,
    0.97,
    0.97,
    0.97,
    0.97,
    0.97,
    0.97,
    0.97,
    0.97,
    0.97,
    0.97,
    0.97,
    0.97,
    0.97,
    0.97,
    0.97,
    0.97,
    1,
    1,
    1,
    1,
    1,
    1,
    1,
    1,
    1,
    1,
    1,
    1,
    1,
    1,
    1,
    1,
    1,
    1,
    1,
    1,
    1,
    1,
    1,
    1,
    0.3333333333333333,
    1,
    1,
    1,
    1,
    1,
    1,
    1,
    1,
    1,
    1,
    1,
    1,
    1,
    1,
    1,
    1,
    1,
    0.4375,
    0.3333333333333333,
    1,
    1,
    1,
    1,
    1,
    1
  ]
}