{
  "mean": 0.62,
  "count": 88,
  "sum": 54.64,
  "max": 1,
  "min": 0,
  "raw": [
    0,
    0,
    0,
    0,
    0,
    0,
    0,
    0,
    0,
    0,
    0,
    0.18181818181818182,
    0,
    0,
    1,
    0,
    0,
    0.18181818181818182,
    0,
    0.3333333333333333,
    1,
    1,
    0,
    0.6666666666666666,
    0,
    0,
    0.3333333333333333,
    0.5,
    0,
    0,
    0.97,
    0.97,
    0.97,
    0.97,
    0.3333333333333333,
    0.97,
    0.97,
    0.97,
    0.97,
    0.97,
    0.97,
    0.97,
    0.97,
    0,
    0.97,
    0.97,
    0.97,
    0,
    0.7666666666666667,
    0.7666666666666667,
    0.97,
    0.97,
    0.97,
    0.97,
    0,
    0.97,
    0.97,
    0.97,
    0.97,
    0.97,
    1,
    0.4375,
    1,
    1,
    1,
    1,
    1,
    1,
    1,
    1,
    0.4375,
    1,
    1,
    0.4375,
    1,
    1,
    0.4375,
    1,
    1,
    0.4375,
    1,
    1,
    1,
    1,
    1,
    0.4375,
    1,
    0.6666666666666666
  ]
}