{
  "mean": 0.75,
  "count": 83,
  "sum": 62.06,
  "max": 1,
  "min": 0,
  "raw": [
    0,
    1,
    1,
    1,
    1,
    1,
    0,
    0,
    0.18181818181818182,
    1,
    0.18181818181818182,
    1,
    1,
    1,
    0.18181818181818182,
    1,
    0.18181818181818182,
    0.18181818181818182,
    1,
    1,
    0,
    0,
    1,
    1,
    1,
    1,
    0.18181818181818182,
    0,
    0,
    1,
    1,
    1,
    1,
    1,
    0,
    0.18181818181818182,
    1,
    0.18181818181818182,
    1,
    1,
    1,
    1,
    0,
    1,
    1,
    1,
    1,
    1,
    0,
    0.18181818181818182,
    1,
    1,
    0.18181818181818182,
    1,
    1,
    1,
    0.18181818181818182,
    1,
    1,
    0.18181818181818182,
    1,
    1,
    1,
    1,
    1,
    1,
    1,
    1,
    1,
    1,
    1,
    1,
    0.4375,
    1,
    1,
    1,
    1,
    1,
    0.4375,
    1,
    1,
    1,
    1
  ]
}