{
  "mean": 0.76,
  "count": 84,
  "sum": 63.58,
  "max": 1,
  "min": 0,
  "raw": [
    0,
    0.18181818181818182,
    1,
    1,
    1,
    1,
    0,
    0,
    1,
    1,
    1,
    1,
    1,
    0,
    0,
    0.18181818181818182,
    1,
    1,
    1,
    1,
    1,
    0,
    1,
    1,
    1,
    1,
    1,
    1,
    0.18181818181818182,
    1,
    1,
    0.18181818181818182,
    1,
    1,
    1,
    0,
    1,
    1,
    0.18181818181818182,
    1,
    1,
    1,
    0,
    1,
    1,
    1,
    1,
    1,
    0,
    0,
    1,
    0.18181818181818182,
    1,
    1,
    1,
    0,
    0,
    0.18181818181818182,
    1,
    1,
    1,
    1,
    0.18181818181818182,
    1,
    1,
    1,
    1,
    1,
    1,
    0.4375,
    1,
    0.25,
    1,
    1,
    1,
    1,
    0.4375,
    1,
    1,
    1,
    1,
    1,
    1,
    1
  ]
}