{
  "mean": 0.57,
  "count": 62,
  "sum": 35.3,
  "max": 1,
  "min": 0,
  "raw": [
    0,
    0,
    0,
    1,
    0,
    0,
    0,
    0,
    0,
    0,
    1,
    0,
    0,
    0.18181818181818182,
    0,
    0.18181818181818182,
    0,
    1,
    0,
    0,
    0,
    0.7666666666666667,
    0.7666666666666667,
    0.7666666666666667,
    0.3333333333333333,
    0.7666666666666667,
    0.7666666666666667,
    0.97,
    0.3333333333333333,
    0.7666666666666667,
    0.7666666666666667,
    0.7666666666666667,
    0.7666666666666667,
    0.7666666666666667,
    0.7666666666666667,
    0.7666666666666667,
    0.7666666666666667,
    0.7666666666666667,
    0.7666666666666667,
    0.7666666666666667,
    0.7666666666666667,
    0.97,
    1,
    1,
    0.4375,
    1,
    0.4375,
    1,
    1,
    1,
    0.4375,
    1,
    0.4375,
    1,
    1,
    1,
    0.4375,
    0.4375,
    1,
    1,
    1,
    0.6666666666666666
  ]
}