{
  "mean": 0.92,
  "count": 30,
  "sum": 27.65,
  "max": 1,
  "min": 0.18,
  "raw": [
    1,
    1,
    1,
    1,
    1,
    1,
    1,
    0.18181818181818182,
    1,
    1,
    0.97,
    0.97,
    0.97,
    0.97,
    0.97,
    0.97,
    0.97,
    0.97,
    0.97,
    0.97,
    1,
    1,
    0.4375,
    0.3333333333333333,
    1,
    1,
    1,
    1,
    1,
    1
  ]
}