{
  "mean": 0.56,
  "count": 30,
  "sum": 16.89,
  "max": 1,
  "min": 0,
  "raw": [
    0.18181818181818182,
    0,
    0.18181818181818182,
    0,
    0,
    0,
    0.18181818181818182,
    0,
    0.18181818181818182,
    0.18181818181818182,
    0.7666666666666667,
    0.7666666666666667,
    0.7666666666666667,
    0.7666666666666667,
    0.7666666666666667,
    0.7666666666666667,
    0.7666666666666667,
    0.7666666666666667,
    0.7666666666666667,
    0.7666666666666667,
    0.4375,
    1,
    0.4375,
    1,
    1,
    1,
    1,
    1,
    1,
    0.4375
  ]
}