{
  "mean": 0.04,
  "count": 30,
  "sum": 1.27,
  "max": 0.18,
  "min": 0,
  "raw": [
    0,
    0,
    0,
    0,
    0,
    0,
    0,
    0,
    0,
    0,
    0,
    0.18181818181818182,
    0,
    0,
    0,
    0,
    0,
    0,
    0.18181818181818182,
    0,
    0.18181818181818182,
    0,
    0.18181818181818182,
    0,
    0,
    0,
    0.18181818181818182,
    0,
    0.18181818181818182,
    0.18181818181818182
  ]
}