{
  "mean": 0.7,
  "count": 210,
  "sum": 147.2,
  "max": 1,
  "min": 0,
  "raw": [
    1,
    0,
    1,
    0,
    1,
    0,
    1,
    0,
    0,
    1,
    1,
    1,
    1,
    1,
    1,
    1,
    1,
    1,
    1,
    1,
    1,
    1,
    1,
    1,
    1,
    1,
    1,
    1,
    1,
    1,
    1,
    1,
    1,
    1,
    1,
    1,
    1,
    1,
    1,
    1,
    1,
    1,
    1,
    0.18181818181818182,
    1,
    1,
    1,
    1,
    1,
    1,
    0.18181818181818182,
    1,
    1,
    1,
    1,
    1,
    1,
    1,
    1,
    1,
    0,
    0,
    0,
    0,
    0,
    0,
    0,
    0,
    0,
    0,
    0,
    0,
    0,
    1,
    0,
    0,
    1,
    1,
    0,
    0.18181818181818182,
    1,
    1,
    1,
    1,
    1,
    1,
    0.18181818181818182,
    1,
    1,
    1,
    1,
    1,
    1,
    1,
    1,
    1,
    0.18181818181818182,
    1,
    1,
    1,
    1,
    0.18181818181818182,
    1,
    1,
    1,
    1,
    1,
    0.18181818181818182,
    1,
    1,
    1,
    1,
    1,
    1,
    0.18181818181818182,
    1,
    1,
    1,
    1,
    1,
    1,
    1,
    1,
    1,
    1,
    1,
    1,
    0.18181818181818182,
    1,
    1,
    0,
    0.18181818181818182,
    0,
    0,
    1,
    0,
    0,
    0.18181818181818182,
    0,
    0.3333333333333333,
    1,
    0,
    0,
    0,
    0,
    0,
    0,
    0,
    0,
    0,
    1,
    0.18181818181818182,
    0.18181818181818182,
    0.18181818181818182,
    1,
    0.18181818181818182,
    1,
    0.18181818181818182,
    1,
    1,
    1,
    1,
    1,
    1,
    1,
    1,
    1,
    1,
    1,
    1,
    1,
    1,
    1,
    0.18181818181818182,
    1,
    0.18181818181818182,
    1,
    1,
    0.18181818181818182,
    1,
    0.18181818181818182,
    1,
    1,
    1,
    1,
    1,
    1,
    0.18181818181818182,
    1,
    0.18181818181818182,
    1,
    1,
    0.18181818181818182,
    1,
    1,
    0.18181818181818182,
    1,
    1,
    1,
    1,
    1,
    1,
    0,
    0.6666666666666666,
    0,
    0,
    0.3333333333333333,
    0.5,
    0,
    0
  ]
}