{
  "mean": 0.77,
  "count": 30,
  "sum": 23.2,
  "max": 0.97,
  "min": 0.77,
  "raw": [
    0.7666666666666667,
    0.7666666666666667,
    0.7666666666666667,
    0.7666666666666667,
    0.7666666666666667,
    0.7666666666666667,
    0.7666666666666667,
    0.7666666666666667,
    0.7666666666666667,
    0.7666666666666667,
    0.7666666666666667,
    0.7666666666666667,
    0.7666666666666667,
    0.7666666666666667,
    0.7666666666666667,
    0.7666666666666667,
    0.7666666666666667,
    0.7666666666666667,
    0.7666666666666667,
    0.7666666666666667,
    0.7666666666666667,
    0.7666666666666667,
    0.7666666666666667,
    0.7666666666666667,
    0.7666666666666667,
    0.7666666666666667,
    0.7666666666666667,
    0.97,
    0.7666666666666667,
    0.7666666666666667
  ]
}