{
  "mean": 0.06,
  "count": 30,
  "sum": 1.88,
  "max": 1,
  "min": 0,
  "raw": [
    0,
    0,
    0,
    0,
    0,
    0,
    0,
    0,
    0,
    0,
    0,
    0.18181818181818182,
    0,
    0,
    0.3333333333333333,
    0,
    0,
    0.18181818181818182,
    0,
    0.18181818181818182,
    0,
    0,
    0,
    1,
    0,
    0,
    0,
    0,
    0,
    0
  ]
}