{
  "mean": 0.88,
  "count": 25,
  "sum": 21.88,
  "max": 1,
  "min": 0.18,
  "raw": [
    1,
    1,
    0.18181818181818182,
    1,
    0.18181818181818182,
    1,
    1,
    1,
    1,
    1,
    1,
    1,
    0.18181818181818182,
    1,
    1,
    1,
    1,
    1,
    1,
    1,
    0.3333333333333333,
    1,
    1,
    1,
    1
  ]
}