{
  "mean": 0.79,
  "count": 35,
  "sum": 27.58,
  "max": 1,
  "min": 0,
  "raw": [
    1,
    1,
    1,
    1,
    1,
    1,
    1,
    1,
    1,
    1,
    1,
    1,
    1,
    1,
    1,
    1,
    0,
    1,
    0,
    0,
    0,
    0,
    1,
    0.75,
    1,
    0.8333333333333334,
    0.8333333333333334,
    0.6666666666666667,
    0.8333333333333334,
    0.8333333333333334,
    0,
    1,
    1,
    1,
    0.8333333333333334
  ]
}