{
  "mean": 0.68,
  "count": 30,
  "sum": 15.05,
  "max": 1,
  "min": 0,
  "raw": [
    0.7307692307692307,
    0.782608695652174,
    0.7619047619047619,
    0.6956521739130435,
    0.8666666666666667,
    0.875,
    1,
    0.7391304347826086,
    0.75,
    0.8461538461538461,
    0.39285714285714285,
    0.13793103448275862,
    null,
    0.25,
    null,
    null,
    null,
    null,
    null,
    null,
    0.4166666666666667,
    0.6,
    0.8571428571428571,
    0.8888888888888888,
    1,
    null,
    0.45,
    0.6,
    0.4117647058823529,
    1
  ]
}