{
  "Surety": [
    4,
    -2.25,
    -4.25,
    3,
    4.5,
    4,
    1,
    5,
    -1.75,
    3,
    3,
    1,
    2.75,
    1.75,
    1.75,
    0.75,
    2,
    6,
    0.75,
    1,
    2,
    0,
    1,
    0,
    3.5,
    2,
    4.75,
    -1.25,
    1.5,
    2
  ],
  "OutputFormatCorrectness": [
    0.8148148148148148,
    0.8490566037735849,
    0.6779661016949152,
    0.8181818181818182,
    0.7925925925925926,
    0.8,
    0.8235294117647058,
    0.8081841432225064,
    0.7924528301886793,
    0.8210526315789474,
    0.8210526315789474,
    0.8292682926829268,
    0.5925925925925926,
    0.8333333333333334,
    0.8888888888888888,
    0.6086956521739131,
    0.5925925925925926,
    0.8186666666666667,
    0.8333333333333334,
    0.8235294117647058,
    0.8235294117647058,
    null,
    0.574585635359116,
    0.6022727272727273,
    0.8217054263565892,
    0.6296296296296297,
    0.5911330049261084,
    0.819672131147541,
    0.8148148148148148,
    0.8235294117647058
  ],
  "ValidJSON": [
    1,
    1,
    1,
    1,
    0,
    0,
    1,
    0,
    1,
    1,
    1,
    1,
    1,
    1,
    1,
    1,
    1,
    0,
    1,
    1,
    1,
    1,
    1,
    1,
    1,
    1,
    0,
    1,
    1,
    1
  ],
  "DataClumpSize_mean": [
    5.75,
    4,
    3.3333333333333335,
    6,
    4.857142857142857,
    10.857142857142858,
    12,
    12,
    3.3333333333333335,
    6.333333333333333,
    6.333333333333333,
    12,
    3.2,
    13.5,
    15,
    3,
    7.5,
    7,
    5,
    12,
    4.5,
    null,
    25,
    6.666666666666667,
    5.75,
    25,
    4.714285714285714,
    15,
    5,
    4.5
  ],
  "DataClumpOccurence_mean": [
    20.25,
    2.3333333333333335,
    16.666666666666668,
    20.666666666666668,
    25.428571428571427,
    13.428571428571429,
    2,
    2,
    293.6666666666667,
    12.666666666666666,
    26.333333333333332,
    2,
    27.6,
    2,
    2,
    2,
    16,
    24.666666666666668,
    4,
    2,
    26.5,
    null,
    2,
    2,
    8.75,
    2,
    20.285714285714285,
    2,
    21,
    24.5
  ],
  "FieldToField_mean": [
    0,
    0,
    0,
    0,
    0.125,
    0,
    0,
    0,
    0,
    0,
    0,
    0,
    0,
    0,
    1,
    1,
    0,
    0.16666666666666666,
    0,
    0,
    0,
    null,
    0,
    0,
    0,
    0,
    0,
    0,
    0.5,
    0
  ],
  "ParametersToParameters_mean": [
    1,
    0,
    0,
    1,
    0.875,
    0.8571428571428571,
    1,
    1,
    1,
    1,
    1,
    1,
    1,
    1,
    0,
    0,
    1,
    0.8333333333333334,
    1,
    1,
    1,
    null,
    1,
    0.6666666666666666,
    1,
    0,
    1,
    1,
    0.5,
    1
  ],
  "DataClumpSize_count": [
    4,
    3,
    3,
    3,
    7,
    7,
    1,
    5,
    3,
    3,
    3,
    1,
    5,
    2,
    2,
    1,
    2,
    6,
    1,
    1,
    2,
    0,
    1,
    3,
    4,
    2,
    7,
    1,
    2,
    2
  ],
  "DataClumpOccurence_count": [
    4,
    3,
    3,
    3,
    7,
    7,
    1,
    5,
    3,
    3,
    3,
    1,
    5,
    2,
    2,
    1,
    2,
    6,
    1,
    1,
    2,
    0,
    1,
    3,
    4,
    2,
    7,
    1,
    2,
    2
  ],
  "FieldToField_count": [
    4,
    3,
    4,
    3,
    8,
    7,
    1,
    5,
    3,
    3,
    3,
    1,
    5,
    2,
    2,
    1,
    2,
    6,
    1,
    1,
    2,
    0,
    1,
    3,
    4,
    2,
    7,
    2,
    2,
    2
  ],
  "ParametersToParameters_count": [
    4,
    3,
    4,
    3,
    8,
    7,
    1,
    5,
    3,
    3,
    3,
    1,
    5,
    2,
    2,
    1,
    2,
    6,
    1,
    1,
    2,
    0,
    1,
    3,
    4,
    2,
    7,
    2,
    2,
    2
  ],
  "DataClumpSize_sum": [
    23,
    12,
    10,
    18,
    34,
    76,
    12,
    60,
    10,
    19,
    19,
    12,
    16,
    27,
    30,
    3,
    15,
    42,
    5,
    12,
    9,
    null,
    25,
    20,
    23,
    50,
    33,
    15,
    10,
    9
  ],
  "DataClumpOccurence_sum": [
    81,
    7,
    50,
    62,
    178,
    94,
    2,
    10,
    881,
    38,
    79,
    2,
    138,
    4,
    4,
    2,
    32,
    148,
    4,
    2,
    53,
    null,
    2,
    6,
    35,
    4,
    142,
    2,
    42,
    49
  ],
  "FieldToField_sum": [
    0,
    0,
    0,
    0,
    1,
    0,
    0,
    0,
    0,
    0,
    0,
    0,
    0,
    0,
    2,
    1,
    0,
    1,
    0,
    0,
    0,
    null,
    0,
    0,
    0,
    0,
    0,
    0,
    1,
    0
  ],
  "ParametersToParameters_sum": [
    4,
    0,
    0,
    3,
    7,
    6,
    1,
    5,
    3,
    3,
    3,
    1,
    5,
    2,
    0,
    0,
    2,
    5,
    1,
    1,
    2,
    null,
    1,
    2,
    4,
    0,
    7,
    2,
    1,
    2
  ],
  "DataClumpSize_max": [
    12,
    6,
    4,
    12,
    12,
    12,
    12,
    12,
    4,
    12,
    12,
    12,
    4,
    15,
    15,
    3,
    12,
    15,
    5,
    12,
    5,
    0,
    25,
    12,
    12,
    25,
    12,
    15,
    7,
    5
  ],
  "DataClumpOccurence_max": [
    47,
    4,
    47,
    30,
    82,
    82,
    2,
    2,
    833,
    30,
    47,
    2,
    47,
    2,
    2,
    2,
    30,
    82,
    4,
    2,
    47,
    0,
    2,
    2,
    30,
    2,
    47,
    2,
    38,
    47
  ],
  "FieldToField_max": [
    0,
    0,
    0,
    0,
    1,
    0,
    0,
    0,
    0,
    0,
    0,
    0,
    0,
    0,
    1,
    1,
    0,
    1,
    0,
    0,
    0,
    0,
    0,
    0,
    0,
    0,
    0,
    0,
    1,
    0
  ],
  "ParametersToParameters_max": [
    1,
    0,
    0,
    1,
    1,
    1,
    1,
    1,
    1,
    1,
    1,
    1,
    1,
    1,
    0,
    0,
    1,
    1,
    1,
    1,
    1,
    0,
    1,
    1,
    1,
    0,
    1,
    1,
    1,
    1
  ],
  "DataClumpSize_min": [
    3,
    3,
    3,
    3,
    3,
    4,
    12,
    12,
    3,
    3,
    3,
    12,
    3,
    12,
    15,
    3,
    3,
    3,
    5,
    12,
    4,
    10000000,
    25,
    3,
    3,
    25,
    3,
    15,
    3,
    4
  ],
  "DataClumpOccurence_min": [
    2,
    1,
    1,
    2,
    2,
    2,
    2,
    2,
    1,
    2,
    2,
    2,
    1,
    2,
    2,
    2,
    2,
    2,
    4,
    2,
    6,
    10000000,
    2,
    2,
    1,
    2,
    1,
    2,
    4,
    2
  ],
  "FieldToField_min": [
    0,
    0,
    0,
    0,
    0,
    0,
    0,
    0,
    0,
    0,
    0,
    0,
    0,
    0,
    1,
    1,
    0,
    0,
    0,
    0,
    0,
    10000000,
    0,
    0,
    0,
    0,
    0,
    0,
    0,
    0
  ],
  "ParametersToParameters_min": [
    1,
    0,
    0,
    1,
    0,
    0,
    1,
    1,
    1,
    1,
    1,
    1,
    1,
    1,
    0,
    0,
    1,
    0,
    1,
    1,
    1,
    10000000,
    1,
    0,
    1,
    0,
    1,
    1,
    0,
    1
  ],
  "DataClumpSize_raw": [
    [
      12,
      4,
      3,
      4
    ],
    [
      3,
      6,
      3
    ],
    [
      3,
      4,
      3
    ],
    [
      3,
      3,
      12
    ],
    [
      3,
      3,
      3,
      12,
      4,
      4,
      5
    ],
    [
      12,
      12,
      12,
      12,
      12,
      12,
      4
    ],
    [
      12
    ],
    [
      12,
      12,
      12,
      12,
      12
    ],
    [
      3,
      4,
      3
    ],
    [
      3,
      4,
      12
    ],
    [
      4,
      3,
      12
    ],
    [
      12
    ],
    [
      3,
      3,
      3,
      4,
      3
    ],
    [
      12,
      15
    ],
    [
      15,
      15
    ],
    [
      3
    ],
    [
      3,
      12
    ],
    [
      12,
      4,
      3,
      3,
      5,
      15
    ],
    [
      5
    ],
    [
      12
    ],
    [
      5,
      4
    ],
    [],
    [
      25
    ],
    [
      3,
      12,
      5
    ],
    [
      3,
      12,
      5,
      3
    ],
    [
      25,
      25
    ],
    [
      12,
      5,
      4,
      3,
      3,
      3,
      3
    ],
    [
      15
    ],
    [
      3,
      7
    ],
    [
      5,
      4
    ]
  ],