{
  "instanceType": "refactor",
  "instructionType": "exampleBased",
  "includeUsages": "withUsages",
  "temperature": 0.9,
  "inputFormat": "instructionSnippet",
  "margin": 5,
  "model": "gpt-4-1106-preview",
  "iteration": 7,
  "projectName": "dolphinscheduler",
  "metrics": {
    "ValidPrograms": 0,
    "RemainingAttemptCount": 0,
    "RemovedDataClumps": null,
    "GitChanges": 0,
    "CommentOut": 1,
    "ValidJSON": 1,
    "EmptyResponse": 1,
    "ResponseSizeDecrease": 0.48856073211314477,
    "RichClass": 1,
    "HarmlessErrorCategory": 0.5,
    "DataClumpSize": [
      3,
      5,
      3,
      10,
      7,
      13,
      3,
      3,
      3,
      3,
      3,
      3,
      3,
      3
    ],
    "DataClumpOccurence": [
      2,
      2,
      62,
      2,
      6,
      2,
      1,
      5,
      15,
      2,
      70,
      70,
      92,
      2
    ],
    "ParametersToParameters": [
      1,
      1,
      1,
      1,
      1,
      0,
      0,
      1,
      0,
      0,
      0,
      0,
      1,
      0
    ],
    "FieldToField": [
      0,
      0,
      0,
      0,
      0,
      1,
      0,
      0,
      0,
      0,
      1,
      1,
      0,
      0
    ],
    "PreferNonPublic": [
      0,
      0,
      0,
      0,
      0,
      1,
      0,
      0,
      0,
      1,
      1,
      1,
      0,
      0
    ],
    "PrimitiveTypes": [
      0.6666666666666666,
      0.8,
      0.6666666666666666,
      0.6,
      0.2857142857142857,
      0.5384615384615384,
      0.6666666666666666,
      0.6666666666666666,
      0.6666666666666666,
      0.6666666666666666,
      0,
      0,
      0.3333333333333333,
      0.3333333333333333
    ],
    "AffectedFiles": [
      1,
      1,
      4,
      1,
      2,
      2,
      2,
      4,
      10,
      2,
      36,
      36,
      3,
      3
    ],
    "ChangeType=None": 0.45,
    "ChangeType=ReplaceText": 0,
    "ChangeType=SpecificLine": 0.45,
    "ChangeType=SpecificLineAll": 0.1,
    "ChangeType=NoneButReplace": 0
  }
}