{
  "mean": 0.04,
  "count": 30,
  "sum": 1.08,
  "max": 0.04,
  "min": 0.04,
  "raw": [
    0.03563,
    0.03635,
    0.03653,
    0.036500000000000005,
    0.03614,
    0.03587,
    0.035750000000000004,
    0.03629,
    0.03602,
    0.03629,
    0.03608,
    0.035660000000000004,
    0.03656,
    0.03578,
    0.03512,
    0.035660000000000004,
    0.03608,
    0.03665,
    0.03536,
    0.0359,
    0.035840000000000004,
    0.03545,
    0.03596,
    0.03611,
    0.03581,
    0.03665,
    0.03674,
    0.035480000000000005,
    0.0353,
    0.03755
  ]
}