{
  "mean": 4.62,
  "count": 4,
  "sum": 18.46,
  "max": 11.14,
  "min": 1.41,
  "raw": [
    2.449489742783178,
    3.4641016151377544,
    1.4142135623730951,
    11.135528725660043
  ]
}