{
  "mean": 0.06,
  "count": 90,
  "sum": 5.57,
  "max": 0.1,
  "min": 0.04,
  "raw": [
    0.03563,
    0.03635,
    0.03653,
    0.036500000000000005,
    0.03614,
    0.03587,
    0.035750000000000004,
    0.03629,
    0.03602,
    0.03629,
    0.03608,
    0.035660000000000004,
    0.03656,
    0.03578,
    0.03512,
    0.035660000000000004,
    0.03608,
    0.03665,
    0.03536,
    0.0359,
    0.035840000000000004,
    0.03545,
    0.03596,
    0.03611,
    0.03581,
    0.03665,
    0.03674,
    0.035480000000000005,
    0.0353,
    0.03755,
    0.09302999999999999,
    0.09681,
    0.09308999999999999,
    0.09560999999999999,
    0.09653999999999999,
    0.09354,
    0.09354,
    0.09759,
    0.09359999999999999,
    0.09374999999999999,
    0.09194999999999999,
    0.09689999999999999,
    0.09383999999999999,
    0.09405,
    0.09269999999999999,
    0.09336,
    0.09305999999999999,
    0.09312,
    0.09666,
    0.09323999999999999,
    0.09317999999999999,
    0.09333,
    0.09315,
    0.09650999999999998,
    0.09599999999999999,
    0.09276,
    0.09395999999999999,
    0.09558,
    0.09521999999999999,
    0.09419999999999999,
    0.05464,
    0.05506,
    0.05629,
    0.05584,
    0.05611,
    0.05638,
    0.05548,
    0.05602,
    0.05581,
    0.05638,
    0.05452,
    0.05491,
    0.05536,
    0.05575,
    0.054669999999999996,
    0.05509,
    0.054669999999999996,
    0.05518,
    0.055029999999999996,
    0.05404,
    0.05629,
    0.0568,
    0.05479,
    0.054849999999999996,
    0.05581,
    0.05374,
    0.05545,
    0.0541,
    0.055779999999999996,
    0.05419
  ]
}