{
  "mean": 0.9742115835536163,
  "count": 90,
  "groupedCount": {
    "1": 70,
    "0.9310344827586207": 1,
    "0.9615384615384616": 4,
    "0.96875": 1,
    "0.875": 1,
    "0.9444444444444444": 1,
    "0.8695652173913043": 1,
    "0.8333333333333334": 1,
    "0.9375": 2,
    "0.9583333333333334": 1,
    "0.96": 1,
    "0.9545454545454546": 1,
    "0.7777777777777778": 1,
    "0.20415224913494812": 1,
    "0.8571428571428572": 2,
    "0.9666666666666667": 1
  },
  "raw": [
    1,
    1,
    0.9310344827586207,
    1,
    1,
    0.9615384615384616,
    0.96875,
    0.875,
    1,
    1,
    1,
    1,
    1,
    1,
    1,
    1,
    1,
    1,
    1,
    1,
    1,
    1,
    1,
    1,
    1,
    1,
    1,
    1,
    1,
    0.9444444444444444,
    0.8695652173913043,
    1,
    1,
    0.8333333333333334,
    0.9375,
    0.9583333333333334,
    0.96,
    0.9545454545454546,
    1,
    0.9615384615384616,
    1,
    1,
    1,
    1,
    1,
    1,
    1,
    1,
    1,
    1,
    1,
    1,
    1,
    1,
    1,
    1,
    1,
    1,
    1,
    1,
    1,
    0.9375,
    1,
    0.7777777777777778,
    0.20415224913494812,
    0.8571428571428572,
    0.9615384615384616,
    0.8571428571428572,
    0.9666666666666667,
    0.9615384615384616,
    1,
    1,
    1,
    1,
    1,
    1,
    1,
    1,
    1,
    1,
    1,
    1,
    1,
    1,
    1,
    1,
    1,
    1,
    1,
    1
  ]
}