{
  "OutputFormatCorrectness": [
    1,
    1,
    1,
    0.96875,
    1,
    1,
    0.96875,
    1,
    0.96875,
    1,
    0,
    1,
    1,
    0.75,
    1,
    0.75,
    0.7428571428571429,
    1,
    1,
    0.75,
    1,
    1,
    0.75,
    1,
    1,
    1,
    1,
    1,
    0.96875,
    1
  ],
  "DataClumpSize": [
    3,
    3,
    3,
    3,
    3,
    3,
    3,
    3,
    3,
    3,
    3,
    3,
    3,
    3,
    3,
    3,
    3,
    3,
    3,
    3,
    3,
    3,
    3,
    3,
    3,
    3,
    3,
    3,
    3,
    3,
    3,
    3,
    3,
    3,
    3,
    3,
    3,
    3,
    3,
    3,
    3,
    3,
    3,
    3,
    3,
    3
  ],
  "DataClumpOccurence": [
    2,
    2,
    2,
    2,
    2,
    2,
    2,
    2,
    2,
    2,
    2,
    2,
    2,
    2,
    2,
    2,
    2,
    2,
    2,
    2,
    2,
    2,
    2,
    2,
    2,
    2,
    2,
    2,
    2,
    2,
    2,
    2,
    2,
    2,
    12,
    2,
    2,
    2,
    2,
    12,
    2,
    2,
    2,
    12,
    2,
    12
  ],
  "ParametersToParameters": [
    1,
    1,
    1,
    1,
    1,
    1,
    1,
    1,
    1,
    1,
    1,
    1,
    1,
    1,
    1,
    1,
    1,
    1,
    0,
    1,
    1,
    1,
    1,
    1,
    1,
    1,
    1,
    1,
    1,
    0,
    1,
    0,
    1,
    0,
    1,
    1,
    0,
    1,
    0,
    1,
    0,
    1,
    0,
    1,
    0,
    1
  ],
  "FieldToField": [
    0,
    0,
    0,
    0,
    0,
    0,
    0,
    0,
    0,
    0,
    0,
    0,
    0,
    0,
    0,
    0,
    0,
    0,
    1,
    0,
    0,
    0,
    0,
    0,
    0,
    0,
    0,
    0,
    0,
    1,
    0,
    1,
    0,
    1,
    0,
    0,
    1,
    0,
    1,
    0,
    1,
    0,
    1,
    0,
    1,
    0
  ],
  "PreferNonPublic": [
    0,
    0,
    0,
    0,
    0,
    0,
    0,
    0,
    0,
    0,
    0,
    0,
    0,
    0,
    0,
    0,
    0,
    0,
    1,
    0,
    0,
    0,
    0,
    0,
    0,
    0,
    0,
    0,
    0,
    1,
    0,
    1,
    0,
    1,
    0,
    0,
    1,
    0,
    1,
    0,
    1,
    0,
    1,
    0,
    1,
    0
  ],
  "PrimitiveTypes": [
    0,
    0,
    0,
    0,
    0,
    0,
    0,
    0,
    0,
    0,
    0,
    0,
    0,
    0,
    0,
    0,
    0,
    0,
    0.3333333333333333,
    0.6666666666666666,
    0.6666666666666666,
    0.6666666666666666,
    0.6666666666666666,
    0.6666666666666666,
    0.6666666666666666,
    0.6666666666666666,
    0.6666666666666666,
    0.6666666666666666,
    0.3333333333333333,
    0.3333333333333333,
    0.3333333333333333,
    0.3333333333333333,
    0.3333333333333333,
    0.3333333333333333,
    0.6666666666666666,
    0.3333333333333333,
    0.3333333333333333,
    0.3333333333333333,
    0.3333333333333333,
    0.6666666666666666,
    0.3333333333333333,
    0.3333333333333333,
    0.3333333333333333,
    0.6666666666666666,
    0.3333333333333333,
    0.6666666666666666
  ],
  "AffectedFiles": [
    1,
    1,
    1,
    1,
    1,
    1,
    1,
    1,
    1,
    1,
    1,
    1,
    1,
    1,
    1,
    1,
    1,
    1,
    2,
    1,
    1,
    1,
    1,
    1,
    1,
    1,
    1,
    1,
    2,
    2,
    2,
    2,
    2,
    2,
    1,
    2,
    2,
    2,
    2,
    1,
    2,
    2,
    2,
    1,
    2,
    1
  ],
  "Time": [
    32.317,
    31.497,
    52.354,
    60.824,
    51.994,
    25.175,
    29.938,
    35.373,
    29.56,
    47.657,
    1.839,
    17.85,
    14.35,
    16.188,
    22.796,
    24.117,
    120.431,
    20.384,
    19.65,
    16.74,
    30.848,
    40.277,
    35.441,
    15.154,
    28.189,
    31.122,
    27.701,
    33.313,
    34.927,
    17.1
  ],
  "Price": [
    0.07046,
    0.07238,
    0.07463,
    0.07124,
    0.07463,
    0.056749999999999995,
    0.07358,
    0.07408999999999999,
    0.07250000000000001,
    0.07433000000000001,
    0.037680000000000005,
    0.05385,
    0.05451,
    0.055470000000000005,
    0.05466000000000001,
    0.05571000000000001,
    0.061110000000000005,
    0.056310000000000006,
    0.05523,
    0.055200000000000006,
    0.06852,
    0.07155,
    0.07125000000000001,
    0.05643,
    0.07008,
    0.07089000000000001,
    0.07203000000000001,
    0.07263,
    0.07139999999999999,
    0.05649
  ],
  "cause=typo": [
    0,
    0,
    0,
    0,
    0,
    0,
    0,
    0,
    0,
    0,
    0,
    0,
    0,
    1,
    0,
    1,
    1,
    1,
    1,
    0,
    0,
    0,
    0,
    0,
    0,
    0,
    0,
    0,
    0,
    0
  ],
  "cause=synonym": [
    0,
    0,
    0,
    0,
    0,
    1,
    0,
    0,
    0,
    1,
    0,
    0,
    0,
    0,
    0,
    0,
    0,
    0,
    0,
    0,
    1,
    1,
    1,
    0,
    1,
    1,
    1,
    1,
    1,
    0
  ],
  "cause=type": [
    0,
    0,
    0,
    0,
    0,
    0,
    0,
    0,
    0,
    0,
    0,
    0,
    0,
    0,
    0,
    0,
    0,
    0,
    0,
    0,
    0,
    0,
    0,
    0,
    0,
    0,
    0,
    0,
    0,
    0
  ],
  "Surety": [
    -2.5,
    -2.5,
    -2.5,
    -2.5,
    1.5,
    1,
    -2.5,
    -0.5,
    -2.5,
    -1,
    0,
    1,
    1,
    1,
    1,
    1,
    1,
    1,
    1,
    1,
    1.75,
    2,
    1.75,
    0.75,
    1.75,
    1.75,
    1.75,
    1.75,
    1.75,
    0.75
  ],
  "Number data clumps": [
    2,
    2,
    2,
    2,
    2,
    1,
    2,
    2,
    2,
    2,
    0,
    1,
    1,
    1,
    1,
    1,
    1,
    1,
    1,
    1,
    2,
    2,
    2,
    1,
    2,
    2,
    2,
    2,
    2,
    1
  ],
  "ValidJSON": [
    1,
    1,
    1,
    1,
    1,
    1,
    1,
    1,
    1,
    1,
    1,
    1,
    1,
    1,
    1,
    1,
    0,
    1,
    1,
    1,
    1,
    1,
    1,
    1,
    1,
    1,
    1,
    1,
    1,
    1
  ]
}