{
  "mean": 0.84,
  "count": 30,
  "sum": 25.09,
  "max": 1,
  "min": 0.18,
  "raw": [
    1,
    1,
    1,
    1,
    1,
    1,
    1,
    1,
    1,
    1,
    1,
    1,
    1,
    1,
    1,
    1,
    0.18181818181818182,
    1,
    1,
    1,
    1,
    0.18181818181818182,
    0.18181818181818182,
    0.18181818181818182,
    1,
    0.18181818181818182,
    1,
    0.18181818181818182,
    1,
    1
  ]
}