{
  "mean": 6.37,
  "count": 60,
  "sum": 382.45,
  "max": 11,
  "min": 0,
  "raw": [
    10.555555555555555,
    10.333333333333334,
    11,
    11,
    11,
    8,
    5,
    8,
    8,
    8,
    5,
    5,
    5,
    5,
    5,
    5,
    4.666666666666667,
    6,
    5,
    5,
    5,
    10.923076923076923,
    null,
    10,
    10,
    6,
    8.2,
    6.333333333333333,
    7.5,
    5,
    6.6,
    3.5,
    3.6,
    8,
    3,
    6.333333333333333,
    5,
    3,
    5,
    5,
    7.5,
    11,
    null,
    9.4,
    null,
    8,
    6.333333333333333,
    7.5,
    9,
    4.666666666666667,
    5,
    11,
    11,
    5,
    5,
    3,
    5,
    5.5,
    4,
    5
  ]
}