{
  "all": 1,
  "PositiveComments=true": 0.3333333333333333,
  "PositiveComments=false": 0.6666666666666666,
  "meaningfulComments=true": 1,
  "meaningfulComments=false": 0,
  "Readability": 0.16666666666666666,
  "Readability+": 0.16666666666666666,
  "Readability-": 0,
  "Complexity": 0,
  "Complexity+": 0,
  "Complexity-": 0,
  "ManualChanges": 0,
  "ManualChanges+": 0,
  "ManualChanges-": 0,
  "IntentionalDesignChoice": 0,
  "IntentionalDesignChoice+": 0,
  "IntentionalDesignChoice-": 0,
  "Performance": 0.16666666666666666,
  "Performance+": 0,
  "Performance-": 0.16666666666666666,
  "RefactoringNotWorthIt": 0,
  "RefactoringNotWorthIt+": 0,
  "RefactoringNotWorthIt-": 0,
  "LongLines": 0,
  "LongLines+": 0,
  "LongLines-": 0,
  "NotEnough": 0.8333333333333334,
  "NotEnough+": 0,
  "NotEnough-": 0.8333333333333334,
  "SmallerDataClump": 0,
  "SmallerDataClump+": 0,
  "SmallerDataClump-": 0,
  "LargerDataClump": 0,
  "LargerDataClump+": 0,
  "LargerDataClump-": 0,
  "OverEngineered": 0,
  "OverEngineered+": 0,
  "OverEngineered-": 0,
  "DocumentationIssues": 0.16666666666666666,
  "DocumentationIssues+": 0,
  "DocumentationIssues-": 0.16666666666666666,
  "JavaRecordBetter": 0.5,
  "JavaRecordBetter+": 0,
  "JavaRecordBetter-": 0.5,
  "ExtractedClassLocation": 0.3333333333333333,
  "ExtractedClassLocation+": 0.16666666666666666,
  "ExtractedClassLocation-": 0.16666666666666666,
  "NoMeaningfulFeedback": 0,
  "NoMeaningfulFeedback+": 0,
  "NoMeaningfulFeedback-": 0,
  "LLM_Useful": 0.16666666666666666,
  "LLM_Useful+": 0.16666666666666666,
  "LLM_Useful-": 0,
  "ClassName": 0.3333333333333333,
  "ClassName+": 0.16666666666666666,
  "ClassName-": 0.16666666666666666,
  "ImportsIssues": 0.16666666666666666,
  "ImportsIssues+": 0,
  "ImportsIssues-": 0.16666666666666666,
  "SemanticChanges": 0.16666666666666666,
  "SemanticChanges+": 0,
  "SemanticChanges-": 0.16666666666666666,
  "SameBaseClass": 0.16666666666666666,
  "SameBaseClass+": 0,
  "SameBaseClass-": 0.16666666666666666,
  "ExtractedClassShouldNotBePublic": 0.16666666666666666,
  "ExtractedClassShouldNotBePublic+": 0,
  "ExtractedClassShouldNotBePublic-": 0.16666666666666666,
  "StyleAdaption": 0,
  "StyleAdaption+": 0,
  "StyleAdaption-": 0,
  "LicenseHeaderMissing": 0.16666666666666666,
  "LicenseHeaderMissing+": 0,
  "LicenseHeaderMissing-": 0.16666666666666666,
  "LLM_LegalIssues": 0,
  "LLM_LegalIssues+": 0,
  "LLM_LegalIssues-": 0,
  "InvalidPR": 0,
  "InvalidPR+": 0,
  "InvalidPR-": 0,
  "ImprovedMaintainability": 0,
  "ImprovedMaintainability+": 0,
  "ImprovedMaintainability-": 0,
  "IsolatedComponents": 0,
  "IsolatedComponents+": 0,
  "IsolatedComponents-": 0,
  "DeveloperMustOverseeLLM": 0.16666666666666666,
  "DeveloperMustOverseeLLM+": 0,
  "DeveloperMustOverseeLLM-": 0.16666666666666666,
  "Good_Idea": 0.16666666666666666,
  "Good_Idea+": 0.16666666666666666,
  "Good_Idea-": 0,
  "merged=true": 0.16666666666666666,
  "merged=false": 0.8333333333333334,
  "state=open": 0.3333333333333333,
  "state=closed": 0.6666666666666666,
  "category=detectAndRefactor": 0.6666666666666666,
  "category=nameSuggestion": 0.3333333333333333,
  "type=fields_to_fields_data_clump": 0.16666666666666666,
  "type=parameters_to_parameters_data_clump": 0.8333333333333334,
  "CodeReadability": 0.16666666666666666,
  "Usefulness": 0,
  "Details": 1,
  "DataClumpChoice": 0,
  "ManualWork": 0.6666666666666666,
  "FunctionalImpact": 0.16666666666666666,
  "GeneralComments": 0.16666666666666666,
  "size": 3.8333333333333335
}