{
  "PositiveComments=true": 0,
  "PositiveComments=false": 1,
  "meaningfulComments=true": 0.7352941176470589,
  "meaningfulComments=false": 0.2647058823529412,
  "Readability": 0,
  "Complexity": 0.20588235294117646,
  "ManualChanges": 0.11764705882352941,
  "IntentionalDesignChoice": 0,
  "Performance": 0.058823529411764705,
  "RefactoringNotWorthIt": 0.08823529411764706,
  "LongLines": 0.23529411764705882,
  "NotEnough": 0,
  "SmallerDataClump": 0.23529411764705882,
  "LargerDataClump": 0,
  "OverEngineered": 0.029411764705882353,
  "DocumentationIssues": 0.029411764705882353,
  "JavaRecordBetter": 0.11764705882352941,
  "ExtractedClassLocation": 0.11764705882352941,
  "NoMeaningfulFeedback": 0.058823529411764705,
  "LLM_Useful": 0.029411764705882353,
  "ClassName": 0.08823529411764706,
  "ImportsIssues": 0.058823529411764705,
  "SemanticChanges": 0,
  "SameBaseClass": 0.029411764705882353,
  "ExtractedClassShouldNotBePublic": 0.058823529411764705,
  "StyleAdaption": 0.08823529411764706,
  "LicenseHeaderMissing": 0.11764705882352941,
  "LLM_LegalIssues": 0.029411764705882353,
  "InvalidPR": 0.058823529411764705,
  "ImprovedMaintainability": 0.058823529411764705,
  "IsolatedComponents": 0.029411764705882353,
  "DeveloperMustOverseeLLM": 0,
  "Good_Idea": 0.029411764705882353,
  "merged=true": 0.20588235294117646,
  "merged=false": 0.7941176470588235,
  "state=open": 0.23529411764705882,
  "state=closed": 0.7647058823529411,
  "category=detectAndRefactor": 0.5,
  "category=nameSuggestion": 0.5,
  "type=fields_to_fields_data_clump": 0.4411764705882353,
  "type=parameters_to_parameters_data_clump": 0.5588235294117647,
  "CodeReadability": 0.17647058823529413,
  "Usefulness": 0.2647058823529412,
  "Details": 0.11764705882352941,
  "DataClumpChoice": 0.029411764705882353,
  "ManualWork": 0.17647058823529413,
  "FunctionalImpact": 0.029411764705882353,
  "GeneralComments": 0.11764705882352941,
  "size": 5.764705882352941
}