{
  "all": 1,
  "PositiveComments=true": 0,
  "PositiveComments=false": 1,
  "meaningfulComments=true": 0.7428571428571429,
  "meaningfulComments=false": 0.2571428571428571,
  "Readability": 0.2,
  "Readability+": 0,
  "Readability-": 0.2,
  "Complexity": 0.11428571428571428,
  "Complexity+": 0,
  "Complexity-": 0.11428571428571428,
  "ManualChanges": 0,
  "ManualChanges+": 0,
  "ManualChanges-": 0,
  "IntentionalDesignChoice": 0.05714285714285714,
  "IntentionalDesignChoice+": 0,
  "IntentionalDesignChoice-": 0.05714285714285714,
  "Performance": 0.08571428571428572,
  "Performance+": 0,
  "Performance-": 0.08571428571428572,
  "RefactoringNotWorthIt": 0.2571428571428571,
  "RefactoringNotWorthIt+": 0,
  "RefactoringNotWorthIt-": 0.2571428571428571,
  "LongLines": 0,
  "LongLines+": 0,
  "LongLines-": 0,
  "NotEnough": 0.22857142857142856,
  "NotEnough+": 0,
  "NotEnough-": 0.22857142857142856,
  "NoSetterNeeded": 0.02857142857142857,
  "NoSetterNeeded+": 0,
  "NoSetterNeeded-": 0.02857142857142857,
  "SmallerDataClump": 0,
  "SmallerDataClump+": 0,
  "SmallerDataClump-": 0,
  "LargerDataClump": 0.02857142857142857,
  "LargerDataClump+": 0,
  "LargerDataClump-": 0.02857142857142857,
  "OverEngineered": 0.02857142857142857,
  "OverEngineered+": 0,
  "OverEngineered-": 0.02857142857142857,
  "DocumentationIssues": 0.11428571428571428,
  "DocumentationIssues+": 0,
  "DocumentationIssues-": 0.11428571428571428,
  "JavaRecordBetter": 0.11428571428571428,
  "JavaRecordBetter+": 0,
  "JavaRecordBetter-": 0.11428571428571428,
  "ExtractedClassLocation": 0.05714285714285714,
  "ExtractedClassLocation+": 0,
  "ExtractedClassLocation-": 0.05714285714285714,
  "NoMeaningfulFeedback": 0.02857142857142857,
  "NoMeaningfulFeedback+": 0,
  "NoMeaningfulFeedback-": 0.02857142857142857,
  "LLM_Useful": 0.08571428571428572,
  "LLM_Useful+": 0.02857142857142857,
  "LLM_Useful-": 0.05714285714285714,
  "ClassName": 0.05714285714285714,
  "ClassName+": 0.02857142857142857,
  "ClassName-": 0.02857142857142857,
  "ImportsIssues": 0,
  "ImportsIssues+": 0,
  "ImportsIssues-": 0,
  "SemanticChanges": 0.02857142857142857,
  "SemanticChanges+": 0,
  "SemanticChanges-": 0.02857142857142857,
  "SameBaseClass": 0.05714285714285714,
  "SameBaseClass+": 0,
  "SameBaseClass-": 0.05714285714285714,
  "ExtractedClassShouldNotBePublic": 0.08571428571428572,
  "ExtractedClassShouldNotBePublic+": 0,
  "ExtractedClassShouldNotBePublic-": 0.08571428571428572,
  "StyleAdaption": 0.11428571428571428,
  "StyleAdaption+": 0,
  "StyleAdaption-": 0.11428571428571428,
  "LicenseHeaderMissing": 0.02857142857142857,
  "LicenseHeaderMissing+": 0,
  "LicenseHeaderMissing-": 0.02857142857142857,
  "LLM_LegalIssues": 0.05714285714285714,
  "LLM_LegalIssues+": 0,
  "LLM_LegalIssues-": 0.05714285714285714,
  "InvalidPR": 0.05714285714285714,
  "InvalidPR+": 0,
  "InvalidPR-": 0.05714285714285714,
  "ImprovedMaintainability": 0.02857142857142857,
  "ImprovedMaintainability+": 0,
  "ImprovedMaintainability-": 0.02857142857142857,
  "IsolatedComponents": 0,
  "IsolatedComponents+": 0,
  "IsolatedComponents-": 0,
  "DeveloperMustOverseeLLM": 0.02857142857142857,
  "DeveloperMustOverseeLLM+": 0,
  "DeveloperMustOverseeLLM-": 0.02857142857142857,
  "Good_Idea": 0.02857142857142857,
  "Good_Idea+": 0.02857142857142857,
  "Good_Idea-": 0,
  "merged=true": 0.2,
  "merged=false": 0.8,
  "state=open": 0.22857142857142856,
  "state=closed": 0.7714285714285715,
  "category=detectAndRefactor": 0.5142857142857142,
  "category=nameSuggestion": 0.4857142857142857,
  "type=fields_to_fields_data_clump": 0.45714285714285713,
  "type=parameters_to_parameters_data_clump": 0.5428571428571428,
  "CodeReadability": 0.17142857142857143,
  "Usefulness": 0.2857142857142857,
  "Details": 0.11428571428571428,
  "DataClumpChoice": 0.02857142857142857,
  "ManualWork": 0.17142857142857143,
  "FunctionalImpact": 0.02857142857142857,
  "GeneralComments": 0.11428571428571428,
  "size": 5.771428571428571
}