{
  "PositiveComments=true": 0.16666666666666666,
  "PositiveComments=false": 0.8333333333333334,
  "meaningfulComments=true": 0.8888888888888888,
  "meaningfulComments=false": 0.1111111111111111,
  "Readability": 0,
  "Complexity": 0.4444444444444444,
  "ManualChanges": 0.16666666666666666,
  "IntentionalDesignChoice": 0,
  "Performance": 0.05555555555555555,
  "RefactoringNotWorthIt": 0.05555555555555555,
  "LongLines": 0.2777777777777778,
  "NotEnough": 0.05555555555555555,
  "SmallerDataClump": 0.2777777777777778,
  "LargerDataClump": 0.05555555555555555,
  "OverEngineered": 0.05555555555555555,
  "DocumentationIssues": 0,
  "JavaRecordBetter": 0.05555555555555555,
  "ExtractedClassLocation": 0,
  "NoMeaningfulFeedback": 0,
  "LLM_Useful": 0,
  "ClassName": 0,
  "ImportsIssues": 0.05555555555555555,
  "SemanticChanges": 0,
  "SameBaseClass": 0.1111111111111111,
  "ExtractedClassShouldNotBePublic": 0.1111111111111111,
  "StyleAdaption": 0.1111111111111111,
  "LicenseHeaderMissing": 0.16666666666666666,
  "LLM_LegalIssues": 0.05555555555555555,
  "InvalidPR": 0.1111111111111111,
  "ImprovedMaintainability": 0.05555555555555555,
  "IsolatedComponents": 0,
  "DeveloperMustOverseeLLM": 0,
  "Good_Idea": 0,
  "merged=true": 0.2222222222222222,
  "merged=false": 0.7777777777777778,
  "state=open": 0.2222222222222222,
  "state=closed": 0.7777777777777778,
  "category=detectAndRefactor": 0.3888888888888889,
  "category=nameSuggestion": 0.6111111111111112,
  "type=fields_to_fields_data_clump": 1,
  "type=parameters_to_parameters_data_clump": 0,
  "CodeReadability": 0.3333333333333333,
  "Usefulness": 0.3333333333333333,
  "Details": 0.05555555555555555,
  "DataClumpChoice": 0.1111111111111111,
  "ManualWork": 0.2777777777777778,
  "FunctionalImpact": 0,
  "GeneralComments": 0.1111111111111111,
  "size": 7.222222222222222
}