{
  "mean": 178.2,
  "count": 30,
  "sum": 5346,
  "max": 650.89,
  "min": 0.88,
  "raw": [
    230.233,
    246.52300000000002,
    237.651,
    650.89,
    478.548,
    1.524,
    165.803,
    1.4,
    2.074,
    0.877,
    1.664,
    222.09799999999998,
    337.53700000000003,
    184.157,
    117.031,
    202.277,
    442.1505,
    1.536,
    2.192,
    326.0145,
    278.574,
    1.353,
    129.522,
    130.223,
    344.33,
    2.201,
    2.047,
    245.233,
    14.481,
    345.859
  ]
}