{
  "mean": 0.72,
  "count": 220,
  "sum": null,
  "max": 0.92,
  "min": 0,
  "raw": [
    null,
    null,
    0.5740740740740741,
    null,
    0.6153846153846154,
    0.8235294117647058,
    0.8256880733944955,
    0.8529411764705882,
    0.6296296296296297,
    0.8395061728395061,
    0.8307692307692308,
    0.8173913043478261,
    0.8187919463087249,
    0.8299776286353467,
    0.5853658536585366,
    0.5925925925925926,
    0.819672131147541,
    0.8333333333333334,
    0.8148148148148148,
    0.5925925925925926,
    0,
    0.7878787878787878,
    0.6153846153846154,
    0.7764705882352941,
    0.7964601769911505,
    0.8256880733944955,
    0.8148148148148148,
    0.8297872340425532,
    0.8409090909090909,
    0.8455284552845529,
    0.8235294117647058,
    0.5882352941176471,
    0.8626760563380281,
    0.8235294117647058,
    0.8148148148148148,
    0.8148148148148148,
    0.591304347826087,
    0.7213114754098361,
    0.5901639344262295,
    0.7707006369426752,
    0.5882352941176471,
    0.6,
    0.6153846153846154,
    0.8037383177570093,
    0.7692307692307693,
    0.8529411764705882,
    0.8260869565217391,
    0.8372093023255814,
    0.8527131782945736,
    0,
    0.5875706214689266,
    0.8433734939759037,
    0.8433734939759037,
    0,
    0.8292682926829268,
    0.5925925925925926,
    0.8292682926829268,
    0.8382352941176471,
    0.5957446808510638,
    0.6012269938650306,
    0.8292682926829268,
    0.6666666666666666,
    0.5925925925925926,
    0.8888888888888888,
    0.8502673796791443,
    0.6666666666666666,
    0.7692307692307693,
    0.852803738317757,
    0.5945945945945946,
    0.8181818181818182,
    0.8148148148148148,
    0.8148148148148148,
    0.8187919463087249,
    0.8148148148148148,
    0.7159090909090909,
    0.65,
    0.5925925925925926,
    0.8148148148148148,
    0.7784090909090909,
    0.5901639344262295,
    0.8108108108108109,
    0.8148148148148148,
    0.8235294117647058,
    0.6341463414634146,
    0.8235294117647058,
    0.5925925925925926,
    0.8235294117647058,
    0.5837837837837838,
    0.8085106382978723,
    0.5866666666666667,
    0.6462765957446809,
    0.8666666666666667,
    0.5925925925925926,
    0.7058823529411765,
    0.6153846153846154,
    0.6666666666666666,
    0.6666666666666666,
    0.8518518518518519,
    0.8780487804878049,
    0.5925925925925926,
    0.8666666666666667,
    0.8771929824561403,
    null,
    0.8633093525179856,
    null,
    0.8666666666666667,
    0.6666666666666666,
    0.8261851015801355,
    0.7457212713936431,
    0.8723404255319149,
    0.8148148148148148,
    0.8235294117647058,
    0.7924528301886793,
    0.7037037037037037,
    0.8181818181818182,
    0.5925925925925926,
    0.5970149253731343,
    0.8888888888888888,
    0.7870370370370371,
    0.7052631578947368,
    0.8148148148148148,
    0.7840909090909091,
    0.8350515463917526,
    0.5901639344262295,
    0,
    0.5942622950819673,
    0.5416666666666666,
    0.7254901960784313,
    0.8148148148148148,
    0,
    0.5901639344262295,
    0.8547008547008547,
    0.8409090909090909,
    0.7,
    0.6363636363636364,
    0.8148148148148148,
    0.8278688524590164,
    0.777027027027027,
    0,
    0.5882352941176471,
    0.625,
    0.8045977011494253,
    0.7029702970297029,
    0.6,
    0.8444444444444444,
    0.8,
    0.6,
    0.8780487804878049,
    0.8148148148148148,
    0.591304347826087,
    0.5866666666666667,
    null,
    0.5777777777777777,
    0.65,
    0.8780487804878049,
    0.5945945945945946,
    0.5925925925925926,
    0.5925925925925926,
    0.8148148148148148,
    0.8333333333333334,
    0.8235294117647058,
    0.5925925925925926,
    0.8148148148148148,
    0.8235294117647058,
    0.5818181818181818,
    0,
    0.8604651162790697,
    0.835820895522388,
    0.8292682926829268,
    0.8235294117647058,
    0.8518518518518519,
    0.8235294117647058,
    0.8235294117647058,
    0.8148148148148148,
    0.8235294117647058,
    null,
    0.8148148148148148,
    0.6153846153846154,
    0.8,
    0.8148148148148148,
    0.8314606741573034,
    0.575,
    0.594059405940594,
    0.8,
    0.8148148148148148,
    0.8888888888888888,
    0.5925925925925926,
    0.9230769230769231,
    0.8397435897435898,
    0.8085106382978723,
    0.8148148148148148,
    0.5901639344262295,
    0.8703703703703703,
    null,
    0.8148148148148148,
    0.8235294117647058,
    0.8518518518518519,
    0.8888888888888888,
    0.5901639344262295,
    0.8148148148148148,
    0.8235294117647058,
    null,
    0.574585635359116,
    0.6022727272727273,
    0.8217054263565892,
    0.6296296296296297,
    0.5904761904761905,
    0.819672131147541,
    0.8148148148148148,
    0.8235294117647058,
    0.6133333333333333,
    0.8671497584541062,
    0.5901639344262295,
    0.8074534161490683,
    0.8235294117647058,
    0.5797101449275363,
    0,
    0.8888888888888888,
    0.6,
    0.8148148148148148
  ]
}