{
  "ValidJSON": [
    1,
    1,
    1,
    1,
    1,
    1,
    1,
    1,
    1,
    1,
    1,
    1,
    1,
    1,
    1,
    1,
    1,
    1,
    1,
    1,
    1,
    1,
    1,
    1,
    1,
    1,
    1,
    1,
    1,
    1
  ],
  "Surety": [
    1,
    1,
    1,
    1,
    1,
    1,
    1,
    1,
    1,
    1,
    1,
    1,
    1,
    1,
    1,
    1,
    1,
    1,
    1,
    1,
    1,
    1,
    1,
    1,
    1,
    1,
    1,
    1,
    1,
    1
  ],
  "reason=size": [
    0,
    0,
    0,
    0,
    0,
    0,
    0,
    0,
    0,
    0,
    0,
    0,
    0,
    0,
    0,
    0,
    0,
    0,
    0,
    0,
    0,
    0,
    0,
    0,
    0,
    0,
    0,
    0,
    0,
    0
  ],
  "reason=occurrence": [
    1,
    1,
    1,
    1,
    1,
    1,
    1,
    1,
    1,
    1,
    1,
    1,
    1,
    1,
    1,
    1,
    1,
    1,
    1,
    1,
    1,
    1,
    1,
    1,
    1,
    1,
    1,
    1,
    1,
    1
  ],
  "reason=affected_files": [
    0,
    0,
    0,
    0,
    0,
    0,
    0,
    0,
    0,
    0,
    0,
    0,
    0,
    0,
    0,
    0,
    0,
    0,
    0,
    0,
    0,
    0,
    0,
    0,
    0,
    0,
    0,
    0,
    0,
    0
  ],
  "reason=domain": [
    0,
    0,
    0,
    0,
    0,
    0,
    0,
    0,
    0,
    0,
    0,
    0,
    0,
    0,
    0,
    0,
    0,
    0,
    0,
    0,
    0,
    0,
    0,
    0,
    0,
    0,
    0,
    0,
    0,
    0
  ],
  "reason=other": [
    0,
    0,
    0,
    0,
    0,
    0,
    0,
    0,
    0,
    0,
    0,
    0,
    0,
    0,
    0,
    0,
    0,
    0,
    0,
    0,
    0,
    0,
    0,
    0,
    0,
    0,
    0,
    0,
    0,
    0
  ],
  "PositionOnGroundTruthMetric_mean": [
    3.3333333333333335,
    3.3333333333333335,
    1.3333333333333333,
    3.3333333333333335,
    3.3333333333333335,
    1.3333333333333333,
    3.3333333333333335,
    5.333333333333333,
    3.3333333333333335,
    1.3333333333333333,
    1.3333333333333333,
    1.3333333333333333,
    1.3333333333333333,
    1.3333333333333333,
    1.3333333333333333,
    1.3333333333333333,
    1.3333333333333333,
    3.3333333333333335,
    1.3333333333333333,
    1.3333333333333333,
    3.3333333333333335,
    1.3333333333333333,
    1.3333333333333333,
    3.3333333333333335,
    1.3333333333333333,
    1.3333333333333333,
    3.3333333333333335,
    3.3333333333333335,
    1.3333333333333333,
    3.3333333333333335
  ],
  "PositionOnGroundTruthMetric_count": [
    3,
    3,
    3,
    3,
    3,
    3,
    3,
    3,
    3,
    3,
    3,
    3,
    3,
    3,
    3,
    3,
    3,
    3,
    3,
    3,
    3,
    3,
    3,
    3,
    3,
    3,
    3,
    3,
    3,
    3
  ],
  "PositionOnGroundTruthMetric_sum": [
    10,
    10,
    4,
    10,
    10,
    4,
    10,
    16,
    10,
    4,
    4,
    4,
    4,
    4,
    4,
    4,
    4,
    10,
    4,
    4,
    10,
    4,
    4,
    10,
    4,
    4,
    10,
    10,
    4,
    10
  ],
  "PositionOnGroundTruthMetric_max": [
    5,
    5,
    4,
    5,
    5,
    4,
    5,
    7,
    5,
    4,
    4,
    4,
    4,
    4,
    4,
    4,
    4,
    5,
    4,
    4,
    5,
    4,
    4,
    5,
    4,
    4,
    5,
    5,
    4,
    5
  ],
  "PositionOnGroundTruthMetric_min": [
    0,
    0,
    0,
    0,
    0,
    0,
    0,
    2,
    0,
    0,
    0,
    0,
    0,
    0,
    0,
    0,
    0,
    0,
    0,
    0,
    0,
    0,
    0,
    0,
    0,
    0,
    0,
    0,
    0,
    0
  ],
  "PositionOnGroundTruthMetric_raw": [
    0,
    5,
    5,
    0,
    5,
    5,
    4,
    0,
    0,
    0,
    5,
    5,
    0,
    5,
    5,
    4,
    0,
    0,
    0,
    5,
    5,
    2,
    7,
    7,
    0,
    5,
    5,
    4,
    0,
    0,
    4,
    0,
    0,
    4,
    0,
    0,
    4,
    0,
    0,
    4,
    0,
    0,
    4,
    0,
    0,
    4,
    0,
    0,
    4,
    0,
    0,
    0,
    5,
    5,
    4,
    0,
    0,
    4,
    0,
    0,
    0,
    5,
    5,
    4,
    0,
    0,
    4,
    0,
    0,
    0,
    5,
    5,
    4,
    0,
    0,
    4,
    0,
    0,
    0,
    5,
    5,
    0,
    5,
    5,
    4,
    0,
    0,
    0,
    5,
    5
  ],
  "DataClumpSize": [
    15,
    15,
    15,
    15,
    16,
    15,
    15,
    15,
    3,
    3,
    15,
    15,
    15,
    15,
    15,
    15,
    15,
    15,
    15,
    15,
    4,
    15,
    15,
    15,
    15,
    16,
    15,
    25,
    15,
    15
  ],
  "DataClumpOccurence": [
    2,
    2,
    2,
    2,
    2,
    2,
    2,
    2,
    3558,
    3558,
    2,
    2,
    2,
    2,
    2,
    2,
    2,
    2,
    2,
    2,
    2,
    2,
    2,
    2,
    2,
    2,
    2,
    2,
    2,
    2
  ],
  "ParametersToParameters": [
    0,
    0,
    0,
    0,
    0,
    0,
    0,
    0,
    1,
    1,
    0,
    0,
    0,
    0,
    0,
    0,
    0,
    0,
    0,
    0,
    1,
    0,
    0,
    0,
    0,
    0,
    0,
    0,
    0,
    0
  ],
  "FieldToField": [
    1,
    1,
    1,
    1,
    1,
    1,
    1,
    1,
    0,
    0,
    1,
    1,
    1,
    1,
    1,
    1,
    1,
    1,
    1,
    1,
    0,
    1,
    1,
    1,
    1,
    1,
    1,
    1,
    1,
    1
  ],
  "PreferNonPublic": [
    1,
    1,
    1,
    1,
    1,
    1,
    1,
    1,
    0,
    0,
    1,
    1,
    1,
    1,
    1,
    1,
    1,
    1,
    1,
    1,
    1,
    1,
    1,
    1,
    1,
    1,
    1,
    0,
    1,
    1
  ],
  "PrimitiveTypes": [
    1,
    1,
    1,
    1,
    0.4375,
    1,
    1,
    1,
    1,
    1,
    1,
    1,
    1,
    1,
    1,
    1,
    1,
    1,
    1,
    1,
    0.25,
    1,
    1,
    1,
    1,
    0.4375,
    1,
    1,
    1,
    1
  ],
  "AffectedFiles": [
    2,
    2,
    2,
    2,
    2,
    2,
    2,
    2,
    32,
    32,
    2,
    2,
    2,
    2,
    2,
    2,
    2,
    2,
    2,
    2,
    1,
    2,
    2,
    2,
    2,
    2,
    2,
    2,
    2,
    2
  ]
}