{
  "mean": 2.94,
  "count": 180,
  "sum": 441.35,
  "max": 69.41,
  "min": 0,
  "raw": [
    1.2103925444789607,
    1.3305978898007034,
    1.5421322863183329,
    1.2624113475177305,
    1.0076514871035418,
    1.0009553379508,
    1.156003937007874,
    1.4108382274426055,
    0.8210437552703083,
    1.001291711517761,
    1.467982456140351,
    0.9468815279021188,
    1.3360597439544808,
    1.0494475138121546,
    1.4863741339491916,
    1.382020318190531,
    1.0373272545946717,
    1.1323017408123792,
    1.6875511875511875,
    1.8078791149487319,
    1.0219982556449267,
    1.1268635724331928,
    1.4059905100830368,
    1.1931128640776698,
    1.4686316928069227,
    1.130328867235079,
    1.105263157894737,
    1.1205760857429943,
    1.3020348837209301,
    1.0491893883566692,
    2.2257017376360513,
    1.1829301256926612,
    1.0877641573287207,
    1.1686946071804116,
    null,
    1.0799394606494221,
    1.6156733927733458,
    1.4661988935366348,
    1.036745406824147,
    1.201902543195496,
    1.03742069144115,
    1.056402995981001,
    0.9663715231195779,
    1.2786402043623502,
    0.9863291139240506,
    1.0669004585918533,
    1.3405804749340369,
    1.109229969555209,
    1.2379672611776202,
    1.0347339365128048,
    0.9996932750555939,
    0.039473684210526314,
    1.7664187371419529,
    0.9902311950504722,
    1.6745847817690227,
    1.3002883922134103,
    1.0228046641213497,
    3.001568979042923,
    1.290603458701173,
    1.5284520493434142,
    1.9587819650067295,
    0.9841645431379686,
    0.9973045822102425,
    1.0871632329635499,
    1.3386075949367089,
    1.5218170950388523,
    2.062015503875969,
    0.9889669007021064,
    2.561025641025641,
    2.1064814814814814,
    2.4726155490248463,
    1.0039615166949631,
    2.1452695388612253,
    1.6304347826086956,
    3.1055530059660397,
    2.3009708737864076,
    6.118055555555555,
    1.271248888324228,
    5.138589211618258,
    1.9956176961602672,
    1.0368159203980098,
    1.8054187192118227,
    null,
    1.5569272976680384,
    1.609005414648048,
    0.9411764705882353,
    1.0249482206740728,
    2.940025657472739,
    1.0007743207095594,
    2.928677563150074,
    1.0319497542326597,
    null,
    null,
    1.355353451839603,
    null,
    null,
    1.071006530527625,
    null,
    null,
    null,
    1.0711412030222744,
    0.6671480144404333,
    null,
    1.0862125340599456,
    1.814957264957265,
    null,
    1.1791383219954648,
    1.1327731664171996,
    1.0029103608847496,
    1.1964114066004485,
    0.9615494568324757,
    1.5090137857900319,
    null,
    1.5035754610462928,
    null,
    null,
    null,
    2.0468284376330352,
    null,
    null,
    64.93548387096774,
    null,
    1.6066481994459834,
    1.7981558671213844,
    14.801282051282051,
    1.2676366303949138,
    1.130246020260492,
    1.7195767195767195,
    69.41379310344827,
    2.9077685950413223,
    4.087138375740676,
    8.138613861386139,
    10.695348837209302,
    3.8241839762611276,
    1.8697788697788698,
    null,
    2.856470588235294,
    7.6918714555765595,
    1.3896280470039817,
    4.315068493150685,
    4.221917808219178,
    1.5656773435204232,
    1.7346140163642831,
    1.1986522532640742,
    1.3755897862892035,
    1.347776597359235,
    2.3235985229942933,
    4.959746226208707,
    2.1193557664653437,
    1.6094530549506854,
    null,
    null,
    null,
    3.174724748683581,
    1.5682582380632146,
    10.045897644191713,
    0,
    0.46558120362737015,
    null,
    4.201420598680873,
    6.004875076173065,
    null,
    1.3450339695891298,
    2.1578947368421053,
    13.747478665632274,
    null,
    null,
    3.7944679216288897,
    0.7332053742802304,
    1.5997449322056652,
    1.1224946946474887,
    1.3054908808692278,
    null,
    null,
    3.5569774527726996,
    2.7830070222759615,
    3.773258077072791,
    null,
    null,
    3.0035087719298246
  ]
}