{
  "mean": 29.67,
  "count": 10,
  "groupedCount": {
    "2": 9,
    "278.6666666666667": 1
  },
  "raw": [
    2,
    2,
    2,
    2,
    2,
    2,
    2,
    278.6666666666667,
    2,
    2
  ]
}