{
  "mean": 0.71,
  "count": 18,
  "sum": 12.73,
  "max": 1,
  "min": 0,
  "raw": [
    0.18181818181818182,
    0.18181818181818182,
    0.18181818181818182,
    0,
    0.18181818181818182,
    0.3333333333333333,
    0.6666666666666666,
    1,
    1,
    1,
    1,
    1,
    1,
    1,
    1,
    1,
    1,
    1
  ]
}