{
  "mean": 0.94,
  "count": 36,
  "sum": 34,
  "max": 1,
  "min": 0.75,
  "raw": [
    1,
    0.96875,
    0.96875,
    0.96875,
    0.75,
    0.96875,
    1,
    1,
    1,
    1,
    0.96875,
    1,
    0.75,
    1,
    1,
    1,
    0.75,
    1,
    0.7777777777777778,
    0.75,
    0.75,
    1,
    1,
    0.9142857142857143,
    1,
    0.96875,
    1,
    1,
    0.75,
    1,
    1,
    1,
    1,
    1,
    1,
    1
  ]
}