{
  "mean": 0.83,
  "count": 40,
  "sum": 33.4,
  "max": 1,
  "min": 0,
  "raw": [
    0.7619047619047619,
    0.75,
    0.75,
    1,
    0.7619047619047619,
    0.75,
    1,
    1,
    0.75,
    0.7619047619047619,
    0.75,
    1,
    1,
    1,
    0.7777777777777778,
    1,
    0.9722222222222222,
    1,
    1,
    1,
    1,
    1,
    0.9791666666666666,
    0.9583333333333334,
    0.96875,
    1,
    1,
    0.75,
    0.7777777777777778,
    1,
    0,
    0,
    1,
    1,
    0.75,
    0.9142857142857143,
    0.7619047619047619,
    1,
    0,
    0.75
  ]
}