{
  "mean": 0.98,
  "count": 30,
  "sum": 29.26,
  "max": 1,
  "min": 0.75,
  "raw": [
    1,
    1,
    1,
    0.96875,
    1,
    0.96875,
    1,
    1,
    0.96875,
    1,
    1,
    1,
    0.9791666666666666,
    0.9583333333333334,
    0.96875,
    1,
    1,
    0.75,
    0.7777777777777778,
    1,
    1,
    1,
    1,
    1,
    1,
    1,
    0.9166666666666666,
    1,
    1,
    1
  ]
}