{
  "mean": 0.92,
  "count": 30,
  "sum": 27.62,
  "max": 1,
  "min": 0,
  "raw": [
    1,
    1,
    1,
    0.96875,
    1,
    1,
    0.96875,
    1,
    0.96875,
    1,
    0,
    1,
    1,
    0.75,
    1,
    0.75,
    0.7428571428571429,
    1,
    1,
    0.75,
    1,
    1,
    0.75,
    1,
    1,
    1,
    1,
    1,
    0.96875,
    1
  ]
}