{
  "mean": 0.86,
  "count": 30,
  "sum": 25.81,
  "max": 1,
  "min": 0.72,
  "raw": [
    0.71875,
    1,
    0.75,
    1,
    1,
    0.75,
    1,
    1,
    1,
    1,
    0.75,
    0.7619047619047619,
    0.7619047619047619,
    0.75,
    0.75,
    0.75,
    0.7619047619047619,
    0.7619047619047619,
    0.7619047619047619,
    0.7777777777777778,
    1,
    0.75,
    1,
    1,
    0.75,
    0.75,
    1,
    0.75,
    1,
    1
  ]
}