{
  "mean": 0.93,
  "count": 180,
  "sum": 167.3,
  "max": 1,
  "min": 0.5,
  "raw": [
    0.8695652173913043,
    1,
    1,
    0.8333333333333334,
    0.9375,
    1,
    0.8695652173913043,
    0.9333333333333333,
    0.9285714285714286,
    0.5909090909090908,
    0.9583333333333334,
    0.96,
    0.9545454545454546,
    1,
    0.9615384615384616,
    0.875,
    0.7857142857142857,
    0.8928571428571429,
    1,
    0.9230769230769231,
    1,
    0.9230769230769231,
    1,
    1,
    1,
    0.9444444444444444,
    0.9444444444444444,
    1,
    1,
    0.9444444444444444,
    1,
    0.8888888888888888,
    0.9090909090909091,
    1,
    0.8666666666666667,
    1,
    1,
    1,
    1,
    0.9285714285714286,
    1,
    1,
    1,
    1,
    1,
    1,
    1,
    1,
    1,
    1,
    0.8076923076923077,
    0.7391304347826086,
    0.7619047619047619,
    0.7391304347826086,
    0.6666666666666667,
    0.5,
    0.7857142857142857,
    0.8260869565217391,
    0.875,
    0.7692307692307692,
    0.9148936170212766,
    0.9333333333333333,
    0.625,
    1,
    1,
    0.96,
    0.8260869565217391,
    0.9117647058823529,
    0.8235294117647058,
    0.8333333333333334,
    0.9615384615384616,
    0.9,
    1,
    0.7692307692307692,
    1,
    0.95,
    0.9090909090909091,
    1,
    0.9583333333333334,
    0.9545454545454546,
    0.9879518072289156,
    1,
    0.9696969696969697,
    1,
    0.9714285714285714,
    1,
    1,
    0.9,
    1,
    1,
    0.9090909090909091,
    1,
    1,
    0.9411764705882353,
    1,
    1,
    1,
    1,
    1,
    1,
    1,
    1,
    1,
    1,
    1,
    1,
    1,
    0.8571428571428572,
    1,
    1,
    1,
    0.7692307692307692,
    1,
    0.9444444444444444,
    0.6842105263157895,
    1,
    0.9444444444444444,
    0.7857142857142857,
    0.875,
    1,
    0.8103448275862069,
    1,
    1,
    0.7,
    1,
    1,
    1,
    0.8636363636363636,
    0.95,
    1,
    1,
    1,
    0.9375,
    0.8928571428571429,
    0.8,
    1,
    0.9642857142857143,
    1,
    0.9,
    0.96875,
    0.9859154929577465,
    1,
    0.8181818181818181,
    1,
    0.9722222222222222,
    0.8,
    1,
    1,
    1,
    0.9,
    0.875,
    0.7692307692307692,
    1,
    1,
    1,
    1,
    1,
    0.8888888888888888,
    1,
    1,
    1,
    1,
    1,
    1,
    1,
    0.8947368421052632,
    1,
    1,
    0.75,
    0.5,
    0.736842105263158,
    1,
    0.7142857142857143,
    0.9583333333333334,
    0.6666666666666667,
    1,
    1,
    0.5,
    1,
    0.9230769230769231
  ]
}