{
  "mean": 0.009523809523809523,
  "count": 15,
  "groupedCount": {
    "0": 14,
    "0.14285714285714285": 1
  },
  "raw": [
    0,
    0,
    0,
    0.14285714285714285,
    0,
    0,
    0,
    0,
    0,
    0,
    0,
    0,
    0,
    0,
    0
  ]
}