{
  "mean": 0.7272727272727273,
  "median": 1,
  "variance": 0.1983471074380165,
  "count": 8,
  "groupedCount": {
    "0": 3,
    "1": 8
  }
}