{
  "mean": 13.246666666666666,
  "count": 20,
  "groupedCount": {
    "2": 4,
    "3": 3,
    "6": 1,
    "34": 1,
    "35": 1,
    "13.6": 2,
    "23.333333333333332": 1,
    "40.8": 1,
    "5.333333333333333": 2,
    "17.6": 1,
    "5.2": 1,
    "25.333333333333332": 1,
    "22.8": 1
  },
  "raw": [
    2,
    2,
    2,
    34,
    2,
    3,
    13.6,
    13.6,
    3,
    3,
    23.333333333333332,
    40.8,
    5.333333333333333,
    35,
    6,
    17.6,
    5.2,
    5.333333333333333,
    25.333333333333332,
    22.8
  ]
}