{
  "mean": 0.15,
  "count": 20,
  "sum": 2.98,
  "max": 0.5,
  "min": 0,
  "raw": [
    0.07692307692307693,
    0,
    0,
    0,
    0,
    0.5,
    0.3333333333333333,
    0.4,
    0.5,
    0.5,
    0.3333333333333333,
    0,
    0,
    0,
    0.3333333333333333,
    0,
    0,
    0,
    0,
    0
  ]
}