{
  "mean": 0.14884615384615385,
  "count": 20,
  "groupedCount": {
    "0": 12,
    "0.07692307692307693": 1,
    "0.5": 3,
    "0.3333333333333333": 3,
    "0.4": 1
  },
  "raw": [
    0.07692307692307693,
    0,
    0,
    0,
    0,
    0.5,
    0.3333333333333333,
    0.4,
    0.5,
    0.5,
    0.3333333333333333,
    0,
    0,
    0,
    0.3333333333333333,
    0,
    0,
    0,
    0,
    0
  ]
}