{
  "mean": 0.73,
  "count": 60,
  "sum": null,
  "max": 0.85,
  "min": 0.56,
  "raw": [
    null,
    0.6153846153846154,
    null,
    0.5925925925925926,
    null,
    0.8524590163934426,
    0.8448275862068966,
    0.8472222222222222,
    0.8472222222222222,
    0.8502415458937198,
    0.8484848484848485,
    null,
    0.8246445497630331,
    null,
    0.5853658536585366,
    null,
    null,
    0.5853658536585366,
    0.5925925925925926,
    0.8376068376068376,
    0.5925925925925926,
    0.8514851485148515,
    null,
    0.5977011494252874,
    0.8125,
    0.6078431372549019,
    0.8502415458937198,
    0.8524590163934426,
    0.819672131147541,
    0.588957055214724,
    0.8292682926829268,
    null,
    0.5882352941176471,
    null,
    0.8363636363636363,
    0.5648148148148148,
    0.8148148148148148,
    0.5901639344262295,
    0.8292682926829268,
    0.5806451612903226,
    null,
    null,
    0.5740740740740741,
    null,
    0.6153846153846154,
    0.8235294117647058,
    0.8256880733944955,
    0.8529411764705882,
    0.6296296296296297,
    0.8395061728395061,
    0.8307692307692308,
    0.8173913043478261,
    0.8187919463087249,
    null,
    0.5853658536585366,
    0.5925925925925926,
    0.819672131147541,
    0.8333333333333334,
    0.8148148148148148,
    0.5925925925925926
  ]
}