{
  "Surety": 2.68,
  "OutputFormatCorrectness": 0.84,
  "InvalidJSON": 0.8,
  "DataClumpSize_mean": 6.71,
  "DataClumpOccurence_mean": 6.38,
  "FieldToField_mean": 0.33,
  "ParametersToParameters_mean": 0.66,
  "DataClumpSize_count": 3.13,
  "DataClumpOccurence_count": 3.13,
  "FieldToField_count": 3.2,
  "ParametersToParameters_count": 3.2,
  "DataClumpSize_groupedCount": {
    "5": 1,
    "11": 1.4285714285714286
  },
  "DataClumpOccurence_groupedCount": {
    "0": 1.2142857142857142,
    "6": 1.2666666666666666
  },
  "FieldToField_groupedCount": {
    "0": 2.1333333333333333,
    "1": 1.2307692307692308
  },
  "ParametersToParameters_groupedCount": {
    "0": 1.3076923076923077,
    "1": 2.066666666666667
  },
  "DataClumpSize_raw": {
    "0": 4.6,
    "1": 11
  },
  "DataClumpOccurence_raw": {
    "0": 6,
    "1": 1.2857142857142858
  },
  "FieldToField_raw": {
    "0": 0,
    "1": 0.7142857142857143
  },
  "ParametersToParameters_raw": {
    "0": 1,
    "1": 0.2857142857142857
  }
}