{
  "temperature": {
    "0": 3.4388489208633093
  },
  "iteration": {
    "0": 3.4388489208633093
  },
  "margin": {
    "0": 3.4388489208633093
  }
}