{
  "Surety": {
    "0": 1,
    "1": 3,
    "5": 1,
    "-0.75": 4,
    "-7.75": 1,
    "-1.5": 2,
    "-2.75": 1,
    "-8.25": 1,
    "-6.25": 1,
    "0.75": 4,
    "-5.25": 1,
    "-9.75": 1,
    "-1": 1,
    "-10.5": 1,
    "1.5": 1,
    "2.25": 1
  },
  "OutputFormatCorrectness": {
    "0.5925925925925926": 2,
    "0.8514851485148515": 1,
    "0.5898123324396782": 1,
    "0.5977011494252874": 1,
    "0.8125": 1,
    "0.7654320987654321": 1,
    "0.7828418230563002": 1,
    "0.5726872246696035": 1,
    "0.8148148148148148": 2,
    "0.7692307692307693": 2,
    "0.6006006006006006": 1,
    "0.6125356125356125": 1,
    "0.5742574257425742": 1,
    "0.8545454545454545": 1,
    "0.8888888888888888": 2,
    "0.8": 2,
    "0.5779376498800959": 1,
    "0.5783132530120482": 1,
    "0.9": 1,
    "0.8085106382978723": 1
  },
  "InvalidJSON": {
    "0": 7,
    "1": 18
  },
  "DataClumpSize_mean": {
    "0": 1,
    "3": 1,
    "5": 2,
    "7": 1,
    "10": 2,
    "11": 4,
    "15": 5,
    "25": 3,
    "3.6666666666666665": 2,
    "10.333333333333334": 1,
    "10.538461538461538": 1,
    "10.923076923076923": 1,
    "22.625": 1
  },
  "DataClumpOccurence_mean": {
    "0": 1,
    "1": 1,
    "2": 13,
    "6": 4,
    "21": 1,
    "34": 1,
    "35.333333333333336": 1,
    "39.5": 2,
    "24.666666666666668": 1
  },
  "FieldToField_mean": {
    "0": 20,
    "1": 3,
    "0.1": 1,
    "0.1111111111111111": 1
  },
  "ParametersToParameters_mean": {
    "0": 4,
    "1": 17,
    "0.9": 2,
    "0.9285714285714286": 1,
    "0.8888888888888888": 1
  },
  "DataClumpSize_count": {
    "0": 1,
    "1": 10,
    "2": 3,
    "3": 3,
    "4": 2,
    "8": 1,
    "9": 2,
    "13": 2,
    "14": 1
  },
  "DataClumpOccurence_count": {
    "0": 1,
    "1": 10,
    "2": 3,
    "3": 3,
    "4": 2,
    "8": 1,
    "9": 2,
    "13": 2,
    "14": 1
  },
  "FieldToField_count": {
    "1": 11,
    "2": 3,
    "3": 2,
    "4": 1,
    "5": 1,
    "6": 1,
    "9": 1,
    "10": 2,
    "13": 2,
    "14": 1
  },
  "ParametersToParameters_count": {
    "1": 11,
    "2": 3,
    "3": 2,
    "4": 1,
    "5": 1,
    "6": 1,
    "9": 1,
    "10": 2,
    "13": 2,
    "14": 1
  },
  "DataClumpSize_groupedCount": {
    "[object Object]": 25
  },
  "DataClumpOccurence_groupedCount": {
    "[object Object]": 25
  },
  "FieldToField_groupedCount": {
    "[object Object]": 25
  },
  "ParametersToParameters_groupedCount": {
    "[object Object]": 25
  },
  "DataClumpSize_raw": {
    "10": 1,
    "11": 3,
    "15": 4,
    "25": 2,
    "5,3,3": 2,
    "11,11,11,11,5,11,11,11,11": 1,
    "11,3,3,3": 2,
    "11,11,11,11,11,11,11,11,11,11,5,11,11": 1,
    "11,11,11,11,11,11,11,11,11": 1,
    "11,3": 1,
    "11,11,11,10,11,11,11,11,11,11,11,11,11": 1,
    "": 1,
    "10,10,10,10,10,10,10,10,10,10,10,10,10,10": 1,
    "25,25": 1,
    "3,3,3": 1,
    "25,25,25,25,25,25,16,15": 1,
    "15,15": 1
  },
  "DataClumpOccurence_raw": {
    "2": 9,
    "6": 1,
    "6,64,36": 1,
    "6,6,6,6,6,6,6,6,6": 1,
    "2,64,36,56": 2,
    "6,12,56": 1,
    "6,6,6,6,6,6,6,6,6,6,6,6,6": 2,
    "2,2,2,2,2,2,2,2,2": 1,
    "6,36": 1,
    "": 1,
    "34,34,34,34,34,34,34,34,34,34,34,34,34,34": 1,
    "2,2": 2,
    "1,1,1": 1,
    "2,2,2,2,2,2,2,2": 1
  },
  "FieldToField_raw": {
    "0": 9,
    "1": 2,
    "0,0,0": 2,
    "0,0,0,0,0,0,0,0,0,1": 1,
    "0,0,0,0": 1,
    "0,0,0,0,0": 1,
    "0,0,0,0,0,0,0,0,0,0,0,0,0": 2,
    "0,0,0,0,0,0,0,0,0,0": 1,
    "0,0": 2,
    "0,0,0,0,0,0": 1,
    "0,0,0,0,0,0,0,0,0,0,0,0,0,0": 1,
    "1,1": 1,
    "0,0,0,0,0,0,0,0,1": 1
  },
  "ParametersToParameters_raw": {
    "0": 3,
    "1": 8,
    "1,1,1": 2,
    "1,1,1,1,1,1,1,1,1,0": 2,
    "1,1,1,1": 1,
    "1,1,1,1,1": 1,
    "1,1,1,1,1,1,1,1,1,1,1,1,1": 2,
    "1,1": 2,
    "1,1,1,1,1,1": 1,
    "1,1,1,1,1,1,1,1,1,1,1,1,1,0": 1,
    "0,0": 1,
    "1,1,1,1,1,1,1,1,0": 1
  }
}