{
  "Surety": {
    "1": 5,
    "2": 1,
    "3": 1,
    "-5.25": 1,
    "-9.75": 1,
    "-1": 1,
    "-10.5": 1,
    "0.75": 1,
    "5.5": 1,
    "4.75": 1,
    "2.75": 1,
    "3.75": 1,
    "3.25": 2,
    "4.5": 1,
    "2.5": 1
  },
  "OutputFormatCorrectness": {
    "0.7692307692307693": 2,
    "0.6006006006006006": 1,
    "0.6125356125356125": 1,
    "0.5742574257425742": 1,
    "0.8348623853211009": 1,
    "0.8428571428571429": 1,
    "0.6105263157894737": 1,
    "0.6114649681528662": 1,
    "0.806146572104019": 1,
    "0.8257756563245824": 1,
    "0.819672131147541": 1,
    "0.8205128205128205": 1,
    "0.8387096774193549": 1,
    "0.8148148148148148": 1,
    "0.8448275862068966": 1,
    "0.5853658536585366": 1,
    "0.5925925925925926": 1,
    "0.8292682926829268": 2
  },
  "InvalidJSON": {
    "0": 6,
    "1": 14
  },
  "DataClumpSize_mean": {
    "0": 1,
    "3": 2,
    "5": 5,
    "6": 1,
    "8": 1,
    "10": 2,
    "10.923076923076923": 1,
    "8.2": 1,
    "6.333333333333333": 2,
    "7.5": 1,
    "6.6": 1,
    "3.5": 1,
    "3.6": 1
  },
  "DataClumpOccurence_mean": {
    "0": 1,
    "2": 1,
    "4": 1,
    "6": 10,
    "34": 1,
    "94": 1,
    "39.5": 1,
    "4.8": 1,
    "5.2": 2,
    "42.5": 1
  },
  "FieldToField_mean": {
    "0": 13,
    "0.16666666666666666": 2,
    "0.4": 1,
    "0.3333333333333333": 2,
    "0.5": 1,
    "0.2": 1
  },
  "ParametersToParameters_mean": {
    "1": 12,
    "0.9285714285714286": 1,
    "0.8333333333333334": 2,
    "0.6": 1,
    "0.6666666666666666": 2,
    "0.5": 1,
    "0.8": 1
  },
  "DataClumpSize_count": {
    "0": 1,
    "1": 6,
    "2": 1,
    "3": 2,
    "4": 3,
    "5": 4,
    "6": 1,
    "13": 1,
    "14": 1
  },
  "DataClumpOccurence_count": {
    "0": 1,
    "1": 6,
    "2": 1,
    "3": 2,
    "4": 3,
    "5": 4,
    "6": 1,
    "13": 1,
    "14": 1
  },
  "FieldToField_count": {
    "1": 7,
    "2": 1,
    "3": 2,
    "4": 2,
    "5": 3,
    "6": 3,
    "13": 1,
    "14": 1
  },
  "ParametersToParameters_count": {
    "1": 7,
    "2": 1,
    "3": 2,
    "4": 2,
    "5": 3,
    "6": 3,
    "13": 1,
    "14": 1
  },
  "DataClumpSize_groupedCount": {
    "[object Object]": 20
  },
  "DataClumpOccurence_groupedCount": {
    "[object Object]": 20
  },
  "FieldToField_groupedCount": {
    "[object Object]": 20
  },
  "ParametersToParameters_groupedCount": {
    "[object Object]": 20
  },
  "DataClumpSize_raw": {
    "3": 2,
    "5": 3,
    "10": 1,
    "11,3,3,3": 1,
    "11,11,11,10,11,11,11,11,11,11,11,11,11": 1,
    "": 1,
    "10,10,10,10,10,10,10,10,10,10,10,10,10,10": 1,
    "3,5,11,3,3,11": 1,
    "5,11,11,11,3": 1,
    "5,11,3": 1,
    "5,11,11,3": 1,
    "5,11,3,3,3": 1,
    "3,5,11,3,11": 1,
    "5,3,3,3": 1,
    "5,3,3,3,4": 1,
    "5,11": 1,
    "3,5,11": 1
  },
  "DataClumpOccurence_raw": {
    "6": 6,
    "2,64,36,56": 1,
    "6,6,6,6,6,6,6,6,6,6,6,6,6": 1,
    "": 1,
    "34,34,34,34,34,34,34,34,34,34,34,34,34,34": 1,
    "6,6,6,6,12,0": 1,
    "6,6,0,0,12": 1,
    "6,0,12": 1,
    "6,0,0,2": 1,
    "6,6,6,2,6": 1,
    "6,6,2,12,0": 1,
    "6,64,64,36": 1,
    "6,12,6,12,434": 1,
    "6,6": 1,
    "6,6,0": 1
  },
  "FieldToField_raw": {
    "0": 7,
    "0,0,0,0,0,0": 1,
    "0,0,0,0,0,0,0,0,0,0,0,0,0": 1,
    "0,0,0,0,0,0,0,0,0,0,0,0,0,0": 1,
    "0,0,0,0,0,1": 2,
    "0,0,1,1,0": 1,
    "0,1,0": 1,
    "0,1,1,0": 1,
    "0,0,0,0,1": 1,
    "0,0,0,0": 1,
    "0,0,0,0,0": 1,
    "0,0": 1,
    "0,0,1": 1
  },
  "ParametersToParameters_raw": {
    "1": 7,
    "1,1,1,1,1,1": 1,
    "1,1,1,1,1,1,1,1,1,1,1,1,1": 1,
    "1,1,1,1,1,1,1,1,1,1,1,1,1,0": 1,
    "1,1,1,1,1,0": 2,
    "1,1,0,0,1": 1,
    "1,0,1": 1,
    "1,0,0,1": 1,
    "1,1,1,1,0": 1,
    "1,1,1,1": 1,
    "1,1,1,1,1": 1,
    "1,1": 1,
    "1,1,0": 1
  }
}