{
  "Surety": {
    "0": 2,
    "1": 2,
    "2": 7,
    "3": 4,
    "4": 1,
    "6": 1,
    "-12": 2,
    "3.75": 1,
    "-0.75": 3,
    "0.75": 1,
    "2.5": 2,
    "-7": 1,
    "2.75": 2,
    "3.5": 4,
    "-8.25": 1,
    "-1.5": 1,
    "2.25": 1,
    "1.5": 4,
    "3.25": 1,
    "-5.25": 1,
    "5.5": 1,
    "4.5": 2,
    "4.25": 1,
    "1.75": 1,
    "5.75": 1
  },
  "OutputFormatCorrectness": {
    "0.6410256410256411": 2,
    "0.8524590163934426": 1,
    "0.8484848484848485": 1,
    "0.7577937649880095": 1,
    "0.5925925925925926": 3,
    "0.6078431372549019": 1,
    "0.8292682926829268": 1,
    "0.5648148148148148": 1,
    "NaN": 1,
    "0.8235294117647058": 3,
    "0.8307692307692308": 1,
    "0.7507692307692307": 1,
    "0.8529411764705882": 3,
    "0.8448275862068966": 2,
    "0.5770171149144254": 1,
    "0.7654320987654321": 1,
    "0.8421052631578947": 1,
    "0.8037825059101655": 1,
    "0.8256880733944955": 2,
    "0.8340909090909091": 1,
    "0.8148148148148148": 6,
    "0.5791962174940898": 2,
    "0.7692307692307693": 1,
    "0.8348623853211009": 1,
    "0.8257756563245824": 1,
    "0.5882352941176471": 1,
    "0.5875706214689266": 1,
    "0.7979539641943734": 1,
    "0.8205128205128205": 1,
    "0.8210526315789474": 1,
    "0.8165680473372781": 1,
    "0.8314606741573034": 1,
    "0.6133333333333333": 1
  },
  "InvalidJSON": {
    "0": 14,
    "1": 34
  },
  "DataClumpSize_mean": {
    "0": 1,
    "3": 3,
    "4": 4,
    "5": 8,
    "6": 1,
    "7": 1,
    "8": 4,
    "9": 2,
    "11": 2,
    "15": 1,
    "25": 2,
    "4.666666666666667": 2,
    "3.6666666666666665": 1,
    "5.666666666666667": 1,
    "6.333333333333333": 5,
    "10.538461538461538": 1,
    "10.555555555555555": 1,
    "6.6": 1,
    "7.5": 1,
    "5.75": 1,
    "3.375": 1,
    "3.8": 1,
    "6.666666666666667": 1,
    "4.5": 2
  },
  "DataClumpOccurence_mean": {
    "0": 1,
    "2": 6,
    "3": 4,
    "4": 3,
    "6": 8,
    "8": 1,
    "21": 2,
    "30": 1,
    "33": 1,
    "35": 1,
    "42": 1,
    "220": 1,
    "5.333333333333333": 1,
    "35.333333333333336": 1,
    "25.333333333333332": 1,
    "23.333333333333332": 1,
    "17.6": 1,
    "5.2": 4,
    "34.333333333333336": 1,
    "5.777777777777778": 1,
    "39.5": 1,
    "6.4": 1,
    "20.25": 1,
    "73.6": 1,
    "26.333333333333332": 1,
    "26.5": 1,
    "1.5": 1
  },
  "FieldToField_mean": {
    "0": 34,
    "0.5": 5,
    "0.3333333333333333": 5,
    "0.07692307692307693": 1,
    "0.16666666666666666": 2,
    "0.2": 1
  },
  "ParametersToParameters_mean": {
    "0": 1,
    "1": 27,
    "0.9444444444444444": 2,
    "0.5": 5,
    "0.6666666666666666": 5,
    "0.9230769230769231": 1,
    "0.8333333333333334": 5,
    "0.8": 1,
    "0.875": 1
  },
  "DataClumpSize_count": {
    "0": 1,
    "1": 5,
    "2": 14,
    "3": 10,
    "4": 2,
    "5": 7,
    "6": 4,
    "8": 1,
    "12": 1,
    "13": 1,
    "18": 2
  },
  "DataClumpOccurence_count": {
    "0": 1,
    "1": 5,
    "2": 14,
    "3": 10,
    "4": 2,
    "5": 7,
    "6": 4,
    "8": 1,
    "12": 1,
    "13": 1,
    "18": 2
  },
  "FieldToField_count": {
    "0": 1,
    "1": 5,
    "2": 14,
    "3": 10,
    "4": 1,
    "5": 3,
    "6": 9,
    "8": 1,
    "13": 2,
    "18": 2
  },
  "ParametersToParameters_count": {
    "0": 1,
    "1": 5,
    "2": 14,
    "3": 10,
    "4": 1,
    "5": 3,
    "6": 9,
    "8": 1,
    "13": 2,
    "18": 2
  },
  "DataClumpSize_groupedCount": {
    "[object Object]": 48
  },
  "DataClumpOccurence_groupedCount": {
    "[object Object]": 48
  },
  "FieldToField_groupedCount": {
    "[object Object]": 48
  },
  "ParametersToParameters_groupedCount": {
    "[object Object]": 48
  },
  "DataClumpSize_raw": {
    "3": 1,
    "4": 1,
    "5": 2,
    "25": 1,
    "11,11,11,11,11,11,11,11,11,11,11,11,11,11,11,11,11,11": 1,
    "5,11": 4,
    "5,11,11": 2,
    "3,5,11,3,3,3": 1,
    "5,3,3": 1,
    "3,5": 2,
    "": 1,
    "11,3,3": 1,
    "11,11,11,11,11,11,11,11,11,11,11,11": 1,
    "5,11,3": 3,
    "3,5,11,3,3": 3,
    "11,11,11,11,11,11,11,11,11,11,5,11,11": 1,
    "5,11,3,3,3,3": 1,
    "11,3": 1,
    "5,3": 1,
    "3,3,3": 1,
    "3,11,11,11,11,11,11,11,11,11,11,11,11,11,11,11,11,11": 1,
    "5,11,3,3,3": 2,
    "11,3,3,3": 1,
    "3,5,11,3,3,11": 1,
    "3,5,11,3,11": 1,
    "3,5,11": 1,
    "11,4": 1,
    "3,3": 1,
    "15,15": 1,
    "12,4,3,4": 1,
    "3,4,3,3,4,3,4,3": 1,
    "3,4,5,3,4": 1,
    "4,3,12": 1,
    "12,12,3,4,4,5": 1,
    "25,25": 1,
    "5,4": 1,
    "3,6": 1
  },
  "DataClumpOccurence_raw": {
    "2": 2,
    "6": 2,
    "30": 1,
    "2,2,2,2,2,2,2,2,2,2,2,2,2,2,2,2,2,2": 1,
    "6,0": 4,
    "6,6,0": 3,
    "6,6,6,6,2,6": 1,
    "6,64,36": 1,
    "6,6": 2,
    "": 1,
    "6,64,6": 1,
    "2,2,2,2,2,2,2,2,2,2,2,2": 1,
    "6,0,64": 1,
    "6,6,6,6,64": 1,
    "6,6,6,6,6,6,6,6,6,6,6,6,6": 1,
    "6,0,12": 2,
    "6,6,6,6,2": 2,
    "6,6,2,64,64,64": 1,
    "2,64": 1,
    "6,64": 1,
    "6,64,56": 1,
    "6,2,6,6,6,6,6,6,6,6,6,6,6,6,6,6,6,6": 1,
    "6,6,6,2,6": 1,
    "2,64,36,56": 1,
    "6,6,6,6,12,0": 1,
    "6,6,2,12,0": 1,
    "6,434": 1,
    "6,6,12,2,6": 1,
    "6,36": 1,
    "2,2": 2,
    "2,2,30,47": 1,
    "30,6,30,30,6,30,6,30": 1,
    "287,2,2,30,47": 1,
    "47,30,2": 1,
    "2,2,30,6,2,6": 1,
    "6,47": 1,
    "1,2": 1
  },
  "FieldToField_raw": {
    "0": 5,
    "0,0,0,0,0,0,0,0,0,0,0,0,0,0,0,0,0,0": 2,
    "0,1": 5,
    "0,0,1": 3,
    "0,0,0,0,0,0": 7,
    "0,0,0": 5,
    "0,0": 9,
    "": 1,
    "0,0,0,0,0,0,0,0,0,0,0,0,1": 1,
    "0,1,0": 2,
    "0,0,0,0,0,0,0,0,0,0,0,0,0": 1,
    "0,0,0,0,0,1": 2,
    "0,0,0,0,1": 1,
    "0,0,0,0,0": 2,
    "0,0,0,0": 1,
    "0,0,0,0,0,0,0,0": 1
  },
  "ParametersToParameters_raw": {
    "1": 5,
    "1,1,1,1,1,1,1,1,1,1,1,1,1,1,1,1,1,0": 2,
    "1,0": 5,
    "1,1,0": 3,
    "1,1,1,1,1,1": 4,
    "1,1,1": 5,
    "1,1": 9,
    "": 1,
    "1,1,1,1,1,1,1,1,1,1,1,1,0": 1,
    "1,0,1": 2,
    "1,1,1,1,1,0": 5,
    "1,1,1,1,1,1,1,1,1,1,1,1,1": 1,
    "1,1,1,1,0": 1,
    "1,1,1,1,1": 2,
    "1,1,1,1": 1,
    "1,1,1,1,1,1,1,0": 1
  }
}