{
  "Surety": {
    "1": 3,
    "2": 1,
    "3": 1,
    "5": 1,
    "6": 1,
    "2.5": 1,
    "0.75": 2,
    "-1.5": 1,
    "5.25": 1
  },
  "OutputFormatCorrectness": {
    "0.8552631578947368": 1,
    "0.8235294117647058": 2,
    "0.7979539641943734": 1,
    "0.8": 1,
    "0.8148148148148148": 2,
    "0.5925925925925926": 2,
    "0.8518518518518519": 1,
    "0.5911330049261084": 1,
    "0.8423645320197044": 1
  },
  "InvalidJSON": {
    "0": 4,
    "1": 8
  },
  "DataClumpSize_mean": {
    "3": 2,
    "4": 1,
    "12": 1,
    "15": 2,
    "25": 1,
    "3.6666666666666665": 1,
    "3.375": 1,
    "7.5": 1,
    "4.714285714285714": 1,
    "9.8": 1
  },
  "DataClumpOccurence_mean": {
    "2": 4,
    "8": 1,
    "16": 1,
    "21": 1,
    "30": 2,
    "96.66666666666667": 1,
    "20.285714285714285": 1,
    "18.8": 1
  },
  "FieldToField_mean": {
    "0": 10,
    "1": 1,
    "0.4": 1
  },
  "ParametersToParameters_mean": {
    "0": 2,
    "1": 8,
    "0.875": 1,
    "0.6": 1
  },
  "DataClumpSize_count": {
    "1": 5,
    "2": 2,
    "3": 2,
    "5": 1,
    "7": 1,
    "8": 1
  },
  "DataClumpOccurence_count": {
    "1": 5,
    "2": 2,
    "3": 2,
    "5": 1,
    "7": 1,
    "8": 1
  },
  "FieldToField_count": {
    "1": 5,
    "2": 2,
    "3": 2,
    "5": 1,
    "7": 1,
    "8": 1
  },
  "ParametersToParameters_count": {
    "1": 5,
    "2": 2,
    "3": 2,
    "5": 1,
    "7": 1,
    "8": 1
  },
  "DataClumpSize_groupedCount": {
    "[object Object]": 12
  },
  "DataClumpOccurence_groupedCount": {
    "[object Object]": 12
  },
  "FieldToField_groupedCount": {
    "[object Object]": 12
  },
  "ParametersToParameters_groupedCount": {
    "[object Object]": 12
  },
  "DataClumpSize_raw": {
    "3": 1,
    "4": 1,
    "12": 1,
    "15": 2,
    "3,5,3": 1,
    "3,4,3,3,4,3,4,3": 1,
    "3,3,3": 1,
    "3,12": 1,
    "25,25": 1,
    "12,5,4,3,3,3,3": 1,
    "15,3,3,3,25": 1
  },
  "DataClumpOccurence_raw": {
    "2": 3,
    "8": 1,
    "30": 1,
    "287,2,1": 1,
    "30,6,30,30,6,30,6,30": 1,
    "30,30,30": 1,
    "30,2": 1,
    "2,2": 1,
    "2,2,47,30,30,30,1": 1,
    "2,30,30,30,2": 1
  },
  "FieldToField_raw": {
    "0": 4,
    "1": 1,
    "0,0,0": 2,
    "0,0,0,0,0,0,0,0": 1,
    "0,0": 2,
    "0,0,0,0,0,0,0": 1,
    "1,0,0,0,1": 1
  },
  "ParametersToParameters_raw": {
    "0": 2,
    "1": 3,
    "1,1,1": 2,
    "1,1,1,1,1,1,1,0": 1,
    "1,1": 2,
    "1,1,1,1,1,1,1": 1,
    "0,1,1,1,0": 1
  }
}