{
  "Surety": {
    "1": 2,
    "2": 12,
    "3": 7,
    "1.5": 1,
    "4.25": 1,
    "2.75": 6,
    "1.75": 1,
    "3.75": 3,
    "4.75": 2,
    "3.25": 5,
    "2.25": 1,
    "2.5": 1,
    "5.5": 1,
    "3.5": 1,
    "5.25": 1
  },
  "OutputFormatCorrectness": {
    "0.8524590163934426": 2,
    "0.8448275862068966": 1,
    "0.8472222222222222": 2,
    "0.8502415458937198": 2,
    "0.6078431372549019": 1,
    "0.819672131147541": 1,
    "0.588957055214724": 1,
    "0.8235294117647058": 1,
    "0.8256880733944955": 2,
    "0.8529411764705882": 7,
    "0.6296296296296297": 1,
    "0.8395061728395061": 2,
    "0.835920177383592": 1,
    "0.8351409978308026": 1,
    "0.8539325842696629": 2,
    "0.8548387096774194": 1,
    "0.8421052631578947": 1,
    "0.837037037037037": 1,
    "0.8360655737704918": 1,
    "0.8148148148148148": 1,
    "0.8297872340425532": 1,
    "0.8409090909090909": 1,
    "0.8455284552845529": 1,
    "0.8132387706855791": 1,
    "0.8348623853211009": 1,
    "0.8428571428571429": 1,
    "0.6105263157894737": 1,
    "0.6114649681528662": 1,
    "0.806146572104019": 1,
    "0.8260869565217391": 1,
    "0.8372093023255814": 1,
    "0.8527131782945736": 1,
    "0.8081534772182254": 1
  },
  "InvalidJSON": {
    "0": 8,
    "1": 37
  },
  "DataClumpSize_mean": {
    "3": 1,
    "4": 1,
    "5": 3,
    "6": 1,
    "7": 2,
    "8": 11,
    "9": 8,
    "5.4": 1,
    "6.333333333333333": 7,
    "8.2": 4,
    "5.5": 2,
    "5.666666666666667": 1,
    "7.5": 2,
    "4.666666666666667": 1
  },
  "DataClumpOccurence_mean": {
    "2": 2,
    "3": 13,
    "4": 7,
    "6": 10,
    "4.8": 2,
    "2.6666666666666665": 4,
    "13.6": 3,
    "7.5": 1,
    "7.2": 1,
    "5.2": 1,
    "5.333333333333333": 1
  },
  "FieldToField_mean": {
    "0": 7,
    "0.5": 15,
    "0.3333333333333333": 15,
    "0.4": 3,
    "0.25": 3,
    "0.16666666666666666": 2
  },
  "ParametersToParameters_mean": {
    "1": 6,
    "0.5": 16,
    "0.6666666666666666": 14,
    "0.6": 3,
    "0.75": 3,
    "0.8333333333333334": 3
  },
  "DataClumpSize_count": {
    "1": 2,
    "2": 14,
    "3": 15,
    "4": 5,
    "5": 7,
    "6": 2
  },
  "DataClumpOccurence_count": {
    "1": 2,
    "2": 14,
    "3": 15,
    "4": 5,
    "5": 7,
    "6": 2
  },
  "FieldToField_count": {
    "1": 2,
    "2": 14,
    "3": 15,
    "4": 5,
    "5": 4,
    "6": 5
  },
  "ParametersToParameters_count": {
    "1": 2,
    "2": 14,
    "3": 15,
    "4": 5,
    "5": 4,
    "6": 5
  },
  "DataClumpSize_groupedCount": {
    "[object Object]": 45
  },
  "DataClumpOccurence_groupedCount": {
    "[object Object]": 45
  },
  "FieldToField_groupedCount": {
    "[object Object]": 45
  },
  "ParametersToParameters_groupedCount": {
    "[object Object]": 45
  },
  "DataClumpSize_raw": {
    "3": 1,
    "5": 1,
    "5,11": 11,
    "5,11,11": 7,
    "5,3": 1,
    "5,5,3,3,11": 1,
    "3,11": 2,
    "3,5,11": 1,
    "5,11,11,11,3": 4,
    "5,11,3": 6,
    "5,11,3,3": 2,
    "3,11,3": 1,
    "5,11,3,3,3": 2,
    "3,5,11,3,3,11": 1,
    "5,11,11,3": 2,
    "3,11,11,11": 1,
    "3,5,11,3,3,3": 1
  },
  "DataClumpOccurence_raw": {
    "6": 2,
    "6,0": 13,
    "6,6,0": 7,
    "6,6": 1,
    "6,6,6,6,0": 1,
    "6,2,0": 1,
    "6,6,0,0,56": 3,
    "6,0,12": 4,
    "6,0,12,12": 1,
    "6,0,6,12": 1,
    "6,0,2": 3,
    "6,6,6,12,6": 1,
    "6,6,6,6,12,0": 1,
    "6,6,0,0,12": 1,
    "6,0,0,2": 1,
    "6,6,6,2,6": 1,
    "6,6,0,12": 1,
    "6,2,0,0": 1,
    "6,6,6,6,2,6": 1
  },
  "FieldToField_raw": {
    "0": 2,
    "0,1": 13,
    "0,0,1": 8,
    "0,0": 1,
    "0,0,0,0,0": 1,
    "0,0,1,1,0,0": 1,
    "0,0,1,1,0": 3,
    "0,1,0": 6,
    "0,1,0,0": 2,
    "0,0,0": 1,
    "0,0,0,0,0,0": 2,
    "0,0,0,0,0,1": 2,
    "0,1,1,0": 1,
    "0,0,1,0": 1,
    "0,0,1,1": 1
  },
  "ParametersToParameters_raw": {
    "1": 2,
    "1,0": 13,
    "1,1,0": 8,
    "1,1": 1,
    "1,1,1,1,1": 1,
    "1,1,0,0,1,0": 1,
    "1,1,0,0,1": 3,
    "1,0,1": 6,
    "1,0,1,1": 2,
    "1,1,1": 1,
    "1,1,1,1,1,0": 3,
    "1,0,0,1": 1,
    "1,1,0,1": 1,
    "1,1,0,0": 1,
    "1,1,1,1,1,1": 1
  }
}