{
  "Surety": {
    "0": 1,
    "1": 2,
    "2": 5,
    "3": 2,
    "4": 1,
    "5": 1,
    "-7": 1,
    "-0.75": 3,
    "-3.25": 1,
    "-8.25": 2,
    "3.75": 3,
    "4.75": 1,
    "2.75": 5,
    "4.25": 5,
    "1.75": 1,
    "3.5": 6,
    "4.5": 1,
    "5.25": 1,
    "-6.25": 1,
    "-1.5": 2,
    "0.75": 1,
    "3.25": 3,
    "-1": 1,
    "-4.5": 2,
    "2.25": 3,
    "2.5": 2,
    "1.5": 1,
    "0.5": 1,
    "-0.25": 1
  },
  "OutputFormatCorrectness": {
    "0.7507692307692307": 1,
    "0.5925925925925926": 2,
    "0.5742574257425742": 1,
    "0.6060606060606061": 1,
    "0.6096096096096096": 1,
    "0.8529411764705882": 1,
    "0.835920177383592": 1,
    "0.8351409978308026": 1,
    "0.8539325842696629": 2,
    "0.8548387096774194": 1,
    "0.8448275862068966": 2,
    "0.8292682926829268": 1,
    "0.8194444444444444": 1,
    "0.8235294117647058": 3,
    "0.8409090909090909": 2,
    "0.5770171149144254": 1,
    "0.5812807881773399": 1,
    "0.814385150812065": 3,
    "0.8169014084507042": 1,
    "0.7654320987654321": 1,
    "0.7828418230563002": 1,
    "0.5726872246696035": 1,
    "0.8148148148148148": 4,
    "0.8421052631578947": 1,
    "0.837037037037037": 1,
    "0.8360655737704918": 1,
    "0.8395061728395061": 1,
    "0.8037825059101655": 1,
    "0.8352941176470589": 1,
    "0.847682119205298": 1,
    "0.589041095890411": 1,
    "0.8256880733944955": 2,
    "0.8275862068965517": 1,
    "0.5906040268456376": 1,
    "0.8077753779697624": 1,
    "0.8340909090909091": 1,
    "0.7878787878787878": 1,
    "0.6153846153846154": 1,
    "0.7764705882352941": 1,
    "0.7964601769911505": 1,
    "0.8297872340425532": 1,
    "0.8455284552845529": 1,
    "0.5882352941176471": 1,
    "0.8626760563380281": 1,
    "0.591304347826087": 1,
    "0.7213114754098361": 1,
    "0.5901639344262295": 1,
    "0.7707006369426752": 1
  },
  "InvalidJSON": {
    "0": 20,
    "1": 40
  },
  "DataClumpSize_mean": {
    "0": 1,
    "3": 3,
    "4": 4,
    "5": 6,
    "7": 3,
    "8": 4,
    "9": 1,
    "10": 1,
    "11": 7,
    "5.666666666666667": 2,
    "8.2": 3,
    "6.333333333333333": 7,
    "4.666666666666667": 7,
    "3.4": 2,
    "10.538461538461538": 1,
    "5.5": 3,
    "3.2857142857142856": 1,
    "7.6": 1,
    "3.6666666666666665": 1,
    "3.5": 1,
    "7.5": 1
  },
  "DataClumpOccurence_mean": {
    "0": 1,
    "2": 8,
    "3": 4,
    "4": 3,
    "6": 10,
    "9": 1,
    "21": 1,
    "24": 1,
    "33": 1,
    "34": 2,
    "35": 2,
    "42": 1,
    "13.6": 3,
    "23.333333333333332": 1,
    "40.8": 1,
    "5.333333333333333": 3,
    "17.6": 1,
    "5.2": 2,
    "25.333333333333332": 2,
    "22.8": 1,
    "7.5": 1,
    "36.4": 1,
    "17.714285714285715": 1,
    "34.333333333333336": 1,
    "6.333333333333333": 1,
    "16.8": 1,
    "54.666666666666664": 1,
    "2.6666666666666665": 2,
    "8.8": 1,
    "19.5": 1
  },
  "FieldToField_mean": {
    "0": 37,
    "0.07692307692307693": 1,
    "0.5": 4,
    "0.3333333333333333": 9,
    "0.4": 2,
    "0.25": 3,
    "0.16666666666666666": 1,
    "0.2": 1,
    "0.14285714285714285": 1,
    "0.8": 1
  },
  "ParametersToParameters_mean": {
    "1": 33,
    "0.9230769230769231": 1,
    "0.5": 6,
    "0.6": 2,
    "0.6666666666666666": 8,
    "0.8333333333333334": 2,
    "0.9": 1,
    "0.75": 3,
    "0.8": 1,
    "0.8571428571428571": 2,
    "0.2": 1
  },
  "DataClumpSize_count": {
    "0": 1,
    "1": 6,
    "2": 11,
    "3": 12,
    "4": 5,
    "5": 11,
    "6": 9,
    "7": 1,
    "9": 1,
    "12": 1,
    "13": 2
  },
  "DataClumpOccurence_count": {
    "0": 1,
    "1": 6,
    "2": 11,
    "3": 12,
    "4": 5,
    "5": 11,
    "6": 9,
    "7": 1,
    "9": 1,
    "12": 1,
    "13": 2
  },
  "FieldToField_count": {
    "1": 7,
    "2": 11,
    "3": 11,
    "4": 6,
    "5": 8,
    "6": 11,
    "7": 2,
    "10": 1,
    "13": 3
  },
  "ParametersToParameters_count": {
    "1": 7,
    "2": 11,
    "3": 11,
    "4": 6,
    "5": 8,
    "6": 11,
    "7": 2,
    "10": 1,
    "13": 3
  },
  "DataClumpSize_groupedCount": {
    "[object Object]": 60
  },
  "DataClumpOccurence_groupedCount": {
    "[object Object]": 60
  },
  "FieldToField_groupedCount": {
    "[object Object]": 60
  },
  "ParametersToParameters_groupedCount": {
    "[object Object]": 60
  },
  "DataClumpSize_raw": {
    "3": 1,
    "5": 1,
    "8": 1,
    "11": 3,
    "11,11,11,11,11,11,11,11,11,11,11,11": 1,
    "11,3,3": 1,
    "11,11,11,11,11,11,11,11,11,11,11,11,11": 1,
    "5,11": 3,
    "5,11,11,11,3": 3,
    "5,11,3": 6,
    "5,11,3,3,3": 2,
    "3,5,11,3,3,3": 3,
    "5,3": 2,
    "3,5,11,3,3": 3,
    "5,11,3,3,3,3": 4,
    "3,5,3,3,3": 2,
    "11,11,11,11,11,11,11,11,11,11,5,11,11": 1,
    "11,11,11,11,11,11,11,11,11": 1,
    "11,3": 2,
    "5,11,3,3": 2,
    "3,11": 1,
    "3,11,3": 1,
    "5,11,11": 1,
    "3,5,11": 1,
    "5,3,3,3,3,3,3": 1,
    "10,10": 1,
    "": 1,
    "11,11,11,11,11,11": 1,
    "3,3,3,3,3,3": 1,
    "5,3,3,11": 1,
    "10,11,11,3,3": 1,
    "5,3,3": 1,
    "3,3,3": 1,
    "3,5,3,3": 1,
    "3,5": 2,
    "3,5,11,11": 1
  },
  "DataClumpOccurence_raw": {
    "2": 4,
    "6": 2,
    "2,2,2,2,2,2,2,2,2,2,2,2": 1,
    "2,64,36": 1,
    "2,2,2,2,2,2,2,2,2,2,2,2,2": 1,
    "6,0": 4,
    "6,6,0,0,56": 3,
    "6,0,64": 1,
    "6,6,64,64,64": 1,
    "6,6,6,6,2,6": 1,
    "6,64": 2,
    "6,0,12": 4,
    "6,6,6,6,64": 1,
    "6,6,6,6,2": 2,
    "6,6,6,2,6,6": 2,
    "6,6,6,6,64,64": 2,
    "6,6,64,2,36": 1,
    "6,6,6,6,6,6,6,6,6,6,6,6,6": 1,
    "2,2,2,2,2,2,2,2,2": 1,
    "6,36": 1,
    "6,0,12,12": 1,
    "6,0,56,56,64": 1,
    "6,6,0": 2,
    "6,6,12,2,6,56,36": 1,
    "6,6,2,64,64,64": 1,
    "6,6,6,2,12,6": 1,
    "6,6,64,2,6": 1,
    "2,64": 1,
    "34,34": 1,
    "": 1,
    "2,2,2,2,2,2": 1,
    "64,64,36,64,36,64": 1,
    "6,0,6,12": 1,
    "6,0,2": 2,
    "6,6,12,0": 1,
    "6,0,0,2,36": 1,
    "6,2,64": 1,
    "6,64,56": 1,
    "6,6,2,64": 1,
    "12,6": 1,
    "6,6": 1,
    "6,6,2,2": 1
  },
  "FieldToField_raw": {
    "0": 7,
    "0,0,0,0,0,0,0,0,0,0,0,0,1": 1,
    "0,0,0,0": 3,
    "0,0,0,0,0,0,0,0,0,0,0,0,0": 2,
    "0,1": 4,
    "0,0,1,1,0,0": 1,
    "0,0,1,1,0": 2,
    "0,1,0": 6,
    "0,0,0,0,0": 4,
    "0,0,0,0,0,0": 9,
    "0,0": 7,
    "0,0,0,0,0,0,0,0,0,0": 1,
    "0,1,0,0": 2,
    "0,0,0,0,0,1": 1,
    "0,1,0,0,0": 1,
    "0,0,1": 2,
    "0,0,0,0,0,0,0": 1,
    "0,0,0,0,0,0,1": 1,
    "0,0,0": 3,
    "0,0,0,1": 1,
    "0,1,1,1,1": 1
  },
  "ParametersToParameters_raw": {
    "1": 7,
    "1,1,1,1,1,1,1,1,1,1,1,1,0": 1,
    "1,1,1,1": 3,
    "1,1,1,1,1,1,1,1,1,1,1,1,1": 2,
    "1,0": 4,
    "1,1,0,0,1,0": 1,
    "1,1,0,0,1": 2,
    "1,0,1": 6,
    "1,1,1,1,1": 4,
    "1,1,1,1,1,1": 8,
    "1,1": 6,
    "1,1,1,1,1,0": 2,
    "1,1,1,1,1,1,1,1,1,0": 1,
    "1,0,1,1": 2,
    "1,0,1,1,1": 1,
    "1,1,0": 2,
    "1,1,1,1,1,1,0": 2,
    "1,1,1": 3,
    "1,1,1,0": 1,
    "1,0,0,0,0": 1,
    "0,1": 1
  }
}