{
  "Surety": {
    "1": 8,
    "2": 7,
    "3": 5,
    "4": 1,
    "5": 1,
    "-0.75": 3,
    "-7.75": 1,
    "-1.5": 2,
    "-2.75": 1,
    "1.5": 1,
    "4.25": 4,
    "0.75": 3,
    "3.5": 4,
    "5.75": 1,
    "-8.25": 1,
    "-6.25": 1,
    "2.75": 3,
    "3.25": 4,
    "-5.25": 1,
    "-9.75": 1,
    "-1": 1,
    "-10.5": 1,
    "5.5": 1,
    "4.75": 1,
    "3.75": 1,
    "4.5": 1,
    "2.5": 1
  },
  "OutputFormatCorrectness": {
    "0.5925925925925926": 3,
    "0.8514851485148515": 1,
    "0.5898123324396782": 1,
    "0.5977011494252874": 1,
    "0.8125": 1,
    "0.6078431372549019": 1,
    "0.8502415458937198": 1,
    "0.8524590163934426": 1,
    "0.819672131147541": 2,
    "0.588957055214724": 1,
    "0.8292682926829268": 4,
    "0.8194444444444444": 1,
    "0.5882352941176471": 1,
    "0.8029925187032418": 1,
    "0.8363636363636363": 1,
    "0.5648148148148148": 1,
    "0.8148148148148148": 3,
    "0.5901639344262295": 1,
    "0.5806451612903226": 1,
    "0.7654320987654321": 1,
    "0.7828418230563002": 1,
    "0.5726872246696035": 1,
    "0.8421052631578947": 1,
    "0.837037037037037": 1,
    "0.8360655737704918": 1,
    "0.8539325842696629": 1,
    "0.8395061728395061": 1,
    "0.8037825059101655": 1,
    "0.8352941176470589": 1,
    "0.847682119205298": 1,
    "0.8448275862068966": 2,
    "0.589041095890411": 1,
    "0.8256880733944955": 1,
    "0.8275862068965517": 1,
    "0.814385150812065": 1,
    "0.5906040268456376": 1,
    "0.8077753779697624": 1,
    "0.7692307692307693": 2,
    "0.6006006006006006": 1,
    "0.6125356125356125": 1,
    "0.5742574257425742": 1,
    "0.8348623853211009": 1,
    "0.8428571428571429": 1,
    "0.6105263157894737": 1,
    "0.6114649681528662": 1,
    "0.806146572104019": 1,
    "0.8257756563245824": 1,
    "0.8205128205128205": 1,
    "0.8387096774193549": 1,
    "0.5853658536585366": 1
  },
  "InvalidJSON": {
    "0": 18,
    "1": 42
  },
  "DataClumpSize_mean": {
    "0": 1,
    "3": 2,
    "4": 3,
    "5": 11,
    "6": 1,
    "7": 2,
    "8": 4,
    "9": 3,
    "10": 2,
    "11": 5,
    "3.6666666666666665": 2,
    "10.333333333333334": 1,
    "5.4": 1,
    "4.666666666666667": 5,
    "3.2857142857142856": 2,
    "10.538461538461538": 1,
    "6.333333333333333": 4,
    "8.2": 2,
    "5.5": 1,
    "5.666666666666667": 1,
    "3.4": 1,
    "10.923076923076923": 1,
    "7.5": 1,
    "6.6": 1,
    "3.5": 1,
    "3.6": 1
  },
  "DataClumpOccurence_mean": {
    "0": 1,
    "2": 5,
    "3": 2,
    "4": 5,
    "6": 23,
    "21": 1,
    "34": 1,
    "94": 1,
    "35.333333333333336": 1,
    "39.5": 2,
    "24.666666666666668": 1,
    "4.8": 2,
    "6.333333333333333": 2,
    "31.714285714285715": 1,
    "13.6": 1,
    "7.5": 1,
    "5.2": 3,
    "36.4": 1,
    "17.714285714285715": 1,
    "34.333333333333336": 1,
    "5.333333333333333": 1,
    "16.8": 1,
    "25.333333333333332": 1,
    "42.5": 1
  },
  "FieldToField_mean": {
    "0": 39,
    "0.1": 1,
    "0.3333333333333333": 8,
    "0.5": 3,
    "0.4": 2,
    "0.25": 1,
    "0.16666666666666666": 3,
    "0.2": 2,
    "0.14285714285714285": 1
  },
  "ParametersToParameters_mean": {
    "1": 36,
    "0.9": 2,
    "0.6666666666666666": 8,
    "0.5": 3,
    "0.6": 2,
    "0.75": 1,
    "0.8333333333333334": 3,
    "0.8": 2,
    "0.8571428571428571": 2,
    "0.9285714285714286": 1
  },
  "DataClumpSize_count": {
    "0": 1,
    "1": 13,
    "2": 9,
    "3": 10,
    "4": 5,
    "5": 9,
    "6": 6,
    "7": 2,
    "9": 2,
    "13": 2,
    "14": 1
  },
  "DataClumpOccurence_count": {
    "0": 1,
    "1": 13,
    "2": 9,
    "3": 10,
    "4": 5,
    "5": 9,
    "6": 6,
    "7": 2,
    "9": 2,
    "13": 2,
    "14": 1
  },
  "FieldToField_count": {
    "1": 14,
    "2": 9,
    "3": 9,
    "4": 4,
    "5": 8,
    "6": 8,
    "7": 3,
    "10": 2,
    "13": 2,
    "14": 1
  },
  "ParametersToParameters_count": {
    "1": 14,
    "2": 9,
    "3": 9,
    "4": 4,
    "5": 8,
    "6": 8,
    "7": 3,
    "10": 2,
    "13": 2,
    "14": 1
  },
  "DataClumpSize_groupedCount": {
    "[object Object]": 60
  },
  "DataClumpOccurence_groupedCount": {
    "[object Object]": 60
  },
  "FieldToField_groupedCount": {
    "[object Object]": 60
  },
  "ParametersToParameters_groupedCount": {
    "[object Object]": 60
  },
  "DataClumpSize_raw": {
    "3": 2,
    "5": 6,
    "10": 1,
    "11": 4,
    "5,3,3": 2,
    "11,11,11,11,5,11,11,11,11": 1,
    "11,3,3,3": 2,
    "5,11,11": 3,
    "5,11": 4,
    "5,3": 1,
    "5,5,3,3,11": 1,
    "5,11,3,3,3,3": 4,
    "5,3,3,3,3,3,3": 2,
    "3,5": 2,
    "11,11,11,11,11,11,11,11,11,11,5,11,11": 1,
    "11,11,11,11,11,11,11,11,11": 1,
    "11,3": 1,
    "5,11,3": 2,
    "5,11,11,11,3": 2,
    "5,11,3,3": 1,
    "3,11": 1,
    "3,11,3": 1,
    "3,5,11,3,3": 1,
    "5,11,3,3,3": 2,
    "3,5,11": 2,
    "3,5,3,3,3": 1,
    "3,5,11,3,3,3": 1,
    "11,11,11,10,11,11,11,11,11,11,11,11,11": 1,
    "": 1,
    "10,10,10,10,10,10,10,10,10,10,10,10,10,10": 1,
    "3,5,11,3,3,11": 1,
    "5,11,11,3": 1,
    "3,5,11,3,11": 1,
    "5,3,3,3": 1,
    "5,3,3,3,4": 1
  },
  "DataClumpOccurence_raw": {
    "2": 3,
    "6": 10,
    "6,64,36": 1,
    "6,6,6,6,6,6,6,6,6": 1,
    "2,64,36,56": 2,
    "6,12,56": 1,
    "6,6,0": 5,
    "6,0": 2,
    "6,6": 6,
    "6,6,6,6,0": 1,
    "6,6,12,6,2,6": 1,
    "6,6,12,6,64,64,64": 1,
    "6,6,6,6,6,6,6,6,6,6,6,6,6": 2,
    "2,2,2,2,2,2,2,2,2": 1,
    "6,36": 1,
    "6,0,12": 3,
    "6,6,0,0,56": 1,
    "6,0,12,12": 1,
    "6,6,6,6,2": 1,
    "6,0,56,56,64": 1,
    "6,6,12,2,6,56,36": 1,
    "6,6,2,64,64,64": 1,
    "6,6,6,2,12,6": 1,
    "6,6,6,2,6,6": 1,
    "6,6,64,2,6": 1,
    "6,6,6,6,64,64": 1,
    "": 1,
    "34,34,34,34,34,34,34,34,34,34,34,34,34,34": 1,
    "6,6,6,6,12,0": 1,
    "6,6,0,0,12": 1,
    "6,0,0,2": 1,
    "6,6,6,2,6": 1,
    "6,6,2,12,0": 1,
    "6,64,64,36": 1,
    "6,12,6,12,434": 1
  },
  "FieldToField_raw": {
    "0": 14,
    "0,0,0": 1,
    "0,0,0,0,0,0,0,0,0,1": 1,
    "0,0,0,0": 2,
    "0,0,0,0,0": 4,
    "0,0,1": 5,
    "0,1": 2,
    "0,0": 7,
    "0,0,0,0,0,0": 5,
    "0,0,0,0,0,0,0": 2,
    "0,0,0,0,0,0,0,0,0,0,0,0,0": 2,
    "0,0,0,0,0,0,0,0,0,0": 1,
    "0,1,0": 3,
    "0,0,1,1,0": 2,
    "0,1,0,0": 1,
    "0,0,0,0,0,1": 3,
    "0,1,0,0,0": 1,
    "0,0,0,0,0,0,1": 1,
    "0,0,0,0,0,0,0,0,0,0,0,0,0,0": 1,
    "0,1,1,0": 1,
    "0,0,0,0,1": 1
  },
  "ParametersToParameters_raw": {
    "1": 14,
    "1,1,1": 1,
    "1,1,1,1,1,1,1,1,1,0": 2,
    "1,1,1,1": 2,
    "1,1,1,1,1": 4,
    "1,1,0": 5,
    "1,0": 2,
    "1,1": 7,
    "1,1,1,1,1,1": 5,
    "1,1,1,1,1,1,1": 1,
    "1,1,1,1,1,1,1,1,1,1,1,1,1": 2,
    "1,0,1": 3,
    "1,1,0,0,1": 2,
    "1,0,1,1": 1,
    "1,1,1,1,1,0": 3,
    "1,0,1,1,1": 1,
    "1,1,1,1,1,1,0": 2,
    "1,1,1,1,1,1,1,1,1,1,1,1,1,0": 1,
    "1,0,0,1": 1,
    "1,1,1,1,0": 1
  }
}