{
  "Surety": {
    "0": 1,
    "1": 14,
    "2": 11,
    "3": 2,
    "4": 1,
    "5": 1,
    "2.75": 4,
    "1.75": 7,
    "2.5": 4,
    "4.5": 2,
    "-0.75": 2,
    "2.25": 3,
    "3.25": 1,
    "1.5": 3,
    "3.75": 2,
    "0.5": 1,
    "3.5": 4,
    "-0.25": 2,
    "5.25": 2,
    "4.25": 1,
    "0.75": 6,
    "1.25": 1
  },
  "OutputFormatCorrectness": {
    "0.8235294117647058": 7,
    "0.8256880733944955": 2,
    "0.8529411764705882": 2,
    "0.6296296296296297": 2,
    "0.8395061728395061": 1,
    "0.8307692307692308": 1,
    "0.8173913043478261": 1,
    "0.8187919463087249": 1,
    "0.8299776286353467": 1,
    "0.5853658536585366": 1,
    "0.5925925925925926": 3,
    "0.819672131147541": 2,
    "0.8333333333333334": 1,
    "0.8148148148148148": 9,
    "0.8297872340425532": 1,
    "0.8409090909090909": 1,
    "0.8455284552845529": 1,
    "0.5882352941176471": 1,
    "0.8626760563380281": 1,
    "0.591304347826087": 1,
    "0.7213114754098361": 1,
    "0.5901639344262295": 4,
    "0.7707006369426752": 1,
    "0.8260869565217391": 1,
    "0.8372093023255814": 1,
    "0.8527131782945736": 1,
    "0.8081534772182254": 1,
    "0.5875706214689266": 1,
    "0.8433734939759037": 2,
    "0.8132992327365729": 1,
    "0.8292682926829268": 2,
    "0.8382352941176471": 1,
    "0.5957446808510638": 1,
    "0.6012269938650306": 1,
    "0.8703703703703703": 1,
    "0.8585858585858586": 1,
    "0.8518518518518519": 1,
    "0.8888888888888888": 2,
    "NaN": 1,
    "0.574585635359116": 1,
    "0.6022727272727273": 1,
    "0.8217054263565892": 1,
    "0.5911330049261084": 1,
    "0.6133333333333333": 1,
    "0.8634146341463415": 1,
    "0.8074534161490683": 1,
    "0.5797101449275363": 1,
    "0.8423645320197044": 1,
    "0.6": 1
  },
  "InvalidJSON": {
    "0": 7,
    "1": 68
  },
  "DataClumpSize_mean": {
    "0": 1,
    "3": 7,
    "4": 10,
    "5": 10,
    "7": 1,
    "8": 2,
    "9": 2,
    "11": 3,
    "12": 2,
    "14": 1,
    "15": 1,
    "25": 5,
    "6.333333333333333": 5,
    "5.666666666666667": 1,
    "7.5": 4,
    "6.6": 1,
    "5.5": 3,
    "7.6": 1,
    "3.6666666666666665": 1,
    "3.5": 2,
    "4.666666666666667": 1,
    "14.333333333333334": 1,
    "6.666666666666667": 2,
    "4.5": 4,
    "5.75": 1,
    "4.714285714285714": 1,
    "19.666666666666668": 1,
    "9.8": 1
  },
  "DataClumpOccurence_mean": {
    "0": 1,
    "1": 1,
    "2": 12,
    "3": 3,
    "4": 3,
    "6": 16,
    "8": 1,
    "9": 1,
    "16": 2,
    "17": 1,
    "18": 1,
    "21": 2,
    "24": 1,
    "26": 1,
    "35": 2,
    "42": 1,
    "97": 1,
    "241": 1,
    "279": 1,
    "434": 1,
    "833": 1,
    "1436": 1,
    "2.6666666666666665": 4,
    "25.333333333333332": 1,
    "15.5": 1,
    "26.4": 1,
    "8.8": 1,
    "19.5": 1,
    "5.333333333333333": 1,
    "6.4": 1,
    "29.2": 1,
    "38.5": 1,
    "1.5": 2,
    "26.5": 1,
    "8.75": 1,
    "20.285714285714285": 1,
    "24.5": 1,
    "18.8": 1
  },
  "FieldToField_mean": {
    "0": 51,
    "1": 4,
    "0.3333333333333333": 5,
    "0.5": 7,
    "0.2": 2,
    "0.25": 4,
    "0.8": 1,
    "0.4": 1
  },
  "ParametersToParameters_mean": {
    "0": 8,
    "1": 45,
    "0.6666666666666666": 6,
    "0.5": 8,
    "0.8": 2,
    "0.75": 4,
    "0.2": 1,
    "0.6": 1
  },
  "DataClumpSize_count": {
    "0": 1,
    "1": 21,
    "2": 20,
    "3": 13,
    "4": 10,
    "5": 7,
    "6": 2,
    "7": 1
  },
  "DataClumpOccurence_count": {
    "0": 1,
    "1": 21,
    "2": 20,
    "3": 13,
    "4": 10,
    "5": 7,
    "6": 2,
    "7": 1
  },
  "FieldToField_count": {
    "0": 1,
    "1": 20,
    "2": 21,
    "3": 13,
    "4": 10,
    "5": 7,
    "6": 1,
    "7": 2
  },
  "ParametersToParameters_count": {
    "0": 1,
    "1": 20,
    "2": 21,
    "3": 13,
    "4": 10,
    "5": 7,
    "6": 1,
    "7": 2
  },
  "DataClumpSize_groupedCount": {
    "[object Object]": 75
  },
  "DataClumpOccurence_groupedCount": {
    "[object Object]": 75
  },
  "FieldToField_groupedCount": {
    "[object Object]": 75
  },
  "ParametersToParameters_groupedCount": {
    "[object Object]": 75
  },
  "DataClumpSize_raw": {
    "3": 5,
    "4": 3,
    "5": 5,
    "11": 2,
    "12": 1,
    "15": 1,
    "25": 4,
    "5,11,11": 1,
    "5,11": 2,
    "3,11": 1,
    "3,5,11": 1,
    "11,3,3": 1,
    "5,11,11,3": 2,
    "5,11,3,3,3": 3,
    "5,11,3,11,3": 1,
    "3,5": 4,
    "5,3": 2,
    "5,11,3": 4,
    "5,11,3,3": 2,
    "5,3,3,11": 1,
    "10,11,11,3,3": 1,
    "5,3,3": 1,
    "3,3,3": 1,
    "3,5,3,3": 1,
    "3,5,11,11": 1,
    "3,11,11,11": 1,
    "3,5,11,3,3,3": 1,
    "3,5,11,3,3": 1,
    "3,3": 1,
    "5,5,3,3": 1,
    "4,3": 1,
    "25,3": 1,
    "25,15,3": 1,
    "3,12,5": 2,
    "3,12": 1,
    "5,4": 2,
    "": 1,
    "3,12,5,3": 1,
    "25,25": 1,
    "12,5,4,3,3,3,3": 1,
    "3,7": 1,
    "3,6": 2,
    "15,3,15": 1,
    "25,25,25,25,3,15": 1,
    "12,12": 1,
    "15,3,3,3,25": 1
  },
  "DataClumpOccurence_raw": {
    "1": 1,
    "2": 7,
    "6": 9,
    "8": 1,
    "434": 1,
    "833": 1,
    "1436": 1,
    "6,2,0": 1,
    "6,0": 3,
    "6,6,0": 1,
    "6,64,6": 1,
    "6,0,0,56": 1,
    "6,2,6,2,64": 1,
    "6,6,64,0,56": 1,
    "6,6": 3,
    "6,2": 1,
    "6,0,12": 1,
    "6,0,6,12": 1,
    "6,0,2": 3,
    "6,64": 1,
    "6,6,12,0": 1,
    "6,0,0,2,36": 1,
    "6,2,64": 1,
    "6,64,56": 1,
    "6,6,2,64": 1,
    "12,6": 1,
    "6,6,2,2": 1,
    "6,6,0,12": 1,
    "6,2,0,0": 1,
    "6,6,6,6,2,6": 1,
    "6,6,12,2,6": 1,
    "6,6,6,64,64": 1,
    "6,36": 1,
    "6,0,2,64": 1,
    "6,6,64,64": 1,
    "6,0,56,56,12": 1,
    "47,30": 1,
    "2,1": 1,
    "2,2,833": 1,
    "287,2,2": 1,
    "30,2": 1,
    "6,47": 1,
    "": 1,
    "2,2,2": 2,
    "30,2,2,1": 1,
    "2,2": 2,
    "2,2,47,30,30,30,1": 1,
    "38,4": 1,
    "2,47": 1,
    "1,2": 1,
    "30,4": 1,
    "2,2,2,2,1436,2": 1,
    "2,30,30,30,2": 1
  },
  "FieldToField_raw": {
    "0": 18,
    "1": 2,
    "0,0,1": 2,
    "0,1": 5,
    "0,0,0": 6,
    "0,0,0,0": 5,
    "0,0,0,0,0": 3,
    "0,0,0,1,0": 1,
    "0,0": 15,
    "0,1,0,0": 2,
    "0,1,0": 3,
    "0,0,0,1": 1,
    "0,1,1,1,1": 1,
    "0,0,1,0": 1,
    "0,0,1,1": 1,
    "0,0,0,0,0,0": 1,
    "0,1,0,0,0": 1,
    "1,0": 1,
    "1,1,1": 2,
    "": 1,
    "0,0,0,0,0,0,0": 2,
    "1,0,0,0,1": 1
  },
  "ParametersToParameters_raw": {
    "0": 3,
    "1": 17,
    "1,1,0": 2,
    "1,0": 6,
    "1,1,1": 5,
    "1,1,1,1": 5,
    "1,1,1,1,1": 3,
    "1,1,1,0,1": 1,
    "1,1": 12,
    "1,0,1,1": 2,
    "1,0,1": 3,
    "1,1,1,0": 1,
    "1,0,0,0,0": 1,
    "0,1": 1,
    "1,1,0,1": 1,
    "1,1,0,0": 1,
    "1,1,1,1,1,1": 1,
    "1,0,1,1,1": 1,
    "0,0": 2,
    "0,0,0": 2,
    "": 1,
    "0,1,1": 1,
    "1,1,1,1,1,1,1": 2,
    "0,1,1,1,0": 1
  }
}