{
  "Surety": {
    "1": 6,
    "-12": 2,
    "-0.75": 4,
    "-8.5": 1,
    "-6": 2,
    "-7": 1,
    "-3.25": 1,
    "-8.25": 1,
    "-11.25": 1,
    "0.5": 1,
    "4.25": 1,
    "1.5": 2,
    "0.75": 1,
    "2.25": 1
  },
  "OutputFormatCorrectness": {
    "0.6410256410256411": 2,
    "0.6153846153846154": 1,
    "0.5920679886685553": 1,
    "0.5925925925925926": 2,
    "0.581453634085213": 1,
    "0.7507692307692307": 1,
    "0.5742574257425742": 1,
    "0.6060606060606061": 1,
    "0.6096096096096096": 1,
    "0.6071428571428571": 1,
    "0.6338028169014085": 1,
    "0.5771971496437055": 1,
    "0.5856777493606138": 1,
    "0.8148148148148148": 3,
    "0.8888888888888888": 3,
    "0.8552631578947368": 3,
    "0.5909090909090909": 1
  },
  "InvalidJSON": {
    "0": 13,
    "1": 12
  },
  "DataClumpSize_mean": {
    "7": 1,
    "8": 1,
    "11": 10,
    "15": 9,
    "10.333333333333334": 2,
    "5.666666666666667": 1,
    "10.555555555555555": 1
  },
  "DataClumpOccurence_mean": {
    "2": 20,
    "6": 2,
    "34": 1,
    "5.777777777777778": 1,
    "278.6666666666667": 1
  },
  "FieldToField_mean": {
    "0": 16,
    "1": 6,
    "0.07692307692307693": 2,
    "0.14285714285714285": 1
  },
  "ParametersToParameters_mean": {
    "0": 6,
    "1": 13,
    "0.9444444444444444": 2,
    "0.9230769230769231": 2,
    "0.8571428571428571": 1,
    "0.875": 1
  },
  "DataClumpSize_count": {
    "1": 11,
    "2": 2,
    "3": 2,
    "6": 1,
    "7": 1,
    "8": 1,
    "12": 3,
    "13": 1,
    "17": 1,
    "18": 2
  },
  "DataClumpOccurence_count": {
    "1": 11,
    "2": 2,
    "3": 2,
    "6": 1,
    "7": 1,
    "8": 1,
    "12": 3,
    "13": 1,
    "17": 1,
    "18": 2
  },
  "FieldToField_count": {
    "1": 11,
    "2": 2,
    "3": 1,
    "4": 1,
    "7": 1,
    "8": 2,
    "12": 1,
    "13": 3,
    "17": 1,
    "18": 2
  },
  "ParametersToParameters_count": {
    "1": 11,
    "2": 2,
    "3": 1,
    "4": 1,
    "7": 1,
    "8": 2,
    "12": 1,
    "13": 3,
    "17": 1,
    "18": 2
  },
  "DataClumpSize_groupedCount": {
    "[object Object]": 25
  },
  "DataClumpOccurence_groupedCount": {
    "[object Object]": 25
  },
  "FieldToField_groupedCount": {
    "[object Object]": 25
  },
  "ParametersToParameters_groupedCount": {
    "[object Object]": 25
  },
  "DataClumpSize_raw": {
    "8": 1,
    "11": 3,
    "15": 7,
    "11,11,11,11,11,11,11,11,11,11,11,11,11,11,11,11,11,11": 1,
    "3,11,11,11,11,11,11,11,11,11,11,11": 2,
    "11,11,11,11,11,11,11,11": 1,
    "11,11,11,11,11,11,11,11,11,11,11,11": 1,
    "11,3,3": 1,
    "11,11,11,11,11,11,11,11,11,11,11,11,11": 1,
    "3,11,11,11,11,11,11,11,11,11,11,11,11,11,11,11,11,11": 1,
    "11,11,11,11,11,11,11,11,11,11,11,11,11,11,11,11,11": 1,
    "11,11,11,11,11,11": 1,
    "11,11,11,11,11,11,11": 1,
    "15,15": 2,
    "15,3,3": 1
  },
  "DataClumpOccurence_raw": {
    "2": 11,
    "2,2,2,2,2,2,2,2,2,2,2,2,2,2,2,2,2,2": 1,
    "6,6,6,6,6,6,6,6,6,6,6,6": 2,
    "2,2,2,2,2,2,2,2": 1,
    "2,2,2,2,2,2,2,2,2,2,2,2": 1,
    "2,64,36": 1,
    "2,2,2,2,2,2,2,2,2,2,2,2,2": 1,
    "6,2,6,6,6,6,6,6,6,6,6,6,6,6,6,6,6,6": 1,
    "2,2,2,2,2,2,2,2,2,2,2,2,2,2,2,2,2": 1,
    "2,2,2,2,2,2": 1,
    "2,2,2,2,2,2,2": 1,
    "2,2": 2,
    "2,833,1": 1
  },
  "FieldToField_raw": {
    "0": 5,
    "1": 6,
    "0,0,0,0,0,0,0,0,0,0,0,0,0,0,0,0,0,0": 2,
    "0,0,0,0,0,0,0,0,0,0,0,0,1": 2,
    "0,0,0,0,0,0,0,0": 2,
    "0,0,0,0": 1,
    "0,0,0,0,0,0,0,0,0,0,0,0,0": 1,
    "0,0,0,0,0,0,0,0,0,0,0,0": 1,
    "0,0,0,0,0,0,0,0,0,0,0,0,0,0,0,0,0": 1,
    "0,0,0,0,0,0,1": 1,
    "0,0": 2,
    "0,0,0": 1
  },
  "ParametersToParameters_raw": {
    "0": 6,
    "1": 5,
    "1,1,1,1,1,1,1,1,1,1,1,1,1,1,1,1,1,0": 2,
    "1,1,1,1,1,1,1,1,1,1,1,1,0": 2,
    "1,1,1,1,1,1,1,1": 1,
    "1,1,1,1": 1,
    "1,1,1,1,1,1,1,1,1,1,1,1,1": 1,
    "1,1,1,1,1,1,1,1,1,1,1,1": 1,
    "1,1,1,1,1,1,1,1,1,1,1,1,1,1,1,1,1": 1,
    "1,1,1,1,1,1,0": 1,
    "1,1,1,1,1,1,1,0": 1,
    "1,1": 2,
    "1,1,1": 1
  }
}