{
  "mean": 0.28,
  "count": 21,
  "sum": 5.88,
  "max": 0.67,
  "min": 0,
  "raw": [
    0.18181818181818182,
    0,
    0.18181818181818182,
    0.3333333333333333,
    0.6666666666666666,
    0.18181818181818182,
    0.18181818181818182,
    0.2,
    0.2,
    0.18181818181818182,
    0.18181818181818182,
    0.18181818181818182,
    0.18181818181818182,
    0.18181818181818182,
    0.18181818181818182,
    0.3333333333333333,
    0.3333333333333333,
    0.6666666666666666,
    0.3333333333333333,
    0.6666666666666666,
    0.3333333333333333
  ]
}