{
  "mean": 0.87,
  "count": 90,
  "sum": 75.65,
  "max": 1,
  "min": 0,
  "raw": [
    1,
    0.9230769230769231,
    1,
    1,
    1,
    0.9444444444444444,
    0.9444444444444444,
    1,
    1,
    0.9444444444444444,
    0.9879518072289156,
    1,
    0.9696969696969697,
    1,
    0.9714285714285714,
    1,
    1,
    0.9,
    1,
    1,
    0.9859154929577465,
    1,
    0.8181818181818181,
    1,
    0.9722222222222222,
    0.8,
    1,
    1,
    1,
    0.9,
    0.96,
    0.9583333333333334,
    0.972972972972973,
    1,
    0.967741935483871,
    1,
    0.9722222222222222,
    1,
    null,
    0.9428571428571428,
    0.868421052631579,
    0.6071428571428572,
    1,
    0.9523809523809523,
    0.9444444444444444,
    0.9705882352941176,
    0.9375,
    0.9,
    0.875,
    null,
    0.6666666666666667,
    0.967741935483871,
    null,
    1,
    1,
    1,
    0.9512195121951219,
    0.8947368421052632,
    0.935483870967742,
    0.30000000000000004,
    0.8235294117647058,
    0.8571428571428572,
    0.5747126436781609,
    0.7894736842105263,
    0.8571428571428572,
    0.8,
    0.48888888888888893,
    0.25,
    0.3529411764705882,
    0.8571428571428572,
    0.9210526315789473,
    0.2692307692307693,
    1,
    1,
    0.8823529411764706,
    0.9459459459459459,
    0.7333333333333334,
    0.4666666666666667,
    0.9,
    0.7894736842105263,
    0.5,
    0.9047619047619048,
    0.9130434782608696,
    0.782608695652174,
    0.5882352941176471,
    0.8846153846153846,
    0.7307692307692308,
    1,
    0.85,
    0.33333333333333337
  ]
}