{
  "ValidPrograms": [
    1,
    1,
    0,
    1,
    1,
    0,
    0,
    0,
    0,
    0,
    0,
    0,
    0,
    0,
    0,
    1,
    0,
    0,
    1,
    0,
    0,
    0,
    1,
    0,
    0,
    0,
    0,
    0,
    1,
    0
  ],
  "RemainingAttemptCount": [
    3,
    2,
    0,
    5,
    4,
    0,
    0,
    0,
    0,
    0,
    5,
    0,
    0,
    0,
    0,
    5,
    0,
    0,
    5,
    0,
    0,
    0,
    4,
    0,
    0,
    0,
    0,
    0,
    4,
    0
  ],
  "RemovedDataClumps": [
    0,
    0.025086384411217466,
    0,
    0,
    0.025086384411217466,
    0,
    0,
    0.05018857127401333,
    0.025086384411217466,
    0.9261198864528737,
    0,
    1.7727842314368871,
    0,
    1.9682862697467556,
    0.010363389886990149,
    0.020727892979849116,
    0.22825228204862924,
    0,
    0,
    1.9841555099556274,
    0,
    3.49075094828504,
    0.008135460478342793,
    0,
    3.49075094828504,
    0.008135460478342793,
    0,
    0,
    0.008135460478342793,
    0.008135460478342793
  ],
  "GitChanges": [
    203,
    187,
    178,
    191,
    209,
    199,
    205,
    201,
    245,
    231,
    0,
    43,
    242,
    137,
    11,
    76,
    236,
    94,
    94,
    264,
    162,
    155,
    62,
    206,
    123,
    208,
    136,
    109,
    59,
    206
  ],
  "CommentOut": [
    0.8695652173913043,
    1,
    1,
    0.8333333333333334,
    0.9375,
    1,
    0.8695652173913043,
    0.9333333333333333,
    0.9285714285714286,
    0.5909090909090908,
    null,
    0.8181818181818181,
    0.8958333333333334,
    0.9397590361445783,
    0.6206896551724138,
    1,
    0.7604166666666666,
    0.865979381443299,
    0.2666666666666667,
    0.32352941176470584,
    0.7395833333333333,
    0.030303030303030276,
    0.06896551724137934,
    0.19354838709677424,
    0.05970149253731338,
    0.75,
    0.19354838709677424,
    0.625,
    0.07407407407407407,
    0.8263888888888888
  ],
  "ValidJSON": [
    1,
    1,
    1,
    1,
    1,
    1,
    1,
    1,
    1,
    1,
    0,
    0.8333333333333334,
    1,
    0.8333333333333334,
    0.8333333333333334,
    1,
    1,
    0.8333333333333334,
    1,
    0.6666666666666666,
    1,
    1,
    1,
    1,
    1,
    1,
    0.6666666666666666,
    1,
    1,
    1
  ],
  "NonEmptyResponse": [
    1,
    1,
    1,
    1,
    1,
    1,
    1,
    1,
    1,
    1,
    null,
    0.8333333333333334,
    1,
    1,
    0.8333333333333334,
    1,
    1,
    1,
    1,
    1,
    1,
    1,
    1,
    1,
    1,
    1,
    0.6666666666666667,
    1,
    1,
    1
  ],
  "ResponseSizeDecrease": [
    1.270807453416149,
    1.5661496350364963,
    1.243097800655124,
    1.4245599329421625,
    1.3951355661881977,
    1.1087858872362504,
    1.330929024812464,
    1.1811546118115461,
    1.3065134099616857,
    0.9872837189910361,
    null,
    1.056580565805658,
    0.9883446830801467,
    1.105217516982223,
    1.5037509377344336,
    1.2634508348794062,
    1.0583732741970098,
    1.1326786937656999,
    2.75,
    0.9681081983636667,
    0.9743312352478364,
    1.15945545221728,
    6.267352185089974,
    1.0808442359911132,
    2.2964215271907578,
    1.0662217123787674,
    1.0038905918415468,
    1.1864050455501052,
    14.647435897435898,
    0.9713330547430005
  ],
  "RichClass": [
    0,
    0,
    0,
    0,
    0,
    0,
    0,
    0,
    0,
    0,
    null,
    0,
    0,
    null,
    0,
    0,
    0,
    null,
    1,
    null,
    0,
    null,
    null,
    0,
    null,
    0,
    0,
    null,
    null,
    null
  ],
  "ReferenceErrorOnly": [
    1,
    0.6666666666666666,
    1,
    null,
    1,
    0.6666666666666666,
    1,
    0.8333333333333334,
    0.8333333333333334,
    0.6666666666666666,
    null,
    0.8333333333333334,
    0.8333333333333334,
    1,
    0.5,
    null,
    0.8333333333333334,
    0.8333333333333334,
    null,
    0.5,
    1,
    0.3333333333333333,
    1,
    1,
    0.3333333333333333,
    1,
    1,
    1,
    1,
    1
  ],
  "RemovedVariables": [
    0,
    7,
    0,
    8,
    0,
    0,
    0,
    2,
    1,
    35,
    0,
    63,
    0,
    56,
    6,
    0,
    0,
    0,
    12,
    126,
    0,
    269,
    25,
    0,
    269,
    25,
    0,
    44,
    25,
    25
  ],
  "InstructionChangeType=None": [
    0.9565217391304348,
    0.7647058823529411,
    0.7142857142857143,
    1,
    0.9375,
    0.47368421052631576,
    0.9130434782608695,
    0.9333333333333333,
    0.8571428571428571,
    0.9090909090909091,
    null,
    0.7272727272727273,
    0.875,
    0.8589743589743589,
    0.9655172413793104,
    1,
    0.6875,
    0.3541666666666667,
    1,
    0.38308457711442784,
    1,
    0.9393939393939394,
    0.9310344827586207,
    0.8387096774193549,
    0.9701492537313433,
    1,
    0.8064516129032258,
    0.75,
    1,
    0.7847222222222222
  ],
  "InstructionChangeType=ReplaceText": [
    0.043478260869565216,
    0.11764705882352941,
    0.19047619047619047,
    0,
    0.0625,
    0.42105263157894735,
    0.08695652173913043,
    0.022222222222222223,
    0.10714285714285714,
    0.09090909090909091,
    null,
    0.045454545454545456,
    0,
    0.11538461538461539,
    0,
    0,
    0.22916666666666666,
    0.4166666666666667,
    0,
    0.6119402985074627,
    0,
    0.06060606060606061,
    0.06896551724137931,
    0,
    0.029850746268656716,
    0,
    0.06451612903225806,
    0,
    0,
    0.2152777777777778
  ],
  "InstructionChangeType=SpecificLine": [
    0,
    0.11764705882352941,
    0.09523809523809523,
    0,
    0,
    0.10526315789473684,
    0,
    0.022222222222222223,
    0,
    0,
    null,
    0.18181818181818182,
    0.10416666666666667,
    0.02564102564102564,
    0.034482758620689655,
    0,
    0.0625,
    0.010416666666666666,
    0,
    0,
    0,
    0,
    0,
    0.16129032258064516,
    0,
    0,
    0.12903225806451613,
    0.25,
    0,
    0
  ],
  "InstructionChangeType=SpecificLineAll": [
    0,
    0,
    0,
    0,
    0,
    0,
    0,
    0.022222222222222223,
    0.03571428571428571,
    0,
    null,
    0.045454545454545456,
    0.020833333333333332,
    0,
    0,
    0,
    0.020833333333333332,
    0.21875,
    0,
    0.004975124378109453,
    0,
    0,
    0,
    0,
    0,
    0,
    0,
    0,
    0,
    0
  ],
  "InstructionChangeType=NoneButReplace": [
    0,
    0,
    0,
    0,
    0,
    0,
    0,
    0,
    0,
    0,
    null,
    0,
    0,
    0,
    0,
    0,
    0,
    0,
    0,
    0,
    0,
    0,
    0,
    0,
    0,
    0,
    0,
    0,
    0,
    0
  ],
  "DataClumpSize": [
    11,
    11,
    3,
    11,
    11,
    11,
    11,
    11,
    11,
    3,
    4,
    4,
    11,
    4,
    11,
    3,
    3,
    3,
    3,
    5,
    3,
    3,
    10,
    4,
    3,
    5,
    3,
    3,
    3,
    3,
    10,
    5,
    4,
    3,
    3,
    3,
    5,
    7,
    3,
    3,
    3,
    3,
    10,
    5,
    3,
    4,
    3,
    3,
    3,
    3,
    3,
    3,
    3,
    3,
    3,
    3,
    5,
    4,
    5,
    10,
    7,
    3,
    3,
    5,
    3,
    4,
    3,
    10,
    3,
    10,
    5,
    4,
    3,
    3,
    3,
    5,
    7,
    3,
    3,
    3,
    3,
    3,
    3,
    3,
    3,
    10,
    3,
    3,
    4,
    3,
    4,
    9,
    4,
    3,
    3,
    5,
    3,
    5,
    3,
    10,
    3,
    10,
    3,
    5,
    3,
    7,
    3,
    3,
    3,
    16,
    25,
    25,
    25,
    25,
    25,
    25,
    25,
    25,
    25,
    25
  ],