{
  "mean": 0.59,
  "count": 30,
  "sum": 15.22,
  "max": 1,
  "min": 0,
  "raw": [
    0.40540540540540543,
    0.2,
    null,
    0.9705882352941176,
    0.28125,
    0.20588235294117646,
    0.21428571428571427,
    0.3548387096774194,
    0.9714285714285714,
    0.3,
    0.5294117647058824,
    0.3888888888888889,
    0.5,
    0.47368421052631576,
    1,
    1,
    0.2839506172839506,
    0.9444444444444444,
    0.9117647058823529,
    null,
    0.7,
    0.8333333333333334,
    null,
    0.1891891891891892,
    0.6111111111111112,
    null,
    1,
    0.515625,
    0.5,
    0.9375
  ]
}