{
  "mean": 0.82,
  "count": 75,
  "sum": 61.65,
  "max": 1,
  "min": 0,
  "raw": [
    0,
    0,
    0.9916897506925207,
    0.9784615384615385,
    0,
    0,
    1,
    0,
    0.8284789644012945,
    0.8333333333333334,
    0.8235294117647058,
    1,
    0,
    1,
    0.4976190476190476,
    0.6710526315789473,
    0.9868421052631579,
    0.75,
    0.6777777777777778,
    0.75,
    1,
    0.6658163265306123,
    1,
    0.7222222222222222,
    0.6710182767624021,
    1,
    0.7037037037037037,
    1,
    0.9879807692307693,
    0.7619047619047619,
    1,
    0.75,
    1,
    0.75,
    0.6797752808988764,
    1,
    0.75,
    0.75,
    1,
    0.9938271604938271,
    0.75,
    0.8333333333333334,
    0.989159891598916,
    0.7575757575757576,
    1,
    1,
    1,
    1,
    0.9924050632911392,
    1,
    1,
    0.9924050632911392,
    0.7435897435897436,
    0.9949494949494949,
    1,
    1,
    1,
    1,
    1,
    1,
    0.7453083109919572,
    1,
    0.6944444444444444,
    1,
    1,
    1,
    0.6811594202898551,
    0.7555555555555555,
    1,
    1,
    1,
    0.75,
    1,
    1,
    1
  ]
}