{
  "mean": 0.4,
  "count": 30,
  "sum": 12.04,
  "max": 0.77,
  "min": 0,
  "raw": [
    0,
    0,
    0,
    0,
    0,
    0,
    0,
    0,
    0,
    0,
    0.7666666666666667,
    0.7666666666666667,
    0.7666666666666667,
    0.7666666666666667,
    0.7666666666666667,
    0.7666666666666667,
    0.7666666666666667,
    0.7666666666666667,
    0.7666666666666667,
    0.7666666666666667,
    0.4375,
    0.4375,
    0.4375,
    0.4375,
    0.4375,
    0.4375,
    0.4375,
    0.4375,
    0.4375,
    0.4375
  ]
}