{
  "instanceType= refactor": 0.4065030259094734,
  "instanceType= refactor , model= gpt-4-1106-preview": 0.4065030259094734,
  "instanceType= refactor , temperature= 0.1": 0.1619462503761128,
  "instanceType= refactor , temperature= 0.5": 0.8062146033293698,
  "instanceType= refactor , temperature= 0.9": 0.2412939882803254,
  "instanceType= refactor , instructionType= exampleBased": 0.6691176865489431,
  "instanceType= refactor , inputFormat= instructionSnippet": 0.18546396000572452,
  "instanceType= refactor , inputFormat= instruction": 1.436823675114689,
  "instanceType= refactor , margin= 0": 0.06633587526188478,
  "instanceType= refactor , margin= 1": 0.039924266769655735,
  "instanceType= refactor , margin= 2": 0.2387018511821659,
  "instanceType= refactor , margin= 5": 0.2304478460587186,
  "instanceType= refactor , margin= 10": 0.264839666010447,
  "model= gpt-4-1106-preview": 0.4065030259094734,
  "model= gpt-4-1106-preview , instanceType= refactor": 0.4065030259094734,
  "model= gpt-4-1106-preview , temperature= 0.1": 0.1619462503761128,
  "model= gpt-4-1106-preview , temperature= 0.5": 0.8062146033293698,
  "model= gpt-4-1106-preview , temperature= 0.9": 0.2412939882803254,
  "model= gpt-4-1106-preview , instructionType= exampleBased": 0.6691176865489431,
  "model= gpt-4-1106-preview , inputFormat= instructionSnippet": 0.18546396000572452,
  "model= gpt-4-1106-preview , inputFormat= instruction": 1.436823675114689,
  "model= gpt-4-1106-preview , margin= 0": 0.06633587526188478,
  "model= gpt-4-1106-preview , margin= 1": 0.039924266769655735,
  "model= gpt-4-1106-preview , margin= 2": 0.2387018511821659,
  "model= gpt-4-1106-preview , margin= 5": 0.2304478460587186,
  "model= gpt-4-1106-preview , margin= 10": 0.264839666010447,
  "temperature= 0.1": 0.1619462503761128,
  "temperature= 0.5": 0.8062146033293698,
  "temperature= 0.9": 0.2412939882803254,
  "temperature= 0.1 , instanceType= refactor": 0.1619462503761128,
  "temperature= 0.5 , instanceType= refactor": 0.8062146033293698,
  "temperature= 0.9 , instanceType= refactor": 0.2412939882803254,
  "temperature= 0.1 , model= gpt-4-1106-preview": 0.1619462503761128,
  "temperature= 0.5 , model= gpt-4-1106-preview": 0.8062146033293698,
  "temperature= 0.9 , model= gpt-4-1106-preview": 0.2412939882803254,
  "temperature= 0.1 , instructionType= exampleBased": 0.2647336607107161,
  "temperature= 0.5 , instructionType= exampleBased": 1.3365440048097692,
  "temperature= 0.9 , instructionType= exampleBased": 0.38044054117114223,
  "temperature= 0.1 , inputFormat= instructionSnippet": 0.17090313790794648,
  "temperature= 0.1 , inputFormat= instruction": 0.08554079021875692,
  "temperature= 0.5 , inputFormat= instructionSnippet": 0.16162681625109312,
  "temperature= 0.5 , inputFormat= instruction": 3.6843014507578307,
  "temperature= 0.9 , inputFormat= instructionSnippet": 0.22232696581331968,
  "temperature= 0.9 , inputFormat= instruction": 0.33301177063560855,
  "temperature= 0.1 , margin= 0": 0.04971400796014807,
  "temperature= 0.1 , margin= 1": 0.04430248079091365,
  "temperature= 0.1 , margin= 2": 0.2374311715769954,
  "temperature= 0.1 , margin= 5": 0.20055767472855968,
  "temperature= 0.1 , margin= 10": 0.18500296495358304,
  "temperature= 0.5 , margin= 0": 0.033559300085549706,
  "temperature= 0.5 , margin= 1": 0.050776627085723905,
  "temperature= 0.5 , margin= 2": 0.19927167780581206,
  "temperature= 0.5 , margin= 5": 0.22996967473126217,
  "temperature= 0.5 , margin= 10": 0.20913390849838534,
  "temperature= 0.9 , margin= 0": 0.11427072591791204,
  "temperature= 0.9 , margin= 1": 0.023492278169454886,
  "temperature= 0.9 , margin= 2": 0.26671924612070735,
  "temperature= 0.9 , margin= 5": 0.25858663365781853,
  "temperature= 0.9 , margin= 10": 0.38525587186990284,
  "instructionType= exampleBased": 0.6691176865489431,
  "instructionType= exampleBased , instanceType= refactor": 0.6691176865489431,
  "instructionType= exampleBased , model= gpt-4-1106-preview": 0.6691176865489431,
  "instructionType= exampleBased , temperature= 0.1": 0.2647336607107161,
  "instructionType= exampleBased , temperature= 0.5": 1.3365440048097692,
  "instructionType= exampleBased , temperature= 0.9": 0.38044054117114223,
  "instructionType= exampleBased , inputFormat= instructionSnippet": 0.3004267808921588,
  "instructionType= exampleBased , inputFormat= instruction": 2.265993612321574,
  "instructionType= exampleBased , margin= 0": 0.09792998547030671,
  "instructionType= exampleBased , margin= 1": 0.052888093230737614,
  "instructionType= exampleBased , margin= 2": 0.3471316628246037,
  "instructionType= exampleBased , margin= 5": 0.355686655925775,
  "instructionType= exampleBased , margin= 10": 0.39381838400671926,
  "inputFormat= instructionSnippet": 0.18546396000572452,
  "inputFormat= instruction": 1.436823675114689,
  "inputFormat= instructionSnippet , instanceType= refactor": 0.18546396000572452,
  "inputFormat= instruction , instanceType= refactor": 1.436823675114689,
  "inputFormat= instructionSnippet , model= gpt-4-1106-preview": 0.18546396000572452,
  "inputFormat= instruction , model= gpt-4-1106-preview": 1.436823675114689,
  "inputFormat= instructionSnippet , temperature= 0.1": 0.17090313790794648,
  "inputFormat= instructionSnippet , temperature= 0.5": 0.16162681625109312,
  "inputFormat= instructionSnippet , temperature= 0.9": 0.22232696581331968,
  "inputFormat= instruction , temperature= 0.1": 0.08554079021875692,
  "inputFormat= instruction , temperature= 0.5": 3.6843014507578307,
  "inputFormat= instruction , temperature= 0.9": 0.33301177063560855,
  "inputFormat= instructionSnippet , instructionType= exampleBased": 0.3004267808921588,
  "inputFormat= instruction , instructionType= exampleBased": 2.265993612321574,
  "inputFormat= instructionSnippet , margin= 0": 0.06633587526188478,
  "inputFormat= instructionSnippet , margin= 1": 0.039924266769655735,
  "inputFormat= instructionSnippet , margin= 2": 0.2387018511821659,
  "inputFormat= instructionSnippet , margin= 5": 0.2304478460587186,
  "inputFormat= instructionSnippet , margin= 10": 0.264839666010447,
  "iteration= 0": 0.11496440698247312,
  "iteration= 1": 0.17993779322232967,
  "iteration= 2": 0.1137865097516593,
  "iteration= 3": 0.07883897466354511,
  "iteration= 4": 0.1603491663602127,
  "iteration= 5": 5.465709960083928,
  "iteration= 6": 0.5317664921077758,
  "iteration= 7": 0.5613845722395747,
  "iteration= 8": 0.48791247190682924,
  "iteration= 9": 0.2798415638948913,
  "margin= 0": 0.06633587526188478,
  "margin= 1": 0.039924266769655735,
  "margin= 2": 0.2387018511821659,
  "margin= 5": 0.2304478460587186,
  "margin= 10": 0.264839666010447,
  "margin= 0 , instanceType= refactor": 0.06633587526188478,
  "margin= 1 , instanceType= refactor": 0.039924266769655735,
  "margin= 2 , instanceType= refactor": 0.2387018511821659,
  "margin= 5 , instanceType= refactor": 0.2304478460587186,
  "margin= 10 , instanceType= refactor": 0.264839666010447,
  "margin= 0 , model= gpt-4-1106-preview": 0.06633587526188478,
  "margin= 1 , model= gpt-4-1106-preview": 0.039924266769655735,
  "margin= 2 , model= gpt-4-1106-preview": 0.2387018511821659,
  "margin= 5 , model= gpt-4-1106-preview": 0.2304478460587186,
  "margin= 10 , model= gpt-4-1106-preview": 0.264839666010447,
  "margin= 0 , temperature= 0.1": 0.04971400796014807,
  "margin= 0 , temperature= 0.5": 0.033559300085549706,
  "margin= 0 , temperature= 0.9": 0.11427072591791204,
  "margin= 1 , temperature= 0.1": 0.04430248079091365,
  "margin= 1 , temperature= 0.5": 0.050776627085723905,
  "margin= 1 , temperature= 0.9": 0.023492278169454886,
  "margin= 2 , temperature= 0.1": 0.2374311715769954,
  "margin= 2 , temperature= 0.5": 0.19927167780581206,
  "margin= 2 , temperature= 0.9": 0.26671924612070735,
  "margin= 5 , temperature= 0.1": 0.20055767472855968,
  "margin= 5 , temperature= 0.5": 0.22996967473126217,
  "margin= 5 , temperature= 0.9": 0.25858663365781853,