{
  "instanceType= refactor": 0.009470965310167723,
  "instanceType= refactor , model= gpt-4-1106-preview": 0.009470965310167723,
  "instanceType= refactor , temperature= 0.1": 0.009414331395790789,
  "instanceType= refactor , temperature= 0.5": 0.003420835931195721,
  "instanceType= refactor , temperature= 0.9": 0.014500305085479254,
  "instanceType= refactor , instructionType= exampleBased": 0.009361400564693968,
  "instanceType= refactor , inputFormat= instructionSnippet": 0.006147687950103312,
  "instanceType= refactor , inputFormat= instruction": 0.0246690801256774,
  "instanceType= refactor , margin= 0": 0.0013210439673779746,
  "instanceType= refactor , margin= 1": 0.0014635803686382954,
  "instanceType= refactor , margin= 2": 0.0019432379644425382,
  "instanceType= refactor , margin= 5": 0.007914110726170279,
  "instanceType= refactor , margin= 10": 0.0161402454930693,
  "model= gpt-4-1106-preview": 0.009470965310167723,
  "model= gpt-4-1106-preview , instanceType= refactor": 0.009470965310167723,
  "model= gpt-4-1106-preview , temperature= 0.1": 0.009414331395790789,
  "model= gpt-4-1106-preview , temperature= 0.5": 0.003420835931195721,
  "model= gpt-4-1106-preview , temperature= 0.9": 0.014500305085479254,
  "model= gpt-4-1106-preview , instructionType= exampleBased": 0.009361400564693968,
  "model= gpt-4-1106-preview , inputFormat= instructionSnippet": 0.006147687950103312,
  "model= gpt-4-1106-preview , inputFormat= instruction": 0.0246690801256774,
  "model= gpt-4-1106-preview , margin= 0": 0.0013210439673779746,
  "model= gpt-4-1106-preview , margin= 1": 0.0014635803686382954,
  "model= gpt-4-1106-preview , margin= 2": 0.0019432379644425382,
  "model= gpt-4-1106-preview , margin= 5": 0.007914110726170279,
  "model= gpt-4-1106-preview , margin= 10": 0.0161402454930693,
  "temperature= 0.1": 0.009414331395790789,
  "temperature= 0.5": 0.003420835931195721,
  "temperature= 0.9": 0.014500305085479254,
  "temperature= 0.1 , instanceType= refactor": 0.009414331395790789,
  "temperature= 0.5 , instanceType= refactor": 0.003420835931195721,
  "temperature= 0.9 , instanceType= refactor": 0.014500305085479254,
  "temperature= 0.1 , model= gpt-4-1106-preview": 0.009414331395790789,
  "temperature= 0.5 , model= gpt-4-1106-preview": 0.003420835931195721,
  "temperature= 0.9 , model= gpt-4-1106-preview": 0.014500305085479254,
  "temperature= 0.1 , instructionType= exampleBased": 0.006068525789714065,
  "temperature= 0.5 , instructionType= exampleBased": 0.0026481381096806985,
  "temperature= 0.9 , instructionType= exampleBased": 0.019245419521783918,
  "temperature= 0.1 , inputFormat= instructionSnippet": 0.0009063155034208986,
  "temperature= 0.1 , inputFormat= instruction": 0.05100294886122841,
  "temperature= 0.5 , inputFormat= instructionSnippet": 0.002449710257886409,
  "temperature= 0.5 , inputFormat= instruction": 0.004823164801187768,
  "temperature= 0.9 , inputFormat= instructionSnippet": 0.013903221179869061,
  "temperature= 0.9 , inputFormat= instruction": 0.016939600556952424,
  "temperature= 0.1 , margin= 0": 0.0009368707025202216,
  "temperature= 0.1 , margin= 1": 0.00022650274643224051,
  "temperature= 0.1 , margin= 2": 0.0003207162206368328,
  "temperature= 0.1 , margin= 5": 0.0009073454314469207,
  "temperature= 0.1 , margin= 10": 0.0008329264087343337,
  "temperature= 0.5 , margin= 0": 0.0006441542385295795,
  "temperature= 0.5 , margin= 1": 0.00045583787071671526,
  "temperature= 0.5 , margin= 2": 0.0017783570136308607,
  "temperature= 0.5 , margin= 5": 0.005675676025731232,
  "temperature= 0.5 , margin= 10": 0.002092453233490683,
  "temperature= 0.9 , margin= 0": 0.002309734951618318,
  "temperature= 0.9 , margin= 1": 0.0030532220863700517,
  "temperature= 0.9 , margin= 2": 0.0027137535303281665,
  "temperature= 0.9 , margin= 5": 0.013144830918014829,
  "temperature= 0.9 , margin= 10": 0.04185942978829883,
  "instructionType= exampleBased": 0.009361400564693968,
  "instructionType= exampleBased , instanceType= refactor": 0.009361400564693968,
  "instructionType= exampleBased , model= gpt-4-1106-preview": 0.009361400564693968,
  "instructionType= exampleBased , temperature= 0.1": 0.006068525789714065,
  "instructionType= exampleBased , temperature= 0.5": 0.0026481381096806985,
  "instructionType= exampleBased , temperature= 0.9": 0.019245419521783918,
  "instructionType= exampleBased , inputFormat= instructionSnippet": 0.005778936996647904,
  "instructionType= exampleBased , inputFormat= instruction": 0.01670440572128217,
  "instructionType= exampleBased , margin= 0": 0.0013933752558700774,
  "instructionType= exampleBased , margin= 1": 0.002912701742067696,
  "instructionType= exampleBased , margin= 2": 0.001086200280802133,
  "instructionType= exampleBased , margin= 5": 0.005255178356142494,
  "instructionType= exampleBased , margin= 10": 0.017565519186271042,
  "inputFormat= instructionSnippet": 0.006147687950103312,
  "inputFormat= instruction": 0.0246690801256774,
  "inputFormat= instructionSnippet , instanceType= refactor": 0.006147687950103312,
  "inputFormat= instruction , instanceType= refactor": 0.0246690801256774,
  "inputFormat= instructionSnippet , model= gpt-4-1106-preview": 0.006147687950103312,
  "inputFormat= instruction , model= gpt-4-1106-preview": 0.0246690801256774,
  "inputFormat= instructionSnippet , temperature= 0.1": 0.0009063155034208986,
  "inputFormat= instructionSnippet , temperature= 0.5": 0.002449710257886409,
  "inputFormat= instructionSnippet , temperature= 0.9": 0.013903221179869061,
  "inputFormat= instruction , temperature= 0.1": 0.05100294886122841,
  "inputFormat= instruction , temperature= 0.5": 0.004823164801187768,
  "inputFormat= instruction , temperature= 0.9": 0.016939600556952424,
  "inputFormat= instructionSnippet , instructionType= exampleBased": 0.005778936996647904,
  "inputFormat= instruction , instructionType= exampleBased": 0.01670440572128217,
  "inputFormat= instructionSnippet , margin= 0": 0.0013210439673779746,
  "inputFormat= instructionSnippet , margin= 1": 0.0014635803686382954,
  "inputFormat= instructionSnippet , margin= 2": 0.0019432379644425382,
  "inputFormat= instructionSnippet , margin= 5": 0.007914110726170279,
  "inputFormat= instructionSnippet , margin= 10": 0.0161402454930693,
  "iteration= 0": 0.01930232680480308,
  "iteration= 1": 0.007381034880845959,
  "iteration= 2": 0.007241519841133863,
  "iteration= 3": 0.005419049250970708,
  "iteration= 4": 0.00742963369417746,
  "margin= 0": 0.0013210439673779746,
  "margin= 1": 0.0014635803686382954,
  "margin= 2": 0.0019432379644425382,
  "margin= 5": 0.007914110726170279,
  "margin= 10": 0.0161402454930693,
  "margin= 0 , instanceType= refactor": 0.0013210439673779746,
  "margin= 1 , instanceType= refactor": 0.0014635803686382954,
  "margin= 2 , instanceType= refactor": 0.0019432379644425382,
  "margin= 5 , instanceType= refactor": 0.007914110726170279,
  "margin= 10 , instanceType= refactor": 0.0161402454930693,
  "margin= 0 , model= gpt-4-1106-preview": 0.0013210439673779746,
  "margin= 1 , model= gpt-4-1106-preview": 0.0014635803686382954,
  "margin= 2 , model= gpt-4-1106-preview": 0.0019432379644425382,
  "margin= 5 , model= gpt-4-1106-preview": 0.007914110726170279,
  "margin= 10 , model= gpt-4-1106-preview": 0.0161402454930693,
  "margin= 0 , temperature= 0.1": 0.0009368707025202216,
  "margin= 0 , temperature= 0.5": 0.0006441542385295795,
  "margin= 0 , temperature= 0.9": 0.002309734951618318,
  "margin= 1 , temperature= 0.1": 0.00022650274643224051,
  "margin= 1 , temperature= 0.5": 0.00045583787071671526,
  "margin= 1 , temperature= 0.9": 0.0030532220863700517,
  "margin= 2 , temperature= 0.1": 0.0003207162206368328,
  "margin= 2 , temperature= 0.5": 0.0017783570136308607,
  "margin= 2 , temperature= 0.9": 0.0027137535303281665,
  "margin= 5 , temperature= 0.1": 0.0009073454314469207,
  "margin= 5 , temperature= 0.5": 0.005675676025731232,
  "margin= 5 , temperature= 0.9": 0.013144830918014829,