{
  "instanceType= refactor": 42558.504513580294,
  "instanceType= refactor , model= gpt-4-1106-preview": 42558.504513580294,
  "instanceType= refactor , temperature= 0.1": 19005.52999999998,
  "instanceType= refactor , temperature= 0.5": 15760.967288888885,
  "instanceType= refactor , temperature= 0.9": 92901.70333333332,
  "instanceType= refactor , instructionType= exampleBased": 67376.67764060361,
  "instanceType= refactor , inputFormat= instructionSnippet": 48921.326179555595,
  "instanceType= refactor , inputFormat= instruction": 7643.833955555557,
  "instanceType= refactor , margin= 0": 137937.4072888889,
  "instanceType= refactor , margin= 1": 33153.90222222222,
  "instanceType= refactor , margin= 2": 19864.16782222221,
  "instanceType= refactor , margin= 5": 10779.102222222216,
  "instanceType= refactor , margin= 10": 41103.3422222222,
  "model= gpt-4-1106-preview": 42558.504513580294,
  "model= gpt-4-1106-preview , instanceType= refactor": 42558.504513580294,
  "model= gpt-4-1106-preview , temperature= 0.1": 19005.52999999998,
  "model= gpt-4-1106-preview , temperature= 0.5": 15760.967288888885,
  "model= gpt-4-1106-preview , temperature= 0.9": 92901.70333333332,
  "model= gpt-4-1106-preview , instructionType= exampleBased": 67376.67764060361,
  "model= gpt-4-1106-preview , inputFormat= instructionSnippet": 48921.326179555595,
  "model= gpt-4-1106-preview , inputFormat= instruction": 7643.833955555557,
  "model= gpt-4-1106-preview , margin= 0": 137937.4072888889,
  "model= gpt-4-1106-preview , margin= 1": 33153.90222222222,
  "model= gpt-4-1106-preview , margin= 2": 19864.16782222221,
  "model= gpt-4-1106-preview , margin= 5": 10779.102222222216,
  "model= gpt-4-1106-preview , margin= 10": 41103.3422222222,
  "temperature= 0.1": 19005.52999999998,
  "temperature= 0.5": 15760.967288888885,
  "temperature= 0.9": 92901.70333333332,
  "temperature= 0.1 , instanceType= refactor": 19005.52999999998,
  "temperature= 0.5 , instanceType= refactor": 15760.967288888885,
  "temperature= 0.9 , instanceType= refactor": 92901.70333333332,
  "temperature= 0.1 , model= gpt-4-1106-preview": 19005.52999999998,
  "temperature= 0.5 , model= gpt-4-1106-preview": 15760.967288888885,
  "temperature= 0.9 , model= gpt-4-1106-preview": 92901.70333333332,
  "temperature= 0.1 , instructionType= exampleBased": 28841.60691358025,
  "temperature= 0.5 , instructionType= exampleBased": 23179.735802469128,
  "temperature= 0.9 , instructionType= exampleBased": 149952.36987654335,
  "temperature= 0.1 , inputFormat= instructionSnippet": 21461.106815999985,
  "temperature= 0.1 , inputFormat= instruction": 6205.478400000001,
  "temperature= 0.5 , inputFormat= instructionSnippet": 16952.219776,
  "temperature= 0.5 , inputFormat= instruction": 6523.1936,
  "temperature= 0.9 , inputFormat= instructionSnippet": 108319.03897599998,
  "temperature= 0.9 , inputFormat= instruction": 8261.2224,
  "temperature= 0.1 , margin= 0": 3566.6784,
  "temperature= 0.1 , margin= 1": 2712.7136,
  "temperature= 0.1 , margin= 2": 8092.953599999999,
  "temperature= 0.1 , margin= 5": 6007.1104000000005,
  "temperature= 0.1 , margin= 10": 77658.02560000001,
  "temperature= 0.5 , margin= 0": 3471.4975999999997,
  "temperature= 0.5 , margin= 1": 3012.4799999999987,
  "temperature= 0.5 , margin= 2": 36571.62240000001,
  "temperature= 0.5 , margin= 5": 11718.937600000003,
  "temperature= 0.5 , margin= 10": 24299.3056,
  "temperature= 0.9 , margin= 0": 401341.8623999999,
  "temperature= 0.9 , margin= 1": 91834.36159999999,
  "temperature= 0.9 , margin= 2": 13314.249599999997,
  "temperature= 0.9 , margin= 5": 14582.041599999999,
  "temperature= 0.9 , margin= 10": 15813.839999999998,
  "instructionType= exampleBased": 67376.67764060361,
  "instructionType= exampleBased , instanceType= refactor": 67376.67764060361,
  "instructionType= exampleBased , model= gpt-4-1106-preview": 67376.67764060361,
  "instructionType= exampleBased , temperature= 0.1": 28841.60691358025,
  "instructionType= exampleBased , temperature= 0.5": 23179.735802469128,
  "instructionType= exampleBased , temperature= 0.9": 149952.36987654335,
  "instructionType= exampleBased , inputFormat= instructionSnippet": 78264.1069432098,
  "instructionType= exampleBased , inputFormat= instruction": 6331.443950617285,
  "instructionType= exampleBased , margin= 0": 224646.0572839506,
  "instructionType= exampleBased , margin= 1": 53843.48444444445,
  "instructionType= exampleBased , margin= 2": 32283.918024691364,
  "instructionType= exampleBased , margin= 5": 12211.657283950617,
  "instructionType= exampleBased , margin= 10": 65133.97333333332,
  "inputFormat= instructionSnippet": 48921.326179555595,
  "inputFormat= instruction": 7643.833955555557,
  "inputFormat= instructionSnippet , instanceType= refactor": 48921.326179555595,
  "inputFormat= instruction , instanceType= refactor": 7643.833955555557,
  "inputFormat= instructionSnippet , model= gpt-4-1106-preview": 48921.326179555595,
  "inputFormat= instruction , model= gpt-4-1106-preview": 7643.833955555557,
  "inputFormat= instructionSnippet , temperature= 0.1": 21461.106815999985,
  "inputFormat= instructionSnippet , temperature= 0.5": 16952.219776,
  "inputFormat= instructionSnippet , temperature= 0.9": 108319.03897599998,
  "inputFormat= instruction , temperature= 0.1": 6205.478400000001,
  "inputFormat= instruction , temperature= 0.5": 6523.1936,
  "inputFormat= instruction , temperature= 0.9": 8261.2224,
  "inputFormat= instructionSnippet , instructionType= exampleBased": 78264.1069432098,
  "inputFormat= instruction , instructionType= exampleBased": 6331.443950617285,
  "inputFormat= instructionSnippet , margin= 0": 137937.4072888889,
  "inputFormat= instructionSnippet , margin= 1": 33153.90222222222,
  "inputFormat= instructionSnippet , margin= 2": 19864.16782222221,
  "inputFormat= instructionSnippet , margin= 5": 10779.102222222216,
  "inputFormat= instructionSnippet , margin= 10": 41103.3422222222,
  "iteration= 0": 10074.678819444445,
  "iteration= 1": 6937.006172839506,
  "iteration= 2": 34067.51543209878,
  "iteration= 3": 11544.407214506173,
  "iteration= 4": 12112.860339506173,
  "iteration= 5": 30027,
  "iteration= 6": 626520.0277777779,
  "iteration= 7": 11771.358024691357,
  "iteration= 8": 12841.777777777777,
  "iteration= 9": 9070.089506172837,
  "margin= 0": 137937.4072888889,
  "margin= 1": 33153.90222222222,
  "margin= 2": 19864.16782222221,
  "margin= 5": 10779.102222222216,
  "margin= 10": 41103.3422222222,
  "margin= 0 , instanceType= refactor": 137937.4072888889,
  "margin= 1 , instanceType= refactor": 33153.90222222222,
  "margin= 2 , instanceType= refactor": 19864.16782222221,
  "margin= 5 , instanceType= refactor": 10779.102222222216,
  "margin= 10 , instanceType= refactor": 41103.3422222222,
  "margin= 0 , model= gpt-4-1106-preview": 137937.4072888889,
  "margin= 1 , model= gpt-4-1106-preview": 33153.90222222222,
  "margin= 2 , model= gpt-4-1106-preview": 19864.16782222221,
  "margin= 5 , model= gpt-4-1106-preview": 10779.102222222216,
  "margin= 10 , model= gpt-4-1106-preview": 41103.3422222222,
  "margin= 0 , temperature= 0.1": 3566.6784,
  "margin= 0 , temperature= 0.5": 3471.4975999999997,
  "margin= 0 , temperature= 0.9": 401341.8623999999,
  "margin= 1 , temperature= 0.1": 2712.7136,
  "margin= 1 , temperature= 0.5": 3012.4799999999987,
  "margin= 1 , temperature= 0.9": 91834.36159999999,
  "margin= 2 , temperature= 0.1": 8092.953599999999,
  "margin= 2 , temperature= 0.5": 36571.62240000001,
  "margin= 2 , temperature= 0.9": 13314.249599999997,
  "margin= 5 , temperature= 0.1": 6007.1104000000005,
  "margin= 5 , temperature= 0.5": 11718.937600000003,
  "margin= 5 , temperature= 0.9": 14582.041599999999,
  "margin= 10 , temperature= 0.1": 77658.02560000001,
  "margin= 10 , temperature= 0.5": 24299.3056,
  "margin= 10 , temperature= 0.9": 15813.839999999998,
  "margin= 0 , instructionType= exampleBased": 224646.0572839506,