{
  "instanceType= refactor": 1.813731138545953,
  "instanceType= refactor , model= gpt-4-1106-preview": 1.813731138545953,
  "instanceType= refactor , temperature= 0.1": 1.5135802469135788,
  "instanceType= refactor , temperature= 0.5": 1.1017283950617276,
  "instanceType= refactor , temperature= 0.9": 2.7309876543209883,
  "instanceType= refactor , instructionType= exampleBased": 2.489999999999999,
  "instanceType= refactor , inputFormat= instructionSnippet": 0.818765432098764,
  "instanceType= refactor , inputFormat= instruction": 4.22024691358025,
  "instanceType= refactor , margin= 0": 0,
  "instanceType= refactor , margin= 1": 0,
  "instanceType= refactor , margin= 2": 0.8000000000000014,
  "instanceType= refactor , margin= 5": 1.3995061728395066,
  "instanceType= refactor , margin= 10": 1.5476543209876534,
  "model= gpt-4-1106-preview": 1.813731138545953,
  "model= gpt-4-1106-preview , instanceType= refactor": 1.813731138545953,
  "model= gpt-4-1106-preview , temperature= 0.1": 1.5135802469135788,
  "model= gpt-4-1106-preview , temperature= 0.5": 1.1017283950617276,
  "model= gpt-4-1106-preview , temperature= 0.9": 2.7309876543209883,
  "model= gpt-4-1106-preview , instructionType= exampleBased": 2.489999999999999,
  "model= gpt-4-1106-preview , inputFormat= instructionSnippet": 0.818765432098764,
  "model= gpt-4-1106-preview , inputFormat= instruction": 4.22024691358025,
  "model= gpt-4-1106-preview , margin= 0": 0,
  "model= gpt-4-1106-preview , margin= 1": 0,
  "model= gpt-4-1106-preview , margin= 2": 0.8000000000000014,
  "model= gpt-4-1106-preview , margin= 5": 1.3995061728395066,
  "model= gpt-4-1106-preview , margin= 10": 1.5476543209876534,
  "temperature= 0.1": 1.5135802469135788,
  "temperature= 0.5": 1.1017283950617276,
  "temperature= 0.9": 2.7309876543209883,
  "temperature= 0.1 , instanceType= refactor": 1.5135802469135788,
  "temperature= 0.5 , instanceType= refactor": 1.1017283950617276,
  "temperature= 0.9 , instanceType= refactor": 2.7309876543209883,
  "temperature= 0.1 , model= gpt-4-1106-preview": 1.5135802469135788,
  "temperature= 0.5 , model= gpt-4-1106-preview": 1.1017283950617276,
  "temperature= 0.9 , model= gpt-4-1106-preview": 2.7309876543209883,
  "temperature= 0.1 , instructionType= exampleBased": 1.676666666666668,
  "temperature= 0.5 , instructionType= exampleBased": 1.71222222222222,
  "temperature= 0.9 , instructionType= exampleBased": 3.9655555555555555,
  "temperature= 0.1 , inputFormat= instructionSnippet": 0.31573333333333387,
  "temperature= 0.1 , inputFormat= instruction": 4.515555555555555,
  "temperature= 0.5 , inputFormat= instructionSnippet": 0.12195555555555553,
  "temperature= 0.5 , inputFormat= instruction": 3.795555555555556,
  "temperature= 0.9 , inputFormat= instructionSnippet": 1.9295999999999984,
  "temperature= 0.9 , inputFormat= instruction": 4.195555555555555,
  "temperature= 0.1 , margin= 0": 0,
  "temperature= 0.1 , margin= 1": 0,
  "temperature= 0.1 , margin= 2": 0.1955555555555556,
  "temperature= 0.1 , margin= 5": 0.3288888888888888,
  "temperature= 0.1 , margin= 10": 0.7555555555555558,
  "temperature= 0.5 , margin= 0": 0,
  "temperature= 0.5 , margin= 1": 0,
  "temperature= 0.5 , margin= 2": 0.06222222222222224,
  "temperature= 0.5 , margin= 5": 0.1955555555555556,
  "temperature= 0.5 , margin= 10": 0.29333333333333333,
  "temperature= 0.9 , margin= 0": 0,
  "temperature= 0.9 , margin= 1": 0,
  "temperature= 0.9 , margin= 2": 1.9555555555555548,
  "temperature= 0.9 , margin= 5": 3.528888888888888,
  "temperature= 0.9 , margin= 10": 3.093333333333333,
  "instructionType= exampleBased": 2.489999999999999,
  "instructionType= exampleBased , instanceType= refactor": 2.489999999999999,
  "instructionType= exampleBased , model= gpt-4-1106-preview": 2.489999999999999,
  "instructionType= exampleBased , temperature= 0.1": 1.676666666666668,
  "instructionType= exampleBased , temperature= 0.5": 1.71222222222222,
  "instructionType= exampleBased , temperature= 0.9": 3.9655555555555555,
  "instructionType= exampleBased , inputFormat= instructionSnippet": 1.2504888888888892,
  "instructionType= exampleBased , inputFormat= instruction": 4.355555555555556,
  "instructionType= exampleBased , margin= 0": 0,
  "instructionType= exampleBased , margin= 1": 0,
  "instructionType= exampleBased , margin= 2": 0.11555555555555554,
  "instructionType= exampleBased , margin= 5": 3.3155555555555556,
  "instructionType= exampleBased , margin= 10": 1.8222222222222224,
  "inputFormat= instructionSnippet": 0.818765432098764,
  "inputFormat= instruction": 4.22024691358025,
  "inputFormat= instructionSnippet , instanceType= refactor": 0.818765432098764,
  "inputFormat= instruction , instanceType= refactor": 4.22024691358025,
  "inputFormat= instructionSnippet , model= gpt-4-1106-preview": 0.818765432098764,
  "inputFormat= instruction , model= gpt-4-1106-preview": 4.22024691358025,
  "inputFormat= instructionSnippet , temperature= 0.1": 0.31573333333333387,
  "inputFormat= instructionSnippet , temperature= 0.5": 0.12195555555555553,
  "inputFormat= instructionSnippet , temperature= 0.9": 1.9295999999999984,
  "inputFormat= instruction , temperature= 0.1": 4.515555555555555,
  "inputFormat= instruction , temperature= 0.5": 3.795555555555556,
  "inputFormat= instruction , temperature= 0.9": 4.195555555555555,
  "inputFormat= instructionSnippet , instructionType= exampleBased": 1.2504888888888892,
  "inputFormat= instruction , instructionType= exampleBased": 4.355555555555556,
  "inputFormat= instructionSnippet , margin= 0": 0,
  "inputFormat= instructionSnippet , margin= 1": 0,
  "inputFormat= instructionSnippet , margin= 2": 0.8000000000000014,
  "inputFormat= instructionSnippet , margin= 5": 1.3995061728395066,
  "inputFormat= instructionSnippet , margin= 10": 1.5476543209876534,
  "iteration= 0": 0.6971879286694095,
  "iteration= 1": 2.5953360768175595,
  "iteration= 2": 0.6159122085048013,
  "iteration= 3": 2.134430727023318,
  "iteration= 4": 2.7654320987654306,
  "margin= 0": 0,
  "margin= 1": 0,
  "margin= 2": 0.8000000000000014,
  "margin= 5": 1.3995061728395066,
  "margin= 10": 1.5476543209876534,
  "margin= 0 , instanceType= refactor": 0,
  "margin= 1 , instanceType= refactor": 0,
  "margin= 2 , instanceType= refactor": 0.8000000000000014,
  "margin= 5 , instanceType= refactor": 1.3995061728395066,
  "margin= 10 , instanceType= refactor": 1.5476543209876534,
  "margin= 0 , model= gpt-4-1106-preview": 0,
  "margin= 1 , model= gpt-4-1106-preview": 0,
  "margin= 2 , model= gpt-4-1106-preview": 0.8000000000000014,
  "margin= 5 , model= gpt-4-1106-preview": 1.3995061728395066,
  "margin= 10 , model= gpt-4-1106-preview": 1.5476543209876534,
  "margin= 0 , temperature= 0.1": 0,
  "margin= 0 , temperature= 0.5": 0,
  "margin= 0 , temperature= 0.9": 0,
  "margin= 1 , temperature= 0.1": 0,
  "margin= 1 , temperature= 0.5": 0,
  "margin= 1 , temperature= 0.9": 0,
  "margin= 2 , temperature= 0.1": 0.1955555555555556,
  "margin= 2 , temperature= 0.5": 0.06222222222222224,
  "margin= 2 , temperature= 0.9": 1.9555555555555548,
  "margin= 5 , temperature= 0.1": 0.3288888888888888,
  "margin= 5 , temperature= 0.5": 0.1955555555555556,
  "margin= 5 , temperature= 0.9": 3.528888888888888,
  "margin= 10 , temperature= 0.1": 0.7555555555555558,
  "margin= 10 , temperature= 0.5": 0.29333333333333333,
  "margin= 10 , temperature= 0.9": 3.093333333333333,
  "margin= 0 , instructionType= exampleBased": 0,
  "margin= 1 , instructionType= exampleBased": 0,
  "margin= 2 , instructionType= exampleBased": 0.11555555555555554,
  "margin= 5 , instructionType= exampleBased": 3.3155555555555556,
  "margin= 10 , instructionType= exampleBased": 1.8222222222222224,
  "margin= 0 , inputFormat= instructionSnippet": 0,
  "margin= 1 , inputFormat= instructionSnippet": 0,
  "margin= 2 , inputFormat= instructionSnippet": 0.8000000000000014,
  "margin= 5 , inputFormat= instructionSnippet": 1.3995061728395066,