{
  "instanceType= refactor": 468.4135665294957,
  "instanceType= refactor , model= gpt-4-1106-preview": 468.4135665294957,
  "instanceType= refactor , temperature= 0.1": 629.3122222222212,
  "instanceType= refactor , temperature= 0.5": 421.5209876543206,
  "instanceType= refactor , temperature= 0.9": 347.3377777777776,
  "instanceType= refactor , instructionType= exampleBased": 512.5754320987648,
  "instanceType= refactor , inputFormat= instructionSnippet": 402.2310320987647,
  "instanceType= refactor , inputFormat= instruction": 793.5377777777778,
  "instanceType= refactor , margin= 0": 0,
  "instanceType= refactor , margin= 1": 0,
  "instanceType= refactor , margin= 2": 564.1846913580246,
  "instanceType= refactor , margin= 5": 536.2044444444442,
  "instanceType= refactor , margin= 10": 722.2765432098764,
  "model= gpt-4-1106-preview": 468.4135665294957,
  "model= gpt-4-1106-preview , instanceType= refactor": 468.4135665294957,
  "model= gpt-4-1106-preview , temperature= 0.1": 629.3122222222212,
  "model= gpt-4-1106-preview , temperature= 0.5": 421.5209876543206,
  "model= gpt-4-1106-preview , temperature= 0.9": 347.3377777777776,
  "model= gpt-4-1106-preview , instructionType= exampleBased": 512.5754320987648,
  "model= gpt-4-1106-preview , inputFormat= instructionSnippet": 402.2310320987647,
  "model= gpt-4-1106-preview , inputFormat= instruction": 793.5377777777778,
  "model= gpt-4-1106-preview , margin= 0": 0,
  "model= gpt-4-1106-preview , margin= 1": 0,
  "model= gpt-4-1106-preview , margin= 2": 564.1846913580246,
  "model= gpt-4-1106-preview , margin= 5": 536.2044444444442,
  "model= gpt-4-1106-preview , margin= 10": 722.2765432098764,
  "temperature= 0.1": 629.3122222222212,
  "temperature= 0.5": 421.5209876543206,
  "temperature= 0.9": 347.3377777777776,
  "temperature= 0.1 , instanceType= refactor": 629.3122222222212,
  "temperature= 0.5 , instanceType= refactor": 421.5209876543206,
  "temperature= 0.9 , instanceType= refactor": 347.3377777777776,
  "temperature= 0.1 , model= gpt-4-1106-preview": 629.3122222222212,
  "temperature= 0.5 , model= gpt-4-1106-preview": 421.5209876543206,
  "temperature= 0.9 , model= gpt-4-1106-preview": 347.3377777777776,
  "temperature= 0.1 , instructionType= exampleBased": 596.3788888888887,
  "temperature= 0.5 , instructionType= exampleBased": 588.9166666666666,
  "temperature= 0.9 , instructionType= exampleBased": 341.1388888888889,
  "temperature= 0.1 , inputFormat= instructionSnippet": 511.3806222222227,
  "temperature= 0.1 , inputFormat= instruction": 1218.8622222222225,
  "temperature= 0.5 , inputFormat= instructionSnippet": 319.2366222222223,
  "temperature= 0.5 , inputFormat= instruction": 854.4266666666667,
  "temperature= 0.9 , inputFormat= instructionSnippet": 366.38328888888907,
  "temperature= 0.9 , inputFormat= instruction": 248.2222222222222,
  "temperature= 0.1 , margin= 0": 0,
  "temperature= 0.1 , margin= 1": 0,
  "temperature= 0.1 , margin= 2": 923.262222222222,
  "temperature= 0.1 , margin= 5": 513.3600000000001,
  "temperature= 0.1 , margin= 10": 762.1155555555557,
  "temperature= 0.5 , margin= 0": 0,
  "temperature= 0.5 , margin= 1": 0,
  "temperature= 0.5 , margin= 2": 246.95999999999992,
  "temperature= 0.5 , margin= 5": 744.8,
  "temperature= 0.5 , margin= 10": 444.3288888888889,
  "temperature= 0.9 , margin= 0": 0,
  "temperature= 0.9 , margin= 1": 0,
  "temperature= 0.9 , margin= 2": 417.5288888888889,
  "temperature= 0.9 , margin= 5": 315.17333333333346,
  "temperature= 0.9 , margin= 10": 888.3733333333333,
  "instructionType= exampleBased": 512.5754320987648,
  "instructionType= exampleBased , instanceType= refactor": 512.5754320987648,
  "instructionType= exampleBased , model= gpt-4-1106-preview": 512.5754320987648,
  "instructionType= exampleBased , temperature= 0.1": 596.3788888888887,
  "instructionType= exampleBased , temperature= 0.5": 588.9166666666666,
  "instructionType= exampleBased , temperature= 0.9": 341.1388888888889,
  "instructionType= exampleBased , inputFormat= instructionSnippet": 466.6691555555557,
  "instructionType= exampleBased , inputFormat= instruction": 737.3600000000001,
  "instructionType= exampleBased , margin= 0": 0,
  "instructionType= exampleBased , margin= 1": 0,
  "instructionType= exampleBased , margin= 2": 504.5599999999999,
  "instructionType= exampleBased , margin= 5": 772.9955555555555,
  "instructionType= exampleBased , margin= 10": 658.2933333333332,
  "inputFormat= instructionSnippet": 402.2310320987647,
  "inputFormat= instruction": 793.5377777777778,
  "inputFormat= instructionSnippet , instanceType= refactor": 402.2310320987647,
  "inputFormat= instruction , instanceType= refactor": 793.5377777777778,
  "inputFormat= instructionSnippet , model= gpt-4-1106-preview": 402.2310320987647,
  "inputFormat= instruction , model= gpt-4-1106-preview": 793.5377777777778,
  "inputFormat= instructionSnippet , temperature= 0.1": 511.3806222222227,
  "inputFormat= instructionSnippet , temperature= 0.5": 319.2366222222223,
  "inputFormat= instructionSnippet , temperature= 0.9": 366.38328888888907,
  "inputFormat= instruction , temperature= 0.1": 1218.8622222222225,
  "inputFormat= instruction , temperature= 0.5": 854.4266666666667,
  "inputFormat= instruction , temperature= 0.9": 248.2222222222222,
  "inputFormat= instructionSnippet , instructionType= exampleBased": 466.6691555555557,
  "inputFormat= instruction , instructionType= exampleBased": 737.3600000000001,
  "inputFormat= instructionSnippet , margin= 0": 0,
  "inputFormat= instructionSnippet , margin= 1": 0,
  "inputFormat= instructionSnippet , margin= 2": 564.1846913580246,
  "inputFormat= instructionSnippet , margin= 5": 536.2044444444442,
  "inputFormat= instructionSnippet , margin= 10": 722.2765432098764,
  "iteration= 0": 642.4338134430728,
  "iteration= 1": 403.49554183813416,
  "iteration= 2": 342.06755829903966,
  "iteration= 3": 613.6080246913574,
  "iteration= 4": 301.4543895747598,
  "margin= 0": 0,
  "margin= 1": 0,
  "margin= 2": 564.1846913580246,
  "margin= 5": 536.2044444444442,
  "margin= 10": 722.2765432098764,
  "margin= 0 , instanceType= refactor": 0,
  "margin= 1 , instanceType= refactor": 0,
  "margin= 2 , instanceType= refactor": 564.1846913580246,
  "margin= 5 , instanceType= refactor": 536.2044444444442,
  "margin= 10 , instanceType= refactor": 722.2765432098764,
  "margin= 0 , model= gpt-4-1106-preview": 0,
  "margin= 1 , model= gpt-4-1106-preview": 0,
  "margin= 2 , model= gpt-4-1106-preview": 564.1846913580246,
  "margin= 5 , model= gpt-4-1106-preview": 536.2044444444442,
  "margin= 10 , model= gpt-4-1106-preview": 722.2765432098764,
  "margin= 0 , temperature= 0.1": 0,
  "margin= 0 , temperature= 0.5": 0,
  "margin= 0 , temperature= 0.9": 0,
  "margin= 1 , temperature= 0.1": 0,
  "margin= 1 , temperature= 0.5": 0,
  "margin= 1 , temperature= 0.9": 0,
  "margin= 2 , temperature= 0.1": 923.262222222222,
  "margin= 2 , temperature= 0.5": 246.95999999999992,
  "margin= 2 , temperature= 0.9": 417.5288888888889,
  "margin= 5 , temperature= 0.1": 513.3600000000001,
  "margin= 5 , temperature= 0.5": 744.8,
  "margin= 5 , temperature= 0.9": 315.17333333333346,
  "margin= 10 , temperature= 0.1": 762.1155555555557,
  "margin= 10 , temperature= 0.5": 444.3288888888889,
  "margin= 10 , temperature= 0.9": 888.3733333333333,
  "margin= 0 , instructionType= exampleBased": 0,
  "margin= 1 , instructionType= exampleBased": 0,
  "margin= 2 , instructionType= exampleBased": 504.5599999999999,
  "margin= 5 , instructionType= exampleBased": 772.9955555555555,
  "margin= 10 , instructionType= exampleBased": 658.2933333333332,
  "margin= 0 , inputFormat= instructionSnippet": 0,
  "margin= 1 , inputFormat= instructionSnippet": 0,
  "margin= 2 , inputFormat= instructionSnippet": 564.1846913580246,
  "margin= 5 , inputFormat= instructionSnippet": 536.2044444444442,
  "margin= 10 , inputFormat= instructionSnippet": 722.2765432098764
}