{
  "instanceType= refactor": 0.16909135802469244,
  "instanceType= refactor , model= gpt-4-1106-preview": 0.16909135802469244,
  "instanceType= refactor , temperature= 0.1": 0.15999999999999953,
  "instanceType= refactor , temperature= 0.5": 0.15182222222222225,
  "instanceType= refactor , temperature= 0.9": 0.19239999999999965,
  "instanceType= refactor , instructionType= exampleBased": 0.1827846364883398,
  "instanceType= refactor , inputFormat= instructionSnippet": 0.13439999999999952,
  "instanceType= refactor , inputFormat= instruction": 0.24995555555555532,
  "instanceType= refactor , margin= 0": 0.025955555555555558,
  "instanceType= refactor , margin= 1": 0,
  "instanceType= refactor , margin= 2": 0.18915555555555558,
  "instanceType= refactor , margin= 5": 0.175288888888889,
  "instanceType= refactor , margin= 10": 0.20728888888888897,
  "model= gpt-4-1106-preview": 0.16909135802469244,
  "model= gpt-4-1106-preview , instanceType= refactor": 0.16909135802469244,
  "model= gpt-4-1106-preview , temperature= 0.1": 0.15999999999999953,
  "model= gpt-4-1106-preview , temperature= 0.5": 0.15182222222222225,
  "model= gpt-4-1106-preview , temperature= 0.9": 0.19239999999999965,
  "model= gpt-4-1106-preview , instructionType= exampleBased": 0.1827846364883398,
  "model= gpt-4-1106-preview , inputFormat= instructionSnippet": 0.13439999999999952,
  "model= gpt-4-1106-preview , inputFormat= instruction": 0.24995555555555532,
  "model= gpt-4-1106-preview , margin= 0": 0.025955555555555558,
  "model= gpt-4-1106-preview , margin= 1": 0,
  "model= gpt-4-1106-preview , margin= 2": 0.18915555555555558,
  "model= gpt-4-1106-preview , margin= 5": 0.175288888888889,
  "model= gpt-4-1106-preview , margin= 10": 0.20728888888888897,
  "temperature= 0.1": 0.15999999999999953,
  "temperature= 0.5": 0.15182222222222225,
  "temperature= 0.9": 0.19239999999999965,
  "temperature= 0.1 , instanceType= refactor": 0.15999999999999953,
  "temperature= 0.5 , instanceType= refactor": 0.15182222222222225,
  "temperature= 0.9 , instanceType= refactor": 0.19239999999999965,
  "temperature= 0.1 , model= gpt-4-1106-preview": 0.15999999999999953,
  "temperature= 0.5 , model= gpt-4-1106-preview": 0.15182222222222225,
  "temperature= 0.9 , model= gpt-4-1106-preview": 0.19239999999999965,
  "temperature= 0.1 , instructionType= exampleBased": 0.15999999999999964,
  "temperature= 0.5 , instructionType= exampleBased": 0.17888888888888863,
  "temperature= 0.9 , instructionType= exampleBased": 0.205432098765432,
  "temperature= 0.1 , inputFormat= instructionSnippet": 0.13440000000000038,
  "temperature= 0.1 , inputFormat= instruction": 0.24000000000000007,
  "temperature= 0.5 , inputFormat= instructionSnippet": 0.1056000000000001,
  "temperature= 0.5 , inputFormat= instruction": 0.24960000000000016,
  "temperature= 0.9 , inputFormat= instructionSnippet": 0.15999999999999978,
  "temperature= 0.9 , inputFormat= instruction": 0.2464,
  "temperature= 0.1 , margin= 0": 0,
  "temperature= 0.1 , margin= 1": 0,
  "temperature= 0.1 , margin= 2": 0.2175999999999999,
  "temperature= 0.1 , margin= 5": 0.13439999999999988,
  "temperature= 0.1 , margin= 10": 0.2176,
  "temperature= 0.5 , margin= 0": 0,
  "temperature= 0.5 , margin= 1": 0,
  "temperature= 0.5 , margin= 2": 0.1344,
  "temperature= 0.5 , margin= 5": 0.2016,
  "temperature= 0.5 , margin= 10": 0.13439999999999996,
  "temperature= 0.9 , margin= 0": 0.0736,
  "temperature= 0.9 , margin= 1": 0,
  "temperature= 0.9 , margin= 2": 0.20159999999999992,
  "temperature= 0.9 , margin= 5": 0.18239999999999998,
  "temperature= 0.9 , margin= 10": 0.24000000000000007,
  "instructionType= exampleBased": 0.1827846364883398,
  "instructionType= exampleBased , instanceType= refactor": 0.1827846364883398,
  "instructionType= exampleBased , model= gpt-4-1106-preview": 0.1827846364883398,
  "instructionType= exampleBased , temperature= 0.1": 0.15999999999999964,
  "instructionType= exampleBased , temperature= 0.5": 0.17888888888888863,
  "instructionType= exampleBased , temperature= 0.9": 0.205432098765432,
  "instructionType= exampleBased , inputFormat= instructionSnippet": 0.1518222222222223,
  "instructionType= exampleBased , inputFormat= instruction": 0.24987654320987676,
  "instructionType= exampleBased , margin= 0": 0.042469135802469145,
  "instructionType= exampleBased , margin= 1": 0,
  "instructionType= exampleBased , margin= 2": 0.205432098765432,
  "instructionType= exampleBased , margin= 5": 0.22222222222222207,
  "instructionType= exampleBased , margin= 10": 0.19555555555555557,
  "inputFormat= instructionSnippet": 0.13439999999999952,
  "inputFormat= instruction": 0.24995555555555532,
  "inputFormat= instructionSnippet , instanceType= refactor": 0.13439999999999952,
  "inputFormat= instruction , instanceType= refactor": 0.24995555555555532,
  "inputFormat= instructionSnippet , model= gpt-4-1106-preview": 0.13439999999999952,
  "inputFormat= instruction , model= gpt-4-1106-preview": 0.24995555555555532,
  "inputFormat= instructionSnippet , temperature= 0.1": 0.13440000000000038,
  "inputFormat= instructionSnippet , temperature= 0.5": 0.1056000000000001,
  "inputFormat= instructionSnippet , temperature= 0.9": 0.15999999999999978,
  "inputFormat= instruction , temperature= 0.1": 0.24000000000000007,
  "inputFormat= instruction , temperature= 0.5": 0.24960000000000016,
  "inputFormat= instruction , temperature= 0.9": 0.2464,
  "inputFormat= instructionSnippet , instructionType= exampleBased": 0.1518222222222223,
  "inputFormat= instruction , instructionType= exampleBased": 0.24987654320987676,
  "inputFormat= instructionSnippet , margin= 0": 0.025955555555555558,
  "inputFormat= instructionSnippet , margin= 1": 0,
  "inputFormat= instructionSnippet , margin= 2": 0.18915555555555558,
  "inputFormat= instructionSnippet , margin= 5": 0.175288888888889,
  "inputFormat= instructionSnippet , margin= 10": 0.20728888888888897,
  "iteration= 0": 0.13888888888888892,
  "iteration= 1": 0.1942515432098767,
  "iteration= 2": 0.12943672839506168,
  "iteration= 3": 0.18036265432098766,
  "iteration= 4": 0.15663580246913572,
  "iteration= 5": 0.20061728395061734,
  "iteration= 6": 0.1388888888888889,
  "iteration= 7": 0.13888888888888887,
  "iteration= 8": 0.2469135802469136,
  "iteration= 9": 0.13888888888888884,
  "margin= 0": 0.025955555555555558,
  "margin= 1": 0,
  "margin= 2": 0.18915555555555558,
  "margin= 5": 0.175288888888889,
  "margin= 10": 0.20728888888888897,
  "margin= 0 , instanceType= refactor": 0.025955555555555558,
  "margin= 1 , instanceType= refactor": 0,
  "margin= 2 , instanceType= refactor": 0.18915555555555558,
  "margin= 5 , instanceType= refactor": 0.175288888888889,
  "margin= 10 , instanceType= refactor": 0.20728888888888897,
  "margin= 0 , model= gpt-4-1106-preview": 0.025955555555555558,
  "margin= 1 , model= gpt-4-1106-preview": 0,
  "margin= 2 , model= gpt-4-1106-preview": 0.18915555555555558,
  "margin= 5 , model= gpt-4-1106-preview": 0.175288888888889,
  "margin= 10 , model= gpt-4-1106-preview": 0.20728888888888897,
  "margin= 0 , temperature= 0.1": 0,
  "margin= 0 , temperature= 0.5": 0,
  "margin= 0 , temperature= 0.9": 0.0736,
  "margin= 1 , temperature= 0.1": 0,
  "margin= 1 , temperature= 0.5": 0,
  "margin= 1 , temperature= 0.9": 0,
  "margin= 2 , temperature= 0.1": 0.2175999999999999,
  "margin= 2 , temperature= 0.5": 0.1344,
  "margin= 2 , temperature= 0.9": 0.20159999999999992,
  "margin= 5 , temperature= 0.1": 0.13439999999999988,
  "margin= 5 , temperature= 0.5": 0.2016,
  "margin= 5 , temperature= 0.9": 0.18239999999999998,
  "margin= 10 , temperature= 0.1": 0.2176,
  "margin= 10 , temperature= 0.5": 0.13439999999999996,
  "margin= 10 , temperature= 0.9": 0.24000000000000007,
  "margin= 0 , instructionType= exampleBased": 0.042469135802469145,
  "margin= 1 , instructionType= exampleBased": 0,
  "margin= 2 , instructionType= exampleBased": 0.205432098765432,