{
  "instanceType= refactor": 0.1622085048010979,
  "instanceType= refactor , model= gpt-4-1106-preview": 0.1622085048010979,
  "instanceType= refactor , temperature= 0.1": 0.17888888888888863,
  "instanceType= refactor , temperature= 0.5": 0.1313580246913582,
  "instanceType= refactor , temperature= 0.9": 0.17283950617283966,
  "instanceType= refactor , instructionType= exampleBased": 0.1902469135802468,
  "instanceType= refactor , inputFormat= instructionSnippet": 0.11879506172839503,
  "instanceType= refactor , inputFormat= instruction": 0.248888888888889,
  "instanceType= refactor , margin= 0": 0,
  "instanceType= refactor , margin= 1": 0,
  "instanceType= refactor , margin= 2": 0.14617283950617288,
  "instanceType= refactor , margin= 5": 0.1600000000000001,
  "instanceType= refactor , margin= 10": 0.21432098765432098,
  "model= gpt-4-1106-preview": 0.1622085048010979,
  "model= gpt-4-1106-preview , instanceType= refactor": 0.1622085048010979,
  "model= gpt-4-1106-preview , temperature= 0.1": 0.17888888888888863,
  "model= gpt-4-1106-preview , temperature= 0.5": 0.1313580246913582,
  "model= gpt-4-1106-preview , temperature= 0.9": 0.17283950617283966,
  "model= gpt-4-1106-preview , instructionType= exampleBased": 0.1902469135802468,
  "model= gpt-4-1106-preview , inputFormat= instructionSnippet": 0.11879506172839503,
  "model= gpt-4-1106-preview , inputFormat= instruction": 0.248888888888889,
  "model= gpt-4-1106-preview , margin= 0": 0,
  "model= gpt-4-1106-preview , margin= 1": 0,
  "model= gpt-4-1106-preview , margin= 2": 0.14617283950617288,
  "model= gpt-4-1106-preview , margin= 5": 0.1600000000000001,
  "model= gpt-4-1106-preview , margin= 10": 0.21432098765432098,
  "temperature= 0.1": 0.17888888888888863,
  "temperature= 0.5": 0.1313580246913582,
  "temperature= 0.9": 0.17283950617283966,
  "temperature= 0.1 , instanceType= refactor": 0.17888888888888863,
  "temperature= 0.5 , instanceType= refactor": 0.1313580246913582,
  "temperature= 0.9 , instanceType= refactor": 0.17283950617283966,
  "temperature= 0.1 , model= gpt-4-1106-preview": 0.17888888888888863,
  "temperature= 0.5 , model= gpt-4-1106-preview": 0.1313580246913582,
  "temperature= 0.9 , model= gpt-4-1106-preview": 0.17283950617283966,
  "temperature= 0.1 , instructionType= exampleBased": 0.2099999999999999,
  "temperature= 0.5 , instructionType= exampleBased": 0.17888888888888885,
  "temperature= 0.9 , instructionType= exampleBased": 0.17888888888888885,
  "temperature= 0.1 , inputFormat= instructionSnippet": 0.14328888888888872,
  "temperature= 0.1 , inputFormat= instruction": 0.24888888888888888,
  "temperature= 0.5 , inputFormat= instructionSnippet": 0.08462222222222228,
  "temperature= 0.5 , inputFormat= instruction": 0.24888888888888888,
  "temperature= 0.9 , inputFormat= instructionSnippet": 0.1251555555555555,
  "temperature= 0.9 , inputFormat= instruction": 0.24000000000000005,
  "temperature= 0.1 , margin= 0": 0,
  "temperature= 0.1 , margin= 1": 0,
  "temperature= 0.1 , margin= 2": 0.1955555555555556,
  "temperature= 0.1 , margin= 5": 0.16000000000000006,
  "temperature= 0.1 , margin= 10": 0.24000000000000005,
  "temperature= 0.5 , margin= 0": 0,
  "temperature= 0.5 , margin= 1": 0,
  "temperature= 0.5 , margin= 2": 0.06222222222222224,
  "temperature= 0.5 , margin= 5": 0.1955555555555556,
  "temperature= 0.5 , margin= 10": 0.11555555555555556,
  "temperature= 0.9 , margin= 0": 0,
  "temperature= 0.9 , margin= 1": 0,
  "temperature= 0.9 , margin= 2": 0.16000000000000006,
  "temperature= 0.9 , margin= 5": 0.11555555555555554,
  "temperature= 0.9 , margin= 10": 0.24000000000000005,
  "instructionType= exampleBased": 0.1902469135802468,
  "instructionType= exampleBased , instanceType= refactor": 0.1902469135802468,
  "instructionType= exampleBased , model= gpt-4-1106-preview": 0.1902469135802468,
  "instructionType= exampleBased , temperature= 0.1": 0.2099999999999999,
  "instructionType= exampleBased , temperature= 0.5": 0.17888888888888885,
  "instructionType= exampleBased , temperature= 0.9": 0.17888888888888885,
  "instructionType= exampleBased , inputFormat= instructionSnippet": 0.14328888888888872,
  "instructionType= exampleBased , inputFormat= instruction": 0.2222222222222222,
  "instructionType= exampleBased , margin= 0": 0,
  "instructionType= exampleBased , margin= 1": 0,
  "instructionType= exampleBased , margin= 2": 0.11555555555555554,
  "instructionType= exampleBased , margin= 5": 0.24888888888888885,
  "instructionType= exampleBased , margin= 10": 0.1955555555555556,
  "inputFormat= instructionSnippet": 0.11879506172839503,
  "inputFormat= instruction": 0.248888888888889,
  "inputFormat= instructionSnippet , instanceType= refactor": 0.11879506172839503,
  "inputFormat= instruction , instanceType= refactor": 0.248888888888889,
  "inputFormat= instructionSnippet , model= gpt-4-1106-preview": 0.11879506172839503,
  "inputFormat= instruction , model= gpt-4-1106-preview": 0.248888888888889,
  "inputFormat= instructionSnippet , temperature= 0.1": 0.14328888888888872,
  "inputFormat= instructionSnippet , temperature= 0.5": 0.08462222222222228,
  "inputFormat= instructionSnippet , temperature= 0.9": 0.1251555555555555,
  "inputFormat= instruction , temperature= 0.1": 0.24888888888888888,
  "inputFormat= instruction , temperature= 0.5": 0.24888888888888888,
  "inputFormat= instruction , temperature= 0.9": 0.24000000000000005,
  "inputFormat= instructionSnippet , instructionType= exampleBased": 0.14328888888888872,
  "inputFormat= instruction , instructionType= exampleBased": 0.2222222222222222,
  "inputFormat= instructionSnippet , margin= 0": 0,
  "inputFormat= instructionSnippet , margin= 1": 0,
  "inputFormat= instructionSnippet , margin= 2": 0.14617283950617288,
  "inputFormat= instructionSnippet , margin= 5": 0.1600000000000001,
  "inputFormat= instructionSnippet , margin= 10": 0.21432098765432098,
  "iteration= 0": 0.1262002743484226,
  "iteration= 1": 0.1827846364883403,
  "iteration= 2": 0.12620027434842257,
  "iteration= 3": 0.1920438957475993,
  "iteration= 4": 0.17283950617283964,
  "margin= 0": 0,
  "margin= 1": 0,
  "margin= 2": 0.14617283950617288,
  "margin= 5": 0.1600000000000001,
  "margin= 10": 0.21432098765432098,
  "margin= 0 , instanceType= refactor": 0,
  "margin= 1 , instanceType= refactor": 0,
  "margin= 2 , instanceType= refactor": 0.14617283950617288,
  "margin= 5 , instanceType= refactor": 0.1600000000000001,
  "margin= 10 , instanceType= refactor": 0.21432098765432098,
  "margin= 0 , model= gpt-4-1106-preview": 0,
  "margin= 1 , model= gpt-4-1106-preview": 0,
  "margin= 2 , model= gpt-4-1106-preview": 0.14617283950617288,
  "margin= 5 , model= gpt-4-1106-preview": 0.1600000000000001,
  "margin= 10 , model= gpt-4-1106-preview": 0.21432098765432098,
  "margin= 0 , temperature= 0.1": 0,
  "margin= 0 , temperature= 0.5": 0,
  "margin= 0 , temperature= 0.9": 0,
  "margin= 1 , temperature= 0.1": 0,
  "margin= 1 , temperature= 0.5": 0,
  "margin= 1 , temperature= 0.9": 0,
  "margin= 2 , temperature= 0.1": 0.1955555555555556,
  "margin= 2 , temperature= 0.5": 0.06222222222222224,
  "margin= 2 , temperature= 0.9": 0.16000000000000006,
  "margin= 5 , temperature= 0.1": 0.16000000000000006,
  "margin= 5 , temperature= 0.5": 0.1955555555555556,
  "margin= 5 , temperature= 0.9": 0.11555555555555554,
  "margin= 10 , temperature= 0.1": 0.24000000000000005,
  "margin= 10 , temperature= 0.5": 0.11555555555555556,
  "margin= 10 , temperature= 0.9": 0.24000000000000005,
  "margin= 0 , instructionType= exampleBased": 0,
  "margin= 1 , instructionType= exampleBased": 0,
  "margin= 2 , instructionType= exampleBased": 0.11555555555555554,
  "margin= 5 , instructionType= exampleBased": 0.24888888888888885,
  "margin= 10 , instructionType= exampleBased": 0.1955555555555556,
  "margin= 0 , inputFormat= instructionSnippet": 0,
  "margin= 1 , inputFormat= instructionSnippet": 0,
  "margin= 2 , inputFormat= instructionSnippet": 0.14617283950617288,