{
  "mean": 0.03,
  "count": 54,
  "sum": 1.4,
  "max": 0.42,
  "min": 0,
  "raw": [
    0,
    0,
    0,
    0,
    0,
    0,
    0,
    0,
    0,
    0,
    0,
    0,
    0,
    0,
    0,
    0,
    0,
    0,
    0,
    0,
    0,
    null,
    0,
    null,
    0,
    0,
    0,
    null,
    0,
    null,
    0.09523809523809523,
    0,
    0,
    null,
    null,
    null,
    0,
    0.0684931506849315,
    0,
    0,
    null,
    null,
    0,
    0.0125,
    0,
    0.4166666666666667,
    0.29411764705882354,
    0.29411764705882354,
    0,
    null,
    0,
    0.21428571428571427,
    null,
    0
  ]
}