{
  "mean": 0.78,
  "count": 54,
  "sum": 42.33,
  "max": 1,
  "min": 0,
  "raw": [
    1,
    1,
    1,
    1,
    1,
    1,
    1,
    1,
    1,
    1,
    1,
    1,
    1,
    1,
    1,
    1,
    1,
    1,
    1,
    1,
    0.8333333333333334,
    0,
    1,
    0,
    1,
    1,
    1,
    0,
    0.8333333333333334,
    0,
    1,
    0.8333333333333334,
    0.8333333333333334,
    0,
    0,
    0,
    1,
    1,
    1,
    1,
    0,
    0,
    1,
    1,
    1,
    1,
    1,
    1,
    1,
    0,
    1,
    1,
    0,
    1
  ]
}