{
  "mean": 0.4090909090909091,
  "median": 0,
  "variance": 0.24173553719008248,
  "count": 9,
  "groupedCount": {
    "0": 13,
    "1": 9
  }
}