{
  "mean": 0.13636363636363635,
  "median": 0,
  "variance": 0.1177685950413224,
  "count": 3,
  "groupedCount": {
    "0": 19,
    "1": 3
  }
}