{
  "mean": 0.23,
  "count": 23,
  "sum": 5.2,
  "max": 0.67,
  "min": 0,
  "raw": [
    0.3333333333333333,
    0.2,
    0,
    0.2,
    0.3333333333333333,
    0.2,
    0.2,
    0.3333333333333333,
    0.6666666666666666,
    0.6,
    0.2,
    0,
    0,
    0.3333333333333333,
    0.2,
    0.2,
    0.3333333333333333,
    0.3333333333333333,
    0.2,
    0,
    0,
    0,
    0.3333333333333333
  ]
}