{
  "PositiveComments=true": 0.1983471074380165,
  "PositiveComments=false": 0.1983471074380165,
  "meaningfulComments=true": 0,
  "meaningfulComments=false": 0,
  "Readability": 0,
  "Complexity": 0.1983471074380165,
  "ManualChanges": 0,
  "IntentionalDesignChoice": 0,
  "Performance": 0,
  "RefactoringNotWorthIt": 0.14876033057851235,
  "LongLines": 0,
  "NotEnough": 0.08264462809917351,
  "SmallerDataClump": 0,
  "LargerDataClump": 0.08264462809917351,
  "OverEngineered": 0,
  "DocumentationIssues": 0.08264462809917354,
  "JavaRecordBetter": 0.14876033057851235,
  "ExtractedClassLocation": 0.1983471074380165,
  "NoMeaningfulFeedback": 0.1983471074380165,
  "LLM_Useful": 0,
  "ClassName": 0.08264462809917353,
  "ImportsIssues": 0.14876033057851235,
  "SemanticChanges": 0.08264462809917353,
  "SameBaseClass": 0.1983471074380165,
  "ExtractedClassShouldNotBePublic": 0.08264462809917354,
  "StyleAdaption": 0.14876033057851237,
  "LicenseHeaderMissing": 0.14876033057851235,
  "LLM_LegalIssues": 0.08264462809917354,
  "InvalidPR": 0,
  "ImprovedMaintainability": 0,
  "IsolatedComponents": 0,
  "DeveloperMustOverseeLLM": 0,
  "Good_Idea": 0.08264462809917351,
  "merged=true": 0.2479338842975206,
  "merged=false": 0.24793388429752064,
  "state=open": 0.1983471074380165,
  "state=closed": 0.1983471074380165,
  "category=detectAndRefactor": 0.24793388429752064,
  "category=nameSuggestion": 0.2479338842975206,
  "type=fields_to_fields_data_clump": 0.2479338842975206,
  "type=parameters_to_parameters_data_clump": 0.24793388429752064,
  "CodeReadability": 0.14876033057851232,
  "Usefulness": 0,
  "Details": 0.2479338842975206,
  "DataClumpChoice": 0.08264462809917351,
  "ManualWork": 0.23140495867768596,
  "FunctionalImpact": 0.08264462809917353,
  "GeneralComments": 0.08264462809917353,
  "size": 2.9256198347107443
}