{
  "mean": 0.62,
  "count": 150,
  "groupedCount": {
    "0": 28,
    "1": 39,
    "0.1384615384615384": 1,
    "0.15384615384615385": 1,
    "0.07407407407407407": 1,
    "0.3793103448275862": 1,
    "0.27083333333333337": 1,
    "0.4736842105263158": 1,
    "0.8441558441558441": 1,
    "0.8133333333333334": 1,
    "0.8235294117647058": 2,
    "0.8571428571428572": 3,
    "0.9655172413793104": 1,
    "0.8421052631578947": 2,
    "0.8": 2,
    "0.4651162790697675": 1,
    "0.5357142857142857": 1,
    "0.9411764705882353": 1,
    "0.7083333333333333": 1,
    "0.6923076923076923": 1,
    "0.41666666666666663": 7,
    "0.7037037037037037": 1,
    "0.5294117647058824": 4,
    "0.65": 3,
    "0.5333333333333333": 1,
    "0.33333333333333337": 2,
    "0.6": 1,
    "0.5882352941176471": 4,
    "0.7272727272727273": 1,
    "0.8484848484848485": 1,
    "0.7741935483870968": 1,
    "0.8536585365853658": 1,
    "0.7": 1,
    "0.8611111111111112": 1,
    "0.8305084745762712": 1,
    "0.9210526315789473": 1,
    "0.6025641025641026": 1,
    "0.8823529411764706": 1,
    "0.9459459459459459": 1,
    "0.4666666666666667": 2,
    "0.9": 1,
    "0.8292682926829268": 1,
    "0.631578947368421": 1,
    "0.6363636363636364": 1,
    "0.3846153846153846": 1,
    "0.5": 1,
    "0.8181818181818181": 1,
    "0.6428571428571428": 2,
    "0.6666666666666667": 1,
    "0.31818181818181823": 1,
    "0.5833333333333333": 1,
    "0.9047619047619048": 1,
    "0.9130434782608696": 1,
    "0.782608695652174": 1,
    "0.8846153846153846": 2,
    "0.85": 1,
    "0.8333333333333334": 1,
    "0.75": 1,
    "0.9642857142857143": 1,
    "0.8888888888888888": 1,
    "0.7058823529411764": 1,
    "0.6842105263157895": 1
  },
  "raw": [
    0.1384615384615384,
    0.15384615384615385,
    0.07407407407407407,
    0.3793103448275862,
    0.27083333333333337,
    0,
    0.4736842105263158,
    0.8441558441558441,
    0,
    0.8133333333333334,
    0.8235294117647058,
    0.8571428571428572,
    0.9655172413793104,
    0.8421052631578947,
    0.8571428571428572,
    0.8,
    0.4651162790697675,
    0.5357142857142857,
    0.9411764705882353,
    0.8571428571428572,
    0,
    1,
    0.7083333333333333,
    0.6923076923076923,
    0.41666666666666663,
    0.7037037037037037,
    0.41666666666666663,
    0.41666666666666663,
    0,
    0.41666666666666663,
    0.5294117647058824,
    0.65,
    0.5294117647058824,
    1,
    1,
    0,
    0.5333333333333333,
    0,
    0,
    0,
    0.33333333333333337,
    1,
    1,
    1,
    1,
    0,
    0.65,
    0.6,
    0.5882352941176471,
    0.7272727272727273,
    0.8484848484848485,
    0.7741935483870968,
    1,
    1,
    0.8536585365853658,
    0.7,
    1,
    0.8611111111111112,
    0.8305084745762712,
    0.41666666666666663,
    0.9210526315789473,
    0.6025641025641026,
    1,
    1,
    0.8823529411764706,
    0.9459459459459459,
    0.8,
    0.4666666666666667,
    0.9,
    0.8421052631578947,
    1,
    1,
    0.41666666666666663,
    0,
    1,
    0.41666666666666663,
    1,
    1,
    1,
    1,
    0,
    0.65,
    0.8292682926829268,
    1,
    0.631578947368421,
    0.5294117647058824,
    1,
    0,
    0,
    0.6363636363636364,
    1,
    0,
    0.3846153846153846,
    0,
    0.5,
    0.5882352941176471,
    0.5882352941176471,
    1,
    0.4666666666666667,
    0,
    0.8235294117647058,
    0.33333333333333337,
    0.8181818181818181,
    1,
    1,
    0,
    1,
    0.6428571428571428,
    0.6666666666666667,
    0.31818181818181823,
    0.5833333333333333,
    0.9047619047619048,
    0.9130434782608696,
    0.782608695652174,
    0.5882352941176471,
    0.8846153846153846,
    0.8846153846153846,
    1,
    0.85,
    1,
    0,
    0,
    0,
    1,
    1,
    1,
    1,
    0.8333333333333334,
    0,
    1,
    0.5294117647058824,
    0,
    0.75,
    1,
    1,
    0,
    0,
    1,
    1,
    0.6428571428571428,
    0.9642857142857143,
    0.8888888888888888,
    0,
    0,
    0.7058823529411764,
    0.6842105263157895,
    1,
    0,
    0,
    1
  ]
}