{
  "mean": 2.35,
  "count": 63,
  "sum": 148.33,
  "max": 9.33,
  "min": 1.33,
  "raw": [
    4,
    2,
    2,
    2,
    2,
    2,
    4,
    4,
    2,
    2,
    2,
    2,
    2,
    4,
    4,
    2,
    2,
    2,
    2,
    2,
    9.333333333333334,
    4.666666666666667,
    1.6666666666666667,
    1.6666666666666667,
    1.6666666666666667,
    1.6666666666666667,
    1.6666666666666667,
    2.6666666666666665,
    4.666666666666667,
    1.6666666666666667,
    1.6666666666666667,
    1.6666666666666667,
    1.6666666666666667,
    1.6666666666666667,
    2.6666666666666665,
    1.6666666666666667,
    1.6666666666666667,
    1.6666666666666667,
    1.6666666666666667,
    1.6666666666666667,
    1.6666666666666667,
    2.6666666666666665,
    3.3333333333333335,
    1.3333333333333333,
    1.3333333333333333,
    1.3333333333333333,
    1.3333333333333333,
    1.3333333333333333,
    3.3333333333333335,
    3.3333333333333335,
    1.3333333333333333,
    1.3333333333333333,
    3.3333333333333335,
    1.3333333333333333,
    1.3333333333333333,
    4.333333333333333,
    3.3333333333333335,
    1.3333333333333333,
    1.3333333333333333,
    1.3333333333333333,
    1.3333333333333333,
    3.3333333333333335,
    3.3333333333333335
  ]
}