{
  "mean": 2.49,
  "count": 63,
  "sum": 156.67,
  "max": 5.33,
  "min": 0,
  "raw": [
    4,
    2,
    2,
    2,
    2,
    2,
    4,
    4,
    2,
    2,
    2,
    2,
    2,
    4,
    4,
    2,
    2,
    2,
    2,
    2,
    null,
    4.666666666666667,
    1.6666666666666667,
    1.6666666666666667,
    1.6666666666666667,
    1.6666666666666667,
    1.6666666666666667,
    2.6666666666666665,
    4.666666666666667,
    1.6666666666666667,
    1.6666666666666667,
    1.6666666666666667,
    1.6666666666666667,
    1.6666666666666667,
    2.6666666666666665,
    4.666666666666667,
    1.6666666666666667,
    1.6666666666666667,
    1.6666666666666667,
    1.6666666666666667,
    1.6666666666666667,
    2.6666666666666665,
    3.3333333333333335,
    3.3333333333333335,
    1.3333333333333333,
    1.3333333333333333,
    1.3333333333333333,
    1.3333333333333333,
    3.3333333333333335,
    3.3333333333333335,
    1.3333333333333333,
    3.3333333333333335,
    1.3333333333333333,
    1.3333333333333333,
    5.333333333333333,
    5.333333333333333,
    4.333333333333333,
    3.3333333333333335,
    null,
    1.3333333333333333,
    3.3333333333333335,
    5.333333333333333,
    5.333333333333333
  ]
}