{
  "mean": 0.87,
  "count": 63,
  "sum": 54.58,
  "max": 1,
  "min": 0,
  "raw": [
    1,
    1,
    1,
    1,
    1,
    1,
    0,
    1,
    0.18181818181818182,
    0.18181818181818182,
    1,
    1,
    1,
    0,
    0,
    1,
    1,
    1,
    1,
    1,
    0.3333333333333333,
    0.97,
    0.97,
    0.97,
    0.97,
    0.97,
    0.97,
    0.97,
    0.97,
    0.97,
    0.97,
    0,
    0.97,
    0.97,
    0.97,
    0.97,
    0.97,
    0.7666666666666667,
    0.97,
    0.97,
    0.97,
    0.97,
    1,
    1,
    1,
    1,
    0.4375,
    1,
    1,
    1,
    1,
    1,
    1,
    1,
    1,
    1,
    1,
    1,
    0.25,
    1,
    1,
    1,
    1
  ]
}