{
  "PositionOnGroundTruthMetric": 5.380952380952381,
  "DataClumpSizeMetric": 15.761904761904763,
  "DataClumpSizeOccurence": 1.9047619047619047,
  "FieldsToFieldsMetric": 0.9523809523809523,
  "ParametersToParametersMetric": 0,
  "InvalidJSON": 0.9523809523809523,
  "reason=size": 0.19047619047619047,
  "reason=occurrence": 0.7142857142857143,
  "reason=affected_files": 0,
  "reason=domain": 0.047619047619047616,
  "reason=other": 0
}