{
  "mean": 0.05,
  "count": 30,
  "sum": 1.04,
  "max": 0.47,
  "min": 0,
  "raw": [
    0.10526315789473684,
    0,
    0,
    0,
    0,
    0,
    0,
    0.1,
    0.058823529411764705,
    0,
    0,
    0.20833333333333334,
    null,
    0,
    null,
    null,
    null,
    0,
    null,
    null,
    0.03571428571428571,
    0,
    null,
    null,
    0.058823529411764705,
    0.47058823529411764,
    0,
    null,
    null,
    0
  ]
}