{
  "mean": 0.73,
  "count": 30,
  "sum": 22.05,
  "max": 1,
  "min": 0.25,
  "raw": [
    0.8235294117647058,
    0.8571428571428572,
    0.5747126436781609,
    0.7894736842105263,
    0.8571428571428572,
    0.8,
    0.48888888888888893,
    0.25,
    0.3529411764705882,
    0.8571428571428572,
    0.9210526315789473,
    0.2692307692307693,
    1,
    1,
    0.8823529411764706,
    0.9459459459459459,
    0.7333333333333334,
    0.4666666666666667,
    0.9,
    0.7894736842105263,
    0.5,
    0.9047619047619048,
    0.9130434782608696,
    0.782608695652174,
    0.5882352941176471,
    0.8846153846153846,
    0.7307692307692308,
    1,
    0.85,
    0.33333333333333337
  ]
}