{
  "PositiveComments=true": 0.24000000000000005,
  "PositiveComments=false": 0.24000000000000005,
  "meaningfulComments=true": 0,
  "meaningfulComments=false": 0,
  "Readability": 0,
  "Complexity": 0.16000000000000006,
  "ManualChanges": 0.25,
  "IntentionalDesignChoice": 0,
  "Performance": 0.09000000000000001,
  "RefactoringNotWorthIt": 0.16000000000000006,
  "LongLines": 0.24,
  "NotEnough": 0.09000000000000001,
  "SmallerDataClump": 0.16000000000000006,
  "LargerDataClump": 0.09000000000000001,
  "OverEngineered": 0.09000000000000001,
  "DocumentationIssues": 0,
  "JavaRecordBetter": 0,
  "ExtractedClassLocation": 0,
  "NoMeaningfulFeedback": 0,
  "LLM_Useful": 0,
  "ClassName": 0.09000000000000001,
  "ImportsIssues": 0.09000000000000001,
  "SemanticChanges": 0.09000000000000001,
  "SameBaseClass": 0.09000000000000001,
  "ExtractedClassShouldNotBePublic": 0,
  "StyleAdaption": 0,
  "LicenseHeaderMissing": 0.09000000000000001,
  "LLM_LegalIssues": 0,
  "InvalidPR": 0.09000000000000001,
  "ImprovedMaintainability": 0,
  "IsolatedComponents": 0,
  "DeveloperMustOverseeLLM": 0,
  "Good_Idea": 0,
  "merged=true": 0.09000000000000001,
  "merged=false": 0.09000000000000001,
  "state=open": 0.16000000000000006,
  "state=closed": 0.16000000000000003,
  "category=detectAndRefactor": 0.16000000000000006,
  "category=nameSuggestion": 0.16000000000000006,
  "type=fields_to_fields_data_clump": 0.24000000000000005,
  "type=parameters_to_parameters_data_clump": 0.24000000000000005,
  "CodeReadability": 0,
  "Usefulness": 0.25,
  "Details": 0.09000000000000001,
  "DataClumpChoice": 0.16000000000000006,
  "ManualWork": 0.21000000000000002,
  "FunctionalImpact": 0.16000000000000006,
  "GeneralComments": 0.16000000000000006,
  "size": 8.290000000000001
}