{
  "mean": 0.8064516129032258,
  "median": 1,
  "variance": 0.15608740894901144,
  "count": 25,
  "groupedCount": {
    "0": 6,
    "1": 25
  }
}