{
  "mean": 0.8636363636363636,
  "median": 1,
  "variance": 0.11776859504132237,
  "count": 19,
  "groupedCount": {
    "0": 3,
    "1": 19
  }
}