{
  "ValidPrograms": 0.49333333333333335,
  "RemainingAttemptCount": 2.026666666666667,
  "RemovedDataClumps": -38.093333333333334,
  "GitChanges": 138.69333333333333,
  "CommentOut": 0.8760138584325529,
  "InvalidJSON": 0.9644444444444445
}