{
  "ValidPrograms": 0.13777777777777778,
  "RemainingAttemptCount": 0.28888888888888886,
  "RemovedDataClumps": 1.7022222222222223,
  "GitChanges": 155.04888888888888,
  "CommentOut": 0.9800454024922847,
  "InvalidJSON": 0.9977777777777777
}