{
  "ValidPrograms": 0.5111111111111111,
  "RemainingAttemptCount": 2.2222222222222223,
  "RemovedDataClumps": -61.86666666666667,
  "GitChanges": 85.4888888888889,
  "CommentOut": 0.8343008375661234,
  "InvalidJSON": 0.9777777777777777
}