{
  "ValidPrograms": 0.24074074074074073,
  "RemainingAttemptCount": 1.0074074074074073,
  "RemovedDataClumps": -33.233333333333334,
  "GitChanges": 163.93703703703704,
  "CommentOut": 0.7561653680107403,
  "InvalidJSON": 0.9722222222222229
}