{
  "ValidPrograms": 0.24,
  "RemainingAttemptCount": 1.24,
  "RemovedDataClumps": -34.6,
  "GitChanges": 187.28,
  "CommentOut": 0.7616611022276658,
  "InvalidJSON": 0.9866666666666667
}