{
  "ValidPrograms": 0.16,
  "RemainingAttemptCount": 0.48,
  "RemovedDataClumps": -15.44,
  "GitChanges": 228.44,
  "CommentOut": 0.9083333333333334,
  "InvalidJSON": 0.9533333333333333
}