{
  "ValidPrograms": 0.29333333333333333,
  "RemainingAttemptCount": 0.9333333333333333,
  "RemovedDataClumps": -21.413333333333334,
  "GitChanges": 212.08,
  "CommentOut": 0.8441690408357073,
  "InvalidJSON": 0.971111111111111
}