{
  "ValidPrograms": 0.15,
  "RemainingAttemptCount": 0.7166666666666667,
  "RemovedDataClumps": -31.733333333333334,
  "GitChanges": 198.01666666666668,
  "CommentOut": 0.5854297306053112,
  "InvalidJSON": 0.9500000000000001
}