{
  "ValidPrograms": 0.08,
  "RemainingAttemptCount": 0.36,
  "RemovedDataClumps": -16.96,
  "GitChanges": 261.68,
  "CommentOut": 0.8398768337923935,
  "InvalidJSON": 0.9866666666666666
}