{
  "ValidPrograms": 0,
  "RemainingAttemptCount": 0,
  "RemovedDataClumps": 0,
  "GitChanges": 121.8,
  "CommentOut": 0.9177835009241109,
  "InvalidJSON": 0.9933333333333333
}