{
  "mean": 1.09,
  "count": 90,
  "sum": 98.31,
  "max": 6.37,
  "min": 0,
  "raw": [
    0.7595896435378791,
    0.41596476085604905,
    0.7595896435378791,
    0.9004535349436154,
    0.25157856243586707,
    0,
    0.25157856243586707,
    0.7851635033696382,
    0.7851635033696382,
    0.27682432830710724,
    0.25157856243586707,
    0.20113522499902103,
    0.8748040747537686,
    0.7851635033696382,
    0.797956709593926,
    0.15075594267135983,
    0,
    0.25157856243586707,
    0,
    0.27682432830710724,
    0.8491714725780568,
    0,
    0.9518031626966419,
    0.4920667397233345,
    0.8235556952204988,
    0.22634887155575,
    0,
    0.025086384411217466,
    0,
    0.05018857127401333,
    2.4189512534811968,
    0,
    0,
    0,
    0,
    0,
    0,
    0,
    0,
    0,
    0,
    0,
    0,
    0,
    0,
    0,
    0,
    0.04146024021859773,
    3.76791149496448,
    0,
    0,
    0,
    0,
    0,
    0,
    0,
    0,
    0.3737859289352201,
    0,
    0,
    5.79460499957294,
    0,
    0,
    0,
    0,
    0,
    5.79460499957294,
    5.79460499957294,
    5.79460499957294,
    5.79460499957294,
    0,
    0,
    5.79460499957294,
    0,
    5.79460499957294,
    5.79460499957294,
    5.79460499957294,
    2.4113297147953148,
    5.79460499957294,
    0,
    0,
    3.49075094828504,
    0,
    0,
    6.372321688286249,
    3.49075094828504,
    0.008135460478342793,
    0,
    0,
    5.79460499957294
  ]
}