{
  "mean": 0.95,
  "count": 25,
  "sum": 23.83,
  "max": 1,
  "min": 0.5,
  "raw": [
    1,
    1,
    1,
    1,
    1,
    1,
    1,
    1,
    0.8333333333333334,
    1,
    1,
    1,
    1,
    1,
    1,
    1,
    1,
    1,
    1,
    1,
    1,
    0.8333333333333334,
    0.8333333333333334,
    0.5,
    0.8333333333333334
  ]
}