{
  "mean": 203.13,
  "count": 12,
  "groupedCount": {
    "2": 3,
    "4": 1,
    "16": 1,
    "21": 1,
    "23": 1,
    "47": 1,
    "1436": 1,
    "293.6666666666667": 1,
    "541.4285714285714": 1,
    "49.416666666666664": 1
  },
  "raw": [
    2,
    47,
    293.6666666666667,
    23,
    2,
    541.4285714285714,
    4,
    2,
    49.416666666666664,
    16,
    21,
    1436
  ]
}