{
  "mean": 0.1,
  "count": 28,
  "sum": 2.85,
  "max": 0.33,
  "min": 0,
  "raw": [
    0.2,
    0,
    0.2,
    0,
    0.2,
    0,
    0.2,
    0,
    0.2,
    0,
    0,
    0.2,
    0,
    0,
    0,
    0.2,
    0,
    0.2,
    0,
    0,
    0.2,
    0.18181818181818182,
    0,
    0.3333333333333333,
    0.3333333333333333,
    0.2,
    0,
    0
  ]
}