{
  "Surety": [
    1,
    2.75,
    1.75,
    2,
    3,
    2.25,
    1,
    3.25,
    2.5,
    2.75,
    2,
    2.75,
    3.75,
    3.5,
    5.25,
    -0.75,
    2,
    2,
    1.25,
    0.75,
    2.5,
    0.75,
    1,
    1.75,
    0.75
  ],
  "OutputFormatCorrectness": [
    0.8235294117647058,
    0.8256880733944955,
    0.8529411764705882,
    0.6296296296296297,
    0.8395061728395061,
    0.8256880733944955,
    0.8148148148148148,
    0.8297872340425532,
    0.8409090909090909,
    0.8455284552845529,
    0.8529411764705882,
    0.8260869565217391,
    0.8372093023255814,
    0.8527131782945736,
    0.8081534772182254,
    0.8148148148148148,
    0.5901639344262295,
    0.8703703703703703,
    0.8585858585858586,
    0.8148148148148148,
    0.8235294117647058,
    0.8518518518518519,
    0.8888888888888888,
    0.5901639344262295,
    0.8148148148148148
  ],
  "InvalidJSON": [
    1,
    1,
    1,
    1,
    1,
    1,
    1,
    1,
    1,
    1,
    1,
    1,
    1,
    1,
    0,
    1,
    1,
    1,
    0,
    1,
    1,
    1,
    1,
    1,
    1
  ],
  "DataClumpSize_mean": [
    5,
    9,
    8,
    7,
    6.333333333333333,
    6.333333333333333,
    3,
    5.5,
    6.333333333333333,
    6.333333333333333,
    8,
    6.333333333333333,
    7.5,
    9,
    4.666666666666667,
    4,
    3.5,
    14,
    14.333333333333334,
    3,
    6.666666666666667,
    4,
    25,
    7.5,
    25
  ],
  "DataClumpOccurence_mean": [
    6,
    2.6666666666666665,
    3,
    3,
    4,
    6,
    6,
    6,
    2.6666666666666665,
    2.6666666666666665,
    3,
    2.6666666666666665,
    6,
    2,
    5.333333333333333,
    2,
    38.5,
    1.5,
    279,
    833,
    97,
    8,
    2,
    16,
    2
  ],
  "FieldToField_mean": [
    0,
    0.3333333333333333,
    0.5,
    0.5,
    0.3333333333333333,
    0,
    0,
    0.25,
    0.3333333333333333,
    0.3333333333333333,
    0.5,
    0.3333333333333333,
    0.25,
    0.5,
    0,
    0,
    0,
    0.5,
    1,
    0,
    0,
    0,
    1,
    0,
    0
  ],
  "ParametersToParameters_mean": [
    1,
    0.6666666666666666,
    0.5,
    0.5,
    0.6666666666666666,
    1,
    1,
    0.75,
    0.6666666666666666,
    0.6666666666666666,
    0.5,
    0.6666666666666666,
    0.75,
    0.5,
    1,
    1,
    1,
    0,
    0,
    1,
    1,
    0,
    0,
    1,
    1
  ],
  "DataClumpSize_count": [
    1,
    3,
    2,
    2,
    3,
    3,
    1,
    4,
    3,
    3,
    2,
    3,
    4,
    4,
    6,
    1,
    2,
    2,
    3,
    1,
    3,
    1,
    1,
    2,
    1
  ],
  "DataClumpOccurence_count": [
    1,
    3,
    2,
    2,
    3,
    3,
    1,
    4,
    3,
    3,
    2,
    3,
    4,
    4,
    6,
    1,
    2,
    2,
    3,
    1,
    3,
    1,
    1,
    2,
    1
  ],
  "FieldToField_count": [
    1,
    3,
    2,
    2,
    3,
    3,
    1,
    4,
    3,
    3,
    2,
    3,
    4,
    4,
    6,
    1,
    2,
    2,
    3,
    1,
    3,
    1,
    1,
    2,
    1
  ],
  "ParametersToParameters_count": [
    1,
    3,
    2,
    2,
    3,
    3,
    1,
    4,
    3,
    3,
    2,
    3,
    4,
    4,
    6,
    1,
    2,
    2,
    3,
    1,
    3,
    1,
    1,
    2,
    1
  ],
  "DataClumpSize_groupedCount": [
    {
      "5": 1
    },
    {
      "5": 1,
      "11": 2
    },
    {
      "5": 1,
      "11": 1
    },
    {
      "3": 1,
      "11": 1
    },
    {
      "3": 1,
      "5": 1,
      "11": 1
    },
    {
      "3": 1,
      "5": 1,
      "11": 1
    },
    {
      "3": 1
    },
    {
      "3": 2,
      "5": 1,
      "11": 1
    },
    {
      "3": 1,
      "5": 1,
      "11": 1
    },
    {
      "3": 1,
      "5": 1,
      "11": 1
    },
    {
      "5": 1,
      "11": 1
    },
    {
      "3": 1,
      "5": 1,
      "11": 1
    },
    {
      "3": 1,
      "5": 1,
      "11": 2
    },
    {
      "3": 1,
      "11": 3
    },
    {
      "3": 4,
      "5": 1,
      "11": 1
    },
    {
      "4": 1
    },
    {
      "3": 1,
      "4": 1
    },
    {
      "3": 1,
      "25": 1
    },
    {
      "3": 1,
      "15": 1,
      "25": 1
    },
    {
      "3": 1
    },
    {
      "3": 1,
      "5": 1,
      "12": 1
    },
    {
      "4": 1
    },
    {
      "25": 1
    },
    {
      "3": 1,
      "12": 1
    },
    {
      "25": 1
    }
  ],
  "DataClumpOccurence_groupedCount": [
    {
      "6": 1
    },
    {
      "0": 1,
      "2": 1,
      "6": 1
    },
    {
      "0": 1,
      "6": 1
    },
    {
      "0": 1,
      "6": 1
    },
    {
      "0": 1,
      "6": 2
    },
    {
      "0": 1,
      "6": 1,
      "12": 1
    },
    {
      "6": 1
    },
    {
      "0": 1,
      "6": 2,
      "12": 1
    },
    {
      "0": 1,
      "2": 1,
      "6": 1
    },
    {
      "0": 1,
      "2": 1,
      "6": 1
    },
    {
      "0": 1,
      "6": 1
    },
    {
      "0": 1,
      "2": 1,
      "6": 1
    },
    {
      "0": 1,
      "6": 2,
      "12": 1
    },
    {
      "0": 2,
      "2": 1,
      "6": 1
    },
    {
      "2": 1,
      "6": 5
    },
    {
      "2": 1
    },
    {
      "30": 1,
      "47": 1
    },
    {
      "1": 1,
      "2": 1
    },
    {
      "2": 2,
      "833": 1
    },
    {
      "833": 1
    },
    {
      "2": 2,
      "287": 1
    },
    {
      "8": 1
    },
    {
      "2": 1
    },
    {
      "2": 1,
      "30": 1
    },
    {
      "2": 1
    }
  ],
  "FieldToField_groupedCount": [
    {
      "0": 1
    },
    {
      "0": 2,
      "1": 1
    },
    {
      "0": 1,
      "1": 1
    },
    {
      "0": 1,
      "1": 1
    },
    {
      "0": 2,
      "1": 1
    },
    {
      "0": 3
    },
    {
      "0": 1
    },
    {
      "0": 3,
      "1": 1
    },
    {
      "0": 2,
      "1": 1
    },
    {
      "0": 2,
      "1": 1
    },
    {
      "0": 1,
      "1": 1
    },
    {
      "0": 2,
      "1": 1
    },
    {
      "0": 3,
      "1": 1
    },
    {
      "0": 2,
      "1": 2
    },
    {
      "0": 6
    },
    {
      "0": 1
    },
    {
      "0": 2
    },
    {
      "0": 1,
      "1": 1
    },
    {
      "1": 3
    },
    {
      "0": 1
    },
    {
      "0": 3
    },
    {
      "0": 1
    },
    {
      "1": 1
    },
    {
      "0": 2
    },
    {
      "0": 1
    }
  ],
  "ParametersToParameters_groupedCount": [
    {
      "1": 1
    },
    {
      "0": 1,
      "1": 2
    },
    {
      "0": 1,
      "1": 1
    },
    {
      "0": 1,
      "1": 1
    },
    {
      "0": 1,
      "1": 2
    },
    {
      "1": 3
    },
    {
      "1": 1
    },
    {
      "0": 1,
      "1": 3
    },
    {
      "0": 1,
      "1": 2
    },
    {
      "0": 1,
      "1": 2
    },
    {
      "0": 1,
      "1": 1
    },
    {
      "0": 1,
      "1": 2
    },
    {
      "0": 1,
      "1": 3
    },
    {
      "0": 2,
      "1": 2
    },
    {
      "1": 6
    },
    {
      "1": 1
    },
    {
      "1": 2
    },
    {
      "0": 2
    },
    {
      "0": 3
    },
    {
      "1": 1
    },
    {
      "1": 3
    },
    {
      "0": 1
    },
    {
      "0": 1
    },
    {
      "1": 2
    },
    {
      "1": 1
    }
  ],
  "DataClumpSize_raw": [
    [
      5
    ],
    [
      5,
      11,
      11
    ],
    [
      5,
      11
    ],
    [
      3,
      11
    ],
    [
      3,
      5,
      11
    ],
    [
      5,
      11,
      3
    ],
    [
      3
    ],
    [
      5,
      11,
      3,
      3
    ],
    [
      5,
      11,
      3
    ],
    [
      5,
      11,
      3
    ],
    [
      5,
      11
    ],
    [
      5,
      11,
      3
    ],
    [
      5,
      11,
      11,
      3
    ],
    [
      3,
      11,
      11,
      11
    ],
    [
      3,
      5,
      11,
      3,
      3,
      3
    ],
    [
      4
    ],
    [
      4,
      3
    ],
    [
      25,
      3
    ],
    [
      25,
      15,
      3
    ],
    [
      3
    ],
    [
      3,
      12,
      5
    ],
    [
      4
    ],
    [
      25
    ],
    [
      3,
      12
    ],
    [
      25
    ]
  ],