{
  "mean": 19.42,
  "count": 45,
  "sum": 873.82,
  "max": 293.67,
  "min": 0,
  "raw": [
    4,
    44.666666666666664,
    6.333333333333333,
    40.8,
    6,
    6,
    6.333333333333333,
    6,
    31.714285714285715,
    6,
    25.333333333333332,
    15.5,
    16,
    26.4,
    6,
    20.25,
    2.3333333333333335,
    16.666666666666668,
    20.666666666666668,
    25.428571428571427,
    13.428571428571429,
    2,
    2,
    293.6666666666667,
    12.666666666666666,
    26.333333333333332,
    2,
    27.6,
    2,
    2,
    2,
    16,
    24.666666666666668,
    4,
    2,
    26.5,
    null,
    2,
    2,
    8.75,
    2,
    20.285714285714285,
    2,
    21,
    24.5
  ]
}