{
  "instanceType": "refactor",
  "instructionType": "exampleBased",
  "includeUsages": "withUsages",
  "temperature": 0.5,
  "inputFormat": "instructionSnippet",
  "margin": 1,
  "model": "gpt-4-1106-preview",
  "iteration": 9,
  "projectName": "dolphinscheduler",
  "inputType": "instructionSnippet",
  "metrics": {
    "ValidPrograms": 0,
    "RemainingAttemptCount": 0,
    "RemovedDataClumps": 0,
    "GitChanges": 93,
    "CommentOut": 0.9166666666666666,
    "ValidJSON": 0.6666666666666666,
    "EmptyResponse": 0.6666666666666667,
    "InterpretableChanges": 1,
    "RichClass": 0,
    "HarmlessErrorCategory": 0.8333333333333334,
    "DataClumpSize": [
      3,
      3,
      3,
      10,
      3,
      3,
      3,
      3,
      3,
      3,
      7,
      4,
      3,
      3
    ],
    "DataClumpOccurence": [
      2,
      1,
      2,
      2,
      5,
      70,
      2,
      70,
      2,
      62,
      6,
      60,
      2,
      92
    ],
    "ParametersToParameters": [
      0,
      0,
      1,
      1,
      1,
      0,
      0,
      0,
      0,
      1,
      1,
      1,
      0,
      1
    ],
    "FieldToField": [
      1,
      0,
      0,
      0,
      0,
      1,
      0,
      1,
      0,
      0,
      0,
      0,
      0,
      0
    ],
    "PreferNonPublic": [
      1,
      0,
      0,
      0,
      0,
      1,
      1,
      1,
      0,
      0,
      0,
      0,
      0,
      0
    ],
    "PrimitiveTypes": [
      0.6666666666666666,
      0.6666666666666666,
      0.6666666666666666,
      0.6,
      0.6666666666666666,
      0,
      0.6666666666666666,
      0,
      1,
      0.6666666666666666,
      0.2857142857142857,
      0.25,
      0.3333333333333333,
      0.3333333333333333
    ],
    "AffectedFiles": [
      2,
      2,
      1,
      1,
      4,
      36,
      2,
      36,
      3,
      4,
      2,
      15,
      3,
      3
    ]
  }
}