{
  "instanceType": "refactor",
  "instructionType": "exampleBased",
  "includeUsages": "withUsages",
  "temperature": 0.5,
  "inputFormat": "instructionSnippet",
  "margin": 1,
  "model": "gpt-4-1106-preview",
  "iteration": 9,
  "projectName": "dolphinscheduler",
  "inputType": "instructionSnippet",
  "metrics": {
    "ValidPrograms": 0,
    "RemainingAttemptCount": 0,
    "RemovedDataClumps": 0,
    "GitChanges": 93,
    "CommentOut": 0.9166666666666666,
    "ValidJSON": 0.6666666666666666,
    "EmptyResponse": 0.6666666666666667,
    "InterpretableChanges": 1,
    "RichClass": 0,
    "HarmlessErrorCategory": null,
    "DataClumpSize": [
      3,
      3,
      3,
      3,
      3,
      3,
      7,
      3,
      3,
      3,
      4,
      3
    ],
    "DataClumpOccurence": [
      2,
      2,
      1,
      2,
      1,
      1,
      4,
      2,
      2,
      2,
      348,
      2
    ],
    "ParametersToParameters": [
      0,
      0,
      0,
      1,
      0,
      0,
      1,
      1,
      1,
      1,
      1,
      1
    ],
    "FieldToField": [
      1,
      1,
      0,
      0,
      0,
      0,
      0,
      0,
      0,
      0,
      0,
      0
    ],
    "PreferNonPublic": [
      1,
      1,
      0,
      0,
      0,
      0,
      0,
      0,
      0,
      0,
      0,
      0
    ],
    "PrimitiveTypes": [
      0.6666666666666666,
      0.6666666666666666,
      0.6666666666666666,
      0.6666666666666666,
      0.6666666666666666,
      0.6666666666666666,
      0.42857142857142855,
      0.6666666666666666,
      0.6666666666666666,
      0.6666666666666666,
      0.25,
      0.6666666666666666
    ],
    "AffectedFiles": [
      2,
      2,
      2,
      1,
      2,
      2,
      3,
      1,
      1,
      1,
      18,
      1
    ]
  }
}