{
  "instanceType": "refactor",
  "instructionType": "exampleBased",
  "includeUsages": "withUsages",
  "temperature": 0.9,
  "inputFormat": "instructionSnippet",
  "margin": 2,
  "model": "gpt-4-1106-preview",
  "iteration": 7,
  "projectName": "dolphinscheduler",
  "inputType": "instructionSnippet",
  "metrics": {
    "ValidPrograms": 0,
    "RemainingAttemptCount": 0,
    "RemovedDataClumps": 0,
    "GitChanges": 406,
    "CommentOut": 0.9787234042553191,
    "ValidJSON": 1,
    "EmptyResponse": 1,
    "InterpretableChanges": 0.19999999999999996,
    "RichClass": 0,
    "HarmlessErrorCategory": 0.6666666666666666,
    "DataClumpSize": [
      3,
      3,
      3,
      5,
      3,
      3,
      3,
      3,
      10,
      3,
      3,
      3,
      3,
      3,
      3,
      7
    ],
    "DataClumpOccurence": [
      2,
      1,
      5,
      2,
      2,
      2,
      92,
      15,
      2,
      2,
      70,
      70,
      70,
      70,
      62,
      6
    ],
    "ParametersToParameters": [
      1,
      0,
      1,
      1,
      0,
      0,
      1,
      0,
      1,
      0,
      0,
      0,
      0,
      0,
      1,
      1
    ],
    "FieldToField": [
      0,
      0,
      0,
      0,
      1,
      1,
      0,
      0,
      0,
      0,
      1,
      1,
      1,
      1,
      0,
      0
    ],
    "PreferNonPublic": [
      0,
      0,
      0,
      0,
      1,
      1,
      0,
      0,
      0,
      1,
      1,
      1,
      1,
      1,
      0,
      0
    ],
    "PrimitiveTypes": [
      0.6666666666666666,
      0.6666666666666666,
      0.6666666666666666,
      0.8,
      0.6666666666666666,
      1,
      0.3333333333333333,
      0.6666666666666666,
      0.6,
      0.6666666666666666,
      0,
      0,
      0,
      0,
      0.6666666666666666,
      0.2857142857142857
    ],
    "AffectedFiles": [
      1,
      2,
      4,
      1,
      2,
      2,
      3,
      10,
      1,
      2,
      36,
      36,
      36,
      36,
      4,
      2
    ]
  }
}