{
  "mean": 0.3333333333333333,
  "median": 0,
  "variance": 0.22222222222222227,
  "count": 6,
  "groupedCount": {
    "0": 12,
    "1": 6
  }
}