{
  "mean": 0.73,
  "count": 30,
  "sum": 22,
  "max": 0.96,
  "min": 0.42,
  "raw": [
    0.8388399999999999,
    0.8452299999999999,
    0.84031,
    0.8346699999999999,
    0.8359,
    0.84046,
    0.8398,
    0.83461,
    0.83548,
    0.83692,
    0.42874000000000007,
    0.43534000000000006,
    0.42460000000000003,
    0.42265,
    0.43441,
    0.42712000000000006,
    0.42925,
    0.42388000000000003,
    0.42367000000000005,
    0.42925,
    0.9415899999999999,
    0.9317799999999999,
    0.9330999999999999,
    0.92407,
    0.92452,
    0.9376899999999999,
    0.9234399999999999,
    0.93058,
    0.9265599999999999,
    0.9617199999999999
  ]
}