{
  "mean": 0.93,
  "count": 35,
  "sum": 32.54,
  "max": 1,
  "min": 0.13,
  "raw": [
    1,
    1,
    1,
    1,
    1,
    1,
    1,
    1,
    1,
    1,
    1,
    1,
    1,
    1,
    1,
    1,
    1,
    1,
    1,
    1,
    1,
    1,
    1,
    0.1333333333333333,
    1,
    1,
    1,
    0.7142857142857143,
    1,
    0.7142857142857143,
    0.7142857142857143,
    0.7142857142857143,
    0.8333333333333334,
    0.7142857142857143,
    1
  ]
}