{
  "mean": 0.99,
  "count": 25,
  "sum": 24.67,
  "max": 1,
  "min": 0.83,
  "raw": [
    1,
    1,
    1,
    1,
    1,
    1,
    1,
    1,
    1,
    1,
    1,
    1,
    1,
    1,
    1,
    0.8333333333333334,
    1,
    1,
    1,
    0.8333333333333334,
    1,
    1,
    1,
    1,
    1
  ]
}