{
  "mean": 0.52,
  "count": 75,
  "sum": 38.75,
  "max": 1,
  "min": 0,
  "raw": [
    1,
    1,
    1,
    1,
    1,
    1,
    1,
    1,
    1,
    1,
    1,
    1,
    0.7142857142857143,
    0.9583333333333334,
    0.6666666666666667,
    1,
    0,
    0.962962962962963,
    0,
    0,
    0,
    0,
    0.9444444444444444,
    1,
    0.967741935483871,
    0,
    0,
    0,
    0,
    0,
    0,
    0,
    0,
    1,
    0,
    0,
    0,
    0,
    0,
    0,
    0,
    0,
    0,
    0.8888888888888888,
    1,
    0.33333333333333337,
    1,
    1,
    1,
    1,
    0,
    0.65,
    0.6,
    0.5882352941176471,
    0.7272727272727273,
    1,
    0,
    0.3846153846153846,
    0,
    0.5333333333333333,
    0.5882352941176471,
    0.5882352941176471,
    1,
    0.4666666666666667,
    0,
    0.9642857142857143,
    0.8888888888888888,
    0,
    0,
    0.7058823529411764,
    0.625,
    1,
    0,
    0,
    1
  ]
}