{
  "mean": 0.77,
  "count": 90,
  "sum": 47.14,
  "max": 1,
  "min": 0,
  "raw": [
    0.8076923076923077,
    0.7391304347826086,
    0.7619047619047619,
    0.7391304347826086,
    0.6666666666666667,
    0.5,
    0.7857142857142857,
    0.8260869565217391,
    0.875,
    0.7692307692307692,
    1,
    0.7692307692307692,
    1,
    0.9444444444444444,
    0.6842105263157895,
    1,
    0.9444444444444444,
    0.7857142857142857,
    0.875,
    1,
    0.736842105263158,
    1,
    0.7142857142857143,
    0.9583333333333334,
    0.6666666666666667,
    1,
    1,
    0.5,
    1,
    0.9230769230769231,
    1,
    1,
    null,
    1,
    null,
    null,
    null,
    null,
    null,
    null,
    null,
    null,
    null,
    null,
    null,
    null,
    null,
    1,
    1,
    null,
    0.8333333333333334,
    0.5416666666666667,
    null,
    0.5714285714285714,
    null,
    null,
    null,
    0.9,
    null,
    null,
    0.33333333333333337,
    1,
    1,
    1,
    1,
    null,
    0.65,
    0.5,
    0.5294117647058824,
    0.7272727272727273,
    0.7692307692307692,
    null,
    0.3846153846153846,
    null,
    0.5333333333333333,
    0.3529411764705882,
    0.3529411764705882,
    1,
    0.4666666666666667,
    null,
    0.9642857142857143,
    0.8888888888888888,
    null,
    null,
    0.7058823529411764,
    0.6956521739130435,
    0.11111111111111116,
    null,
    null,
    0.36
  ]
}