{
  "mean": 0.78,
  "count": 48,
  "sum": 37.67,
  "max": 1,
  "min": 0,
  "raw": [
    1,
    0.6666666666666666,
    0.8333333333333334,
    1,
    1,
    1,
    1,
    1,
    null,
    0.5,
    0.8,
    1,
    1,
    0.5,
    1,
    1,
    1,
    0.5,
    0.6666666666666666,
    1,
    1,
    0.6666666666666666,
    1,
    1,
    0.8571428571428571,
    0.5,
    1,
    0.8333333333333334,
    0.9285714285714286,
    0.5,
    1,
    1,
    1,
    0.5,
    1,
    1,
    0,
    1,
    1,
    0.875,
    0,
    0,
    1,
    0.875,
    1,
    0,
    0.6666666666666666,
    1
  ]
}