{
  "mean": 0.6,
  "count": 150,
  "sum": 73.05,
  "max": 1,
  "min": 0,
  "raw": [
    0,
    0.4,
    0.2916666666666667,
    0.2692307692307692,
    0.23076923076923078,
    0,
    0.2727272727272727,
    0,
    0,
    0,
    0.9036144578313253,
    1,
    0.9090909090909091,
    0.9919354838709677,
    0.9428571428571428,
    0.9629629629629629,
    1,
    0.7333333333333333,
    0.9838709677419355,
    0.8333333333333334,
    0.9090909090909091,
    0.10526315789473684,
    1,
    1,
    1,
    1,
    0.8,
    0.8,
    0.7,
    1,
    0.9523809523809523,
    0.8333333333333334,
    0.875,
    0.875,
    0.8,
    1,
    0.8823529411764706,
    0.8571428571428571,
    1,
    0.8823529411764706,
    0.9090909090909091,
    0.8461538461538461,
    0.75,
    0.6666666666666666,
    0.7894736842105263,
    1,
    0.7222222222222222,
    0.8571428571428571,
    0.75,
    1,
    0.13636363636363635,
    0.17857142857142858,
    0.14705882352941177,
    0.13043478260869565,
    0.13043478260869565,
    0.15,
    null,
    0.18518518518518517,
    null,
    0.06666666666666667,
    0.7777777777777778,
    0.8214285714285714,
    0.8620689655172413,
    0.8780487804878049,
    0.9411764705882353,
    0.9411764705882353,
    0.8387096774193549,
    0.4,
    1,
    null,
    null,
    null,
    1,
    null,
    null,
    null,
    null,
    null,
    null,
    null,
    0.5294117647058824,
    0.3888888888888889,
    0.5,
    0.47368421052631576,
    1,
    1,
    0.2839506172839506,
    0.9444444444444444,
    0.9117647058823529,
    null,
    null,
    null,
    null,
    null,
    null,
    null,
    null,
    0.43333333333333335,
    0.6153846153846154,
    null,
    0.21212121212121213,
    0.20967741935483872,
    0.14285714285714285,
    0,
    0,
    0.275,
    0,
    0.03125,
    0.018633540372670808,
    0.08333333333333333,
    0.868421052631579,
    0.15384615384615385,
    0.3684210526315789,
    0.5,
    0.8823529411764706,
    0.4594594594594595,
    0.8666666666666667,
    0.6666666666666666,
    0.7,
    0.8421052631578947,
    0.75,
    0.4166666666666667,
    0.5,
    null,
    0.7692307692307693,
    0.5,
    0.7222222222222222,
    0.45454545454545453,
    1,
    0,
    null,
    0.7,
    0.5365853658536586,
    0.6470588235294118,
    0.5263157894736842,
    0.5882352941176471,
    0.8695652173913043,
    null,
    null,
    0.7142857142857143,
    0.15384615384615385,
    null,
    0.38461538461538464,
    null,
    0.6,
    0.47058823529411764,
    0.4117647058823529,
    0.6363636363636364,
    0.4666666666666667,
    null
  ]
}