{
  "mean": 0.88,
  "count": 90,
  "sum": 79.29,
  "max": 1,
  "min": 0.7,
  "raw": [
    1,
    1,
    0.96875,
    1,
    1,
    1,
    1,
    0.96875,
    1,
    1,
    0.71875,
    1,
    0.75,
    1,
    1,
    0.75,
    1,
    1,
    1,
    1,
    1,
    0.75,
    1,
    0.75,
    1,
    1,
    1,
    1,
    1,
    1,
    0.75,
    1,
    0.75,
    0.7619047619047619,
    0.7619047619047619,
    0.75,
    0.7619047619047619,
    0.7619047619047619,
    0.7619047619047619,
    0.75,
    0.75,
    0.7619047619047619,
    0.7619047619047619,
    0.75,
    0.75,
    0.75,
    0.7619047619047619,
    0.7619047619047619,
    0.7619047619047619,
    0.7777777777777778,
    0.7619047619047619,
    0.75,
    0.75,
    1,
    0.7619047619047619,
    0.75,
    1,
    1,
    0.75,
    0.7619047619047619,
    1,
    1,
    1,
    0.75,
    0.75,
    1,
    1,
    1,
    0.703125,
    1,
    1,
    0.75,
    1,
    1,
    0.75,
    0.75,
    1,
    0.75,
    1,
    1,
    1,
    1,
    1,
    0.75,
    0.75,
    1,
    0.75,
    1,
    0.75,
    0.75
  ]
}