{
  "mean": 1.11,
  "count": 54,
  "sum": 60.01,
  "max": 4.78,
  "min": 0.09,
  "raw": [
    0.37212,
    0.5835199999999999,
    1.29316,
    1.4442400000000002,
    1.4575199999999997,
    1.12837,
    0.33919,
    0.53391,
    0.74868,
    1.87893,
    0.81244,
    1.8484800000000001,
    1.4774900000000002,
    0.60421,
    0.9768,
    0.09266,
    1.0293999999999999,
    0.7321500000000001,
    2.3846999999999996,
    0.98814,
    1.39913,
    0.11333,
    1.17242,
    0.09518,
    4.78253,
    0.82767,
    1.12036,
    0.11333,
    1.26159,
    0.09518,
    0.21705,
    0.80651,
    0.86781,
    0.11333,
    1.39872,
    0.13448000000000002,
    3.0815900000000003,
    1.6375199999999999,
    0.76168,
    0.78904,
    1.54126,
    2.96578,
    0.20503,
    1.9262200000000003,
    0.6401,
    1.83156,
    0.64353,
    1.6592799999999999,
    0.19444,
    1.89844,
    1.79203,
    0.55016,
    1.61727,
    1.02698
  ]
}