{
  "mean": 237.77,
  "count": 54,
  "sum": 12839.56,
  "max": 993.27,
  "min": 2.18,
  "raw": [
    95.393,
    122.444,
    343.24899999999997,
    297.90700000000004,
    593.925,
    499.11099999999993,
    112.716,
    76.074,
    197.531,
    624.883,
    226.731,
    514.141,
    258.489,
    114.247,
    218.667,
    58.512,
    374.252,
    365.759,
    265.60325,
    137.2165,
    273.3855,
    3.319,
    202.544,
    2.178,
    993.2746666666667,
    112.07499999999999,
    175.583,
    2.706,
    198.58350000000002,
    3.225,
    33.897,
    92.638,
    88.33399999999999,
    3.068,
    219.2705,
    33.053,
    201.702,
    199.302,
    143.197,
    143.476,
    478.548,
    623.27,
    40.788,
    454.615,
    98.443,
    410.10400000000004,
    117.031,
    390.352,
    19.926,
    461.132,
    395.674,
    61.977,
    344.33,
    321.704
  ]
}