{
  "Surety": {
    "0": 5,
    "1": 1,
    "-12": 2,
    "-0.75": 9,
    "-8.5": 1,
    "-6": 2,
    "-7.75": 1,
    "-1.5": 3,
    "-2.75": 1,
    "-7": 1,
    "-3.25": 1,
    "-8.25": 2,
    "-6.25": 1,
    "0.75": 2,
    "-1": 3,
    "-4.5": 2,
    "-11.25": 1,
    "0.5": 1,
    "4.25": 1,
    "-5.25": 1,
    "-9.75": 1,
    "-10.5": 1,
    "-10": 1,
    "3.75": 1
  },
  "OutputFormatCorrectness": {
    "0.6410256410256411": 2,
    "0.6153846153846154": 4,
    "0.5920679886685553": 1,
    "0.5925925925925926": 4,
    "0.581453634085213": 1,
    "0.8514851485148515": 1,
    "0.5898123324396782": 1,
    "0.5977011494252874": 1,
    "0.8125": 1,
    "NaN": 3,
    "0.5740740740740741": 1,
    "0.7507692307692307": 1,
    "0.5742574257425742": 2,
    "0.6060606060606061": 1,
    "0.6096096096096096": 1,
    "0.7654320987654321": 1,
    "0.7828418230563002": 1,
    "0.5726872246696035": 1,
    "0.8148148148148148": 1,
    "0.8340909090909091": 1,
    "0.7878787878787878": 1,
    "0.7764705882352941": 1,
    "0.7964601769911505": 1,
    "0.6071428571428571": 1,
    "0.6338028169014085": 1,
    "0.5771971496437055": 1,
    "0.5856777493606138": 1,
    "0.7692307692307693": 3,
    "0.6006006006006006": 1,
    "0.6125356125356125": 1,
    "0.5882352941176471": 1,
    "0.6": 1,
    "0.8037383177570093": 1
  },
  "InvalidJSON": {
    "0": 17,
    "1": 28
  },
  "DataClumpSize_mean": {
    "0": 7,
    "3": 1,
    "4": 1,
    "5": 2,
    "7": 2,
    "8": 1,
    "10": 3,
    "11": 17,
    "10.333333333333334": 3,
    "3.6666666666666665": 2,
    "5.666666666666667": 1,
    "10.538461538461538": 1,
    "10.555555555555555": 1,
    "10.923076923076923": 1,
    "7.5": 1,
    "9.4": 1
  },
  "DataClumpOccurence_mean": {
    "0": 7,
    "2": 17,
    "6": 7,
    "21": 1,
    "33": 1,
    "34": 3,
    "220": 1,
    "434": 1,
    "35.333333333333336": 1,
    "39.5": 2,
    "24.666666666666668": 1,
    "54.666666666666664": 1,
    "5.777777777777778": 1,
    "12.8": 1
  },
  "FieldToField_mean": {
    "0": 41,
    "0.07692307692307693": 2,
    "0.1": 1,
    "0.14285714285714285": 1
  },
  "ParametersToParameters_mean": {
    "0": 3,
    "1": 33,
    "0.9444444444444444": 2,
    "0.9230769230769231": 2,
    "0.9": 2,
    "0.8571428571428571": 1,
    "0.875": 1,
    "0.9285714285714286": 1
  },
  "DataClumpSize_count": {
    "0": 7,
    "1": 11,
    "2": 4,
    "3": 3,
    "4": 2,
    "5": 1,
    "6": 3,
    "7": 1,
    "8": 1,
    "9": 2,
    "12": 3,
    "13": 3,
    "14": 1,
    "17": 1,
    "18": 2
  },
  "DataClumpOccurence_count": {
    "0": 7,
    "1": 11,
    "2": 4,
    "3": 3,
    "4": 2,
    "5": 1,
    "6": 3,
    "7": 1,
    "8": 1,
    "9": 2,
    "12": 3,
    "13": 3,
    "14": 1,
    "17": 1,
    "18": 2
  },
  "FieldToField_count": {
    "0": 3,
    "1": 14,
    "2": 4,
    "3": 1,
    "4": 2,
    "5": 2,
    "6": 3,
    "7": 1,
    "8": 2,
    "10": 3,
    "12": 1,
    "13": 5,
    "14": 1,
    "17": 1,
    "18": 2
  },
  "ParametersToParameters_count": {
    "0": 3,
    "1": 14,
    "2": 4,
    "3": 1,
    "4": 2,
    "5": 2,
    "6": 3,
    "7": 1,
    "8": 2,
    "10": 3,
    "12": 1,
    "13": 5,
    "14": 1,
    "17": 1,
    "18": 2
  },
  "DataClumpSize_groupedCount": {
    "[object Object]": 45
  },
  "DataClumpOccurence_groupedCount": {
    "[object Object]": 45
  },
  "FieldToField_groupedCount": {
    "[object Object]": 45
  },
  "ParametersToParameters_groupedCount": {
    "[object Object]": 45
  },
  "DataClumpSize_raw": {
    "4": 1,
    "8": 1,
    "10": 1,
    "11": 8,
    "11,11,11,11,11,11,11,11,11,11,11,11,11,11,11,11,11,11": 1,
    "3,11,11,11,11,11,11,11,11,11,11,11": 2,
    "11,11,11,11,11,11,11,11": 1,
    "5,3,3": 2,
    "11,11,11,11,5,11,11,11,11": 1,
    "11,3,3,3": 2,
    "": 7,
    "11,11,11,11,11,11,11,11,11,11,11,11": 1,
    "11,3,3": 1,
    "11,11,11,11,11,11,11,11,11,11,11,11,11": 1,
    "11,11,11,11,11,11,11,11,11,11,5,11,11": 1,
    "11,11,11,11,11,11,11,11,11": 1,
    "11,3": 2,
    "10,10": 1,
    "11,11,11,11,11,11": 2,
    "3,3,3,3,3,3": 1,
    "3,11,11,11,11,11,11,11,11,11,11,11,11,11,11,11,11,11": 1,
    "11,11,11,11,11,11,11,11,11,11,11,11,11,11,11,11,11": 1,
    "11,11,11,11,11,11,11": 1,
    "11,11,11,10,11,11,11,11,11,11,11,11,11": 1,
    "10,10,10,10,10,10,10,10,10,10,10,10,10,10": 1,
    "11,4": 1,
    "11,11,11,11,3": 1
  },
  "DataClumpOccurence_raw": {
    "2": 8,
    "6": 2,
    "434": 1,
    "2,2,2,2,2,2,2,2,2,2,2,2,2,2,2,2,2,2": 1,
    "6,6,6,6,6,6,6,6,6,6,6,6": 2,
    "2,2,2,2,2,2,2,2": 1,
    "6,64,36": 1,
    "6,6,6,6,6,6,6,6,6": 1,
    "2,64,36,56": 2,
    "6,12,56": 1,
    "": 7,
    "2,2,2,2,2,2,2,2,2,2,2,2": 1,
    "2,64,36": 1,
    "2,2,2,2,2,2,2,2,2,2,2,2,2": 1,
    "6,6,6,6,6,6,6,6,6,6,6,6,6": 2,
    "2,2,2,2,2,2,2,2,2": 1,
    "6,36": 1,
    "2,64": 1,
    "34,34": 1,
    "2,2,2,2,2,2": 2,
    "64,64,36,64,36,64": 1,
    "6,2,6,6,6,6,6,6,6,6,6,6,6,6,6,6,6,6": 1,
    "2,2,2,2,2,2,2,2,2,2,2,2,2,2,2,2,2": 1,
    "2,2,2,2,2,2,2": 1,
    "34,34,34,34,34,34,34,34,34,34,34,34,34,34": 1,
    "6,434": 1,
    "2,2,2,2,56": 1
  },
  "FieldToField_raw": {
    "0": 14,
    "0,0,0,0,0,0,0,0,0,0,0,0,0,0,0,0,0,0": 2,
    "0,0,0,0,0,0,0,0,0,0,0,0,1": 2,
    "0,0,0,0,0,0,0,0": 2,
    "0,0,0": 1,
    "0,0,0,0,0,0,0,0,0,1": 1,
    "0,0,0,0": 2,
    "0,0,0,0,0": 2,
    "": 3,
    "0,0,0,0,0,0,0,0,0,0,0,0,0": 3,
    "0,0,0,0,0,0,0,0,0,0": 2,
    "0,0": 4,
    "0,0,0,0,0,0": 3,
    "0,0,0,0,0,0,0,0,0,0,0,0": 1,
    "0,0,0,0,0,0,0,0,0,0,0,0,0,0,0,0,0": 1,
    "0,0,0,0,0,0,1": 1,
    "0,0,0,0,0,0,0,0,0,0,0,0,0,0": 1
  },
  "ParametersToParameters_raw": {
    "1": 14,
    "1,1,1,1,1,1,1,1,1,1,1,1,1,1,1,1,1,0": 2,
    "1,1,1,1,1,1,1,1,1,1,1,1,0": 2,
    "1,1,1,1,1,1,1,1": 1,
    "1,1,1": 1,
    "1,1,1,1,1,1,1,1,1,0": 2,
    "1,1,1,1": 2,
    "1,1,1,1,1": 2,
    "": 3,
    "1,1,1,1,1,1,1,1,1,1,1,1,1": 3,
    "1,1": 4,
    "1,1,1,1,1,1": 3,
    "1,1,1,1,1,1,1,1,1,1,1,1": 1,
    "1,1,1,1,1,1,1,1,1,1,1,1,1,1,1,1,1": 1,
    "1,1,1,1,1,1,0": 1,
    "1,1,1,1,1,1,1,0": 1,
    "1,1,1,1,1,1,1,1,1,1,1,1,1,0": 1,
    "1,1,1,1,1,1,1,1,1,1": 1
  }
}