{
  "ValidPrograms": [
    0,
    1,
    0,
    0,
    0,
    0,
    0,
    1,
    1,
    0,
    0,
    0,
    0,
    0,
    0,
    0,
    0,
    0,
    0,
    0,
    1,
    0,
    0,
    0,
    0
  ],
  "RemainingAttemptCount": [
    0,
    1,
    0,
    0,
    0,
    0,
    0,
    2,
    1,
    0,
    0,
    0,
    0,
    0,
    0,
    0,
    0,
    0,
    0,
    0,
    5,
    0,
    0,
    0,
    0
  ],
  "RemovedDataClumps": [
    0,
    60,
    0,
    0,
    0,
    0,
    0,
    2,
    4,
    0,
    0,
    0,
    0,
    0,
    0,
    0,
    0,
    0,
    0,
    0,
    -212,
    0,
    0,
    0,
    0
  ],
  "GitChanges": [
    54,
    107,
    140,
    234,
    113,
    215,
    141,
    147,
    128,
    101,
    79,
    134,
    200,
    191,
    138,
    135,
    153,
    183,
    192,
    184,
    0,
    283,
    363,
    276,
    72
  ],
  "CommentOut": [
    1,
    1,
    1,
    1,
    0.9444444444444444,
    1,
    1,
    1,
    1,
    1,
    1,
    1,
    1,
    1,
    1,
    0.33333333333333337,
    1,
    1,
    1,
    1,
    0,
    0.65,
    0.6,
    0.5882352941176471,
    0.7272727272727273
  ],
  "InvalidJSON": [
    1,
    1,
    1,
    1,
    1,
    1,
    1,
    1,
    1,
    1,
    1,
    1,
    1,
    1,
    1,
    0.8333333333333334,
    0.8333333333333334,
    0.6666666666666666,
    0.8333333333333334,
    0.8333333333333334,
    1,
    1,
    1,
    1,
    0.8333333333333334
  ]
}