{
  "instanceType": "refactor",
  "instructionType": "exampleBased",
  "includeUsages": "withUsages",
  "temperature": 0.1,
  "inputFormat": "instructionSnippet",
  "margin": 1,
  "model": "gpt-4-1106-preview",
  "iteration": 7,
  "projectName": "dolphinscheduler",
  "inputType": "instructionSnippet",
  "metrics": {
    "ValidPrograms": 0,
    "RemainingAttemptCount": 0,
    "RemovedDataClumps": 0,
    "GitChanges": 221,
    "CommentOut": 0.962962962962963,
    "ValidJSON": 0.8333333333333334,
    "EmptyResponse": 0.8333333333333334,
    "InterpretableChanges": 1,
    "RichClass": 0,
    "HarmlessErrorCategory": 0.8333333333333334,
    "DataClumpSize": [
      3,
      3,
      3,
      10,
      3,
      3,
      3,
      3,
      3,
      3,
      3,
      3,
      3,
      3,
      3
    ],
    "DataClumpOccurence": [
      2,
      1,
      2,
      2,
      5,
      92,
      2,
      15,
      2,
      70,
      70,
      70,
      2,
      70,
      70
    ],
    "ParametersToParameters": [
      0,
      0,
      1,
      1,
      1,
      1,
      0,
      0,
      0,
      0,
      0,
      0,
      0,
      0,
      0
    ],
    "FieldToField": [
      1,
      0,
      0,
      0,
      0,
      0,
      0,
      0,
      0,
      1,
      1,
      1,
      0,
      1,
      1
    ],
    "PreferNonPublic": [
      1,
      0,
      0,
      0,
      0,
      0,
      0,
      0,
      1,
      1,
      1,
      1,
      0,
      1,
      1
    ],
    "PrimitiveTypes": [
      0.6666666666666666,
      0.6666666666666666,
      0.6666666666666666,
      0.6,
      0.6666666666666666,
      0.3333333333333333,
      0.3333333333333333,
      0.6666666666666666,
      0.6666666666666666,
      0,
      0,
      0,
      1,
      0,
      0
    ],
    "AffectedFiles": [
      2,
      2,
      1,
      1,
      4,
      3,
      3,
      10,
      2,
      36,
      36,
      36,
      3,
      36,
      36
    ]
  }
}