{
  "mean": {
    "0": 0.5666666666666667,
    "1": 0.8333333333333334
  },
  "count": 30,
  "groupedCount": {
    "0": 11,
    "1": 7,
    "1,1": 6,
    "1,1,1": 2,
    "0,0": 1,
    "1,1,1,1,1,1,1,1,0": 1,
    "1,1,1,1": 1,
    "0,0,0,0,0,0,0,0,0,0,0,1": 1
  },
  "raw": [
    [
      1,
      1
    ],
    [
      0
    ],
    [
      0
    ],
    [
      0
    ],
    [
      1,
      1
    ],
    [
      1
    ],
    [
      0
    ],
    [
      1,
      1,
      1
    ],
    [
      0
    ],
    [
      0
    ],
    [
      1
    ],
    [
      0
    ],
    [
      0
    ],
    [
      0,
      0
    ],
    [
      1,
      1,
      1
    ],
    [
      1,
      1,
      1,
      1,
      1,
      1,
      1,
      1,
      0
    ],
    [
      1
    ],
    [
      1
    ],
    [
      0
    ],
    [
      1,
      1
    ],
    [
      1,
      1
    ],
    [
      1
    ],
    [
      1,
      1,
      1,
      1
    ],
    [
      1
    ],
    [
      1
    ],
    [
      0
    ],
    [
      1,
      1
    ],
    [
      0
    ],
    [
      0,
      0,
      0,
      0,
      0,
      0,
      0,
      0,
      0,
      0,
      0,
      1
    ],
    [
      1,
      1
    ]
  ]
}