{
  "mean": 2.63,
  "count": 63,
  "sum": 166,
  "max": 8,
  "min": 0,
  "raw": [
    4,
    2,
    2,
    2,
    2,
    2,
    4,
    4,
    2,
    2,
    2,
    2,
    2,
    7.666666666666667,
    4,
    2,
    2,
    2,
    2,
    2,
    null,
    4.666666666666667,
    1.6666666666666667,
    1.6666666666666667,
    1.6666666666666667,
    1.6666666666666667,
    1.6666666666666667,
    2.6666666666666665,
    1.6666666666666667,
    1.6666666666666667,
    1.6666666666666667,
    1.6666666666666667,
    1.6666666666666667,
    1.6666666666666667,
    8,
    4.666666666666667,
    2.6666666666666665,
    1.6666666666666667,
    1.6666666666666667,
    1.6666666666666667,
    1.6666666666666667,
    2.6666666666666665,
    3.3333333333333335,
    5.333333333333333,
    1.3333333333333333,
    1.3333333333333333,
    1.3333333333333333,
    1.3333333333333333,
    5.333333333333333,
    4.333333333333333,
    3.3333333333333335,
    1.3333333333333333,
    1.3333333333333333,
    5.333333333333333,
    1.3333333333333333,
    5.333333333333333,
    3.3333333333333335,
    3.3333333333333335,
    3.3333333333333335,
    1.3333333333333333,
    1.3333333333333333,
    3.3333333333333335,
    4.333333333333333
  ]
}