{
  "ValidPrograms": [
    0,
    0,
    0,
    0,
    0,
    0,
    1,
    0,
    0,
    1,
    0,
    0,
    0,
    0,
    0,
    1,
    1,
    1,
    1,
    1,
    1,
    1,
    1,
    0,
    1,
    0,
    0,
    1,
    1,
    0,
    0,
    0,
    1,
    1,
    0
  ],
  "RemainingAttemptCount": [
    0,
    0,
    0,
    0,
    0,
    0,
    5,
    0,
    0,
    6,
    0,
    0,
    0,
    0,
    0,
    5,
    5,
    5,
    5,
    5,
    5,
    5,
    5,
    0,
    4,
    0,
    0,
    5,
    5,
    0,
    0,
    0,
    5,
    5,
    0
  ],
  "RemovedDataClumps": [
    0,
    0,
    0,
    0,
    0,
    0,
    0,
    0,
    0,
    65,
    0,
    0,
    0,
    0,
    0,
    0,
    0,
    0,
    0,
    0,
    0,
    0,
    0,
    0,
    0,
    0,
    0,
    0,
    0,
    0,
    0,
    0,
    0,
    0,
    0
  ],
  "GitChanges": [
    268,
    292,
    252,
    274,
    352,
    265,
    67,
    301,
    172,
    368,
    368,
    167,
    435,
    154,
    150,
    0,
    0,
    0,
    0,
    0,
    0,
    0,
    0,
    78,
    26,
    150,
    175,
    0,
    0,
    265,
    180,
    129,
    0,
    0,
    148
  ],
  "CommentOut": [
    1,
    1,
    1,
    1,
    0.6923076923076923,
    1,
    1,
    0.7142857142857143,
    0.9583333333333334,
    0.6666666666666667,
    0.8666666666666667,
    1,
    1,
    0.9,
    1,
    0,
    0,
    0,
    0,
    0,
    0,
    0,
    0,
    0.8888888888888888,
    1,
    0.9642857142857143,
    0.8888888888888888,
    0,
    0,
    0.7058823529411764,
    0.625,
    1,
    0,
    0,
    1
  ],
  "ValidJSON": [
    1,
    1,
    1,
    1,
    1,
    1,
    1,
    1,
    1,
    1,
    1,
    1,
    1,
    1,
    1,
    1,
    1,
    1,
    1,
    1,
    1,
    1,
    1,
    1,
    1,
    1,
    1,
    1,
    1,
    1,
    0.6666666666666666,
    1,
    1,
    1,
    1
  ],
  "EmptyResponse": [
    1,
    1,
    1,
    1,
    1,
    1,
    1,
    1,
    1,
    1,
    1,
    1,
    1,
    1,
    1,
    0,
    1,
    0,
    0,
    0,
    0,
    0,
    1,
    1,
    1,
    1,
    1,
    0,
    0,
    1,
    0.8333333333333334,
    1,
    0,
    0,
    1
  ],
  "InterpretableChanges": [
    1,
    1,
    1,
    1,
    1,
    1,
    0,
    1,
    0.8333333333333334,
    0.8333333333333334,
    1,
    1,
    1,
    1,
    1,
    1,
    1,
    1,
    1,
    1,
    1,
    1,
    1,
    1,
    0.33333333333333337,
    1,
    1,
    1,
    1,
    0.8571428571428572,
    1,
    0.6666666666666667,
    1,
    1,
    0.7142857142857143
  ],
  "RichClass": [
    null,
    null,
    null,
    null,
    null,
    0,
    0,
    0,
    0,
    0,
    null,
    null,
    null,
    null,
    null,
    null,
    null,
    null,
    null,
    0,
    null,
    null,
    null,
    null,
    0,
    0,
    0,
    0,
    null,
    null,
    null,
    0,
    null,
    null,
    null
  ],
  "HarmlessErrorCategory": [
    0.8,
    0.8,
    0.4,
    0.8,
    0,
    0.4,
    0,
    0,
    1,
    0,
    0.4,
    0.6,
    0.6,
    1,
    1,
    0,
    0,
    0,
    0,
    0,
    0,
    0,
    0,
    0.8333333333333334,
    1,
    0.6666666666666666,
    0.6666666666666666,
    0,
    0,
    0.16666666666666666,
    0.6666666666666666,
    1,
    0,
    0,
    0.6666666666666666
  ],
  "DataClumpSize": [
    11,
    4,
    4,
    3,
    4,
    11,
    4,
    3,
    4,
    11,
    4,
    4,
    3,
    4,
    11,
    4,
    4,
    3,
    4,
    11,
    4,
    4,
    3,
    4,
    11,
    11,
    4,
    4,
    3,
    4,
    11,
    4,
    4,
    3,
    4,
    11,
    4,
    3,
    4,
    4,
    11,
    4,
    4,
    3,
    4,
    11,
    4,
    3,
    4,
    4,
    11,
    4,
    4,
    3,
    4,
    11,
    4,
    4,
    3,
    4,
    11,
    3,
    11,
    4,
    3,
    4,
    10,
    3,
    3,
    6,
    3,
    3,
    3,
    3,
    3,
    3,
    3,
    5,
    3,
    25,
    25,
    5,
    25,
    5,
    25,
    5,
    25,
    5,
    25,
    5
  ],
  "DataClumpOccurence": [
    6,
    78,
    78,
    4,
    78,
    6,
    78,
    4,
    78,
    6,
    78,
    78,
    4,
    78,
    6,
    78,
    78,
    4,
    78,
    6,
    78,
    78,
    4,
    78,
    6,
    6,
    78,
    78,
    4,
    78,
    6,
    78,
    78,
    4,
    78,
    6,
    78,
    4,
    78,
    78,
    6,
    78,
    78,
    4,
    78,
    6,
    78,
    4,
    78,
    78,
    6,
    78,
    78,
    4,
    78,
    6,
    78,
    78,
    4,
    78,
    6,
    4,
    6,
    78,
    4,
    78,
    2,
    2,
    92,
    2,
    2,
    70,
    62,
    2,
    2,
    1,
    62,
    2,
    70,
    0,
    0,
    0,
    0,
    0,
    0,
    0,
    0,
    0,
    0,
    0
  ],
  "ParametersToParameters": [
    0,
    1,
    1,
    0,
    1,
    0,
    1,
    0,
    1,
    0,
    1,
    1,
    0,
    1,
    0,
    1,
    1,
    0,
    1,
    0,
    1,
    1,
    0,
    1,
    0,
    0,
    1,
    1,
    0,
    1,
    0,
    1,
    1,
    0,
    1,
    0,
    1,
    0,
    1,
    1,
    0,
    1,
    1,
    0,
    1,
    0,
    1,
    0,
    1,
    1,
    0,
    1,
    1,
    0,
    1,
    0,
    1,
    1,
    0,
    1,
    0,
    0,
    0,
    1,
    0,
    1,
    1,
    0,
    1,
    0,
    0,
    0,
    1,
    1,
    1,
    0,
    1,
    1,
    0,
    0,
    0,
    1,
    0,
    1,
    0,
    1,
    0,
    1,
    0,
    1
  ],
  "FieldToField": [
    1,
    0,
    0,
    1,
    0,
    1,
    0,
    1,
    0,
    1,
    0,
    0,
    1,
    0,
    1,
    0,
    0,
    1,
    0,
    1,
    0,
    0,
    1,
    0,
    1,
    1,
    0,
    0,
    1,
    0,
    1,
    0,
    0,
    1,
    0,
    1,
    0,
    1,
    0,
    0,
    1,
    0,
    0,
    1,
    0,
    1,
    0,
    1,
    0,
    0,
    1,
    0,
    0,
    1,
    0,
    1,
    0,
    0,
    1,
    0,
    1,
    1,
    1,
    0,
    1,
    0,
    0,
    1,
    0,
    1,
    1,
    1,
    0,
    0,
    0,
    0,
    0,
    0,
    1,
    1,
    1,
    0,
    1,
    0,
    1,
    0,
    1,
    0,
    1,
    0
  ],
  "PreferNonPublic": [
    1,
    1,
    1,
    1,
    1,
    1,
    1,
    1,
    1,
    1,
    1,
    1,
    1,
    1,
    1,
    1,
    1,
    1,
    1,
    1,
    1,
    1,
    1,
    1,
    1,
    1,
    1,
    1,
    1,
    1,
    1,
    1,
    1,
    1,
    1,
    1,
    1,
    1,
    1,
    1,
    1,
    1,
    1,
    1,
    1,
    1,
    1,
    1,
    1,
    1,
    1,
    1,
    1,
    1,
    1,
    1,
    1,
    1,
    1,
    1,
    1,
    1,
    1,
    1,
    1,
    1,
    0,
    1,
    0,
    1,
    1,
    1,
    0,
    0,
    0,
    0,
    0,
    0,
    1,
    0,
    0,
    0,
    0,
    0,
    0,
    0,
    0,
    0,
    0,
    0
  ],
  "PrimitiveTypes": [
    0,
    1,
    1,
    1,
    1,
    0,
    1,
    1,
    1,
    0,
    1,
    1,
    1,
    1,
    0,
    1,
    1,
    1,
    1,
    0,
    1,
    1,
    1,
    1,
    0,
    0,
    1,
    1,
    1,
    1,
    0,
    1,
    1,
    1,
    1,
    0,
    1,
    1,
    1,
    1,
    0,
    1,
    1,
    1,
    1,
    0,
    1,
    1,
    1,
    1,
    0,
    1,
    1,
    1,
    1,
    0,
    1,
    1,
    1,
    1,
    0,
    1,
    0,
    1,
    1,
    1,
    0.6,
    0.6666666666666666,
    0.3333333333333333,
    0.5,
    1,
    0,
    0.6666666666666666,
    0.6666666666666666,
    0.6666666666666666,
    0.6666666666666666,
    0.6666666666666666,
    0.8,
    0,
    1,
    1,
    1,
    1,
    1,
    1,
    1,
    1,
    1,
    1,
    1
  ],