{
  "mean": 7.13,
  "count": 45,
  "sum": 320.87,
  "max": 9,
  "min": 3,
  "raw": [
    8,
    9,
    9,
    9,
    9,
    9,
    9,
    8,
    4,
    5.4,
    5,
    9,
    8,
    7,
    6.333333333333333,
    8,
    8.2,
    8.2,
    8,
    8,
    6.333333333333333,
    8.2,
    5.5,
    7,
    5.666666666666667,
    6.333333333333333,
    3,
    5.5,
    6.333333333333333,
    6.333333333333333,
    8,
    5,
    8,
    8,
    8,
    6,
    8.2,
    6.333333333333333,
    7.5,
    5,
    8,
    6.333333333333333,
    7.5,
    9,
    4.666666666666667
  ]
}