{
  "mean": 0.33,
  "count": 45,
  "groupedCount": {
    "0": 7,
    "0.5": 15,
    "0.3333333333333333": 15,
    "0.4": 3,
    "0.25": 3,
    "0.16666666666666666": 2
  },
  "raw": [
    0.5,
    0.3333333333333333,
    0.3333333333333333,
    0.3333333333333333,
    0.3333333333333333,
    0.3333333333333333,
    0.3333333333333333,
    0.5,
    0,
    0,
    0,
    0.3333333333333333,
    0.5,
    0.5,
    0.3333333333333333,
    0.5,
    0.3333333333333333,
    0.4,
    0.5,
    0.5,
    0.3333333333333333,
    0.4,
    0.25,
    0.5,
    0.3333333333333333,
    0,
    0,
    0.25,
    0.3333333333333333,
    0.3333333333333333,
    0.5,
    0,
    0.5,
    0.5,
    0.5,
    0.16666666666666666,
    0.4,
    0.3333333333333333,
    0.5,
    0.16666666666666666,
    0.5,
    0.3333333333333333,
    0.25,
    0.5,
    0
  ]
}