{
  "mean": 0.33,
  "count": 45,
  "sum": 14.78,
  "max": 0.5,
  "min": 0,
  "raw": [
    0.5,
    0.3333333333333333,
    0.3333333333333333,
    0.3333333333333333,
    0.3333333333333333,
    0.3333333333333333,
    0.3333333333333333,
    0.5,
    0,
    0,
    0,
    0.3333333333333333,
    0.5,
    0.5,
    0.3333333333333333,
    0.5,
    0.3333333333333333,
    0.4,
    0.5,
    0.5,
    0.3333333333333333,
    0.4,
    0.25,
    0.5,
    0.3333333333333333,
    0,
    0,
    0.25,
    0.3333333333333333,
    0.3333333333333333,
    0.5,
    0,
    0.5,
    0.5,
    0.5,
    0.16666666666666666,
    0.4,
    0.3333333333333333,
    0.5,
    0.16666666666666666,
    0.5,
    0.3333333333333333,
    0.25,
    0.5,
    0
  ]
}