{
  "mean": 5.95,
  "count": 11,
  "sum": 65.42,
  "max": 35.41,
  "min": 0,
  "raw": [
    0,
    3.4641016151377544,
    2.449489742783178,
    0,
    35.41186241925155,
    1.4142135623730951,
    11.135528725660043,
    1.4142135623730951,
    4.242640687119285,
    4.47213595499958,
    1.4142135623730951
  ]
}