{
  "Surety": 1.0041666666666667,
  "OutputFormatCorrectness": 0.7304967986532714,
  "InvalidJSON": 0.48333333333333334,
  "DataClumpSize_mean": 7.16148148148148,
  "DataClumpOccurence_mean": 8.815185185185186,
  "FieldToField_mean": 0.12788156288156288,
  "ParametersToParameters_mean": 0.8404054741554745,
  "DataClumpSize_count": 5,
  "DataClumpOccurence_count": 5,
  "FieldToField_count": 5.266666666666667,
  "ParametersToParameters_count": 5.266666666666667,
  "DataClumpSize_groupedCount": {
    "11": 3.3076923076923075
  },
  "DataClumpOccurence_groupedCount": {
    "2": 3.642857142857143
  },
  "FieldToField_groupedCount": {
    "0": 4.866666666666666
  },
  "ParametersToParameters_groupedCount": {
    "0": 1.088235294117647,
    "1": 4.65
  },
  "DataClumpSize_raw": {
    "0": 5.716666666666667,
    "1": 9.627450980392156,
    "2": 7.878048780487805,
    "3": 5.909090909090909,
    "4": 5.424242424242424,
    "5": 7.631578947368421,
    "6": 11,
    "7": 11,
    "8": 11,
    "9": 11,
    "10": 11,
    "11": 11,
    "12": 11,
    "13": 11,
    "14": 11,
    "15": 11,
    "16": 11,
    "17": 11
  },
  "DataClumpOccurence_raw": {
    "0": 5.2,
    "1": 6.470588235294118,
    "2": 12.390243902439025,
    "3": 9.272727272727273,
    "4": 17.03030303030303,
    "5": 13.68421052631579,
    "6": 3.3333333333333335,
    "7": 3.5,
    "8": 3.7142857142857144,
    "9": 3.7142857142857144,
    "10": 3.7142857142857144,
    "11": 3.7142857142857144,
    "12": 3,
    "13": 3.3333333333333335,
    "14": 3.3333333333333335,
    "15": 3.3333333333333335,
    "16": 3.3333333333333335,
    "17": 4
  },
  "FieldToField_raw": {
    "0": 0,
    "1": 0.19607843137254902,
    "2": 0.17073170731707318,
    "3": 0.058823529411764705,
    "4": 0,
    "5": 0.034482758620689655,
    "6": 0.18181818181818182,
    "7": 0,
    "8": 0,
    "9": 0,
    "10": 0,
    "11": 0,
    "12": 0.3333333333333333,
    "13": 0,
    "14": 0,
    "15": 0,
    "16": 0,
    "17": 0
  },
  "ParametersToParameters_raw": {
    "0": 1,
    "1": 0.803921568627451,
    "2": 0.8292682926829268,
    "3": 0.9411764705882353,
    "4": 1,
    "5": 0.6206896551724138,
    "6": 0.8181818181818182,
    "7": 0.8888888888888888,
    "8": 1,
    "9": 1,
    "10": 1,
    "11": 1,
    "12": 0.6666666666666666,
    "13": 1,
    "14": 1,
    "15": 1,
    "16": 1,
    "17": 0
  }
}