{
  "mean": 0.08,
  "count": 30,
  "sum": 2.3,
  "max": 0.27,
  "min": 0,
  "raw": [
    0.047619047619047616,
    0,
    0.0625,
    0.2,
    0,
    0,
    0.058823529411764705,
    0.1,
    0,
    0.058823529411764705,
    0.047619047619047616,
    0.16666666666666666,
    0.125,
    0.0625,
    0.13333333333333333,
    0,
    0.058823529411764705,
    0.07142857142857142,
    0,
    0.058823529411764705,
    0,
    0.06666666666666667,
    0,
    0.16666666666666666,
    0.14285714285714285,
    0.21052631578947367,
    0.2727272727272727,
    0,
    0.0625,
    0.125
  ]
}