{
  "mean": 0.01,
  "count": 30,
  "sum": 0.44,
  "max": 0.13,
  "min": 0,
  "raw": [
    0,
    0,
    0,
    0,
    0,
    0,
    0,
    0,
    0,
    0,
    0,
    0,
    0,
    0,
    0,
    0,
    0,
    0,
    0,
    0,
    0,
    0,
    0,
    0.08333333333333333,
    0,
    0.10526315789473684,
    0,
    0,
    0.125,
    0.125
  ]
}