{
  "mean": 0.36363636363636365,
  "median": 0,
  "variance": 0.23140495867768596,
  "count": 4,
  "groupedCount": {
    "0": 7,
    "1": 4
  }
}