{
  "mean": 0.2,
  "count": 30,
  "sum": 5.74,
  "max": 1,
  "min": 0,
  "raw": [
    null,
    0.18181818181818182,
    0.10416666666666667,
    0.02564102564102564,
    0.034482758620689655,
    0,
    0.0625,
    0.010416666666666666,
    0,
    0,
    0,
    0,
    0,
    0.06382978723404255,
    0.014814814814814815,
    0.16666666666666666,
    0.015444015444015444,
    0.2537313432835821,
    0.14285714285714285,
    0.08333333333333333,
    0.4318181818181818,
    0.20689655172413793,
    1,
    0.037383177570093455,
    0.5,
    0.19047619047619047,
    1,
    0.6666666666666666,
    0.21739130434782608,
    0.3333333333333333
  ]
}