{
  "mean": 0.94,
  "count": 30,
  "sum": 27.17,
  "max": 1,
  "min": 0,
  "raw": [
    null,
    0.8333333333333334,
    1,
    1,
    0.8333333333333334,
    1,
    1,
    1,
    1,
    1,
    0.8333333333333334,
    0.8333333333333334,
    0.8333333333333334,
    1,
    1,
    1,
    1,
    1,
    1,
    0.8333333333333334,
    1,
    1,
    1,
    1,
    1,
    1,
    1,
    1,
    1,
    0.16666666666666663
  ]
}