{
  "mean": 0.7,
  "count": 30,
  "sum": 15.5,
  "max": 1,
  "min": 0,
  "raw": [
    null,
    0.8333333333333334,
    0.8333333333333334,
    1,
    0.5,
    null,
    0.8333333333333334,
    0.8333333333333334,
    null,
    0.5,
    0.8333333333333334,
    0.3333333333333333,
    0,
    0.6666666666666666,
    1,
    null,
    0,
    0.8333333333333334,
    null,
    1,
    0.8333333333333334,
    1,
    1,
    0.5,
    null,
    0.8333333333333334,
    null,
    null,
    0.3333333333333333,
    1
  ]
}