{
  "mean": 0.66,
  "count": 90,
  "sum": 40.06,
  "max": 1,
  "min": 0,
  "raw": [
    0.7307692307692307,
    0.782608695652174,
    0.7619047619047619,
    0.6956521739130435,
    0.8666666666666667,
    0.875,
    1,
    0.7391304347826086,
    0.75,
    0.8461538461538461,
    0.9090909090909091,
    0.8461538461538461,
    0.75,
    0.6666666666666666,
    0.7894736842105263,
    1,
    0.7222222222222222,
    0.8571428571428571,
    0.75,
    1,
    0.8947368421052632,
    0,
    0.7142857142857143,
    0.625,
    0.6666666666666666,
    0.7692307692307693,
    0.7777777777777778,
    0.9,
    0.7058823529411765,
    0.23076923076923078,
    0.39285714285714285,
    0.13793103448275862,
    null,
    0.25,
    null,
    null,
    null,
    null,
    null,
    null,
    null,
    null,
    null,
    null,
    null,
    null,
    null,
    0.43333333333333335,
    0.6153846153846154,
    null,
    0.375,
    0.75,
    null,
    0.6428571428571429,
    null,
    null,
    null,
    0.45,
    null,
    null,
    0.4166666666666667,
    0.6,
    0.8571428571428571,
    0.8888888888888888,
    1,
    null,
    0.45,
    0.6,
    0.4117647058823529,
    1,
    0.15384615384615385,
    null,
    0.38461538461538464,
    null,
    0.6,
    0.47058823529411764,
    0.4117647058823529,
    0.6363636363636364,
    0.4666666666666667,
    null,
    0.8571428571428571,
    0.8888888888888888,
    null,
    null,
    0.7058823529411765,
    0.4117647058823529,
    0.3333333333333333,
    null,
    null,
    0.84
  ]
}