{
  "mean": 3.97,
  "count": 90,
  "sum": 242.34,
  "max": 129.23,
  "min": 0,
  "raw": [
    1.0550618108920815,
    1.0653776051985102,
    1.0733599811897485,
    1.076483655982228,
    1.1512325830653805,
    1.0641784732501587,
    1.1300557526609225,
    1.0611145320197044,
    1.1061926428626514,
    1.151744529863986,
    1.2205447010065127,
    1.1132354614771822,
    1.0811384876805437,
    1.1242987894892236,
    1.05148174774343,
    1.1168680682006291,
    1.1853779429987608,
    1.142950605168466,
    1.0680092703588269,
    1.2587361940974109,
    0.9996932750555939,
    0.039473684210526314,
    1.7664187371419529,
    0.9902311950504722,
    1.6745847817690227,
    1.3002883922134103,
    1.0228046641213497,
    3.001568979042923,
    1.290603458701173,
    1.5284520493434142,
    0.9659164365046718,
    1.8470588235294119,
    null,
    1.0351453123491359,
    null,
    null,
    null,
    null,
    null,
    null,
    null,
    null,
    null,
    null,
    null,
    null,
    null,
    2.0761710794297352,
    0.8693928321542408,
    null,
    0.9615494568324757,
    1.5090137857900319,
    null,
    1.5035754610462928,
    null,
    null,
    null,
    2.0468284376330352,
    null,
    null,
    129.23145400593472,
    1.0331022142697384,
    0.9425330812854442,
    1.0685753578796024,
    0.856727427477126,
    null,
    4.303140315846796,
    4.508109794135995,
    6.405671641791045,
    6.463934426229508,
    1.8082342360347756,
    null,
    2.222757111597374,
    null,
    4.816279482177691,
    4.122166730695351,
    3.9109539354370693,
    1.1310868473895583,
    5.2477311748834925,
    null,
    1.1224946946474887,
    1.3054908808692278,
    null,
    null,
    3.5569774527726996,
    2.7830070222759615,
    3.773258077072791,
    null,
    null,
    3.0035087719298246
  ]
}