{
  "sensitivityBest": {
    "0.1": 100,
    "0.5": 100,
    "0.9": 100
  },
  "specifityBest": {
    "0.1": 100,
    "0.5": 100,
    "0.9": 100
  },
  "medianSensitivity": {
    "0.1": 100,
    "0.5": 100,
    "0.9": 100
  },
  "medianSpecifity": {
    "0.1": 33,
    "0.5": 33,
    "0.9": 33
  },
  "meanSensitivity": {
    "0.1": 62,
    "0.5": 78,
    "0.9": 57
  },
  "meanSpecifity": {
    "0.1": 23,
    "0.5": 29,
    "0.9": 21
  },
  "stdSensitivity": {
    "0.1": 48,
    "0.5": 41,
    "0.9": 49
  },
  "stdSpecifity": {
    "0.1": 22,
    "0.5": 19,
    "0.9": 22
  },
  "sums": {
    "0.1": 0.3310344827586207,
    "0.5": 0.3448275862068966,
    "0.9": 0.32413793103448274
  }
}