{
  "mean": 0.07,
  "count": 36,
  "sum": 2.64,
  "max": 0.15,
  "min": 0.05,
  "raw": [
    0.11667,
    0.06427000000000001,
    0.06505,
    0.07111999999999999,
    0.09855,
    0.06094000000000001,
    0.06451,
    0.07358,
    0.10296,
    0.0472,
    0.08629,
    0.05669,
    0.08445,
    0.05086,
    0.05162,
    0.05523,
    0.08249999999999999,
    0.046810000000000004,
    0.04913,
    0.061110000000000005,
    0.08874,
    0.04834,
    0.04976,
    0.06738000000000001,
    0.09783,
    0.0603,
    0.0627,
    0.069,
    0.14838,
    0.061259999999999995,
    0.0627,
    0.07203000000000001,
    0.14397,
    0.060719999999999996,
    0.06489,
    0.09009
  ]
}