{
  "ValidPrograms": [
    0,
    1,
    1,
    0,
    1,
    0,
    1,
    1,
    0,
    0,
    0,
    1,
    1,
    1,
    0,
    1,
    1,
    1,
    1,
    1,
    0,
    0,
    0,
    0,
    1,
    0,
    1,
    0,
    0,
    0,
    1,
    1,
    1,
    1,
    1,
    1,
    1,
    1,
    1,
    1,
    1,
    0,
    0,
    0,
    1,
    1,
    1,
    0,
    0,
    0,
    1,
    1,
    1,
    1,
    1,
    1,
    1,
    1,
    0,
    1
  ],
  "RemainingAttemptCount": [
    0,
    1,
    4,
    0,
    5,
    0,
    5,
    5,
    0,
    0,
    0,
    5,
    5,
    5,
    0,
    5,
    5,
    5,
    5,
    5,
    0,
    0,
    0,
    0,
    5,
    0,
    5,
    0,
    0,
    0,
    5,
    5,
    5,
    5,
    5,
    5,
    5,
    5,
    5,
    5,
    5,
    0,
    0,
    0,
    5,
    5,
    5,
    0,
    0,
    0,
    5,
    5,
    5,
    5,
    5,
    5,
    5,
    5,
    0,
    4
  ],
  "RemovedDataClumps": [
    0,
    0,
    0,
    0,
    0,
    0,
    0,
    0,
    0,
    0,
    0,
    0,
    0,
    0,
    0,
    0,
    0,
    0,
    0,
    0,
    0,
    0,
    0,
    0,
    0,
    0,
    0,
    0,
    0,
    0,
    0,
    0,
    0,
    0,
    0,
    0,
    0,
    0,
    0,
    0,
    0,
    0,
    0,
    0,
    0,
    0,
    0,
    0,
    0,
    0,
    0,
    0,
    0,
    0,
    0,
    0,
    0,
    0,
    0,
    0
  ],
  "GitChanges": [
    322,
    83,
    68,
    128,
    76,
    137,
    28,
    90,
    142,
    82,
    312,
    0,
    0,
    0,
    145,
    0,
    0,
    0,
    0,
    0,
    18,
    178,
    155,
    254,
    0,
    114,
    0,
    215,
    10,
    240,
    0,
    0,
    0,
    0,
    0,
    0,
    0,
    0,
    0,
    0,
    0,
    213,
    228,
    41,
    0,
    0,
    0,
    406,
    103,
    80,
    0,
    0,
    0,
    0,
    0,
    0,
    0,
    0,
    78,
    26
  ],
  "CommentOut": [
    0.75,
    1,
    1,
    0.9813084112149533,
    1,
    0.6190476190476191,
    1,
    1,
    1,
    0.41666666666666663,
    0.9818181818181818,
    0,
    0,
    0,
    1,
    0,
    0,
    0,
    0,
    0,
    1,
    0.36,
    1,
    0.9714285714285714,
    0,
    1,
    0,
    1,
    0.8,
    1,
    0,
    0,
    0,
    0,
    0,
    0,
    0,
    0,
    0,
    0,
    0,
    0.9487179487179487,
    1,
    1,
    0,
    0,
    0,
    0.9787234042553191,
    1,
    1,
    0,
    0,
    0,
    0,
    0,
    0,
    0,
    0,
    0.8888888888888888,
    1
  ],
  "ValidJSON": [
    1,
    1,
    1,
    1,
    1,
    1,
    1,
    1,
    1,
    1,
    0.8333333333333334,
    1,
    1,
    1,
    1,
    1,
    1,
    1,
    1,
    1,
    0.8333333333333334,
    0.8333333333333334,
    1,
    1,
    1,
    1,
    1,
    1,
    0.8333333333333334,
    1,
    1,
    1,
    1,
    1,
    1,
    1,
    1,
    1,
    1,
    1,
    1,
    0.8333333333333334,
    1,
    0.8333333333333334,
    1,
    1,
    1,
    1,
    1,
    0.8333333333333334,
    1,
    1,
    1,
    1,
    1,
    1,
    1,
    1,
    1,
    1
  ],
  "EmptyResponse": [
    1,
    1,
    1,
    1,
    1,
    1,
    1,
    1,
    1,
    0.16666666666666663,
    1,
    0,
    0,
    0,
    1,
    0,
    0,
    0,
    0,
    0,
    0.8333333333333334,
    0.8333333333333334,
    0.8333333333333334,
    1,
    0,
    1,
    0,
    1,
    0.8333333333333334,
    1,
    0,
    0,
    0,
    0,
    0,
    0,
    0,
    0,
    0,
    0,
    0,
    1,
    0.33333333333333337,
    0.8333333333333334,
    0,
    0,
    0,
    1,
    1,
    0.8333333333333334,
    0,
    1,
    0,
    0,
    0,
    0,
    0,
    1,
    1,
    1
  ],
  "InterpretableChanges": [
    0.4285714285714286,
    0.0714285714285714,
    1,
    0.23076923076923073,
    0.25,
    0.30000000000000004,
    0,
    0.6666666666666667,
    0.1428571428571429,
    0.25,
    0.5,
    1,
    1,
    1,
    0.2222222222222222,
    1,
    1,
    1,
    1,
    1,
    1,
    1,
    0.23529411764705888,
    0.19999999999999996,
    1,
    0,
    1,
    0.45833333333333337,
    1,
    0.13043478260869568,
    1,
    1,
    1,
    1,
    1,
    1,
    1,
    1,
    1,
    1,
    1,
    0.65,
    0.2272727272727273,
    1,
    1,
    1,
    1,
    0.19999999999999996,
    0.3846153846153846,
    1,
    1,
    1,
    1,
    1,
    1,
    1,
    1,
    1,
    1,
    0.33333333333333337
  ],
  "RichClass": [
    1,
    0,
    0,
    1,
    0,
    0,
    1,
    1,
    0,
    0,
    null,
    null,
    null,
    null,
    0,
    null,
    null,
    null,
    null,
    null,
    0,
    0,
    0,
    0,
    null,
    0,
    null,
    0,
    0,
    0,
    null,
    1,
    null,
    null,
    1,
    null,
    null,
    null,
    1,
    null,
    null,
    null,
    0,
    0,
    null,
    null,
    null,
    0,
    0,
    0,
    null,
    null,
    null,
    null,
    0,
    null,
    null,
    null,
    null,
    0
  ],
  "HarmlessErrorCategory": [
    0.8333333333333334,
    1,
    1,
    0.5,
    0,
    0.8333333333333334,
    0,
    0,
    0.3333333333333333,
    1,
    0.16666666666666666,
    0,
    0,
    0,
    0.3333333333333333,
    0,
    0,
    0,
    0,
    0,
    0.8333333333333334,
    0.5,
    0.6666666666666666,
    0.16666666666666666,
    0,
    0.16666666666666666,
    0,
    0.16666666666666666,
    0.3333333333333333,
    0.5,
    0,
    0,
    0,
    0,
    0,
    0,
    0,
    0,
    0,
    0,
    0,
    0.8333333333333334,
    0.3333333333333333,
    0.6666666666666666,
    0,
    0,
    0,
    0.6666666666666666,
    0.6666666666666666,
    0.6666666666666666,
    0,
    0,
    0,
    0,
    0,
    0,
    0,
    0,
    0.8333333333333334,
    1
  ],
  "DataClumpSize": [
    3,
    10,
    5,
    4,
    3,
    3,
    3,
    5,
    3,
    3,
    3,
    3,
    3,
    3,
    3,
    3,
    3,
    4,
    3,
    10,
    3,
    5,
    3,
    3,
    5,
    7,
    3,
    3,
    3,
    6,
    10,
    3,
    3,
    3,
    3,
    3,
    10,
    5,
    3,
    3,
    6,
    3,
    3,
    3,
    3,
    3,
    3,
    10,
    3,
    10,
    5,
    4,
    3,
    3,
    3,
    5,
    3,
    3,
    10,
    3,
    10,
    3,
    3,
    10,
    3,
    3,
    3,
    3,
    3,
    3,
    3,
    3,
    3,
    3,
    3,
    10,
    3,
    10,
    3,
    3,
    3,
    3,
    5,
    3,
    3,
    3,
    5,
    10,
    3,
    3,
    3,
    3,
    3,
    3,
    3,
    3,
    3,
    3,
    3,
    6,
    3,
    3,
    3,
    3,
    3,
    3,
    4,
    10,
    3,
    3,
    3,
    3,
    5,
    3,
    3,
    4,
    3,
    3,
    6,
    3,
    4,
    10,
    3,
    5,
    3,
    3,
    3,
    3,
    3,
    3,
    7,
    3,
    3,
    10,
    3,
    3,
    3,
    3,
    5,
    3,
    10,
    7,
    3,
    3,
    3,
    5,
    10,
    3,
    3,
    10,
    3,
    3,
    3,
    4,
    3,
    3,
    3,
    5,
    3,
    3,
    3,
    13,
    6,
    3,
    3,
    3,
    6,
    3,
    3,
    3,
    3,
    3,
    3,
    5,
    3,
    3,
    10,
    3,
    6,
    3,
    3,
    3,
    3,
    10,
    3,
    3,
    3,
    3,
    3,
    3,
    3,
    3,
    3,
    3,
    3,
    5,
    3,
    3,
    3,
    3,
    10,
    3,
    3,
    3,
    3,
    3,
    3,
    7,
    10,
    3,
    5,
    3,
    3,
    3,
    3,
    3,
    3,
    3,
    3,
    10,
    5,
    3,
    7,
    10,
    3,
    3,
    6,
    3,
    3,
    3,
    3,
    3,
    3,
    3,
    5,
    3
  ],