{
  "ValidPrograms": [
    1,
    0,
    1,
    0,
    0,
    0,
    0,
    0,
    0,
    0,
    0,
    0,
    0,
    1,
    1,
    1,
    0,
    0,
    0,
    0,
    0,
    0,
    0,
    1,
    0,
    0,
    0,
    0,
    1,
    0,
    0,
    0,
    0,
    1,
    0,
    1,
    1,
    1,
    0,
    0,
    0,
    0,
    0,
    1,
    0
  ],
  "RemainingAttemptCount": [
    1,
    0,
    2,
    0,
    0,
    0,
    0,
    0,
    0,
    0,
    0,
    0,
    0,
    2,
    5,
    5,
    0,
    0,
    0,
    0,
    0,
    0,
    0,
    5,
    0,
    0,
    0,
    0,
    5,
    0,
    0,
    0,
    0,
    4,
    0,
    5,
    5,
    5,
    0,
    0,
    0,
    0,
    0,
    5,
    0
  ],
  "RemovedDataClumps": [
    1,
    0,
    -9,
    0,
    0,
    0,
    0,
    0,
    0,
    0,
    0,
    0,
    0,
    -17,
    0,
    -212,
    0,
    0,
    0,
    0,
    0,
    0,
    0,
    -212,
    0,
    0,
    0,
    0,
    -212,
    0,
    0,
    0,
    0,
    -210,
    0,
    -212,
    -212,
    -212,
    0,
    0,
    0,
    0,
    0,
    -212,
    0
  ],
  "GitChanges": [
    80,
    133,
    147,
    74,
    157,
    359,
    114,
    280,
    301,
    269,
    138,
    255,
    124,
    165,
    65,
    0,
    325,
    1206,
    820,
    172,
    661,
    171,
    171,
    0,
    172,
    662,
    179,
    172,
    0,
    634,
    171,
    138,
    256,
    27,
    185,
    0,
    0,
    0,
    170,
    42,
    354,
    150,
    64,
    0,
    193
  ],
  "CommentOut": [
    1,
    1,
    1,
    1,
    1,
    1,
    1,
    1,
    1,
    1,
    1,
    1,
    1,
    1,
    1,
    0,
    1,
    0.7083333333333333,
    0.6923076923076923,
    0.41666666666666663,
    0.7037037037037037,
    0.41666666666666663,
    0.41666666666666663,
    0,
    0.41666666666666663,
    1,
    1,
    0.41666666666666663,
    0,
    1,
    0.41666666666666663,
    1,
    1,
    1,
    1,
    0,
    0,
    0,
    1,
    1,
    1,
    1,
    0.8333333333333334,
    0,
    1
  ],
  "InvalidJSON": [
    1,
    1,
    1,
    1,
    1,
    1,
    1,
    1,
    0.8333333333333334,
    1,
    1,
    1,
    1,
    1,
    1,
    1,
    0.8333333333333334,
    0.6666666666666666,
    0.8333333333333334,
    1,
    1,
    1,
    1,
    1,
    1,
    1,
    1,
    1,
    1,
    1,
    1,
    0.8333333333333334,
    0.8333333333333334,
    0.5,
    0.8333333333333334,
    1,
    1,
    1,
    0.8333333333333334,
    1,
    1,
    0.8333333333333334,
    1,
    1,
    1
  ]
}