{
  "ValidPrograms": [
    1,
    0,
    0,
    0,
    0,
    1,
    0,
    0,
    0,
    0,
    0,
    0,
    1,
    0,
    0,
    1,
    1,
    0,
    1,
    0,
    0,
    0,
    0,
    0,
    1,
    0,
    0,
    0,
    0,
    1,
    1,
    0,
    0,
    0,
    0,
    1,
    1,
    0,
    0,
    0,
    0,
    0,
    1,
    0,
    0,
    0,
    0,
    0,
    0,
    0,
    0,
    1,
    0,
    0,
    0,
    0,
    0,
    0,
    0,
    0,
    1,
    0,
    0,
    0,
    0,
    1,
    1,
    1,
    0,
    1,
    1,
    0
  ],
  "RemainingAttemptCount": [
    4,
    0,
    0,
    0,
    0,
    1,
    0,
    0,
    0,
    0,
    0,
    0,
    2,
    0,
    0,
    3,
    4,
    0,
    2,
    0,
    0,
    0,
    0,
    0,
    5,
    0,
    0,
    0,
    0,
    1,
    4,
    0,
    0,
    0,
    0,
    5,
    5,
    0,
    0,
    0,
    0,
    0,
    3,
    0,
    0,
    0,
    0,
    0,
    0,
    0,
    0,
    5,
    0,
    0,
    0,
    0,
    0,
    0,
    0,
    0,
    3,
    0,
    0,
    0,
    0,
    5,
    5,
    4,
    0,
    5,
    5,
    0
  ],
  "RemovedDataClumps": [
    0,
    0,
    0,
    0,
    0,
    60,
    0,
    0,
    0,
    0,
    0,
    0,
    0,
    0,
    0,
    2,
    2,
    0,
    0,
    0,
    0,
    0,
    0,
    0,
    -8,
    0,
    0,
    0,
    0,
    -4,
    -4,
    0,
    0,
    0,
    0,
    -3,
    2,
    0,
    0,
    0,
    0,
    0,
    -65,
    0,
    0,
    0,
    0,
    0,
    0,
    0,
    0,
    -21,
    0,
    0,
    0,
    0,
    0,
    0,
    0,
    0,
    -210,
    0,
    0,
    0,
    0,
    -212,
    -212,
    -212,
    0,
    -212,
    -212,
    0
  ],
  "GitChanges": [
    149,
    237,
    78,
    136,
    46,
    107,
    251,
    154,
    124,
    138,
    117,
    402,
    158,
    260,
    173,
    266,
    110,
    271,
    70,
    92,
    108,
    133,
    15,
    141,
    50,
    68,
    93,
    114,
    86,
    175,
    54,
    64,
    68,
    255,
    80,
    82,
    124,
    174,
    88,
    168,
    84,
    134,
    284,
    158,
    52,
    297,
    56,
    164,
    272,
    197,
    197,
    216,
    219,
    186,
    143,
    146,
    136,
    325,
    263,
    153,
    52,
    282,
    147,
    179,
    268,
    0,
    0,
    59,
    98,
    0,
    0,
    175
  ],
  "CommentOut": [
    1,
    0.96875,
    1,
    1,
    1,
    1,
    1,
    0.9696969696969697,
    1,
    1,
    1,
    1,
    1,
    0.9,
    1,
    1,
    1,
    1,
    1,
    0.96,
    1,
    1,
    1,
    1,
    0.9333333333333333,
    0.9,
    1,
    1,
    1,
    1,
    1,
    1,
    1,
    1,
    1,
    1,
    0.9375,
    0.9615384615384616,
    1,
    1,
    1,
    1,
    1,
    0.9615384615384616,
    1,
    0.875,
    1,
    1,
    0.8571428571428572,
    1,
    1,
    1,
    1,
    1,
    1,
    0.15384615384615385,
    0.8571428571428572,
    1,
    0.65,
    1,
    0.2222222222222222,
    0.7741935483870968,
    0.6025641025641026,
    1,
    0.65,
    0,
    0,
    0.33333333333333337,
    0.9047619047619048,
    0,
    0,
    0.8888888888888888
  ],
  "InvalidJSON": [
    1,
    1,
    1,
    1,
    1,
    1,
    1,
    1,
    1,
    1,
    1,
    1,
    1,
    1,
    1,
    1,
    1,
    1,
    1,
    1,
    1,
    1,
    1,
    1,
    1,
    1,
    1,
    1,
    1,
    1,
    1,
    1,
    1,
    1,
    1,
    1,
    1,
    1,
    1,
    1,
    1,
    1,
    1,
    1,
    1,
    1,
    1,
    1,
    0.8333333333333334,
    1,
    1,
    1,
    1,
    1,
    1,
    1,
    1,
    0.8333333333333334,
    1,
    0.8333333333333334,
    1,
    1,
    1,
    1,
    1,
    1,
    1,
    1,
    1,
    1,
    1,
    1
  ]
}