{
  "ValidPrograms": [
    1,
    1,
    0,
    1,
    1,
    1,
    1,
    1,
    1,
    1,
    0,
    0,
    0,
    1,
    0,
    1,
    0,
    0,
    1,
    0,
    0,
    1,
    1,
    0,
    1,
    0,
    0,
    1,
    1,
    0,
    1,
    0,
    0,
    1,
    1,
    1
  ],
  "RemainingAttemptCount": [
    5,
    5,
    0,
    5,
    5,
    2,
    5,
    5,
    5,
    5,
    0,
    0,
    0,
    5,
    0,
    5,
    0,
    0,
    4,
    0,
    0,
    5,
    5,
    0,
    5,
    0,
    0,
    4,
    5,
    0,
    5,
    0,
    0,
    5,
    5,
    5
  ],
  "RemovedDataClumps": [
    0,
    0,
    0,
    0,
    0,
    0,
    0,
    0,
    0,
    0,
    0,
    0,
    0,
    0,
    0,
    0,
    0,
    0,
    0,
    0,
    0,
    0,
    0,
    0,
    0,
    0,
    0,
    0,
    0,
    0,
    0,
    0,
    0,
    0,
    0,
    0
  ],
  "GitChanges": [
    94,
    0,
    11,
    0,
    0,
    54,
    76,
    0,
    0,
    0,
    176,
    186,
    142,
    0,
    10,
    0,
    103,
    78,
    44,
    245,
    147,
    0,
    0,
    276,
    0,
    98,
    108,
    27,
    0,
    278,
    20,
    207,
    167,
    0,
    2,
    0
  ],
  "CommentOut": [
    0.2666666666666667,
    0,
    1,
    0,
    0,
    1,
    1,
    0,
    0,
    0,
    1,
    1,
    1,
    0,
    0.8,
    0,
    1,
    0.8888888888888888,
    0.07407407407407407,
    0,
    0.9411764705882353,
    0,
    0,
    0.5882352941176471,
    1,
    0.9263803680981595,
    0.9,
    1,
    0,
    0.4666666666666667,
    1,
    0.6666666666666667,
    0.85,
    0,
    1,
    0
  ],
  "ValidJSON": [
    1,
    1,
    0.8333333333333334,
    1,
    1,
    0.75,
    1,
    1,
    1,
    1,
    0.8333333333333334,
    1,
    1,
    1,
    0.8333333333333334,
    1,
    1,
    1,
    1,
    1,
    1,
    1,
    1,
    1,
    1,
    0.6666666666666666,
    1,
    0.5,
    1,
    1,
    1,
    1,
    1,
    1,
    1,
    1
  ],
  "EmptyResponse": [
    1,
    0,
    0.8333333333333334,
    0,
    1,
    0.75,
    1,
    0,
    0,
    0,
    0.8333333333333334,
    1,
    1,
    0,
    0.8333333333333334,
    0,
    1,
    1,
    1,
    1,
    1,
    0,
    0,
    1,
    1,
    1,
    1,
    0.5,
    0,
    1,
    1,
    1,
    1,
    0,
    1,
    0
  ],
  "InterpretableChanges": [
    1,
    1,
    1,
    1,
    1,
    1,
    0.1428571428571429,
    1,
    1,
    1,
    1,
    0.1333333333333333,
    0.1428571428571429,
    1,
    1,
    1,
    0.3846153846153846,
    1,
    0,
    0,
    0.2857142857142857,
    1,
    1,
    0.7142857142857143,
    0,
    0,
    0.2857142857142857,
    1,
    1,
    0.7142857142857143,
    1,
    0,
    0.2857142857142857,
    1,
    0,
    1
  ],
  "RichClass": [
    1,
    null,
    0,
    null,
    null,
    0,
    1,
    null,
    null,
    null,
    0,
    1,
    0,
    null,
    0,
    1,
    0,
    null,
    null,
    0,
    0,
    null,
    null,
    null,
    null,
    0,
    1,
    0,
    null,
    null,
    null,
    0,
    0,
    0,
    null,
    null
  ],
  "HarmlessErrorCategory": [
    0,
    0,
    0.6666666666666666,
    0,
    0,
    1,
    0,
    0,
    0,
    0,
    1,
    0.3333333333333333,
    0.3333333333333333,
    0,
    0.3333333333333333,
    0,
    0.6666666666666666,
    0.8333333333333334,
    1,
    0,
    1,
    0,
    0,
    0,
    0,
    1,
    1,
    1,
    0,
    0,
    0,
    0,
    0.5,
    0,
    0,
    0
  ],
  "DataClumpSize": [
    3,
    10,
    3,
    3,
    10,
    3,
    3,
    3,
    3,
    3,
    5,
    3,
    3,
    3,
    3,
    10,
    10,
    3,
    3,
    3,
    3,
    3,
    3,
    3,
    3,
    3,
    3,
    3,
    3,
    5,
    3,
    3,
    10,
    7,
    3,
    10,
    3,
    3,
    3,
    3,
    3,
    3,
    3,
    3,
    3,
    3,
    3,
    10,
    3,
    5,
    3,
    3,
    3,
    3,
    10,
    3,
    3,
    6,
    3,
    3,
    3,
    3,
    25,
    25,
    5,
    25,
    5,
    25,
    5,
    25,
    25,
    5,
    25,
    5,
    25,
    25,
    5,
    25,
    25,
    5,
    25,
    5,
    25
  ],
  "DataClumpOccurence": [
    2,
    2,
    1,
    2,
    2,
    5,
    92,
    15,
    2,
    70,
    2,
    62,
    92,
    1,
    2,
    2,
    2,
    2,
    2,
    92,
    1,
    5,
    15,
    2,
    70,
    70,
    70,
    70,
    2,
    2,
    62,
    1,
    2,
    6,
    2,
    2,
    2,
    15,
    5,
    70,
    2,
    70,
    2,
    70,
    1,
    92,
    2,
    2,
    2,
    2,
    62,
    92,
    1,
    70,
    2,
    2,
    92,
    2,
    2,
    70,
    62,
    2,
    0,
    0,
    0,
    0,
    0,
    0,
    0,
    0,
    0,
    0,
    0,
    0,
    0,
    0,
    0,
    0,
    0,
    0,
    0,
    0,
    0
  ],
  "ParametersToParameters": [
    1,
    1,
    0,
    1,
    1,
    1,
    1,
    0,
    1,
    0,
    1,
    1,
    1,
    0,
    1,
    1,
    1,
    0,
    1,
    1,
    0,
    1,
    0,
    0,
    0,
    0,
    0,
    0,
    1,
    1,
    1,
    0,
    1,
    1,
    1,
    1,
    0,
    0,
    1,
    0,
    0,
    0,
    0,
    0,
    0,
    1,
    0,
    1,
    1,
    1,
    1,
    1,
    0,
    0,
    1,
    0,
    1,
    0,
    0,
    0,
    1,
    1,
    0,
    0,
    1,
    0,
    1,
    0,
    1,
    0,
    0,
    1,
    0,
    1,
    0,
    0,
    1,
    0,
    0,
    1,
    0,
    1,
    0
  ],
  "FieldToField": [
    0,
    0,
    0,
    0,
    0,
    0,
    0,
    0,
    0,
    1,
    0,
    0,
    0,
    0,
    0,
    0,
    0,
    1,
    0,
    0,
    0,
    0,
    0,
    0,
    1,
    1,
    1,
    1,
    0,
    0,
    0,
    0,
    0,
    0,
    0,
    0,
    1,
    0,
    0,
    1,
    0,
    1,
    0,
    1,
    0,
    0,
    1,
    0,
    0,
    0,
    0,
    0,
    0,
    1,
    0,
    1,
    0,
    1,
    1,
    1,
    0,
    0,
    1,
    1,
    0,
    1,
    0,
    1,
    0,
    1,
    1,
    0,
    1,
    0,
    1,
    1,
    0,
    1,
    1,
    0,
    1,
    0,
    1
  ],
  "PreferNonPublic": [
    0,
    0,
    0,
    0,
    0,
    0,
    0,
    0,
    0,
    1,
    0,
    0,
    0,
    0,
    0,
    0,
    0,
    1,
    0,
    0,
    0,
    0,
    0,
    1,
    1,
    1,
    1,
    1,
    0,
    0,
    0,
    0,
    0,
    0,
    0,
    0,
    1,
    0,
    0,
    1,
    0,
    1,
    1,
    1,
    0,
    0,
    1,
    0,
    0,
    0,
    0,
    0,
    0,
    1,
    0,
    1,
    0,
    1,
    1,
    1,
    0,
    0,
    0,
    0,
    0,
    0,
    0,
    0,
    0,
    0,
    0,
    0,
    0,
    0,
    0,
    0,
    0,
    0,
    0,
    0,
    0,
    0,
    0
  ],
  "PrimitiveTypes": [
    0.6666666666666666,
    0.6,
    0.6666666666666666,
    0.6666666666666666,
    0.6,
    0.6666666666666666,
    0.3333333333333333,
    0.6666666666666666,
    0.6666666666666666,
    0,
    0.8,
    0.6666666666666666,
    0.3333333333333333,
    0.6666666666666666,
    0.6666666666666666,
    0.6,
    0.6,
    0.6666666666666666,
    0.6666666666666666,
    0.3333333333333333,
    0.6666666666666666,
    0.6666666666666666,
    0.6666666666666666,
    0.6666666666666666,
    0,
    0,
    0,
    0,
    0.6666666666666666,
    0.8,
    0.6666666666666666,
    0.6666666666666666,
    0.6,
    0.2857142857142857,
    0.6666666666666666,
    0.6,
    0.6666666666666666,
    0.6666666666666666,
    0.6666666666666666,
    0,
    1,
    0,
    0.6666666666666666,
    0,
    0.6666666666666666,
    0.3333333333333333,
    0.6666666666666666,
    0.6,
    0.6666666666666666,
    0.8,
    0.6666666666666666,
    0.3333333333333333,
    0.6666666666666666,
    0,
    0.6,
    0.6666666666666666,
    0.3333333333333333,
    0.5,
    1,
    0,
    0.6666666666666666,
    0.6666666666666666,
    1,
    1,
    1,
    1,
    1,
    1,
    1,
    1,
    1,
    1,
    1,
    1,
    1,
    1,
    1,
    1,
    1,
    1,
    1,
    1,
    1
  ],