{
  "ValidPrograms": [
    0,
    0,
    0,
    1,
    0,
    1,
    1,
    0,
    1,
    0,
    0,
    0,
    0,
    0,
    0,
    0,
    1,
    0,
    1,
    0,
    0,
    0,
    0,
    0,
    1
  ],
  "RemainingAttemptCount": [
    0,
    0,
    0,
    1,
    0,
    1,
    1,
    0,
    1,
    0,
    0,
    0,
    0,
    0,
    0,
    0,
    5,
    0,
    5,
    0,
    0,
    0,
    0,
    0,
    5
  ],
  "RemovedDataClumps": [
    0,
    0,
    0,
    22,
    0,
    2,
    -4,
    0,
    2,
    0,
    0,
    0,
    0,
    0,
    0,
    0,
    -212,
    0,
    -212,
    0,
    0,
    0,
    0,
    0,
    -212
  ],
  "GitChanges": [
    447,
    402,
    114,
    139,
    187,
    63,
    175,
    234,
    244,
    284,
    120,
    164,
    193,
    85,
    151,
    143,
    0,
    167,
    0,
    347,
    283,
    279,
    86,
    278,
    0
  ],
  "CommentOut": [
    1,
    1,
    1,
    1,
    0.9,
    1,
    1,
    1,
    1,
    1,
    1,
    1,
    1,
    1,
    1,
    1,
    0,
    0.3846153846153846,
    0,
    0.5,
    0.5882352941176471,
    0.5882352941176471,
    1,
    0.4666666666666667,
    0
  ],
  "ValidJSON": [
    1,
    1,
    1,
    1,
    1,
    1,
    1,
    1,
    1,
    1,
    1,
    1,
    1,
    1,
    1,
    0.8333333333333334,
    1,
    1,
    1,
    0.8333333333333334,
    1,
    1,
    1,
    1,
    1
  ]
}