{
  "ValidPrograms": [
    0,
    0,
    0,
    0,
    0,
    0,
    0,
    0,
    0,
    0,
    0,
    0,
    1,
    0,
    1,
    0,
    1,
    1,
    1,
    1,
    1,
    1,
    1,
    1,
    0,
    0,
    0,
    0,
    1,
    0,
    0,
    0,
    0,
    1,
    0
  ],
  "RemainingAttemptCount": [
    0,
    0,
    0,
    0,
    0,
    0,
    0,
    0,
    0,
    0,
    0,
    0,
    1,
    0,
    2,
    0,
    5,
    5,
    5,
    5,
    5,
    5,
    5,
    5,
    0,
    0,
    0,
    0,
    5,
    0,
    0,
    0,
    0,
    4,
    0
  ],
  "RemovedDataClumps": [
    0,
    0,
    0,
    0,
    0,
    0,
    0,
    0,
    0,
    0,
    0,
    0,
    16,
    0,
    22,
    0,
    0,
    0,
    0,
    0,
    0,
    0,
    0,
    0,
    0,
    0,
    0,
    0,
    0,
    0,
    0,
    0,
    0,
    0,
    0
  ],
  "GitChanges": [
    258,
    143,
    325,
    244,
    277,
    392,
    233,
    346,
    257,
    219,
    269,
    354,
    236,
    223,
    181,
    92,
    0,
    0,
    0,
    0,
    0,
    0,
    0,
    0,
    82,
    662,
    179,
    172,
    0,
    634,
    171,
    138,
    256,
    27,
    185
  ],
  "CommentOut": [
    1,
    1,
    1,
    1,
    1,
    1,
    1,
    1,
    1,
    1,
    1,
    0.875,
    1,
    1,
    1,
    1,
    0,
    0,
    0,
    0,
    0,
    0,
    0,
    0,
    1,
    1,
    1,
    0.41666666666666663,
    0,
    1,
    0.41666666666666663,
    0.9473684210526316,
    1,
    1,
    1
  ],
  "ValidJSON": [
    1,
    1,
    1,
    1,
    1,
    1,
    1,
    1,
    0.8333333333333334,
    1,
    1,
    1,
    1,
    1,
    1,
    1,
    1,
    1,
    1,
    1,
    1,
    1,
    1,
    1,
    0.6666666666666666,
    1,
    1,
    1,
    1,
    1,
    1,
    0.8333333333333334,
    0.8333333333333334,
    0.5,
    0.8333333333333334
  ],
  "EmptyResponse": [
    1,
    1,
    1,
    1,
    1,
    1,
    1,
    1,
    1,
    1,
    1,
    1,
    1,
    1,
    1,
    1,
    0,
    0,
    0,
    0,
    0,
    0,
    0,
    0,
    0.6666666666666667,
    1,
    1,
    1,
    0,
    1,
    1,
    1,
    0.8333333333333334,
    0.5,
    0.8333333333333334
  ],
  "InterpretableChanges": [
    1,
    1,
    1,
    1,
    1,
    1,
    1,
    1,
    1,
    1,
    1,
    1,
    1,
    1,
    1,
    1,
    1,
    1,
    1,
    1,
    1,
    1,
    1,
    1,
    1,
    0.7142857142857143,
    0.7142857142857143,
    0.8571428571428572,
    1,
    0.7142857142857143,
    0.8571428571428572,
    0.5,
    1,
    1,
    1
  ],
  "RichClass": [
    null,
    null,
    null,
    null,
    null,
    1,
    0,
    0,
    1,
    0,
    null,
    null,
    null,
    null,
    null,
    0,
    null,
    null,
    0,
    null,
    null,
    null,
    null,
    null,
    0,
    0,
    0,
    null,
    null,
    null,
    null,
    null,
    0,
    0,
    0
  ],
  "HarmlessErrorCategory": [
    1,
    1,
    0.4,
    0.6,
    1,
    0.2,
    1,
    1,
    0.8,
    1,
    0.4,
    0.8,
    0.25,
    1,
    0.3333333333333333,
    0.8333333333333334,
    0,
    0,
    0,
    0,
    0,
    0,
    0,
    0,
    0.5,
    0,
    0,
    0,
    0,
    0,
    0,
    0.3333333333333333,
    0,
    1,
    0
  ],
  "DataClumpSize": [
    11,
    4,
    3,
    4,
    11,
    4,
    3,
    4,
    11,
    3,
    4,
    4,
    4,
    11,
    3,
    4,
    4,
    4,
    11,
    4,
    3,
    4,
    4,
    11,
    3,
    4,
    4,
    4,
    11,
    3,
    4,
    4,
    4,
    11,
    3,
    4,
    4,
    4,
    11,
    3,
    4,
    4,
    4,
    11,
    3,
    4,
    4,
    4,
    11,
    3,
    4,
    4,
    4,
    11,
    4,
    3,
    4,
    11,
    4,
    3,
    4,
    11,
    3,
    4,
    4,
    4,
    11,
    4,
    3,
    4,
    3,
    5,
    3,
    3,
    10,
    3,
    3,
    3,
    3,
    10,
    3,
    3,
    3,
    16,
    3,
    3,
    25,
    5,
    25,
    5,
    25,
    5,
    25,
    5,
    25,
    5,
    25,
    5,
    25,
    5,
    25,
    25
  ],
  "DataClumpOccurence": [
    6,
    78,
    4,
    78,
    6,
    78,
    4,
    78,
    6,
    4,
    78,
    78,
    78,
    6,
    4,
    78,
    78,
    78,
    6,
    78,
    4,
    78,
    78,
    6,
    4,
    78,
    78,
    78,
    6,
    4,
    78,
    78,
    78,
    6,
    4,
    78,
    78,
    78,
    6,
    4,
    78,
    78,
    78,
    6,
    4,
    78,
    78,
    78,
    6,
    4,
    78,
    78,
    78,
    6,
    78,
    4,
    78,
    6,
    78,
    4,
    78,
    6,
    4,
    78,
    78,
    78,
    6,
    78,
    4,
    78,
    2,
    2,
    1,
    62,
    2,
    2,
    70,
    70,
    92,
    2,
    2,
    1,
    92,
    2,
    3,
    2,
    0,
    0,
    0,
    0,
    0,
    0,
    0,
    0,
    0,
    0,
    0,
    0,
    0,
    0,
    0,
    0
  ],
  "ParametersToParameters": [
    0,
    1,
    0,
    1,
    0,
    1,
    0,
    1,
    0,
    0,
    1,
    1,
    1,
    0,
    0,
    1,
    1,
    1,
    0,
    1,
    0,
    1,
    1,
    0,
    0,
    1,
    1,
    1,
    0,
    0,
    1,
    1,
    1,
    0,
    0,
    1,
    1,
    1,
    0,
    0,
    1,
    1,
    1,
    0,
    0,
    1,
    1,
    1,
    0,
    0,
    1,
    1,
    1,
    0,
    1,
    0,
    1,
    0,
    1,
    0,
    1,
    0,
    0,
    1,
    1,
    1,
    0,
    1,
    0,
    1,
    1,
    1,
    0,
    1,
    1,
    0,
    0,
    0,
    1,
    1,
    0,
    0,
    1,
    0,
    0,
    1,
    0,
    1,
    0,
    1,
    0,
    1,
    0,
    1,
    0,
    1,
    0,
    1,
    0,
    1,
    0,
    0
  ],
  "FieldToField": [
    1,
    0,
    1,
    0,
    1,
    0,
    1,
    0,
    1,
    1,
    0,
    0,
    0,
    1,
    1,
    0,
    0,
    0,
    1,
    0,
    1,
    0,
    0,
    1,
    1,
    0,
    0,
    0,
    1,
    1,
    0,
    0,
    0,
    1,
    1,
    0,
    0,
    0,
    1,
    1,
    0,
    0,
    0,
    1,
    1,
    0,
    0,
    0,
    1,
    1,
    0,
    0,
    0,
    1,
    0,
    1,
    0,
    1,
    0,
    1,
    0,
    1,
    1,
    0,
    0,
    0,
    1,
    0,
    1,
    0,
    0,
    0,
    0,
    0,
    0,
    1,
    1,
    1,
    0,
    0,
    1,
    0,
    0,
    1,
    0,
    0,
    1,
    0,
    1,
    0,
    1,
    0,
    1,
    0,
    1,
    0,
    1,
    0,
    1,
    0,
    1,
    1
  ],
  "PreferNonPublic": [
    1,
    1,
    1,
    1,
    1,
    1,
    1,
    1,
    1,
    1,
    1,
    1,
    1,
    1,
    1,
    1,
    1,
    1,
    1,
    1,
    1,
    1,
    1,
    1,
    1,
    1,
    1,
    1,
    1,
    1,
    1,
    1,
    1,
    1,
    1,
    1,
    1,
    1,
    1,
    1,
    1,
    1,
    1,
    1,
    1,
    1,
    1,
    1,
    1,
    1,
    1,
    1,
    1,
    1,
    1,
    1,
    1,
    1,
    1,
    1,
    1,
    1,
    1,
    1,
    1,
    1,
    1,
    1,
    1,
    1,
    0,
    0,
    0,
    0,
    0,
    1,
    1,
    1,
    0,
    0,
    1,
    0,
    0,
    1,
    0,
    0,
    0,
    0,
    0,
    0,
    0,
    0,
    0,
    0,
    0,
    0,
    0,
    0,
    0,
    0,
    0,
    0
  ],
  "PrimitiveTypes": [
    0,
    1,
    1,
    1,
    0,
    1,
    1,
    1,
    0,
    1,
    1,
    1,
    1,
    0,
    1,
    1,
    1,
    1,
    0,
    1,
    1,
    1,
    1,
    0,
    1,
    1,
    1,
    1,
    0,
    1,
    1,
    1,
    1,
    0,
    1,
    1,
    1,
    1,
    0,
    1,
    1,
    1,
    1,
    0,
    1,
    1,
    1,
    1,
    0,
    1,
    1,
    1,
    1,
    0,
    1,
    1,
    1,
    0,
    1,
    1,
    1,
    0,
    1,
    1,
    1,
    1,
    0,
    1,
    1,
    1,
    0.6666666666666666,
    0.8,
    0.6666666666666666,
    0.6666666666666666,
    0.6,
    1,
    0,
    0,
    0.3333333333333333,
    0.6,
    0.6666666666666666,
    0.6666666666666666,
    0.3333333333333333,
    0.5625,
    1,
    0.6666666666666666,
    1,
    1,
    1,
    1,
    1,
    1,
    1,
    1,
    1,
    1,
    1,
    1,
    1,
    1,
    1,
    1
  ],