{
  "ValidPrograms": [
    0,
    1,
    0,
    1,
    1,
    0,
    0,
    0,
    0,
    0,
    0,
    0,
    0,
    0,
    0,
    0,
    1,
    0,
    0,
    0,
    1,
    1,
    0,
    1,
    0
  ],
  "RemainingAttemptCount": [
    0,
    4,
    0,
    2,
    4,
    0,
    0,
    0,
    0,
    0,
    0,
    0,
    0,
    0,
    0,
    0,
    5,
    0,
    0,
    0,
    5,
    5,
    0,
    5,
    0
  ],
  "RemovedDataClumps": [
    0,
    2,
    0,
    4,
    2,
    0,
    0,
    0,
    0,
    0,
    0,
    0,
    0,
    0,
    0,
    0,
    -212,
    0,
    0,
    0,
    -212,
    -212,
    0,
    -212,
    0
  ],
  "GitChanges": [
    71,
    110,
    170,
    114,
    142,
    59,
    80,
    96,
    157,
    197,
    239,
    219,
    111,
    176,
    202,
    269,
    0,
    66,
    115,
    506,
    0,
    0,
    256,
    2,
    175
  ],
  "CommentOut": [
    1,
    1,
    0.96875,
    1,
    1,
    1,
    1,
    1,
    1,
    1,
    1,
    1,
    1,
    1,
    1,
    0.5294117647058824,
    0,
    0.75,
    1,
    1,
    0,
    0,
    1,
    1,
    0.6428571428571428
  ],
  "InvalidJSON": [
    1,
    1,
    1,
    1,
    1,
    1,
    1,
    1,
    1,
    1,
    1,
    1,
    1,
    1,
    1,
    1,
    1,
    1,
    1,
    1,
    1,
    1,
    1,
    1,
    1
  ]
}