{
  "ValidPrograms": [
    1,
    0,
    1,
    0,
    0,
    0,
    0,
    0,
    0,
    0,
    0,
    0,
    0,
    0,
    0,
    0,
    1,
    1,
    1,
    1,
    0,
    0,
    0,
    1,
    1,
    0,
    1,
    0,
    0,
    1
  ],
  "RemainingAttemptCount": [
    1,
    0,
    2,
    0,
    0,
    0,
    0,
    0,
    0,
    0,
    0,
    0,
    0,
    0,
    0,
    0,
    1,
    2,
    2,
    1,
    0,
    0,
    0,
    2,
    5,
    0,
    4,
    0,
    0,
    3
  ],
  "RemovedDataClumps": [
    0.25157856243586707,
    0.8491714725780568,
    0.7595896435378791,
    0.9004535349436154,
    0.7851635033696382,
    0,
    0,
    0,
    0,
    0.30208619993501173,
    0.20113522499902103,
    0.8748040747537686,
    0.797956709593926,
    0.7340324931919184,
    0.8491714725780568,
    0,
    0.025086384411217466,
    0,
    0.22634887155575,
    0.17593759219535343,
    1.1191593246015685,
    0.5810386659767701,
    0.8748040747537686,
    0.8235556952204988,
    0,
    0,
    0,
    0,
    0,
    0.025086384411217466
  ],
  "GitChanges": [
    148,
    215,
    246,
    202,
    219,
    220,
    282,
    220,
    220,
    280,
    392,
    233,
    346,
    257,
    219,
    196,
    169,
    216,
    223,
    174,
    261,
    346,
    220,
    279,
    0,
    204,
    51,
    305,
    150,
    169
  ],
  "CommentOut": [
    1,
    0.8888888888888888,
    0.9090909090909091,
    1,
    0.8666666666666667,
    1,
    1,
    1,
    1,
    0.9285714285714286,
    0.9090909090909091,
    1,
    1,
    0.9411764705882353,
    1,
    1,
    1,
    1,
    1,
    1,
    0.875,
    0.7692307692307692,
    1,
    1,
    1,
    1,
    1,
    0.8888888888888888,
    1,
    1
  ],
  "ValidJSON": [
    1,
    1,
    1,
    1,
    1,
    1,
    1,
    1,
    1,
    1,
    1,
    1,
    1,
    0.8333333333333334,
    1,
    1,
    1,
    1,
    1,
    1,
    1,
    1,
    1,
    1,
    1,
    1,
    1,
    1,
    1,
    1
  ],
  "NonEmptyResponse": [
    1,
    1,
    1,
    1,
    1,
    1,
    1,
    1,
    1,
    1,
    1,
    1,
    1,
    1,
    1,
    1,
    1,
    1,
    1,
    1,
    1,
    1,
    1,
    1,
    1,
    1,
    1,
    1,
    1,
    1
  ],
  "ResponseSizeDecrease": [
    1.1012627489072366,
    1.0595021846924249,
    1.075294999063495,
    1.0660874805403506,
    1.1219736438859944,
    1.0723096981245612,
    1.0798521256931608,
    1.0657993872118137,
    1.0639351643403872,
    1.046475838719606,
    1.0499964591742794,
    1.1857233101705622,
    1.0348404255319148,
    1.0311687185711809,
    1.0388360860081023,
    1.077170577170577,
    1.1049565378213426,
    1.1389777493424327,
    1.1776061776061777,
    1.0718984962406015,
    2.2257017376360513,
    1.1829301256926612,
    1.0877641573287207,
    1.1686946071804116,
    null,
    1.0799394606494221,
    1.6156733927733458,
    1.4661988935366348,
    1.036745406824147,
    1.201902543195496
  ],
  "RichClass": [
    0,
    1,
    0,
    0,
    0,
    0,
    0,
    0,
    0,
    0,
    1,
    0,
    0,
    1,
    0,
    0,
    0,
    0,
    0,
    0,
    null,
    0,
    0,
    0,
    0,
    0,
    0,
    0,
    0,
    0
  ],
  "ReferenceErrorOnly": [
    0.25,
    1,
    0.3333333333333333,
    0.6,
    0.8,
    1,
    1,
    0.6666666666666666,
    0.8333333333333334,
    1,
    0.2,
    1,
    1,
    0.8,
    1,
    0.8333333333333334,
    1,
    1,
    0.5,
    0.4,
    0,
    0.8,
    1,
    0.6666666666666666,
    null,
    1,
    0,
    0.8333333333333334,
    1,
    1
  ],
  "RemovedVariables": [
    7,
    6,
    6,
    9,
    9,
    0,
    0,
    0,
    0,
    1,
    2,
    8,
    6,
    2,
    6,
    3,
    8,
    0,
    0,
    0,
    62,
    0,
    6,
    5,
    0,
    0,
    0,
    0,
    0,
    8
  ],
  "InstructionChangeType=None": [
    0,
    0,
    0,
    0,
    0,
    0,
    0,
    0,
    0,
    0,
    0,
    0.8947368421052632,
    0,
    0,
    0,
    0,
    0,
    0,
    0.3,
    0,
    0.25,
    0,
    0.8387096774193549,
    0.15384615384615385,
    null,
    0.7,
    0.5,
    0.4444444444444444,
    0,
    0
  ],
  "InstructionChangeType=ReplaceText": [
    0,
    0,
    0,
    0,
    0,
    0,
    0.25,
    0,
    0,
    0,
    0,
    0,
    0,
    0,
    0,
    0,
    0,
    0.2,
    0,
    0,
    0.125,
    0,
    0.06451612903225806,
    0,
    null,
    0,
    0,
    0.1111111111111111,
    0,
    0
  ],
  "InstructionChangeType=SpecificLine": [
    1,
    0.8888888888888888,
    0.8181818181818182,
    1,
    0.8,
    0.8571428571428571,
    0.625,
    1,
    1,
    0.8571428571428571,
    0.9090909090909091,
    0.10526315789473684,
    1,
    1,
    1,
    1,
    0.8,
    0.8,
    0.7,
    1,
    0.625,
    1,
    0.0967741935483871,
    0.8461538461538461,
    null,
    0.3,
    0,
    0.4444444444444444,
    1,
    1
  ],
  "InstructionChangeType=SpecificLineAll": [
    0,
    0.1111111111111111,
    0.18181818181818182,
    0,
    0.2,
    0.14285714285714285,
    0.125,
    0,
    0,
    0.14285714285714285,
    0.09090909090909091,
    0,
    0,
    0,
    0,
    0,
    0.2,
    0,
    0,
    0,
    0,
    0,
    0,
    0,
    null,
    0,
    0.5,
    0,
    0,
    0
  ],
  "InstructionChangeType=NoneButReplace": [
    0,
    0,
    0,
    0,
    0,
    0,
    0,
    0,
    0,
    0,
    0,
    0,
    0,
    0,
    0,
    0,
    0,
    0,
    0,
    0,
    0,
    0,
    0,
    0,
    null,
    0,
    0,
    0,
    0,
    0
  ],
  "DataClumpSize": [
    11,
    4,
    3,
    4,
    11,
    3,
    4,
    4,
    4,
    11,
    3,
    4,
    4,
    4,
    11,
    4,
    3,
    4,
    11,
    3,
    4,
    4,
    4,
    11,
    3,
    4,
    4,
    4,
    11,
    3,
    4,
    4,
    4,
    11,
    4,
    3,
    4,
    11,
    4,
    3,
    4,
    11,
    3,
    4,
    4,
    4,
    11,
    3,
    4,
    4,
    4,
    11,
    3,
    4,
    4,
    4,
    11,
    3,
    4,
    4,
    4,
    11,
    3,
    4,
    4,
    4,
    11,
    3,
    4,
    4,
    4,
    11,
    4,
    3,
    4,
    4,
    11,
    11,
    11,
    4,
    3,
    4,
    11,
    4,
    3,
    4,
    11,
    3,
    4,
    4,
    4,
    11,
    3,
    4,
    4,
    4,
    11,
    4,
    3,
    4,
    11,
    4,
    3,
    4,
    11,
    3,
    4,
    4,
    4,
    11,
    11,
    4,
    3,
    4,
    11,
    4,
    3,
    4,
    11
  ],
  "DataClumpOccurence": [
    6,
    78,
    4,
    78,
    6,
    4,
    78,
    78,
    78,
    6,
    4,
    78,
    78,
    78,
    6,
    78,
    4,
    78,
    6,
    4,
    78,
    78,
    78,
    6,
    4,
    78,
    78,
    78,
    6,
    4,
    78,
    78,
    78,
    6,
    78,
    4,
    78,
    6,
    78,
    4,
    78,
    6,
    4,
    78,
    78,
    78,
    6,
    4,
    78,
    78,
    78,
    6,
    4,
    78,
    78,
    78,
    6,
    4,
    78,
    78,
    78,
    6,
    4,
    78,
    78,
    78,
    6,
    4,
    78,
    78,
    78,
    6,
    78,
    4,
    78,
    78,
    6,
    6,
    6,
    78,
    4,
    78,
    6,
    78,
    4,
    78,
    6,
    4,
    78,
    78,
    78,
    6,
    4,
    78,
    78,
    78,
    6,
    78,
    4,
    78,
    6,
    78,
    4,
    78,
    6,
    4,
    78,
    78,
    78,
    6,
    6,
    78,
    4,
    78,
    6,
    78,
    4,
    78,
    6
  ],