{
  "ValidPrograms": [
    0,
    0,
    0,
    0,
    0,
    0,
    0,
    0,
    0,
    0,
    0,
    0,
    0,
    0,
    0,
    0,
    0,
    0,
    0,
    0,
    0,
    0,
    0,
    0,
    0,
    0,
    0,
    0,
    0,
    0,
    0,
    0,
    0,
    0,
    0,
    0,
    0,
    0,
    0,
    0,
    0,
    0,
    0,
    0,
    0
  ],
  "RemainingAttemptCount": [
    0,
    0,
    0,
    0,
    0,
    0,
    0,
    0,
    0,
    0,
    0,
    0,
    0,
    0,
    0,
    0,
    0,
    0,
    0,
    0,
    0,
    0,
    0,
    0,
    0,
    0,
    0,
    0,
    0,
    0,
    0,
    0,
    0,
    0,
    0,
    0,
    0,
    0,
    0,
    0,
    0,
    0,
    0,
    0,
    0
  ],
  "RemovedDataClumps": [
    0,
    0,
    0,
    0,
    0,
    0,
    0,
    0,
    0,
    0,
    0,
    0,
    0,
    0,
    0,
    0,
    0,
    0,
    0,
    0,
    0,
    0,
    0,
    0,
    0,
    0,
    0,
    0,
    0,
    0,
    0,
    0,
    0,
    0,
    0,
    0,
    0,
    0,
    0,
    0,
    0,
    0,
    0,
    0,
    0
  ],
  "GitChanges": [
    165,
    165,
    132,
    157,
    193,
    185,
    171,
    207,
    178,
    183,
    226,
    214,
    169,
    291,
    219,
    185,
    212,
    162,
    187,
    151,
    164,
    197,
    203,
    196,
    192,
    154,
    180,
    153,
    183,
    238,
    192,
    181,
    175,
    170,
    169,
    335,
    159,
    187,
    197,
    201,
    159,
    180,
    186,
    211,
    151
  ],
  "CommentOut": [
    1,
    1,
    1,
    1,
    1,
    1,
    1,
    1,
    0.9761904761904762,
    1,
    1,
    1,
    1,
    1,
    1,
    1,
    1,
    1,
    1,
    1,
    0.9879518072289156,
    1,
    1,
    1,
    1,
    1,
    1,
    0.8181818181818181,
    1,
    1,
    1,
    1,
    1,
    1,
    1,
    1,
    1,
    1,
    1,
    1,
    0.6190476190476191,
    1,
    1,
    1,
    1
  ],
  "ValidJSON": [
    1,
    1,
    1,
    1,
    1,
    1,
    1,
    1,
    1,
    1,
    1,
    1,
    1,
    1,
    1,
    1,
    1,
    1,
    1,
    1,
    1,
    1,
    1,
    1,
    1,
    1,
    1,
    1,
    1,
    1,
    1,
    1,
    1,
    1,
    1,
    1,
    1,
    1,
    1,
    1,
    1,
    1,
    1,
    1,
    1
  ],
  "EmptyResponse": [
    1,
    1,
    1,
    1,
    1,
    1,
    1,
    1,
    1,
    1,
    1,
    1,
    1,
    1,
    1,
    1,
    1,
    1,
    1,
    1,
    1,
    1,
    1,
    1,
    1,
    1,
    1,
    1,
    1,
    1,
    1,
    1,
    1,
    1,
    1,
    1,
    1,
    1,
    1,
    1,
    1,
    1,
    1,
    1,
    1
  ],
  "InterpretableChanges": [
    1,
    1,
    1,
    1,
    1,
    1,
    1,
    1,
    1,
    1,
    1,
    1,
    1,
    1,
    1,
    1,
    1,
    1,
    1,
    1,
    1,
    1,
    1,
    1,
    1,
    1,
    1,
    1,
    1,
    1,
    1,
    1,
    1,
    1,
    1,
    1,
    1,
    1,
    1,
    1,
    1,
    1,
    1,
    1,
    1
  ],
  "RichClass": [
    null,
    null,
    null,
    null,
    null,
    null,
    null,
    null,
    null,
    null,
    null,
    null,
    null,
    null,
    null,
    1,
    0,
    0,
    0,
    0,
    0,
    0,
    0,
    0,
    0,
    0,
    0,
    0,
    0,
    0,
    null,
    null,
    null,
    null,
    null,
    null,
    null,
    null,
    null,
    null,
    null,
    null,
    null,
    null,
    null
  ],
  "HarmlessErrorCategory": [
    1,
    1,
    1,
    0.8,
    1,
    1,
    1,
    1,
    0.6,
    1,
    0.6,
    1,
    1,
    0.8,
    0.8,
    1,
    0.8,
    0.8,
    1,
    1,
    0.8,
    1,
    0.6,
    0.8,
    0.4,
    0.8,
    1,
    1,
    0.4,
    1,
    0.4,
    0.6,
    0.6,
    0.4,
    0.4,
    0.8,
    0.8,
    1,
    1,
    0.6,
    0.4,
    1,
    1,
    1,
    0.6
  ],
  "DataClumpSize": [
    11,
    3,
    4,
    4,
    11,
    3,
    4,
    4,
    11,
    3,
    4,
    4,
    11,
    3,
    4,
    11,
    3,
    4,
    4,
    11,
    3,
    4,
    4,
    11,
    3,
    4,
    4,
    11,
    3,
    4,
    4,
    11,
    3,
    4,
    4,
    11,
    3,
    4,
    4,
    11,
    3,
    4,
    4,
    11,
    3,
    4,
    11,
    3,
    4,
    4,
    11,
    3,
    4,
    4,
    11,
    3,
    4,
    11,
    3,
    4,
    11,
    3,
    4,
    11,
    3,
    4,
    4,
    11,
    3,
    4,
    11,
    3,
    4,
    11,
    3,
    4,
    4,
    11,
    3,
    4,
    11,
    3,
    4,
    4,
    11,
    3,
    4,
    11,
    3,
    4,
    11,
    3,
    4,
    4,
    11,
    3,
    4,
    11,
    11,
    3,
    4,
    11,
    3,
    4,
    11,
    3,
    4,
    11,
    3,
    4,
    11,
    3,
    4,
    11,
    3,
    4,
    11,
    3,
    4,
    11,
    3,
    4,
    11,
    3,
    4,
    11,
    3,
    4,
    11,
    3,
    4,
    4,
    11,
    3,
    4,
    11,
    3,
    4,
    11,
    3,
    4,
    4,
    11,
    3,
    4,
    11,
    3,
    4,
    11,
    3,
    4
  ],
  "DataClumpOccurence": [
    6,
    4,
    78,
    78,
    6,
    4,
    78,
    78,
    6,
    4,
    78,
    78,
    6,
    4,
    78,
    6,
    4,
    78,
    78,
    6,
    4,
    78,
    78,
    6,
    4,
    78,
    78,
    6,
    4,
    78,
    78,
    6,
    4,
    78,
    78,
    6,
    4,
    78,
    78,
    6,
    4,
    78,
    78,
    6,
    4,
    78,
    6,
    4,
    78,
    78,
    6,
    4,
    78,
    78,
    6,
    4,
    78,
    6,
    4,
    78,
    6,
    4,
    78,
    6,
    4,
    78,
    78,
    6,
    4,
    78,
    6,
    4,
    78,
    6,
    4,
    78,
    78,
    6,
    4,
    78,
    6,
    4,
    78,
    78,
    6,
    4,
    78,
    6,
    4,
    78,
    6,
    4,
    78,
    78,
    6,
    4,
    78,
    6,
    6,
    4,
    78,
    6,
    4,
    78,
    6,
    4,
    78,
    6,
    4,
    78,
    6,
    4,
    78,
    6,
    4,
    78,
    6,
    4,
    78,
    6,
    4,
    78,
    6,
    4,
    78,
    6,
    4,
    78,
    6,
    4,
    78,
    78,
    6,
    4,
    78,
    6,
    4,
    78,
    6,
    4,
    78,
    78,
    6,
    4,
    78,
    6,
    4,
    78,
    6,
    4,
    78
  ],
  "ParametersToParameters": [
    0,
    0,
    1,
    1,
    0,
    0,
    1,
    1,
    0,
    0,
    1,
    1,
    0,
    0,
    1,
    0,
    0,
    1,
    1,
    0,
    0,
    1,
    1,
    0,
    0,
    1,
    1,
    0,
    0,
    1,
    1,
    0,
    0,
    1,
    1,
    0,
    0,
    1,
    1,
    0,
    0,
    1,
    1,
    0,
    0,
    1,
    0,
    0,
    1,
    1,
    0,
    0,
    1,
    1,
    0,
    0,
    1,
    0,
    0,
    1,
    0,
    0,
    1,
    0,
    0,
    1,
    1,
    0,
    0,
    1,
    0,
    0,
    1,
    0,
    0,
    1,
    1,
    0,
    0,
    1,
    0,
    0,
    1,
    1,
    0,
    0,
    1,
    0,
    0,
    1,
    0,
    0,
    1,
    1,
    0,
    0,
    1,
    0,
    0,
    0,
    1,
    0,
    0,
    1,
    0,
    0,
    1,
    0,
    0,
    1,
    0,
    0,
    1,
    0,
    0,
    1,
    0,
    0,
    1,
    0,
    0,
    1,
    0,
    0,
    1,
    0,
    0,
    1,
    0,
    0,
    1,
    1,
    0,
    0,
    1,
    0,
    0,
    1,
    0,
    0,
    1,
    1,
    0,
    0,
    1,
    0,
    0,
    1,
    0,
    0,
    1
  ],