{
  "ValidPrograms": [
    0,
    1,
    0,
    1,
    1,
    1,
    0,
    0,
    0,
    0,
    0,
    1,
    1,
    0,
    1,
    1,
    1,
    0,
    1,
    1,
    0,
    1,
    0,
    1,
    1,
    0,
    1,
    1,
    1,
    0,
    0,
    1,
    0,
    0,
    0,
    1,
    1,
    0,
    1,
    0,
    0,
    0,
    1,
    1,
    1,
    0,
    0,
    1,
    0,
    0,
    0,
    0,
    0,
    1,
    0,
    0,
    1,
    0,
    0,
    1,
    1,
    1,
    0,
    1,
    1,
    1,
    1,
    0,
    0,
    1,
    0,
    1,
    0,
    1,
    0
  ],
  "RemainingAttemptCount": [
    0,
    4,
    0,
    4,
    5,
    4,
    0,
    0,
    0,
    0,
    0,
    2,
    3,
    0,
    5,
    3,
    2,
    0,
    5,
    4,
    0,
    5,
    0,
    4,
    4,
    0,
    4,
    3,
    6,
    0,
    0,
    5,
    0,
    0,
    0,
    2,
    3,
    0,
    4,
    0,
    0,
    0,
    3,
    4,
    4,
    0,
    0,
    4,
    0,
    0,
    0,
    0,
    0,
    4,
    0,
    0,
    3,
    0,
    0,
    5,
    5,
    4,
    0,
    5,
    5,
    5,
    5,
    0,
    0,
    5,
    0,
    5,
    0,
    5,
    0
  ],
  "RemovedDataClumps": [
    0,
    0,
    0,
    2,
    0,
    0,
    0,
    0,
    0,
    0,
    0,
    0,
    -2,
    0,
    0,
    -8,
    0,
    0,
    -8,
    -8,
    0,
    -8,
    0,
    2,
    -4,
    0,
    -4,
    2,
    2,
    0,
    0,
    2,
    0,
    0,
    0,
    -6,
    -65,
    0,
    0,
    0,
    0,
    0,
    0,
    -2,
    -2,
    0,
    0,
    -210,
    0,
    0,
    0,
    0,
    0,
    -210,
    0,
    0,
    -210,
    0,
    0,
    -212,
    -212,
    -210,
    0,
    -212,
    -212,
    -214,
    -212,
    0,
    0,
    -212,
    0,
    -212,
    0,
    -212,
    0
  ],
  "GitChanges": [
    293,
    149,
    243,
    116,
    188,
    151,
    251,
    181,
    155,
    201,
    228,
    158,
    248,
    196,
    217,
    109,
    70,
    82,
    83,
    109,
    135,
    50,
    98,
    65,
    69,
    184,
    54,
    122,
    233,
    47,
    407,
    124,
    455,
    181,
    234,
    220,
    284,
    243,
    154,
    286,
    203,
    272,
    164,
    207,
    146,
    121,
    143,
    47,
    153,
    113,
    154,
    140,
    73,
    44,
    153,
    174,
    52,
    56,
    131,
    35,
    18,
    45,
    134,
    0,
    20,
    46,
    0,
    33,
    159,
    0,
    66,
    24,
    42,
    20,
    141
  ],
  "CommentOut": [
    1,
    1,
    0.9310344827586207,
    1,
    1,
    1,
    1,
    0.8571428571428572,
    1,
    1,
    1,
    1,
    1,
    1,
    1,
    0.8695652173913043,
    1,
    1,
    0.8333333333333334,
    0.9375,
    0.9361702127659575,
    0.9333333333333333,
    1,
    1,
    1,
    1,
    1,
    1,
    0.625,
    1,
    1,
    0.9375,
    1,
    0.7777777777777778,
    0.20415224913494812,
    0.8611111111111112,
    1,
    1,
    1,
    0.9574468085106383,
    0.7741935483870968,
    0.8571428571428572,
    1,
    1,
    1,
    1,
    1,
    0.1724137931034483,
    1,
    1,
    1,
    1,
    0.875,
    0.07407407407407407,
    1,
    1,
    0.2222222222222222,
    0.5,
    0.8790322580645161,
    1,
    1,
    0.375,
    0.022222222222222254,
    1,
    1,
    1,
    0,
    0.9444444444444444,
    1,
    1,
    1,
    1,
    0.5294117647058824,
    1,
    0.8148148148148149
  ],
  "InvalidJSON": [
    1,
    1,
    0.8333333333333334,
    1,
    1,
    1,
    1,
    0.8333333333333334,
    1,
    1,
    1,
    1,
    1,
    1,
    1,
    1,
    1,
    1,
    1,
    1,
    1,
    1,
    1,
    1,
    1,
    1,
    1,
    1,
    0.5,
    1,
    0.6666666666666666,
    1,
    0.8333333333333334,
    0.8333333333333334,
    0.8333333333333334,
    1,
    1,
    1,
    1,
    1,
    1,
    0.8333333333333334,
    0.6666666666666666,
    1,
    1,
    1,
    1,
    1,
    1,
    1,
    1,
    0.6666666666666666,
    1,
    1,
    1,
    1,
    1,
    1,
    0.8333333333333334,
    1,
    1,
    1,
    1,
    1,
    1,
    1,
    1,
    1,
    1,
    1,
    1,
    1,
    1,
    1,
    1
  ]
}