{
  "ValidPrograms": [
    0,
    0,
    0,
    0,
    0,
    0,
    0,
    0,
    0,
    0,
    0,
    0,
    1,
    1,
    0,
    0,
    0,
    1,
    1,
    0,
    0,
    0,
    0,
    0,
    1,
    0,
    1,
    0,
    0,
    0
  ],
  "RemainingAttemptCount": [
    0,
    0,
    0,
    0,
    0,
    0,
    0,
    0,
    0,
    0,
    0,
    0,
    5,
    5,
    0,
    0,
    0,
    5,
    5,
    0,
    0,
    0,
    0,
    0,
    5,
    0,
    5,
    0,
    0,
    0
  ],
  "RemovedDataClumps": [
    0,
    0,
    0,
    0,
    0,
    0,
    0,
    0,
    0,
    0,
    0,
    0,
    0,
    0,
    0,
    0,
    0,
    0,
    0,
    0,
    0,
    0,
    0,
    0,
    0,
    0,
    0,
    0,
    0,
    0
  ],
  "GitChanges": [
    358,
    314,
    6,
    118,
    50,
    20,
    172,
    221,
    11,
    1886,
    163,
    252,
    0,
    0,
    40,
    24,
    159,
    0,
    0,
    93,
    18,
    178,
    155,
    254,
    0,
    114,
    0,
    215,
    10,
    240
  ],
  "CommentOut": [
    0.9807692307692307,
    0.8095238095238095,
    1,
    0.9777777777777777,
    1,
    1,
    0.9555555555555556,
    0.962962962962963,
    1,
    1,
    0.9130434782608696,
    1,
    0,
    0,
    1,
    0.9090909090909091,
    1,
    0,
    0,
    0.9166666666666666,
    1,
    0.36,
    1,
    0.9714285714285714,
    0,
    1,
    0,
    1,
    0.8,
    1
  ],
  "ValidJSON": [
    1,
    1,
    0.8333333333333334,
    0.8333333333333334,
    0.8333333333333334,
    0.8333333333333334,
    0.8333333333333334,
    0.8333333333333334,
    0.8333333333333334,
    0.8333333333333334,
    0.8333333333333334,
    1,
    1,
    1,
    0.8333333333333334,
    0.8333333333333334,
    1,
    1,
    1,
    0.6666666666666666,
    0.8333333333333334,
    0.8333333333333334,
    1,
    1,
    1,
    1,
    1,
    1,
    0.8333333333333334,
    1
  ],
  "EmptyResponse": [
    1,
    1,
    0.8333333333333334,
    1,
    0.8333333333333334,
    0.8333333333333334,
    1,
    0.8333333333333334,
    0.8333333333333334,
    0.16666666666666663,
    0.8333333333333334,
    0.8333333333333334,
    0,
    0,
    0.8333333333333334,
    0.8333333333333334,
    1,
    0,
    0,
    0.6666666666666667,
    0.8333333333333334,
    0.8333333333333334,
    0.8333333333333334,
    1,
    0,
    1,
    0,
    1,
    0.8333333333333334,
    1
  ],
  "InterpretableChanges": [
    1,
    1,
    1,
    0.10344827586206895,
    1,
    1,
    0.16666666666666663,
    1,
    1,
    0.18518518518518523,
    1,
    0.25,
    1,
    1,
    1,
    1,
    0.33333333333333337,
    1,
    1,
    1,
    1,
    1,
    0.23529411764705888,
    0.19999999999999996,
    1,
    0,
    1,
    0.45833333333333337,
    1,
    0.13043478260869568
  ],
  "RichClass": [
    0,
    0,
    0,
    null,
    0,
    0,
    null,
    0,
    0,
    null,
    0,
    0,
    null,
    null,
    0,
    0,
    0,
    null,
    null,
    0,
    0,
    0,
    0,
    0,
    null,
    0,
    null,
    0,
    0,
    0
  ],
  "HarmlessErrorCategory": [
    0.3333333333333333,
    0.3333333333333333,
    0.5,
    0.8333333333333334,
    0.8333333333333334,
    0.6666666666666666,
    1,
    0.8333333333333334,
    0.6666666666666666,
    0,
    0.5,
    0.3333333333333333,
    0,
    0,
    0.5,
    0.3333333333333333,
    0.6666666666666666,
    0,
    0,
    0.8333333333333334,
    0.8333333333333334,
    0.5,
    0.6666666666666666,
    0.16666666666666666,
    0,
    0.16666666666666666,
    0,
    0.16666666666666666,
    0.3333333333333333,
    0.5
  ],
  "DataClumpSize": [
    3,
    4,
    10,
    3,
    5,
    3,
    3,
    3,
    3,
    3,
    3,
    3,
    3,
    3,
    3,
    3,
    3,
    4,
    10,
    3,
    5,
    3,
    3,
    3,
    3,
    3,
    3,
    3,
    3,
    3,
    3,
    4,
    3,
    3,
    3,
    3,
    10,
    3,
    3,
    4,
    10,
    3,
    5,
    3,
    3,
    3,
    3,
    3,
    3,
    3,
    5,
    3,
    10,
    7,
    3,
    3,
    3,
    10,
    3,
    3,
    5,
    3,
    7,
    3,
    4,
    10,
    3,
    3,
    3,
    3,
    5,
    3,
    3,
    3,
    3,
    3,
    3,
    10,
    3,
    3,
    3,
    3,
    3,
    3,
    3,
    3,
    3,
    3,
    3,
    3,
    3,
    10,
    3,
    3,
    3,
    3,
    4,
    10,
    3,
    3,
    3,
    3,
    5,
    3,
    3,
    3,
    3,
    3,
    10,
    5,
    3,
    7,
    4,
    7,
    3,
    4,
    10,
    3,
    5,
    3,
    3,
    3,
    3,
    3,
    3,
    3,
    10,
    3,
    3,
    3,
    3,
    3,
    3,
    3,
    3,
    3,
    4,
    10,
    3,
    5,
    3,
    3,
    3,
    3,
    7,
    3,
    3,
    3,
    10,
    3,
    3,
    3,
    3,
    3,
    3,
    7,
    4,
    3,
    3,
    3,
    3,
    3,
    3,
    3,
    3,
    3,
    6,
    3,
    3,
    3,
    3,
    3,
    3,
    4,
    10,
    3,
    3,
    3,
    3,
    5,
    3,
    3,
    4,
    3,
    3,
    6,
    3,
    4,
    10,
    3,
    5,
    3,
    3,
    3,
    3,
    3,
    3,
    7,
    3,
    3,
    10,
    3,
    3,
    3,
    3,
    5,
    3,
    10,
    7,
    3,
    3,
    3,
    5,
    10,
    3,
    3
  ],
  "DataClumpOccurence": [
    2,
    2,
    2,
    1,
    2,
    2,
    92,
    2,
    5,
    70,
    70,
    70,
    2,
    70,
    70,
    62,
    2,
    2,
    2,
    1,
    2,
    2,
    92,
    5,
    2,
    70,
    70,
    70,
    2,
    70,
    70,
    3,
    62,
    2,
    2,
    62,
    2,
    2,
    2,
    2,
    2,
    1,
    2,
    70,
    2,
    92,
    2,
    92,
    1,
    2,
    2,
    62,
    2,
    6,
    2,
    1,
    2,
    2,
    5,
    92,
    2,
    62,
    6,
    2,
    2,
    2,
    1,
    92,
    4,
    5,
    2,
    70,
    2,
    2,
    2,
    1,
    2,
    2,
    5,
    92,
    2,
    15,
    2,
    70,
    70,
    70,
    2,
    70,
    70,
    1,
    2,
    2,
    5,
    92,
    15,
    2,
    2,
    2,
    1,
    92,
    4,
    5,
    2,
    70,
    2,
    92,
    1,
    2,
    2,
    2,
    62,
    6,
    60,
    6,
    2,
    2,
    2,
    1,
    2,
    2,
    92,
    70,
    62,
    1,
    5,
    2,
    2,
    92,
    2,
    15,
    70,
    2,
    70,
    7,
    2,
    2,
    2,
    2,
    1,
    2,
    2,
    92,
    5,
    15,
    6,
    2,
    1,
    2,
    2,
    5,
    70,
    2,
    70,
    2,
    62,
    6,
    60,
    2,
    92,
    2,
    1,
    2,
    2,
    92,
    1,
    2,
    2,
    2,
    70,
    2,
    15,
    2,
    2,
    2,
    2,
    1,
    92,
    4,
    5,
    2,
    15,
    70,
    60,
    4,
    14,
    2,
    2,
    2,
    2,
    1,
    2,
    70,
    2,
    92,
    15,
    5,
    62,
    6,
    2,
    1,
    2,
    5,
    92,
    15,
    2,
    2,
    70,
    2,
    6,
    2,
    2,
    1,
    2,
    2,
    2,
    92
  ],