{
  "ValidPrograms": [
    0,
    0,
    0,
    0,
    0,
    null,
    0,
    null,
    null,
    null,
    null,
    0,
    0,
    0,
    0,
    0,
    0,
    null,
    null,
    0,
    0,
    null,
    0,
    0,
    0,
    null,
    null,
    0,
    1,
    0
  ],
  "RemainingAttemptCount": [
    0,
    0,
    0,
    0,
    0,
    null,
    0,
    null,
    null,
    null,
    null,
    0,
    0,
    0,
    0,
    0,
    0,
    null,
    null,
    0,
    0,
    null,
    0,
    0,
    0,
    null,
    null,
    0,
    5,
    0
  ],
  "RemovedDataClumps": [
    5.79460499957294,
    5.79460499957294,
    5.79460499957294,
    1.8979491141365514,
    5.79460499957294,
    0,
    5.79460499957294,
    0,
    0,
    0,
    0,
    5.79460499957294,
    6.372321688286249,
    5.79460499957294,
    5.79460499957294,
    5.79460499957294,
    0,
    0,
    0,
    5.79460499957294,
    5.79460499957294,
    0,
    0.028476467866454414,
    5.768994824354152,
    5.79460499957294,
    0,
    0,
    5.79460499957294,
    0,
    5.79460499957294
  ],
  "GitChanges": [
    282,
    286,
    279,
    350,
    222,
    0,
    242,
    0,
    0,
    0,
    0,
    292,
    1121,
    273,
    126,
    275,
    155,
    0,
    0,
    287,
    292,
    0,
    88,
    125,
    557,
    0,
    0,
    279,
    2,
    199
  ],
  "CommentOut": [
    0.5294117647058824,
    0.5,
    0.47058823529411764,
    1,
    0.75,
    null,
    0.4,
    null,
    null,
    null,
    null,
    0.44999999999999996,
    0.6341463414634146,
    0.4117647058823529,
    0.631578947368421,
    0.5294117647058824,
    1,
    null,
    null,
    0.4285714285714286,
    0.3529411764705882,
    null,
    0.75,
    0.9090909090909091,
    0.6111111111111112,
    null,
    null,
    0.3529411764705882,
    0,
    0.6428571428571428
  ],
  "ValidJSON": [
    1,
    1,
    1,
    1,
    1,
    1,
    1,
    1,
    1,
    1,
    1,
    1,
    1,
    1,
    1,
    1,
    0.8333333333333334,
    1,
    1,
    0.8333333333333334,
    1,
    1,
    1,
    1,
    1,
    1,
    1,
    1,
    1,
    1
  ],
  "NonEmptyResponse": [
    1,
    1,
    1,
    1,
    1,
    0,
    1,
    0,
    0,
    0,
    0,
    1,
    1,
    1,
    1,
    1,
    0.8333333333333334,
    0,
    0,
    0.8333333333333334,
    1,
    0,
    1,
    1,
    1,
    0,
    0,
    1,
    1,
    1
  ],
  "ResponseSizeDecrease": [
    2.2807160292921074,
    3.331418814032909,
    4.723087988491969,
    1.179260157671316,
    1.8241108145155471,
    null,
    57.97697368421053,
    null,
    null,
    null,
    null,
    3.9539622641509435,
    1.6494503839783166,
    4.028226631212927,
    2.915950334288443,
    6.329472329472329,
    1.1943217665615142,
    null,
    null,
    5.2998107596647746,
    6.004875076173065,
    null,
    1.3450339695891298,
    2.1578947368421053,
    13.747478665632274,
    null,
    null,
    3.7944679216288897,
    0.7332053742802304,
    1.5997449322056652
  ],
  "RichClass": [
    null,
    null,
    null,
    0,
    0,
    null,
    null,
    null,
    null,
    null,
    null,
    null,
    0,
    null,
    null,
    null,
    0,
    null,
    null,
    null,
    0,
    null,
    1,
    0,
    null,
    null,
    null,
    null,
    null,
    0
  ],
  "ReferenceErrorOnly": [
    0,
    0,
    0,
    1,
    0,
    null,
    0,
    null,
    null,
    null,
    null,
    0,
    0.6666666666666666,
    0,
    0,
    0.16666666666666666,
    1,
    null,
    null,
    0.16666666666666666,
    0,
    null,
    1,
    0,
    0,
    null,
    null,
    0,
    null,
    0
  ],
  "RemovedVariables": [
    324,
    324,
    324,
    23,
    324,
    0,
    299,
    0,
    0,
    0,
    0,
    324,
    346,
    324,
    324,
    324,
    3,
    0,
    0,
    324,
    299,
    0,
    25,
    295,
    324,
    0,
    0,
    324,
    0,
    297
  ],
  "InstructionChangeType=None": [
    0,
    0,
    0,
    0,
    0.125,
    null,
    0,
    null,
    null,
    null,
    null,
    0,
    0.12195121951219512,
    0,
    0,
    0,
    0,
    null,
    null,
    0,
    0,
    null,
    0,
    0,
    0.05555555555555555,
    null,
    null,
    0.058823529411764705,
    1,
    0.21428571428571427
  ],
  "InstructionChangeType=ReplaceText": [
    0.058823529411764705,
    0.15,
    0.11764705882352941,
    0.09090909090909091,
    0.125,
    null,
    0,
    null,
    null,
    null,
    null,
    0.1,
    0.04878048780487805,
    0,
    0.15789473684210525,
    0.058823529411764705,
    0.13043478260869565,
    null,
    null,
    0.07142857142857142,
    0.11764705882352941,
    null,
    0,
    0,
    0,
    null,
    null,
    0,
    0,
    0
  ],
  "InstructionChangeType=SpecificLine": [
    0.47058823529411764,
    0.55,
    0.47058823529411764,
    0.9090909090909091,
    0.75,
    null,
    0.7333333333333333,
    null,
    null,
    null,
    null,
    0.7,
    0.5365853658536586,
    0.6470588235294118,
    0.5263157894736842,
    0.5882352941176471,
    0.8695652173913043,
    null,
    null,
    0.7142857142857143,
    0.5294117647058824,
    null,
    0.9166666666666666,
    1,
    0.6666666666666666,
    null,
    null,
    0.6470588235294118,
    0,
    0.6428571428571429
  ],
  "InstructionChangeType=SpecificLineAll": [
    0.17647058823529413,
    0.05,
    0.11764705882352941,
    0,
    0,
    null,
    0,
    null,
    null,
    null,
    null,
    0,
    0.2926829268292683,
    0.058823529411764705,
    0.15789473684210525,
    0.058823529411764705,
    0,
    null,
    null,
    0,
    0.058823529411764705,
    null,
    0.08333333333333333,
    0,
    0,
    null,
    null,
    0,
    0,
    0.14285714285714285
  ],
  "InstructionChangeType=NoneButReplace": [
    0.29411764705882354,
    0.25,
    0.29411764705882354,
    0,
    0,
    null,
    0.26666666666666666,
    null,
    null,
    null,
    null,
    0.2,
    0,
    0.29411764705882354,
    0.15789473684210525,
    0.29411764705882354,
    0,
    null,
    null,
    0.21428571428571427,
    0.29411764705882354,
    null,
    0,
    0,
    0.2777777777777778,
    null,
    null,
    0.29411764705882354,
    0,
    0
  ],
  "DataClumpSize": [
    25,
    3,
    3,
    5,
    4,
    3,
    3,
    3,
    3,
    3,
    7,
    4,
    25,
    3,
    3,
    5,
    4,
    3,
    3,
    3,
    3,
    3,
    7,
    4,
    25,
    3,
    3,
    5,
    4,
    3,
    3,
    3,
    3,
    3,
    7,
    4,
    25,
    3,
    3,
    5,
    4,
    3,
    3,
    3,
    3,
    3,
    3,
    3,
    25,
    3,
    3,
    5,
    4,
    3,
    3,
    3,
    3,
    3,
    3,
    7,
    4,
    6,
    5,
    3,
    3,
    25,
    5,
    4,
    3,
    3,
    3,
    3,
    3,
    7,
    4,
    25,
    3,
    3,
    5,
    4,
    3,
    3,
    3,
    3,
    3,
    7,
    4,
    25,
    3,
    3,
    5,
    4,
    3,
    3,
    3,
    3,
    3,
    3,
    25,
    3,
    3,
    5,
    4,
    3,
    3,
    3,
    3,
    3,
    7,
    4,
    25,
    3,
    3,
    5,
    4,
    3,
    3,
    3,
    3,
    3,
    25,
    3,
    3,
    5,
    4,
    3,
    3,
    3,
    3,
    3,
    7,
    4,
    25,
    3,
    3,
    5,
    4,
    3,
    3,
    3,
    3,
    3,
    25,
    3,
    3,
    5,
    4,
    3,
    3,
    3,
    3,
    3,
    7,
    4,
    25,
    3,
    3,
    5,
    4,
    3,
    3,
    3,
    3,
    3,
    7,
    4,
    25,
    5,
    4,
    7,
    3,
    3,
    25,
    5,
    4,
    3,
    3,
    3,
    3,
    3,
    25,
    3,
    3,
    5,
    4,
    3,
    3,
    3,
    3,
    3,
    7,
    4,
    3,
    3,
    4,
    6,
    25,
    3,
    3,
    5,
    4,
    3,
    3,
    3,
    3,
    3,
    7,
    4,
    25,
    3,
    3,
    3,
    25,
    5,
    4,
    3,
    3,
    3,
    3,
    3,
    3,
    7,
    4,
    6,
    3,
    5,
    4
  ],