{
  "ValidPrograms": [
    0,
    0,
    0,
    1,
    0,
    1,
    1,
    0,
    1,
    0,
    0,
    0,
    0,
    0,
    0,
    1,
    1,
    1,
    1,
    1,
    1,
    1,
    1,
    0,
    1,
    0,
    1,
    0,
    1,
    0,
    0,
    0,
    0,
    0,
    1
  ],
  "RemainingAttemptCount": [
    0,
    0,
    0,
    1,
    0,
    1,
    1,
    0,
    1,
    0,
    0,
    0,
    0,
    0,
    0,
    5,
    5,
    5,
    5,
    5,
    5,
    5,
    5,
    0,
    5,
    0,
    5,
    0,
    5,
    0,
    0,
    0,
    0,
    0,
    5
  ],
  "RemovedDataClumps": [
    0,
    0,
    0,
    22,
    0,
    20,
    16,
    0,
    62,
    0,
    0,
    0,
    0,
    0,
    0,
    0,
    0,
    0,
    0,
    0,
    0,
    0,
    0,
    0,
    0,
    0,
    0,
    0,
    0,
    0,
    0,
    0,
    0,
    0,
    0
  ],
  "GitChanges": [
    408,
    397,
    127,
    182,
    284,
    110,
    264,
    235,
    200,
    225,
    191,
    221,
    222,
    170,
    192,
    0,
    0,
    0,
    0,
    0,
    0,
    0,
    0,
    186,
    0,
    143,
    0,
    167,
    0,
    347,
    283,
    279,
    86,
    278,
    0
  ],
  "CommentOut": [
    1,
    1,
    1,
    1,
    0.9,
    1,
    1,
    1,
    1,
    1,
    1,
    1,
    1,
    1,
    1,
    0,
    0,
    0,
    0,
    0,
    0,
    0,
    0,
    1,
    0,
    1,
    0,
    0.3846153846153846,
    0,
    0.5333333333333333,
    0.5882352941176471,
    0.5882352941176471,
    1,
    0.4666666666666667,
    0
  ],
  "ValidJSON": [
    1,
    1,
    1,
    1,
    1,
    1,
    1,
    1,
    1,
    1,
    1,
    1,
    1,
    1,
    1,
    1,
    1,
    1,
    1,
    1,
    1,
    1,
    1,
    1,
    1,
    0.8333333333333334,
    1,
    1,
    1,
    0.8333333333333334,
    1,
    1,
    1,
    1,
    1
  ],
  "EmptyResponse": [
    1,
    1,
    1,
    1,
    1,
    1,
    1,
    1,
    1,
    1,
    1,
    1,
    1,
    1,
    1,
    0,
    0,
    1,
    0,
    0,
    0,
    0,
    0,
    1,
    0,
    0.8333333333333334,
    0,
    1,
    0,
    0.8333333333333334,
    1,
    1,
    1,
    1,
    0
  ],
  "InterpretableChanges": [
    1,
    1,
    1,
    1,
    1,
    1,
    1,
    1,
    1,
    1,
    1,
    1,
    1,
    1,
    1,
    1,
    1,
    1,
    1,
    1,
    1,
    1,
    1,
    0.1333333333333333,
    1,
    1,
    1,
    0.7142857142857143,
    1,
    0.7142857142857143,
    0.7142857142857143,
    0.7142857142857143,
    0.8333333333333334,
    0.7142857142857143,
    1
  ],
  "RichClass": [
    null,
    null,
    null,
    null,
    null,
    0,
    0,
    1,
    0,
    1,
    null,
    null,
    null,
    null,
    null,
    null,
    null,
    null,
    null,
    null,
    null,
    null,
    null,
    1,
    null,
    0,
    null,
    0,
    null,
    null,
    null,
    null,
    null,
    null,
    null
  ],
  "HarmlessErrorCategory": [
    0.8,
    0.6,
    1,
    0.75,
    0.8,
    0.5,
    0.5,
    0.4,
    0.75,
    1,
    1,
    1,
    1,
    1,
    0.6,
    0,
    0,
    0,
    0,
    0,
    0,
    0,
    0,
    0.3333333333333333,
    0,
    1,
    0,
    0,
    0,
    0.16666666666666666,
    0,
    0,
    1,
    0,
    0
  ],
  "DataClumpSize": [
    11,
    4,
    4,
    3,
    4,
    11,
    4,
    4,
    3,
    4,
    11,
    4,
    3,
    4,
    11,
    4,
    4,
    3,
    4,
    11,
    4,
    4,
    3,
    4,
    11,
    4,
    3,
    4,
    11,
    4,
    4,
    3,
    4,
    11,
    4,
    4,
    3,
    4,
    11,
    4,
    4,
    3,
    4,
    11,
    4,
    4,
    3,
    4,
    11,
    4,
    4,
    3,
    4,
    11,
    4,
    4,
    3,
    4,
    11,
    4,
    3,
    4,
    4,
    11,
    4,
    4,
    3,
    4,
    11,
    4,
    3,
    4,
    3,
    5,
    3,
    3,
    10,
    7,
    25,
    5,
    25,
    5,
    25,
    5,
    25,
    5,
    25,
    5,
    25,
    5,
    25,
    5
  ],
  "DataClumpOccurence": [
    6,
    78,
    78,
    4,
    78,
    6,
    78,
    78,
    4,
    78,
    6,
    78,
    4,
    78,
    6,
    78,
    78,
    4,
    78,
    6,
    78,
    78,
    4,
    78,
    6,
    78,
    4,
    78,
    6,
    78,
    78,
    4,
    78,
    6,
    78,
    78,
    4,
    78,
    6,
    78,
    78,
    4,
    78,
    6,
    78,
    78,
    4,
    78,
    6,
    78,
    78,
    4,
    78,
    6,
    78,
    78,
    4,
    78,
    6,
    78,
    4,
    78,
    78,
    6,
    78,
    78,
    4,
    78,
    6,
    78,
    4,
    78,
    2,
    2,
    62,
    1,
    2,
    6,
    0,
    0,
    0,
    0,
    0,
    0,
    0,
    0,
    0,
    0,
    0,
    0,
    0,
    0
  ],
  "ParametersToParameters": [
    0,
    1,
    1,
    0,
    1,
    0,
    1,
    1,
    0,
    1,
    0,
    1,
    0,
    1,
    0,
    1,
    1,
    0,
    1,
    0,
    1,
    1,
    0,
    1,
    0,
    1,
    0,
    1,
    0,
    1,
    1,
    0,
    1,
    0,
    1,
    1,
    0,
    1,
    0,
    1,
    1,
    0,
    1,
    0,
    1,
    1,
    0,
    1,
    0,
    1,
    1,
    0,
    1,
    0,
    1,
    1,
    0,
    1,
    0,
    1,
    0,
    1,
    1,
    0,
    1,
    1,
    0,
    1,
    0,
    1,
    0,
    1,
    1,
    1,
    1,
    0,
    1,
    1,
    0,
    1,
    0,
    1,
    0,
    1,
    0,
    1,
    0,
    1,
    0,
    1,
    0,
    1
  ],
  "FieldToField": [
    1,
    0,
    0,
    1,
    0,
    1,
    0,
    0,
    1,
    0,
    1,
    0,
    1,
    0,
    1,
    0,
    0,
    1,
    0,
    1,
    0,
    0,
    1,
    0,
    1,
    0,
    1,
    0,
    1,
    0,
    0,
    1,
    0,
    1,
    0,
    0,
    1,
    0,
    1,
    0,
    0,
    1,
    0,
    1,
    0,
    0,
    1,
    0,
    1,
    0,
    0,
    1,
    0,
    1,
    0,
    0,
    1,
    0,
    1,
    0,
    1,
    0,
    0,
    1,
    0,
    0,
    1,
    0,
    1,
    0,
    1,
    0,
    0,
    0,
    0,
    0,
    0,
    0,
    1,
    0,
    1,
    0,
    1,
    0,
    1,
    0,
    1,
    0,
    1,
    0,
    1,
    0
  ],
  "PreferNonPublic": [
    1,
    1,
    1,
    1,
    1,
    1,
    1,
    1,
    1,
    1,
    1,
    1,
    1,
    1,
    1,
    1,
    1,
    1,
    1,
    1,
    1,
    1,
    1,
    1,
    1,
    1,
    1,
    1,
    1,
    1,
    1,
    1,
    1,
    1,
    1,
    1,
    1,
    1,
    1,
    1,
    1,
    1,
    1,
    1,
    1,
    1,
    1,
    1,
    1,
    1,
    1,
    1,
    1,
    1,
    1,
    1,
    1,
    1,
    1,
    1,
    1,
    1,
    1,
    1,
    1,
    1,
    1,
    1,
    1,
    1,
    1,
    1,
    0,
    0,
    0,
    0,
    0,
    0,
    0,
    0,
    0,
    0,
    0,
    0,
    0,
    0,
    0,
    0,
    0,
    0,
    0,
    0
  ],
  "PrimitiveTypes": [
    0,
    1,
    1,
    1,
    1,
    0,
    1,
    1,
    1,
    1,
    0,
    1,
    1,
    1,
    0,
    1,
    1,
    1,
    1,
    0,
    1,
    1,
    1,
    1,
    0,
    1,
    1,
    1,
    0,
    1,
    1,
    1,
    1,
    0,
    1,
    1,
    1,
    1,
    0,
    1,
    1,
    1,
    1,
    0,
    1,
    1,
    1,
    1,
    0,
    1,
    1,
    1,
    1,
    0,
    1,
    1,
    1,
    1,
    0,
    1,
    1,
    1,
    1,
    0,
    1,
    1,
    1,
    1,
    0,
    1,
    1,
    1,
    0.6666666666666666,
    0.8,
    0.6666666666666666,
    0.6666666666666666,
    0.6,
    0.2857142857142857,
    1,
    1,
    1,
    1,
    1,
    1,
    1,
    1,
    1,
    1,
    1,
    1,
    1,
    1
  ],