{
  "ValidPrograms": [
    0,
    0,
    0,
    0,
    0,
    0,
    0,
    0,
    0,
    0,
    0,
    0,
    0,
    0,
    0,
    0,
    0,
    0,
    0,
    0,
    0,
    0,
    0,
    0,
    0,
    0,
    0,
    0,
    0,
    0
  ],
  "RemainingAttemptCount": [
    0,
    0,
    0,
    0,
    0,
    0,
    0,
    0,
    0,
    0,
    0,
    0,
    0,
    0,
    0,
    0,
    0,
    0,
    0,
    0,
    0,
    0,
    0,
    0,
    0,
    0,
    0,
    0,
    0,
    0
  ],
  "RemovedDataClumps": [
    0.7212601738499842,
    0.9646511580663315,
    0.8876266955179162,
    0.8748040747537686,
    0.9646511580663315,
    0.025086384411217466,
    1.0418283968585698,
    0.9646511580663315,
    0.05018857127401333,
    0.025086384411217466,
    3.2570830469982326,
    3.310722596744597,
    2.333955411502984,
    2.9412356849060757,
    2.312718435760928,
    2.206605303618531,
    2.2172112425026285,
    2.333955411502984,
    3.058884449212073,
    3.128473852618953,
    3.6289848875100574,
    0.9924319997572155,
    1.0252420394937047,
    5.79460499957294,
    1.0580609127878375,
    5.79460499957294,
    1.0334459293925136,
    5.79460499957294,
    5.79460499957294,
    5.79460499957294
  ],
  "GitChanges": [
    171,
    131,
    171,
    136,
    101,
    242,
    144,
    144,
    149,
    189,
    228,
    191,
    209,
    243,
    186,
    218,
    264,
    202,
    235,
    250,
    248,
    197,
    172,
    309,
    196,
    242,
    130,
    214,
    252,
    181
  ],
  "CommentOut": [
    0.9583333333333334,
    0.96,
    0.9545454545454546,
    1,
    0.9615384615384616,
    0.875,
    0.7857142857142857,
    0.8928571428571429,
    1,
    0.9230769230769231,
    0.96,
    1,
    1,
    0.9166666666666666,
    0.9772727272727273,
    1,
    0.9615384615384616,
    1,
    0.9166666666666666,
    1,
    0.1384615384615384,
    0.15384615384615385,
    0.07407407407407407,
    0.3793103448275862,
    0.27083333333333337,
    0,
    0.4736842105263158,
    0.18181818181818177,
    0,
    0.2666666666666667
  ],
  "ValidJSON": [
    1,
    1,
    1,
    1,
    1,
    1,
    1,
    1,
    1,
    1,
    1,
    1,
    0.8333333333333334,
    1,
    0.8333333333333334,
    1,
    0.8333333333333334,
    0.8333333333333334,
    1,
    1,
    1,
    1,
    1,
    1,
    1,
    1,
    0.3333333333333333,
    1,
    1,
    1
  ],
  "NonEmptyResponse": [
    1,
    1,
    1,
    1,
    1,
    1,
    1,
    1,
    1,
    1,
    1,
    1,
    1,
    1,
    1,
    1,
    1,
    1,
    1,
    1,
    1,
    1,
    1,
    1,
    1,
    1,
    0.33333333333333337,
    1,
    1,
    1
  ],
  "ResponseSizeDecrease": [
    1.8410286382232612,
    1.575836820083682,
    2.212586339217191,
    1.229909301835056,
    1.5715130023640662,
    1.227749006383235,
    2.0973671137605563,
    1.6231825525040389,
    1.3273386731147045,
    1.319241573033708,
    2.3983781044095287,
    2.481540930979133,
    1.4871161857738004,
    2.728543472183394,
    1.3588306573765525,
    1.4765348515156178,
    1.6525942636158557,
    1.4777539122430194,
    3.012976022566996,
    2.3501110288675053,
    14.902766798418972,
    130.57333333333332,
    116.2235294117647,
    1.2912266240791304,
    8.353351955307263,
    null,
    4.528174936921783,
    2.9966121960940613,
    null,
    2.052360219981668
  ],
  "RichClass": [
    0,
    0,
    0,
    0,
    0,
    0,
    0,
    0,
    0,
    0,
    0,
    0,
    0,
    0,
    0,
    0,
    0,
    0,
    0,
    0,
    0,
    0,
    0,
    0,
    0,
    0,
    0,
    null,
    0,
    null
  ],
  "ReferenceErrorOnly": [
    0.8,
    0.6,
    0.6,
    0.8,
    0.6,
    0.8333333333333334,
    0.8333333333333334,
    0.8333333333333334,
    0.8333333333333334,
    1,
    0.3333333333333333,
    0.3333333333333333,
    0.5,
    0.3333333333333333,
    0.5,
    0.3333333333333333,
    0.3333333333333333,
    0.5,
    0.3333333333333333,
    0.3333333333333333,
    0.5,
    0.8333333333333334,
    0.8333333333333334,
    0,
    0.6666666666666666,
    0,
    1,
    0,
    0,
    0
  ],
  "RemovedVariables": [
    0,
    30,
    22,
    11,
    30,
    7,
    30,
    30,
    9,
    1,
    142,
    144,
    130,
    79,
    130,
    111,
    119,
    118,
    84,
    128,
    270,
    48,
    51,
    299,
    57,
    324,
    51,
    324,
    299,
    324
  ],
  "InstructionChangeType=None": [
    0.875,
    0.8,
    0.8636363636363636,
    0.6818181818181818,
    0.8461538461538461,
    0.6875,
    0.8928571428571429,
    0.8928571428571429,
    0.7692307692307693,
    0.7692307692307693,
    0.68,
    0.6666666666666666,
    0.8260869565217391,
    0.7083333333333334,
    0.9318181818181818,
    0.65,
    0.5,
    0.8695652173913043,
    0.6666666666666666,
    0.6666666666666666,
    0.8307692307692308,
    0.8461538461538461,
    0.9629629629629629,
    0.29310344827586204,
    0.9166666666666666,
    0.821917808219178,
    0.8421052631578947,
    0.6883116883116883,
    0.821917808219178,
    0.6266666666666667
  ],
  "InstructionChangeType=ReplaceText": [
    0.125,
    0.2,
    0.13636363636363635,
    0,
    0.11538461538461539,
    0.0625,
    0.10714285714285714,
    0.10714285714285714,
    0,
    0,
    0.08,
    0.08333333333333333,
    0.043478260869565216,
    0.041666666666666664,
    0,
    0.05,
    0.07692307692307693,
    0.043478260869565216,
    0.041666666666666664,
    0.08333333333333333,
    0,
    0,
    0,
    0.5,
    0.020833333333333332,
    0,
    0.05263157894736842,
    0.18181818181818182,
    0,
    0.013333333333333334
  ],
  "InstructionChangeType=SpecificLine": [
    0,
    0,
    0,
    0.22727272727272727,
    0,
    0.1875,
    0,
    0,
    0.15384615384615385,
    0.15384615384615385,
    0.16,
    0.16666666666666666,
    0.13043478260869565,
    0.16666666666666666,
    0.06818181818181818,
    0.2,
    0.3076923076923077,
    0.08695652173913043,
    0.20833333333333334,
    0.16666666666666666,
    0.13846153846153847,
    0.15384615384615385,
    0.037037037037037035,
    0.14655172413793102,
    0.041666666666666664,
    0.0958904109589041,
    0.10526315789473684,
    0.07792207792207792,
    0.0958904109589041,
    0.28
  ],
  "InstructionChangeType=SpecificLineAll": [
    0,
    0,
    0,
    0.09090909090909091,
    0,
    0.0625,
    0,
    0,
    0.07692307692307693,
    0.07692307692307693,
    0.08,
    0.08333333333333333,
    0,
    0.08333333333333333,
    0,
    0.1,
    0.11538461538461539,
    0,
    0.08333333333333333,
    0.08333333333333333,
    0,
    0,
    0,
    0.05172413793103448,
    0.020833333333333332,
    0.0136986301369863,
    0,
    0.012987012987012988,
    0.0136986301369863,
    0.05333333333333334
  ],
  "InstructionChangeType=NoneButReplace": [
    0,
    0,
    0,
    0,
    0.038461538461538464,
    0,
    0,
    0,
    0,
    0,
    0,
    0,
    0,
    0,
    0,
    0,
    0,
    0,
    0,
    0,
    0.03076923076923077,
    0,
    0,
    0.008620689655172414,
    0,
    0.0684931506849315,
    0,
    0.03896103896103896,
    0.0684931506849315,
    0.02666666666666667
  ],