{
  "instanceType= filter": 37.285502010372326,
  "instanceType= filter , model= gpt-4-1106-preview": 37.285502010372326,
  "instanceType= filter , temperature= 0.1": 33.284449729158375,
  "instanceType= filter , temperature= 0.5": 39.59588571428562,
  "instanceType= filter , temperature= 0.9": 38.846824489795935,
  "instanceType= filter , inputFormat= filter": 38.68515555555555,
  "instanceType= filter , inputFormat= filter_code_snippet": 30.578090666666657,
  "instanceType= filter , inputFormat= filter_full_code": 47.321402483564654,
  "instanceType= filter , instructionType= definitionBased": 36.31207148363031,
  "instanceType= filter , margin= 0": 28.029155555555555,
  "instanceType= filter , margin= 1": 34.356622222222256,
  "instanceType= filter , margin= 2": 28.58666666666668,
  "instanceType= filter , margin= 5": 29.18222222222222,
  "instanceType= filter , margin= 10": 31.74328888888889,
  "model= gpt-4-1106-preview": 37.285502010372326,
  "model= gpt-4-1106-preview , instanceType= filter": 37.285502010372326,
  "model= gpt-4-1106-preview , temperature= 0.1": 33.284449729158375,
  "model= gpt-4-1106-preview , temperature= 0.5": 39.59588571428562,
  "model= gpt-4-1106-preview , temperature= 0.9": 38.846824489795935,
  "model= gpt-4-1106-preview , inputFormat= filter": 38.68515555555555,
  "model= gpt-4-1106-preview , inputFormat= filter_code_snippet": 30.578090666666657,
  "model= gpt-4-1106-preview , inputFormat= filter_full_code": 47.321402483564654,
  "model= gpt-4-1106-preview , instructionType= definitionBased": 36.31207148363031,
  "model= gpt-4-1106-preview , margin= 0": 28.029155555555555,
  "model= gpt-4-1106-preview , margin= 1": 34.356622222222256,
  "model= gpt-4-1106-preview , margin= 2": 28.58666666666668,
  "model= gpt-4-1106-preview , margin= 5": 29.18222222222222,
  "model= gpt-4-1106-preview , margin= 10": 31.74328888888889,
  "temperature= 0.1": 33.284449729158375,
  "temperature= 0.5": 39.59588571428562,
  "temperature= 0.9": 38.846824489795935,
  "temperature= 0.1 , instanceType= filter": 33.284449729158375,
  "temperature= 0.5 , instanceType= filter": 39.59588571428562,
  "temperature= 0.9 , instanceType= filter": 38.846824489795935,
  "temperature= 0.1 , model= gpt-4-1106-preview": 33.284449729158375,
  "temperature= 0.5 , model= gpt-4-1106-preview": 39.59588571428562,
  "temperature= 0.9 , model= gpt-4-1106-preview": 38.846824489795935,
  "temperature= 0.1 , inputFormat= filter": 24.96,
  "temperature= 0.1 , inputFormat= filter_code_snippet": 28.893055999999937,
  "temperature= 0.1 , inputFormat= filter_full_code": 36.638888888888886,
  "temperature= 0.5 , inputFormat= filter": 45.9744,
  "temperature= 0.5 , inputFormat= filter_code_snippet": 30.021504000000064,
  "temperature= 0.5 , inputFormat= filter_full_code": 50.5056,
  "temperature= 0.9 , inputFormat= filter": 44.249599999999994,
  "temperature= 0.9 , inputFormat= filter_code_snippet": 32.47398399999997,
  "temperature= 0.9 , inputFormat= filter_full_code": 51.8144,
  "temperature= 0.1 , instructionType= definitionBased": 31.015902366863845,
  "temperature= 0.5 , instructionType= definitionBased": 40.3615419501133,
  "temperature= 0.9 , instructionType= definitionBased": 37.32752834467113,
  "temperature= 0.1 , margin= 0": 29.001600000000003,
  "temperature= 0.1 , margin= 1": 29.039999999999996,
  "temperature= 0.1 , margin= 2": 28.24,
  "temperature= 0.1 , margin= 5": 29.001600000000003,
  "temperature= 0.1 , margin= 10": 29.001600000000003,
  "temperature= 0.5 , margin= 0": 28.121600000000008,
  "temperature= 0.5 , margin= 1": 27.718400000000003,
  "temperature= 0.5 , margin= 2": 29.001600000000003,
  "temperature= 0.5 , margin= 5": 29.039999999999996,
  "temperature= 0.5 , margin= 10": 34.438400000000016,
  "temperature= 0.9 , margin= 0": 26.822399999999988,
  "temperature= 0.9 , margin= 1": 44.694400000000016,
  "temperature= 0.9 , margin= 2": 28.457600000000006,
  "temperature= 0.9 , margin= 5": 29.27359999999999,
  "temperature= 0.9 , margin= 10": 29.6,
  "iteration= 0": 29.67729591836732,
  "iteration= 1": 30.799825809261154,
  "iteration= 2": 27.962018140589564,
  "iteration= 3": 31.480017006802726,
  "iteration= 4": 29.243055555555554,
  "iteration= 5": 23.959183673469383,
  "iteration= 6": 24.467120181405882,
  "iteration= 7": 24.408163265306122,
  "iteration= 8": 20.331065759637198,
  "iteration= 9": 16.244897959183668,
  "inputFormat= filter": 38.68515555555555,
  "inputFormat= filter_code_snippet": 30.578090666666657,
  "inputFormat= filter_full_code": 47.321402483564654,
  "inputFormat= filter , instanceType= filter": 38.68515555555555,
  "inputFormat= filter_code_snippet , instanceType= filter": 30.578090666666657,
  "inputFormat= filter_full_code , instanceType= filter": 47.321402483564654,
  "inputFormat= filter , model= gpt-4-1106-preview": 38.68515555555555,
  "inputFormat= filter_code_snippet , model= gpt-4-1106-preview": 30.578090666666657,
  "inputFormat= filter_full_code , model= gpt-4-1106-preview": 47.321402483564654,
  "inputFormat= filter , temperature= 0.1": 24.96,
  "inputFormat= filter , temperature= 0.5": 45.9744,
  "inputFormat= filter , temperature= 0.9": 44.249599999999994,
  "inputFormat= filter_code_snippet , temperature= 0.1": 28.893055999999937,
  "inputFormat= filter_code_snippet , temperature= 0.5": 30.021504000000064,
  "inputFormat= filter_code_snippet , temperature= 0.9": 32.47398399999997,
  "inputFormat= filter_full_code , temperature= 0.1": 36.638888888888886,
  "inputFormat= filter_full_code , temperature= 0.5": 50.5056,
  "inputFormat= filter_full_code , temperature= 0.9": 51.8144,
  "inputFormat= filter , instructionType= definitionBased": 38.88098765432102,
  "inputFormat= filter_code_snippet , instructionType= definitionBased": 27.52229135802473,
  "inputFormat= filter_full_code , instructionType= definitionBased": 55.45867768595043,
  "inputFormat= filter_code_snippet , margin= 0": 28.029155555555555,
  "inputFormat= filter_code_snippet , margin= 1": 34.356622222222256,
  "inputFormat= filter_code_snippet , margin= 2": 28.58666666666668,
  "inputFormat= filter_code_snippet , margin= 5": 29.18222222222222,
  "inputFormat= filter_code_snippet , margin= 10": 31.74328888888889,
  "instructionType= definitionBased": 36.31207148363031,
  "instructionType= definitionBased , instanceType= filter": 36.31207148363031,
  "instructionType= definitionBased , model= gpt-4-1106-preview": 36.31207148363031,
  "instructionType= definitionBased , temperature= 0.1": 31.015902366863845,
  "instructionType= definitionBased , temperature= 0.5": 40.3615419501133,
  "instructionType= definitionBased , temperature= 0.9": 37.32752834467113,
  "instructionType= definitionBased , inputFormat= filter": 38.88098765432102,
  "instructionType= definitionBased , inputFormat= filter_code_snippet": 27.52229135802473,
  "instructionType= definitionBased , inputFormat= filter_full_code": 55.45867768595043,
  "instructionType= definitionBased , margin= 0": 24.60543209876543,
  "instructionType= definitionBased , margin= 1": 32.08691358024693,
  "instructionType= definitionBased , margin= 2": 23.420246913580264,
  "instructionType= definitionBased , margin= 5": 26.37728395061731,
  "instructionType= definitionBased , margin= 10": 30.61432098765432,
  "margin= 0": 28.029155555555555,
  "margin= 1": 34.356622222222256,
  "margin= 2": 28.58666666666668,
  "margin= 5": 29.18222222222222,
  "margin= 10": 31.74328888888889,
  "margin= 0 , instanceType= filter": 28.029155555555555,
  "margin= 1 , instanceType= filter": 34.356622222222256,
  "margin= 2 , instanceType= filter": 28.58666666666668,
  "margin= 5 , instanceType= filter": 29.18222222222222,
  "margin= 10 , instanceType= filter": 31.74328888888889,
  "margin= 0 , model= gpt-4-1106-preview": 28.029155555555555,
  "margin= 1 , model= gpt-4-1106-preview": 34.356622222222256,
  "margin= 2 , model= gpt-4-1106-preview": 28.58666666666668,
  "margin= 5 , model= gpt-4-1106-preview": 29.18222222222222,