{
  "instanceType= filter": 0.2492861721344939,
  "instanceType= filter , model= gpt-4-1106-preview": 0.2492861721344939,
  "instanceType= filter , temperature= 0.1": 0.24947152860351338,
  "instanceType= filter , temperature= 0.5": 0.2476408163265307,
  "instanceType= filter , temperature= 0.9": 0.24705306122449022,
  "instanceType= filter , projectName= argoumlrefactor": 0.1247064751826659,
  "instanceType= filter , projectName= rocketmq_refactor": 0.0323710537762413,
  "instanceType= filter , inputFormat= filter": 0.1599999999999997,
  "instanceType= filter , inputFormat= filter_code_snippet": 0.23890488888888736,
  "instanceType= filter , inputFormat= filter_full_code": 0.2483564645726813,
  "instanceType= filter , instructionType= definitionBased": 0.20447076960526,
  "instanceType= filter , margin= 0": 0.2339555555555557,
  "instanceType= filter , margin= 1": 0.2399999999999999,
  "instanceType= filter , margin= 2": 0.2399999999999999,
  "instanceType= filter , margin= 5": 0.2399999999999999,
  "instanceType= filter , margin= 10": 0.2399999999999999,
  "instanceType= filter , includeUsages= noUsages": 0.2492861721344939,
  "model= gpt-4-1106-preview": 0.2492861721344939,
  "model= gpt-4-1106-preview , instanceType= filter": 0.2492861721344939,
  "model= gpt-4-1106-preview , temperature= 0.1": 0.24947152860351338,
  "model= gpt-4-1106-preview , temperature= 0.5": 0.2476408163265307,
  "model= gpt-4-1106-preview , temperature= 0.9": 0.24705306122449022,
  "model= gpt-4-1106-preview , projectName= argoumlrefactor": 0.1247064751826659,
  "model= gpt-4-1106-preview , projectName= rocketmq_refactor": 0.0323710537762413,
  "model= gpt-4-1106-preview , inputFormat= filter": 0.1599999999999997,
  "model= gpt-4-1106-preview , inputFormat= filter_code_snippet": 0.23890488888888736,
  "model= gpt-4-1106-preview , inputFormat= filter_full_code": 0.2483564645726813,
  "model= gpt-4-1106-preview , instructionType= definitionBased": 0.20447076960526,
  "model= gpt-4-1106-preview , margin= 0": 0.2339555555555557,
  "model= gpt-4-1106-preview , margin= 1": 0.2399999999999999,
  "model= gpt-4-1106-preview , margin= 2": 0.2399999999999999,
  "model= gpt-4-1106-preview , margin= 5": 0.2399999999999999,
  "model= gpt-4-1106-preview , margin= 10": 0.2399999999999999,
  "model= gpt-4-1106-preview , includeUsages= noUsages": 0.2492861721344939,
  "temperature= 0.1": 0.24947152860351338,
  "temperature= 0.5": 0.2476408163265307,
  "temperature= 0.9": 0.24705306122449022,
  "temperature= 0.1 , instanceType= filter": 0.24947152860351338,
  "temperature= 0.5 , instanceType= filter": 0.2476408163265307,
  "temperature= 0.9 , instanceType= filter": 0.24705306122449022,
  "temperature= 0.1 , model= gpt-4-1106-preview": 0.24947152860351338,
  "temperature= 0.5 , model= gpt-4-1106-preview": 0.2476408163265307,
  "temperature= 0.9 , model= gpt-4-1106-preview": 0.24705306122449022,
  "temperature= 0.1 , projectName= argoumlrefactor": 0.17632653061224526,
  "temperature= 0.1 , projectName= rocketmq_refactor": 0.028145347616047048,
  "temperature= 0.5 , projectName= argoumlrefactor": 0.10122448979591848,
  "temperature= 0.5 , projectName= rocketmq_refactor": 0.0410204081632653,
  "temperature= 0.9 , projectName= argoumlrefactor": 0.08616780045351462,
  "temperature= 0.9 , projectName= rocketmq_refactor": 0.027755102040816337,
  "temperature= 0.1 , inputFormat= filter": 0.03840000000000002,
  "temperature= 0.1 , inputFormat= filter_code_snippet": 0.23999999999999985,
  "temperature= 0.1 , inputFormat= filter_full_code": 0.20659722222222232,
  "temperature= 0.5 , inputFormat= filter": 0.16000000000000003,
  "temperature= 0.5 , inputFormat= filter_code_snippet": 0.23833599999999994,
  "temperature= 0.5 , inputFormat= filter_full_code": 0.2400000000000001,
  "temperature= 0.9 , inputFormat= filter": 0.2304,
  "temperature= 0.9 , inputFormat= filter_code_snippet": 0.23833599999999994,
  "temperature= 0.9 , inputFormat= filter_full_code": 0.24960000000000016,
  "temperature= 0.1 , instructionType= definitionBased": 0.19221523668639007,
  "temperature= 0.5 , instructionType= definitionBased": 0.21188208616779966,
  "temperature= 0.9 , instructionType= definitionBased": 0.20807256235827706,
  "temperature= 0.1 , margin= 0": 0.2400000000000001,
  "temperature= 0.1 , margin= 1": 0.2400000000000001,
  "temperature= 0.1 , margin= 2": 0.2400000000000001,
  "temperature= 0.1 , margin= 5": 0.2400000000000001,
  "temperature= 0.1 , margin= 10": 0.2400000000000001,
  "temperature= 0.5 , margin= 0": 0.23040000000000002,
  "temperature= 0.5 , margin= 1": 0.2400000000000001,
  "temperature= 0.5 , margin= 2": 0.2400000000000001,
  "temperature= 0.5 , margin= 5": 0.2400000000000001,
  "temperature= 0.5 , margin= 10": 0.2400000000000001,
  "temperature= 0.9 , margin= 0": 0.23040000000000002,
  "temperature= 0.9 , margin= 1": 0.2400000000000001,
  "temperature= 0.9 , margin= 2": 0.2400000000000001,
  "temperature= 0.9 , margin= 5": 0.2400000000000001,
  "temperature= 0.9 , margin= 10": 0.2400000000000001,
  "temperature= 0.1 , includeUsages= noUsages": 0.24947152860351338,
  "temperature= 0.5 , includeUsages= noUsages": 0.2476408163265307,
  "temperature= 0.9 , includeUsages= noUsages": 0.24705306122449022,
  "iteration= 0": 0.2295918367346937,
  "iteration= 1": 0.21948033096240385,
  "iteration= 2": 0.23582766439909322,
  "iteration= 3": 0.2260487528344671,
  "iteration= 4": 0.2260487528344671,
  "iteration= 5": 0.0453514739229025,
  "iteration= 6": 0.04535147392290252,
  "iteration= 7": 0.04535147392290251,
  "iteration= 8": 0.04535147392290252,
  "iteration= 9": 0,
  "projectName= argoumlrefactor": 0.1247064751826659,
  "projectName= rocketmq_refactor": 0.0323710537762413,
  "projectName= argoumlrefactor , instanceType= filter": 0.1247064751826659,
  "projectName= rocketmq_refactor , instanceType= filter": 0.0323710537762413,
  "projectName= argoumlrefactor , model= gpt-4-1106-preview": 0.1247064751826659,
  "projectName= rocketmq_refactor , model= gpt-4-1106-preview": 0.0323710537762413,
  "projectName= argoumlrefactor , temperature= 0.1": 0.17632653061224526,
  "projectName= argoumlrefactor , temperature= 0.5": 0.10122448979591848,
  "projectName= argoumlrefactor , temperature= 0.9": 0.08616780045351462,
  "projectName= rocketmq_refactor , temperature= 0.1": 0.028145347616047048,
  "projectName= rocketmq_refactor , temperature= 0.5": 0.0410204081632653,
  "projectName= rocketmq_refactor , temperature= 0.9": 0.027755102040816337,
  "projectName= argoumlrefactor , inputFormat= filter": 0.2222222222222222,
  "projectName= argoumlrefactor , inputFormat= filter_code_snippet": 0,
  "projectName= argoumlrefactor , inputFormat= filter_full_code": 0.22913580246913598,
  "projectName= rocketmq_refactor , inputFormat= filter": 0,
  "projectName= rocketmq_refactor , inputFormat= filter_code_snippet": 0.013155555555555592,
  "projectName= rocketmq_refactor , inputFormat= filter_full_code": 0.14268727705112957,
  "projectName= argoumlrefactor , instructionType= definitionBased": 0.16562358276643965,
  "projectName= rocketmq_refactor , instructionType= definitionBased": 0.0323710537762413,
  "projectName= argoumlrefactor , margin= 0": 0,
  "projectName= argoumlrefactor , margin= 1": 0,
  "projectName= argoumlrefactor , margin= 2": 0,
  "projectName= argoumlrefactor , margin= 5": 0,
  "projectName= argoumlrefactor , margin= 10": 0,
  "projectName= rocketmq_refactor , margin= 0": 0.06222222222222224,
  "projectName= rocketmq_refactor , margin= 1": 0,
  "projectName= rocketmq_refactor , margin= 2": 0,
  "projectName= rocketmq_refactor , margin= 5": 0,
  "projectName= rocketmq_refactor , margin= 10": 0,
  "projectName= argoumlrefactor , includeUsages= noUsages": 0.1247064751826659,
  "projectName= rocketmq_refactor , includeUsages= noUsages": 0.0323710537762413,
  "inputFormat= filter": 0.1599999999999997,
  "inputFormat= filter_code_snippet": 0.23890488888888736,