{
  "instanceType= filter": 0.2492861721344939,
  "instanceType= filter , model= gpt-4-1106-preview": 0.2492861721344939,
  "instanceType= filter , temperature= 0.1": 0.24947152860351338,
  "instanceType= filter , temperature= 0.5": 0.2476408163265307,
  "instanceType= filter , temperature= 0.9": 0.24705306122449022,
  "instanceType= filter , inputFormat= filter": 0.1599999999999997,
  "instanceType= filter , inputFormat= filter_code_snippet": 0.23890488888888736,
  "instanceType= filter , inputFormat= filter_full_code": 0.2483564645726813,
  "instanceType= filter , instructionType= definitionBased": 0.20447076960526,
  "instanceType= filter , margin= 0": 0.2339555555555557,
  "instanceType= filter , margin= 1": 0.2399999999999999,
  "instanceType= filter , margin= 2": 0.2399999999999999,
  "instanceType= filter , margin= 5": 0.2399999999999999,
  "instanceType= filter , margin= 10": 0.2399999999999999,
  "model= gpt-4-1106-preview": 0.2492861721344939,
  "model= gpt-4-1106-preview , instanceType= filter": 0.2492861721344939,
  "model= gpt-4-1106-preview , temperature= 0.1": 0.24947152860351338,
  "model= gpt-4-1106-preview , temperature= 0.5": 0.2476408163265307,
  "model= gpt-4-1106-preview , temperature= 0.9": 0.24705306122449022,
  "model= gpt-4-1106-preview , inputFormat= filter": 0.1599999999999997,
  "model= gpt-4-1106-preview , inputFormat= filter_code_snippet": 0.23890488888888736,
  "model= gpt-4-1106-preview , inputFormat= filter_full_code": 0.2483564645726813,
  "model= gpt-4-1106-preview , instructionType= definitionBased": 0.20447076960526,
  "model= gpt-4-1106-preview , margin= 0": 0.2339555555555557,
  "model= gpt-4-1106-preview , margin= 1": 0.2399999999999999,
  "model= gpt-4-1106-preview , margin= 2": 0.2399999999999999,
  "model= gpt-4-1106-preview , margin= 5": 0.2399999999999999,
  "model= gpt-4-1106-preview , margin= 10": 0.2399999999999999,
  "temperature= 0.1": 0.24947152860351338,
  "temperature= 0.5": 0.2476408163265307,
  "temperature= 0.9": 0.24705306122449022,
  "temperature= 0.1 , instanceType= filter": 0.24947152860351338,
  "temperature= 0.5 , instanceType= filter": 0.2476408163265307,
  "temperature= 0.9 , instanceType= filter": 0.24705306122449022,
  "temperature= 0.1 , model= gpt-4-1106-preview": 0.24947152860351338,
  "temperature= 0.5 , model= gpt-4-1106-preview": 0.2476408163265307,
  "temperature= 0.9 , model= gpt-4-1106-preview": 0.24705306122449022,
  "temperature= 0.1 , inputFormat= filter": 0.03840000000000002,
  "temperature= 0.1 , inputFormat= filter_code_snippet": 0.23999999999999985,
  "temperature= 0.1 , inputFormat= filter_full_code": 0.20659722222222232,
  "temperature= 0.5 , inputFormat= filter": 0.16000000000000003,
  "temperature= 0.5 , inputFormat= filter_code_snippet": 0.23833599999999994,
  "temperature= 0.5 , inputFormat= filter_full_code": 0.2400000000000001,
  "temperature= 0.9 , inputFormat= filter": 0.2304,
  "temperature= 0.9 , inputFormat= filter_code_snippet": 0.23833599999999994,
  "temperature= 0.9 , inputFormat= filter_full_code": 0.24960000000000016,
  "temperature= 0.1 , instructionType= definitionBased": 0.19221523668639007,
  "temperature= 0.5 , instructionType= definitionBased": 0.21188208616779966,
  "temperature= 0.9 , instructionType= definitionBased": 0.20807256235827706,
  "temperature= 0.1 , margin= 0": 0.2400000000000001,
  "temperature= 0.1 , margin= 1": 0.2400000000000001,
  "temperature= 0.1 , margin= 2": 0.2400000000000001,
  "temperature= 0.1 , margin= 5": 0.2400000000000001,
  "temperature= 0.1 , margin= 10": 0.2400000000000001,
  "temperature= 0.5 , margin= 0": 0.23040000000000002,
  "temperature= 0.5 , margin= 1": 0.2400000000000001,
  "temperature= 0.5 , margin= 2": 0.2400000000000001,
  "temperature= 0.5 , margin= 5": 0.2400000000000001,
  "temperature= 0.5 , margin= 10": 0.2400000000000001,
  "temperature= 0.9 , margin= 0": 0.23040000000000002,
  "temperature= 0.9 , margin= 1": 0.2400000000000001,
  "temperature= 0.9 , margin= 2": 0.2400000000000001,
  "temperature= 0.9 , margin= 5": 0.2400000000000001,
  "temperature= 0.9 , margin= 10": 0.2400000000000001,
  "iteration= 0": 0.2295918367346937,
  "iteration= 1": 0.21948033096240385,
  "iteration= 2": 0.23582766439909322,
  "iteration= 3": 0.2260487528344671,
  "iteration= 4": 0.2260487528344671,
  "iteration= 5": 0.0453514739229025,
  "iteration= 6": 0.04535147392290252,
  "iteration= 7": 0.04535147392290251,
  "iteration= 8": 0.04535147392290252,
  "iteration= 9": 0,
  "inputFormat= filter": 0.1599999999999997,
  "inputFormat= filter_code_snippet": 0.23890488888888736,
  "inputFormat= filter_full_code": 0.2483564645726813,
  "inputFormat= filter , instanceType= filter": 0.1599999999999997,
  "inputFormat= filter_code_snippet , instanceType= filter": 0.23890488888888736,
  "inputFormat= filter_full_code , instanceType= filter": 0.2483564645726813,
  "inputFormat= filter , model= gpt-4-1106-preview": 0.1599999999999997,
  "inputFormat= filter_code_snippet , model= gpt-4-1106-preview": 0.23890488888888736,
  "inputFormat= filter_full_code , model= gpt-4-1106-preview": 0.2483564645726813,
  "inputFormat= filter , temperature= 0.1": 0.03840000000000002,
  "inputFormat= filter , temperature= 0.5": 0.16000000000000003,
  "inputFormat= filter , temperature= 0.9": 0.2304,
  "inputFormat= filter_code_snippet , temperature= 0.1": 0.23999999999999985,
  "inputFormat= filter_code_snippet , temperature= 0.5": 0.23833599999999994,
  "inputFormat= filter_code_snippet , temperature= 0.9": 0.23833599999999994,
  "inputFormat= filter_full_code , temperature= 0.1": 0.20659722222222232,
  "inputFormat= filter_full_code , temperature= 0.5": 0.2400000000000001,
  "inputFormat= filter_full_code , temperature= 0.9": 0.24960000000000016,
  "inputFormat= filter , instructionType= definitionBased": 0.04246913580246918,
  "inputFormat= filter_code_snippet , instructionType= definitionBased": 0.22510617283950596,
  "inputFormat= filter_full_code , instructionType= definitionBased": 0.1875,
  "inputFormat= filter_code_snippet , margin= 0": 0.2339555555555557,
  "inputFormat= filter_code_snippet , margin= 1": 0.2399999999999999,
  "inputFormat= filter_code_snippet , margin= 2": 0.2399999999999999,
  "inputFormat= filter_code_snippet , margin= 5": 0.2399999999999999,
  "inputFormat= filter_code_snippet , margin= 10": 0.2399999999999999,
  "instructionType= definitionBased": 0.20447076960526,
  "instructionType= definitionBased , instanceType= filter": 0.20447076960526,
  "instructionType= definitionBased , model= gpt-4-1106-preview": 0.20447076960526,
  "instructionType= definitionBased , temperature= 0.1": 0.19221523668639007,
  "instructionType= definitionBased , temperature= 0.5": 0.21188208616779966,
  "instructionType= definitionBased , temperature= 0.9": 0.20807256235827706,
  "instructionType= definitionBased , inputFormat= filter": 0.04246913580246918,
  "instructionType= definitionBased , inputFormat= filter_code_snippet": 0.22510617283950596,
  "instructionType= definitionBased , inputFormat= filter_full_code": 0.1875,
  "instructionType= definitionBased , margin= 0": 0.23506172839506184,
  "instructionType= definitionBased , margin= 1": 0.22222222222222202,
  "instructionType= definitionBased , margin= 2": 0.22222222222222202,
  "instructionType= definitionBased , margin= 5": 0.22222222222222202,
  "instructionType= definitionBased , margin= 10": 0.22222222222222202,
  "margin= 0": 0.2339555555555557,
  "margin= 1": 0.2399999999999999,
  "margin= 2": 0.2399999999999999,
  "margin= 5": 0.2399999999999999,
  "margin= 10": 0.2399999999999999,
  "margin= 0 , instanceType= filter": 0.2339555555555557,
  "margin= 1 , instanceType= filter": 0.2399999999999999,
  "margin= 2 , instanceType= filter": 0.2399999999999999,
  "margin= 5 , instanceType= filter": 0.2399999999999999,
  "margin= 10 , instanceType= filter": 0.2399999999999999,
  "margin= 0 , model= gpt-4-1106-preview": 0.2339555555555557,