{
  "instanceType= filter": 13.979761523221157,
  "instanceType= filter , model= gpt-4-1106-preview": 13.979761523221157,
  "instanceType= filter , temperature= 0.1": 13.137798916633612,
  "instanceType= filter , temperature= 0.5": 20.011297959183693,
  "instanceType= filter , temperature= 0.9": 8.758726530612245,
  "instanceType= filter , projectName= argoumlrefactor": 14.039566641471469,
  "instanceType= filter , projectName= rocketmq_refactor": 12.055905313523049,
  "instanceType= filter , inputFormat= filter": 0.9823999999999994,
  "instanceType= filter , inputFormat= filter_code_snippet": 1.266175999999999,
  "instanceType= filter , inputFormat= filter_full_code": 39.3053323593864,
  "instanceType= filter , instructionType= definitionBased": 10.928597509026773,
  "instanceType= filter , margin= 0": 0.9599999999999994,
  "instanceType= filter , margin= 1": 0.9599999999999994,
  "instanceType= filter , margin= 2": 0.9599999999999994,
  "instanceType= filter , margin= 5": 0.9599999999999994,
  "instanceType= filter , margin= 10": 2.4704000000000006,
  "instanceType= filter , includeUsages= noUsages": 13.979761523221157,
  "model= gpt-4-1106-preview": 13.979761523221157,
  "model= gpt-4-1106-preview , instanceType= filter": 13.979761523221157,
  "model= gpt-4-1106-preview , temperature= 0.1": 13.137798916633612,
  "model= gpt-4-1106-preview , temperature= 0.5": 20.011297959183693,
  "model= gpt-4-1106-preview , temperature= 0.9": 8.758726530612245,
  "model= gpt-4-1106-preview , projectName= argoumlrefactor": 14.039566641471469,
  "model= gpt-4-1106-preview , projectName= rocketmq_refactor": 12.055905313523049,
  "model= gpt-4-1106-preview , inputFormat= filter": 0.9823999999999994,
  "model= gpt-4-1106-preview , inputFormat= filter_code_snippet": 1.266175999999999,
  "model= gpt-4-1106-preview , inputFormat= filter_full_code": 39.3053323593864,
  "model= gpt-4-1106-preview , instructionType= definitionBased": 10.928597509026773,
  "model= gpt-4-1106-preview , margin= 0": 0.9599999999999994,
  "model= gpt-4-1106-preview , margin= 1": 0.9599999999999994,
  "model= gpt-4-1106-preview , margin= 2": 0.9599999999999994,
  "model= gpt-4-1106-preview , margin= 5": 0.9599999999999994,
  "model= gpt-4-1106-preview , margin= 10": 2.4704000000000006,
  "model= gpt-4-1106-preview , includeUsages= noUsages": 13.979761523221157,
  "temperature= 0.1": 13.137798916633612,
  "temperature= 0.5": 20.011297959183693,
  "temperature= 0.9": 8.758726530612245,
  "temperature= 0.1 , instanceType= filter": 13.137798916633612,
  "temperature= 0.5 , instanceType= filter": 20.011297959183693,
  "temperature= 0.9 , instanceType= filter": 8.758726530612245,
  "temperature= 0.1 , model= gpt-4-1106-preview": 13.137798916633612,
  "temperature= 0.5 , model= gpt-4-1106-preview": 20.011297959183693,
  "temperature= 0.9 , model= gpt-4-1106-preview": 8.758726530612245,
  "temperature= 0.1 , projectName= argoumlrefactor": 12.693333333333346,
  "temperature= 0.1 , projectName= rocketmq_refactor": 11.428271371560584,
  "temperature= 0.5 , projectName= argoumlrefactor": 23.106575963718807,
  "temperature= 0.5 , projectName= rocketmq_refactor": 12.979795918367351,
  "temperature= 0.9 , projectName= argoumlrefactor": 6.158367346938784,
  "temperature= 0.9 , projectName= rocketmq_refactor": 11.71102040816328,
  "temperature= 0.1 , inputFormat= filter": 0.9599999999999999,
  "temperature= 0.1 , inputFormat= filter_code_snippet": 0.9599999999999993,
  "temperature= 0.1 , inputFormat= filter_full_code": 28.15972222222223,
  "temperature= 0.5 , inputFormat= filter": 0.9599999999999999,
  "temperature= 0.5 , inputFormat= filter_code_snippet": 0.9599999999999993,
  "temperature= 0.5 , inputFormat= filter_full_code": 76.6656,
  "temperature= 0.9 , inputFormat= filter": 1.0175999999999998,
  "temperature= 0.9 , inputFormat= filter_code_snippet": 1.872384000000001,
  "temperature= 0.9 , inputFormat= filter_full_code": 9.705599999999999,
  "temperature= 0.1 , instructionType= definitionBased": 10.863073224852062,
  "temperature= 0.5 , instructionType= definitionBased": 10.99990929705217,
  "temperature= 0.9 , instructionType= definitionBased": 10.866575963718809,
  "temperature= 0.1 , margin= 0": 0.9600000000000004,
  "temperature= 0.1 , margin= 1": 0.9600000000000004,
  "temperature= 0.1 , margin= 2": 0.9600000000000004,
  "temperature= 0.1 , margin= 5": 0.9600000000000004,
  "temperature= 0.1 , margin= 10": 0.9600000000000004,
  "temperature= 0.5 , margin= 0": 0.9600000000000004,
  "temperature= 0.5 , margin= 1": 0.9600000000000004,
  "temperature= 0.5 , margin= 2": 0.9600000000000004,
  "temperature= 0.5 , margin= 5": 0.9600000000000004,
  "temperature= 0.5 , margin= 10": 0.9600000000000004,
  "temperature= 0.9 , margin= 0": 0.9600000000000004,
  "temperature= 0.9 , margin= 1": 0.9600000000000004,
  "temperature= 0.9 , margin= 2": 0.9600000000000004,
  "temperature= 0.9 , margin= 5": 0.9600000000000004,
  "temperature= 0.9 , margin= 10": 5.3376,
  "temperature= 0.1 , includeUsages= noUsages": 13.137798916633612,
  "temperature= 0.5 , includeUsages= noUsages": 20.011297959183693,
  "temperature= 0.9 , includeUsages= noUsages": 8.758726530612245,
  "iteration= 0": 7.595663265306125,
  "iteration= 1": 23.974452024967324,
  "iteration= 2": 7.923469387755101,
  "iteration= 3": 13.931405895691604,
  "iteration= 4": 16.487953514739225,
  "iteration= 5": 11.428571428571429,
  "iteration= 6": 9.569160997732427,
  "iteration= 7": 13.841269841269837,
  "iteration= 8": 10.571428571428571,
  "iteration= 9": 17.061224489795915,
  "projectName= argoumlrefactor": 14.039566641471469,
  "projectName= rocketmq_refactor": 12.055905313523049,
  "projectName= argoumlrefactor , instanceType= filter": 14.039566641471469,
  "projectName= rocketmq_refactor , instanceType= filter": 12.055905313523049,
  "projectName= argoumlrefactor , model= gpt-4-1106-preview": 14.039566641471469,
  "projectName= rocketmq_refactor , model= gpt-4-1106-preview": 12.055905313523049,
  "projectName= argoumlrefactor , temperature= 0.1": 12.693333333333346,
  "projectName= argoumlrefactor , temperature= 0.5": 23.106575963718807,
  "projectName= argoumlrefactor , temperature= 0.9": 6.158367346938784,
  "projectName= rocketmq_refactor , temperature= 0.1": 11.428271371560584,
  "projectName= rocketmq_refactor , temperature= 0.5": 12.979795918367351,
  "projectName= rocketmq_refactor , temperature= 0.9": 11.71102040816328,
  "projectName= argoumlrefactor , inputFormat= filter": 0,
  "projectName= argoumlrefactor , inputFormat= filter_code_snippet": 0,
  "projectName= argoumlrefactor , inputFormat= filter_full_code": 51.00543209876543,
  "projectName= rocketmq_refactor , inputFormat= filter": 0.29,
  "projectName= rocketmq_refactor , inputFormat= filter_code_snippet": 0.9536000000000019,
  "projectName= rocketmq_refactor , inputFormat= filter_full_code": 20.960760998810944,
  "projectName= argoumlrefactor , instructionType= definitionBased": 6.8767346938775535,
  "projectName= rocketmq_refactor , instructionType= definitionBased": 12.055905313523049,
  "projectName= argoumlrefactor , margin= 0": 0,
  "projectName= argoumlrefactor , margin= 1": 0,
  "projectName= argoumlrefactor , margin= 2": 0,
  "projectName= argoumlrefactor , margin= 5": 0,
  "projectName= argoumlrefactor , margin= 10": 0,
  "projectName= rocketmq_refactor , margin= 0": 0,
  "projectName= rocketmq_refactor , margin= 1": 0,
  "projectName= rocketmq_refactor , margin= 2": 0,
  "projectName= rocketmq_refactor , margin= 5": 0,
  "projectName= rocketmq_refactor , margin= 10": 4.640000000000001,
  "projectName= argoumlrefactor , includeUsages= noUsages": 14.039566641471469,
  "projectName= rocketmq_refactor , includeUsages= noUsages": 12.055905313523049,
  "inputFormat= filter": 0.9823999999999994,
  "inputFormat= filter_code_snippet": 1.266175999999999,
  "inputFormat= filter_full_code": 39.3053323593864,
  "inputFormat= filter , instanceType= filter": 0.9823999999999994,