{
  "instanceType= filter": 0.06888803100052326,
  "instanceType= filter , model= gpt-4-1106-preview": 0.06888803100052326,
  "instanceType= filter , temperature= 0.1": 0.04386312590831036,
  "instanceType= filter , temperature= 0.5": 0.05890612244897939,
  "instanceType= filter , temperature= 0.9": 0.10122448979591846,
  "instanceType= filter , projectName= argoumlrefactor": 0.10608213655832623,
  "instanceType= filter , projectName= rocketmq_refactor": 0.004761795746434367,
  "instanceType= filter , inputFormat= filter": 0.025955555555555555,
  "instanceType= filter , inputFormat= filter_code_snippet": 0.05048888888888961,
  "instanceType= filter , inputFormat= filter_full_code": 0.17695398100803522,
  "instanceType= filter , instructionType= definitionBased": 0.05963730780153349,
  "instanceType= filter , margin= 0": 0.025955555555555555,
  "instanceType= filter , margin= 1": 0.025955555555555555,
  "instanceType= filter , margin= 2": 0.062222222222222075,
  "instanceType= filter , margin= 5": 0.062222222222222075,
  "instanceType= filter , margin= 10": 0.07360000000000015,
  "instanceType= filter , includeUsages= noUsages": 0.06888803100052326,
  "model= gpt-4-1106-preview": 0.06888803100052326,
  "model= gpt-4-1106-preview , instanceType= filter": 0.06888803100052326,
  "model= gpt-4-1106-preview , temperature= 0.1": 0.04386312590831036,
  "model= gpt-4-1106-preview , temperature= 0.5": 0.05890612244897939,
  "model= gpt-4-1106-preview , temperature= 0.9": 0.10122448979591846,
  "model= gpt-4-1106-preview , projectName= argoumlrefactor": 0.10608213655832623,
  "model= gpt-4-1106-preview , projectName= rocketmq_refactor": 0.004761795746434367,
  "model= gpt-4-1106-preview , inputFormat= filter": 0.025955555555555555,
  "model= gpt-4-1106-preview , inputFormat= filter_code_snippet": 0.05048888888888961,
  "model= gpt-4-1106-preview , inputFormat= filter_full_code": 0.17695398100803522,
  "model= gpt-4-1106-preview , instructionType= definitionBased": 0.05963730780153349,
  "model= gpt-4-1106-preview , margin= 0": 0.025955555555555555,
  "model= gpt-4-1106-preview , margin= 1": 0.025955555555555555,
  "model= gpt-4-1106-preview , margin= 2": 0.062222222222222075,
  "model= gpt-4-1106-preview , margin= 5": 0.062222222222222075,
  "model= gpt-4-1106-preview , margin= 10": 0.07360000000000015,
  "model= gpt-4-1106-preview , includeUsages= noUsages": 0.06888803100052326,
  "temperature= 0.1": 0.04386312590831036,
  "temperature= 0.5": 0.05890612244897939,
  "temperature= 0.9": 0.10122448979591846,
  "temperature= 0.1 , instanceType= filter": 0.04386312590831036,
  "temperature= 0.5 , instanceType= filter": 0.05890612244897939,
  "temperature= 0.9 , instanceType= filter": 0.10122448979591846,
  "temperature= 0.1 , model= gpt-4-1106-preview": 0.04386312590831036,
  "temperature= 0.5 , model= gpt-4-1106-preview": 0.05890612244897939,
  "temperature= 0.9 , model= gpt-4-1106-preview": 0.10122448979591846,
  "temperature= 0.1 , projectName= argoumlrefactor": 0.07038548752834461,
  "temperature= 0.1 , projectName= rocketmq_refactor": 0,
  "temperature= 0.5 , projectName= argoumlrefactor": 0.08616780045351459,
  "temperature= 0.5 , projectName= rocketmq_refactor": 0.014081632653061227,
  "temperature= 0.9 , projectName= argoumlrefactor": 0.1541950113378687,
  "temperature= 0.9 , projectName= rocketmq_refactor": 0,
  "temperature= 0.1 , inputFormat= filter": 0,
  "temperature= 0.1 , inputFormat= filter_code_snippet": 0.030976000000000118,
  "temperature= 0.1 , inputFormat= filter_full_code": 0.13888888888888887,
  "temperature= 0.5 , inputFormat= filter": 0,
  "temperature= 0.5 , inputFormat= filter_code_snippet": 0.05286399999999966,
  "temperature= 0.5 , inputFormat= filter_full_code": 0.13439999999999994,
  "temperature= 0.9 , inputFormat= filter": 0.07359999999999997,
  "temperature= 0.9 , inputFormat= filter_code_snippet": 0.06681599999999988,
  "temperature= 0.9 , inputFormat= filter_full_code": 0.2304,
  "temperature= 0.1 , instructionType= definitionBased": 0.0369822485207101,
  "temperature= 0.5 , instructionType= definitionBased": 0.05387755102040819,
  "temperature= 0.9 , instructionType= definitionBased": 0.08616780045351453,
  "temperature= 0.1 , margin= 0": 0,
  "temperature= 0.1 , margin= 1": 0,
  "temperature= 0.1 , margin= 2": 0.07359999999999997,
  "temperature= 0.1 , margin= 5": 0.03840000000000004,
  "temperature= 0.1 , margin= 10": 0.03840000000000004,
  "temperature= 0.5 , margin= 0": 0.03840000000000003,
  "temperature= 0.5 , margin= 1": 0.07359999999999997,
  "temperature= 0.5 , margin= 2": 0.07359999999999997,
  "temperature= 0.5 , margin= 5": 0.03840000000000003,
  "temperature= 0.5 , margin= 10": 0.03840000000000004,
  "temperature= 0.9 , margin= 0": 0.03840000000000002,
  "temperature= 0.9 , margin= 1": 0,
  "temperature= 0.9 , margin= 2": 0.03840000000000003,
  "temperature= 0.9 , margin= 5": 0.1056000000000001,
  "temperature= 0.9 , margin= 10": 0.13439999999999988,
  "temperature= 0.1 , includeUsages= noUsages": 0.04386312590831036,
  "temperature= 0.5 , includeUsages= noUsages": 0.05890612244897939,
  "temperature= 0.9 , includeUsages= noUsages": 0.10122448979591846,
  "iteration= 0": 0.08616780045351462,
  "iteration= 1": 0.06706343446073461,
  "iteration= 2": 0.11380385487528326,
  "iteration= 3": 0.07638888888888905,
  "iteration= 4": 0.07638888888888903,
  "iteration= 5": 0,
  "iteration= 6": 0,
  "iteration= 7": 0,
  "iteration= 8": 0,
  "iteration= 9": 0,
  "projectName= argoumlrefactor": 0.10608213655832623,
  "projectName= rocketmq_refactor": 0.004761795746434367,
  "projectName= argoumlrefactor , instanceType= filter": 0.10608213655832623,
  "projectName= rocketmq_refactor , instanceType= filter": 0.004761795746434367,
  "projectName= argoumlrefactor , model= gpt-4-1106-preview": 0.10608213655832623,
  "projectName= rocketmq_refactor , model= gpt-4-1106-preview": 0.004761795746434367,
  "projectName= argoumlrefactor , temperature= 0.1": 0.07038548752834461,
  "projectName= argoumlrefactor , temperature= 0.5": 0.08616780045351459,
  "projectName= argoumlrefactor , temperature= 0.9": 0.1541950113378687,
  "projectName= rocketmq_refactor , temperature= 0.1": 0,
  "projectName= rocketmq_refactor , temperature= 0.5": 0.014081632653061227,
  "projectName= rocketmq_refactor , temperature= 0.9": 0,
  "projectName= argoumlrefactor , inputFormat= filter": 0.04246913580246918,
  "projectName= argoumlrefactor , inputFormat= filter_code_snippet": 0.08098765432098727,
  "projectName= argoumlrefactor , inputFormat= filter_full_code": 0.22913580246913592,
  "projectName= rocketmq_refactor , inputFormat= filter": 0,
  "projectName= rocketmq_refactor , inputFormat= filter_code_snippet": 0,
  "projectName= rocketmq_refactor , inputFormat= filter_full_code": 0.033293697978596944,
  "projectName= argoumlrefactor , instructionType= definitionBased": 0.14820861678004554,
  "projectName= rocketmq_refactor , instructionType= definitionBased": 0.004761795746434367,
  "projectName= argoumlrefactor , margin= 0": 0.0424691358024691,
  "projectName= argoumlrefactor , margin= 1": 0.042469135802469124,
  "projectName= argoumlrefactor , margin= 2": 0.09876543209876548,
  "projectName= argoumlrefactor , margin= 5": 0.09876543209876548,
  "projectName= argoumlrefactor , margin= 10": 0.11555555555555563,
  "projectName= rocketmq_refactor , margin= 0": 0,
  "projectName= rocketmq_refactor , margin= 1": 0,
  "projectName= rocketmq_refactor , margin= 2": 0,
  "projectName= rocketmq_refactor , margin= 5": 0,
  "projectName= rocketmq_refactor , margin= 10": 0,
  "projectName= argoumlrefactor , includeUsages= noUsages": 0.10608213655832623,
  "projectName= rocketmq_refactor , includeUsages= noUsages": 0.004761795746434367,
  "inputFormat= filter": 0.025955555555555555,
  "inputFormat= filter_code_snippet": 0.05048888888888961,
  "inputFormat= filter_full_code": 0.17695398100803522,
  "inputFormat= filter , instanceType= filter": 0.025955555555555555,