{
  "mean": 10.43,
  "count": 4,
  "sum": 41.73,
  "max": 35.41,
  "min": 1.41,
  "raw": [
    2.449489742783178,
    35.41186241925155,
    1.4142135623730951,
    2.449489742783178
  ]
}