{
  "mean": 0.2,
  "count": 35,
  "sum": 6.93,
  "max": 1,
  "min": 0,
  "raw": [
    0.3333333333333333,
    0,
    0.4,
    1,
    0.6,
    0,
    0.8,
    1,
    0.6666666666666666,
    0,
    0.6,
    0,
    1,
    0.2,
    0,
    0,
    0,
    0,
    0,
    0,
    0,
    0,
    0,
    0,
    0,
    0,
    0,
    0,
    0.3333333333333333,
    0,
    0,
    0,
    0,
    0,
    0
  ]
}