{
  "mean": 5.72,
  "count": 45,
  "groupedCount": {
    "3": 1,
    "4": 2,
    "5": 17,
    "8": 2,
    "9": 2,
    "11": 3,
    "4.666666666666667": 4,
    "3.2857142857142856": 2,
    "5.666666666666667": 1,
    "7.5": 1,
    "6.6": 2,
    "6.333333333333333": 3,
    "5.5": 1,
    "7.6": 1,
    "3.6666666666666665": 1,
    "3.5": 1,
    "3.6": 1
  },
  "raw": [
    9,
    4.666666666666667,
    4.666666666666667,
    5,
    5,
    5,
    4.666666666666667,
    11,
    3.2857142857142856,
    8,
    5.666666666666667,
    7.5,
    5,
    6.6,
    5,
    6.333333333333333,
    5,
    4.666666666666667,
    4,
    6.333333333333333,
    5,
    5,
    9,
    6.333333333333333,
    3.2857142857142856,
    4,
    5.5,
    7.6,
    5,
    3.6666666666666665,
    5,
    5,
    5,
    5,
    5,
    6.6,
    3.5,
    3.6,
    8,
    3,
    5,
    11,
    11,
    5,
    5
  ]
}