{
  "mean": 0.67,
  "count": 57,
  "sum": 38,
  "max": 1,
  "min": 0,
  "raw": [
    0.6,
    0.18181818181818182,
    0.18181818181818182,
    0.18181818181818182,
    0.18181818181818182,
    0.18181818181818182,
    0.18181818181818182,
    0.18181818181818182,
    0.18181818181818182,
    0.18181818181818182,
    0.18181818181818182,
    0.18181818181818182,
    0.18181818181818182,
    0.18181818181818182,
    0.3333333333333333,
    0.3333333333333333,
    0.6666666666666666,
    0,
    0.75,
    0.875,
    0.3333333333333333,
    0.97,
    0.7666666666666667,
    0.97,
    0.7666666666666667,
    0.7666666666666667,
    0.25,
    0.7666666666666667,
    0.25,
    0.7666666666666667,
    0.7666666666666667,
    0.7666666666666667,
    0.7666666666666667,
    0.7666666666666667,
    0.97,
    1,
    1,
    1,
    1,
    1,
    1,
    1,
    1,
    1,
    1,
    1,
    1,
    1,
    1,
    1,
    0.4375,
    1,
    1,
    1,
    1,
    1,
    1
  ]
}