{
  "mean": 0.43,
  "count": 30,
  "sum": 12,
  "max": 1,
  "min": 0,
  "raw": [
    0.3333333333333333,
    0.3333333333333333,
    0.5,
    0.3333333333333333,
    0.5,
    0.3333333333333333,
    0.3333333333333333,
    0.5,
    0.3333333333333333,
    0.3333333333333333,
    0.3333333333333333,
    0.5,
    0.6666666666666666,
    0.8333333333333334,
    0.3333333333333333,
    0.3333333333333333,
    null,
    0,
    null,
    0.6666666666666666,
    0.3333333333333333,
    0.5,
    0.3333333333333333,
    0.16666666666666666,
    0.3333333333333333,
    0.5,
    0.5,
    0.5,
    0.3333333333333333,
    1
  ]
}