{
  "instanceType": "refactor",
  "instructionType": "exampleBased",
  "includeUsages": "withUsages",
  "temperature": 0.9,
  "inputFormat": "instructionSnippet",
  "margin": 1,
  "model": "gpt-4-1106-preview",
  "iteration": 0,
  "projectName": "dolphinscheduler",
  "metrics": {
    "ValidPrograms": 0,
    "RemainingAttemptCount": 0,
    "RemovedDataClumps": null,
    "GitChanges": 18,
    "CommentOut": 0.8,
    "ValidJSON": 1,
    "EmptyResponse": 1,
    "ResponseSizeDecrease": 0.9644913627639156,
    "RichClass": 0,
    "HarmlessErrorCategory": 1,
    "DataClumpSize": [
      3,
      3,
      3,
      10,
      3,
      3,
      3,
      3,
      3
    ],
    "DataClumpOccurence": [
      1,
      2,
      5,
      2,
      2,
      92,
      70,
      2,
      2
    ],
    "ParametersToParameters": [
      0,
      1,
      1,
      1,
      0,
      1,
      0,
      0,
      0
    ],
    "FieldToField": [
      0,
      0,
      0,
      0,
      0,
      0,
      1,
      0,
      1
    ],
    "PreferNonPublic": [
      0,
      0,
      0,
      0,
      1,
      0,
      1,
      0,
      1
    ],
    "PrimitiveTypes": [
      0.6666666666666666,
      0.6666666666666666,
      0.6666666666666666,
      0.6,
      0.6666666666666666,
      0.3333333333333333,
      0,
      0.3333333333333333,
      0.6666666666666666
    ],
    "AffectedFiles": [
      2,
      1,
      4,
      1,
      2,
      3,
      36,
      3,
      2
    ],
    "ChangeType=None": 0.26666666666666666,
    "ChangeType=ReplaceText": 0.06666666666666667,
    "ChangeType=SpecificLine": 0.6,
    "ChangeType=SpecificLineAll": 0.06666666666666667,
    "ChangeType=NoneButReplace": 0
  }
}