{
  "ValidPrograms": 0.16,
  "RemainingAttemptCount": 0.424,
  "RemovedDataClumps": -8.992,
  "GitChanges": 157.632,
  "CommentOut": 0.8095398034285652,
  "InvalidJSON": 0.9786666666666664
}