{
  "instanceType": "detect",
  "instructionType": "exampleBased",
  "temperature": 0.9,
  "inputType": "fullFile",
  "model": "gpt-4-1106-preview",
  "iteration": 4,
  "projectName": "argoumlrefactor",
  "inputFormat": "fullFile",
  "metrics": {
    "Surety": -7.5,
    "Number data clumps": 6,
    "OutputFormatCorrectness": 0.7964601769911505,
    "ValidJSON": 1,
    "DataClumpSize": [
      3,
      3,
      3,
      3,
      3,
      3
    ],
    "DataClumpOccurence": [
      64,
      64,
      36,
      64,
      36,
      64
    ],
    "ParametersToParameters": [
      1,
      1,
      1,
      1,
      1,
      1
    ],
    "FieldToField": [
      0,
      0,
      0,
      0,
      0,
      0
    ],
    "PreferNonPublic": [
      0,
      0,
      0,
      0,
      0,
      0
    ],
    "PrimitiveTypes": [
      0.3333333333333333,
      0.3333333333333333,
      0.6666666666666666,
      0.3333333333333333,
      0.6666666666666666,
      0.3333333333333333
    ],
    "AffectedFiles": [
      5,
      5,
      4,
      5,
      4,
      5
    ]
  }
}