{
  "mean": 0.87,
  "count": 105,
  "sum": 90.02,
  "max": 1,
  "min": 0,
  "raw": [
    1,
    1,
    0.8531468531468531,
    1,
    1,
    1,
    1,
    0.8,
    1,
    1,
    1,
    1,
    1,
    1,
    1,
    0.8695652173913043,
    1,
    1,
    0.8333333333333334,
    0.9375,
    0.9361702127659575,
    0.9333333333333333,
    1,
    1,
    1,
    1,
    1,
    1,
    0.7,
    1,
    0.9890710382513661,
    0.9375,
    0.4672897196261683,
    0.5833333333333333,
    0.11969111969111967,
    0.8611111111111112,
    1,
    1,
    1,
    0.9574468085106383,
    0.7741935483870968,
    0.75,
    1,
    1,
    1,
    null,
    1,
    0.8958333333333334,
    0.9518072289156626,
    0.6206896551724138,
    1,
    0.7916666666666666,
    0.865979381443299,
    0.2666666666666667,
    0.9803921568627451,
    0.6818181818181819,
    0.8823529411764706,
    0.8846153846153846,
    0.9574468085106383,
    0.9264705882352942,
    1,
    0.9884169884169884,
    0.9852941176470589,
    1,
    0.75,
    0.75,
    1,
    1,
    0.9813084112149533,
    1,
    0.6190476190476191,
    1,
    1,
    1,
    0.41666666666666663,
    1,
    1,
    0.1724137931034483,
    1,
    1,
    1,
    1,
    0.875,
    0.07407407407407407,
    1,
    1,
    0.2222222222222222,
    0.5,
    0.9878048780487805,
    1,
    1,
    0.375,
    0.022222222222222254,
    1,
    1,
    1,
    0,
    0.9444444444444444,
    1,
    1,
    1,
    1,
    0.5294117647058824,
    1,
    0.8148148148148149
  ]
}