{
  "mean": 0.86,
  "count": 54,
  "sum": 41.39,
  "max": 1,
  "min": 0,
  "raw": [
    0.8333333333333334,
    1,
    1,
    1,
    1,
    0.7391304347826086,
    1,
    0.7692307692307692,
    1,
    0.9411764705882353,
    1,
    0.9444444444444444,
    0.7,
    0.8928571428571429,
    1,
    1,
    1,
    0.9583333333333334,
    0.9397590361445783,
    0.9166666666666666,
    1,
    null,
    0.9142857142857143,
    1,
    0.9574468085106383,
    0.7608695652173914,
    0.9523809523809523,
    null,
    1,
    null,
    0.9813084112149533,
    0.9166666666666666,
    1,
    0.631578947368421,
    1,
    0.5714285714285714,
    0.19354838709677424,
    0.3793103448275862,
    0.7894736842105263,
    0.5357142857142857,
    1,
    1,
    0.9634146341463414,
    0.8705882352941177,
    1,
    null,
    0.4117647058823529,
    null,
    0.9333333333333333,
    0.8461538461538461,
    0.782608695652174,
    0.4545454545454546,
    0.9090909090909091,
    null
  ]
}