{
  "mean": 0.38,
  "count": 54,
  "sum": 18.46,
  "max": 1,
  "min": 0,
  "raw": [
    1,
    0.6818181818181818,
    0,
    0,
    0,
    0,
    1,
    0.5,
    0.008064516129032258,
    0,
    0.0625,
    0,
    0.9,
    0.8928571428571429,
    0,
    0.15384615384615385,
    0,
    0.375,
    0.8589743589743589,
    0.7083333333333334,
    0.13636363636363635,
    null,
    0.029411764705882353,
    0.6666666666666666,
    0.9361702127659575,
    0.8695652173913043,
    0.12195121951219512,
    null,
    0.42105263157894735,
    null,
    0.9345794392523364,
    0.875,
    0,
    0,
    0.7567567567567568,
    0.35714285714285715,
    0.8387096774193549,
    0.29310344827586204,
    0,
    0.18518518518518517,
    0,
    0,
    0.975609756097561,
    1,
    0.5,
    null,
    0,
    null,
    0.2,
    1,
    0.043478260869565216,
    0.18181818181818182,
    0,
    null
  ]
}