{
  "mean": 1.73,
  "count": 54,
  "sum": 82.88,
  "max": 7.74,
  "min": 0,
  "raw": [
    1.4245599329421625,
    1.229909301835056,
    1.1071689831748355,
    1.0660874805403506,
    1.1305611446456516,
    1.076483655982228,
    1.2609657206044969,
    1.297878241575371,
    1.1372133359028715,
    1.0311687185711809,
    1.173913043478261,
    1.1242987894892236,
    1.2624113475177305,
    1.0494475138121546,
    1.1931128640776698,
    1.1686946071804116,
    1.2786402043623502,
    0.9902311950504722,
    1.105217516982223,
    2.728543472183394,
    2.515818780055682,
    null,
    1.095429556084352,
    1.0351453123491359,
    1.0182949595519601,
    3.488130168044812,
    1.8940031944242777,
    null,
    2.3893911995177817,
    null,
    1.0871632329635499,
    1.6304347826086956,
    1.5569272976680384,
    1.355353451839603,
    1.0862125340599456,
    1.5035754610462928,
    1.0808442359911132,
    1.2912266240791304,
    2.0466113045807663,
    2.9712647796488714,
    1.179260157671316,
    1.0685753578796024,
    1.6852894317578333,
    1.143662260477508,
    7.742406542056075,
    null,
    4.028226631212927,
    null,
    1.7981558671213844,
    3.8241839762611276,
    1.1986522532640742,
    3.174724748683581,
    2.1578947368421053,
    null
  ]
}