{
  "mean": 0.03,
  "count": 30,
  "sum": 0.95,
  "max": 0.11,
  "min": 0,
  "raw": [
    0,
    0.07692307692307693,
    0,
    0.016129032258064516,
    0,
    0.1111111111111111,
    0.1111111111111111,
    0,
    0.015384615384615385,
    0.1111111111111111,
    0.07228915662650602,
    0,
    0.030303030303030304,
    0,
    0.05714285714285714,
    0,
    0,
    0.06666666666666667,
    0.016129032258064516,
    0.08333333333333333,
    0.014084507042253521,
    0.03225806451612903,
    0,
    0,
    0,
    0,
    0,
    0.0273972602739726,
    0.08823529411764706,
    0.025
  ]
}