{
  "mean": 11.82,
  "count": 14,
  "sum": 165.52,
  "max": 62.34,
  "min": 0,
  "raw": [
    2.449489742783178,
    0,
    1.4142135623730951,
    62.3377895020348,
    35.41186241925155,
    1.4142135623730951,
    1.4142135623730951,
    1.4142135623730951,
    11.135528725660043,
    1.4142135623730951,
    1.4142135623730951,
    42.871902220452036,
    1.4142135623730951,
    1.4142135623730951
  ]
}