{
  "mean": 0.91,
  "count": 25,
  "groupedCount": {
    "1": 15,
    "0.8181818181818181": 1,
    "0.6190476190476191": 1,
    "0.5833333333333333": 1,
    "0.9047619047619048": 1,
    "0.9130434782608696": 1,
    "0.782608695652174": 1,
    "0.5882352941176471": 1,
    "0.8846153846153846": 2,
    "0.85": 1
  },
  "raw": [
    1,
    1,
    1,
    1,
    1,
    1,
    1,
    0.8181818181818181,
    1,
    1,
    0.6190476190476191,
    1,
    1,
    1,
    1,
    0.5833333333333333,
    0.9047619047619048,
    0.9130434782608696,
    0.782608695652174,
    0.5882352941176471,
    0.8846153846153846,
    0.8846153846153846,
    1,
    0.85,
    1
  ]
}