{
  "mean": 0.04,
  "count": 30,
  "sum": 1.29,
  "max": 0.24,
  "min": 0,
  "raw": [
    0.014084507042253521,
    0.03225806451612903,
    0,
    0,
    0,
    0,
    0,
    0.0273972602739726,
    0.08823529411764706,
    0.025,
    0.06666666666666667,
    0,
    null,
    0,
    0.21428571428571427,
    0,
    0,
    0,
    0.03333333333333333,
    0,
    0,
    0.09523809523809523,
    0.08695652173913043,
    0.13043478260869565,
    0.23529411764705882,
    0,
    0.19230769230769232,
    0,
    0.05,
    0
  ]
}