{
  "instanceType=refactor": 0.8433142303397541,
  "instanceType=refactor,model=gpt-4-1106-preview": 0.8433142303397541,
  "instanceType=refactor,temperature=0.1": 0.8186988423742946,
  "instanceType=refactor,temperature=0.5": 0.8636688420884436,
  "instanceType=refactor,temperature=0.9": 0.8475750065565268,
  "instanceType=refactor,instructionType=exampleBased": 0.7561653680107403,
  "instanceType=refactor,inputFormat=instruction": 0.8760138584325529,
  "instanceType=refactor,inputFormat=instructionSnippet": 0.8367743047211946,
  "instanceType=refactor,margin=0": 0.8087661537568761,
  "instanceType=refactor,margin=1": 0.921304803602644,
  "instanceType=refactor,margin=2": 0.8054639788190532,
  "instanceType=refactor,margin=5": 0.8041675465916951,
  "instanceType=refactor,margin=10": 0.8441690408357073,
  "instanceType=refactor,projectName=argoumlrefactor": 0.9733430346279773,
  "instanceType=refactor,projectName=rocketmq_refactor": 0.6482710239074212,
  "model=gpt-4-1106-preview": 0.8433142303397541,
  "model=gpt-4-1106-preview,instanceType=refactor": 0.8433142303397541,
  "model=gpt-4-1106-preview,temperature=0.1": 0.8186988423742946,
  "model=gpt-4-1106-preview,temperature=0.5": 0.8636688420884436,
  "model=gpt-4-1106-preview,temperature=0.9": 0.8475750065565268,
  "model=gpt-4-1106-preview,instructionType=exampleBased": 0.7561653680107403,
  "model=gpt-4-1106-preview,inputFormat=instruction": 0.8760138584325529,
  "model=gpt-4-1106-preview,inputFormat=instructionSnippet": 0.8367743047211946,
  "model=gpt-4-1106-preview,margin=0": 0.8087661537568761,
  "model=gpt-4-1106-preview,margin=1": 0.921304803602644,
  "model=gpt-4-1106-preview,margin=2": 0.8054639788190532,
  "model=gpt-4-1106-preview,margin=5": 0.8041675465916951,
  "model=gpt-4-1106-preview,margin=10": 0.8441690408357073,
  "model=gpt-4-1106-preview,projectName=argoumlrefactor": 0.9733430346279773,
  "model=gpt-4-1106-preview,projectName=rocketmq_refactor": 0.6482710239074212,
  "temperature=0.1": 0.8186988423742946,
  "temperature=0.5": 0.8636688420884436,
  "temperature=0.9": 0.8475750065565268,
  "temperature=0.1,instanceType=refactor": 0.8186988423742946,
  "temperature=0.5,instanceType=refactor": 0.8636688420884436,
  "temperature=0.9,instanceType=refactor": 0.8475750065565268,
  "temperature=0.1,model=gpt-4-1106-preview": 0.8186988423742946,
  "temperature=0.5,model=gpt-4-1106-preview": 0.8636688420884436,
  "temperature=0.9,model=gpt-4-1106-preview": 0.8475750065565268,
  "temperature=0.1,instructionType=exampleBased": 0.7177844404051171,
  "temperature=0.5,instructionType=exampleBased": 0.7863302293053261,
  "temperature=0.9,instructionType=exampleBased": 0.7643814343217771,
  "temperature=0.1,inputFormat=instruction": 0.8644940371029403,
  "temperature=0.1,inputFormat=instructionSnippet": 0.8095398034285652,
  "temperature=0.5,inputFormat=instruction": 0.8617472410149144,
  "temperature=0.5,inputFormat=instructionSnippet": 0.8640531623031495,
  "temperature=0.9,inputFormat=instruction": 0.9018002971798037,
  "temperature=0.9,inputFormat=instructionSnippet": 0.8367299484318715,
  "temperature=0.1,margin=0": 0.6956573539017278,
  "temperature=0.1,margin=1": 0.9177835009241109,
  "temperature=0.1,margin=2": 0.7696862745098041,
  "temperature=0.1,margin=5": 0.8737314319667262,
  "temperature=0.1,margin=10": 0.7908404558404559,
  "temperature=0.5,margin=0": 0.8907642735765064,
  "temperature=0.5,margin=1": 0.9329931933803768,
  "temperature=0.5,margin=2": 0.8110649056448348,
  "temperature=0.5,margin=5": 0.7771101055806939,
  "temperature=0.5,margin=10": 0.9083333333333334,
  "temperature=0.9,margin=0": 0.8398768337923935,
  "temperature=0.9,margin=1": 0.9131377165034454,
  "temperature=0.9,margin=2": 0.8356407563025211,
  "temperature=0.9,margin=5": 0.7616611022276658,
  "temperature=0.9,margin=10": 0.8333333333333333,
  "temperature=0.1,projectName=argoumlrefactor": 0.9742115835536163,
  "temperature=0.1,projectName=rocketmq_refactor": 0.5854297306053112,
  "temperature=0.5,projectName=argoumlrefactor": 0.9807647806653842,
  "temperature=0.5,projectName=rocketmq_refactor": 0.6880249342230315,
  "temperature=0.9,projectName=argoumlrefactor": 0.9650527396649312,
  "temperature=0.9,projectName=rocketmq_refactor": 0.6713584068939209,
  "instructionType=exampleBased": 0.7561653680107403,
  "instructionType=exampleBased,instanceType=refactor": 0.7561653680107403,
  "instructionType=exampleBased,model=gpt-4-1106-preview": 0.7561653680107403,
  "instructionType=exampleBased,temperature=0.1": 0.7177844404051171,
  "instructionType=exampleBased,temperature=0.5": 0.7863302293053261,
  "instructionType=exampleBased,temperature=0.9": 0.7643814343217771,
  "instructionType=exampleBased,inputFormat=instruction": 0.8343008375661234,
  "instructionType=exampleBased,inputFormat=instructionSnippet": 0.7405382740996639,
  "instructionType=exampleBased,margin=0": 0.7162359073866365,
  "instructionType=exampleBased,margin=1": 0.8778360483324495,
  "instructionType=exampleBased,margin=2": 0.6764677424761999,
  "instructionType=exampleBased,margin=5": 0.6890921597990742,
  "instructionType=exampleBased,margin=10": 0.7430595125039571,
  "instructionType=exampleBased,projectName=argoumlrefactor": 0.9719540562173776,
  "instructionType=exampleBased,projectName=rocketmq_refactor": 0.6482710239074212,
  "inputFormat=instruction": 0.8760138584325529,
  "inputFormat=instructionSnippet": 0.8367743047211946,
  "inputFormat=instruction,instanceType=refactor": 0.8760138584325529,
  "inputFormat=instructionSnippet,instanceType=refactor": 0.8367743047211946,
  "inputFormat=instruction,model=gpt-4-1106-preview": 0.8760138584325529,
  "inputFormat=instructionSnippet,model=gpt-4-1106-preview": 0.8367743047211946,
  "inputFormat=instruction,temperature=0.1": 0.8644940371029403,
  "inputFormat=instruction,temperature=0.5": 0.8617472410149144,
  "inputFormat=instruction,temperature=0.9": 0.9018002971798037,
  "inputFormat=instructionSnippet,temperature=0.1": 0.8095398034285652,
  "inputFormat=instructionSnippet,temperature=0.5": 0.8640531623031495,
  "inputFormat=instructionSnippet,temperature=0.9": 0.8367299484318715,
  "inputFormat=instruction,instructionType=exampleBased": 0.8343008375661234,
  "inputFormat=instructionSnippet,instructionType=exampleBased": 0.7405382740996639,
  "inputFormat=instructionSnippet,margin=0": 0.8087661537568761,
  "inputFormat=instructionSnippet,margin=1": 0.921304803602644,
  "inputFormat=instructionSnippet,margin=2": 0.8054639788190532,
  "inputFormat=instructionSnippet,margin=5": 0.8041675465916951,
  "inputFormat=instructionSnippet,margin=10": 0.8441690408357073,
  "inputFormat=instruction,projectName=argoumlrefactor": 0.9398311953064409,
  "inputFormat=instruction,projectName=rocketmq_refactor": 0.7802878531217208,
  "inputFormat=instructionSnippet,projectName=argoumlrefactor": 0.9800454024922847,
  "inputFormat=instructionSnippet,projectName=rocketmq_refactor": 0.621867658064561,
  "iteration=0": 0.8874602516825718,
  "iteration=1": 0.8786312929777309,
  "iteration=2": 0.885132432784544,
  "iteration=3": 0.9180686698554147,
  "iteration=4": 0.925458624754034,
  "iteration=5": 0.5695994047817233,
  "iteration=6": 0.7325917315738397,
  "iteration=7": 0.5903966131907308,
  "iteration=8": 0.5176293137049757,
  "iteration=9": 0.6936336070254199,
  "margin=0": 0.8087661537568761,
  "margin=1": 0.921304803602644,
  "margin=2": 0.8054639788190532,
  "margin=5": 0.8041675465916951,
  "margin=10": 0.8441690408357073,
  "margin=0,instanceType=refactor": 0.8087661537568761,
  "margin=1,instanceType=refactor": 0.921304803602644,
  "margin=2,instanceType=refactor": 0.8054639788190532,
  "margin=5,instanceType=refactor": 0.8041675465916951,
  "margin=10,instanceType=refactor": 0.8441690408357073,
  "margin=0,model=gpt-4-1106-preview": 0.8087661537568761,
  "margin=1,model=gpt-4-1106-preview": 0.921304803602644,
  "margin=2,model=gpt-4-1106-preview": 0.8054639788190532,