{
  "mean": 0.43,
  "count": 60,
  "sum": 25.7,
  "max": 1,
  "min": 0,
  "raw": [
    0.75,
    1,
    1,
    0.9813084112149533,
    1,
    0.6190476190476191,
    1,
    1,
    1,
    0.41666666666666663,
    0.9818181818181818,
    0,
    0,
    0,
    1,
    0,
    0,
    0,
    0,
    0,
    1,
    0.36,
    1,
    0.9714285714285714,
    0,
    1,
    0,
    1,
    0.8,
    1,
    0,
    0,
    0,
    0,
    0,
    0,
    0,
    0,
    0,
    0,
    0,
    0.9487179487179487,
    1,
    1,
    0,
    0,
    0,
    0.9787234042553191,
    1,
    1,
    0,
    0,
    0,
    0,
    0,
    0,
    0,
    0,
    0.8888888888888888,
    1
  ]
}