{
  "mean": 1.08,
  "count": 60,
  "sum": 64.87,
  "max": 3.96,
  "min": 0.08,
  "raw": [
    2.00427,
    1.51854,
    0.47597,
    2.4069700000000003,
    0.21705,
    3.48576,
    0.20664,
    0.22791,
    2.53945,
    3.96162,
    0.91791,
    2.1447000000000003,
    0.9637300000000001,
    0.82236,
    0.80651,
    0.98519,
    1.6288500000000001,
    1.4743399999999998,
    0.81407,
    1.04189,
    0.96912,
    1.04872,
    0.07884,
    1.03812,
    0.86781,
    1.08629,
    1.1096,
    0.9271400000000001,
    1.13721,
    1.1255899999999999,
    1.9976299999999998,
    0.11333,
    0.11333,
    2.77718,
    0.11333,
    0.11333,
    1.2552,
    0.11333,
    0.11333,
    0.11333,
    1.4728499999999998,
    1.25588,
    0.12039,
    1.14978,
    1.39872,
    0.08381999999999999,
    1.7280000000000002,
    1.90405,
    1.32013,
    2.38551,
    1.19146,
    2.3568100000000003,
    0.09518,
    1.46259,
    0.13448000000000002,
    0.09518,
    0.09518,
    1.5706699999999998,
    0.09518,
    0.09518
  ]
}