{
  "mean": 0.34,
  "count": 30,
  "sum": 9.95,
  "max": 1,
  "min": 0,
  "raw": [
    0.7395833333333333,
    0.030303030303030276,
    0.06896551724137934,
    0.19354838709677424,
    0.05970149253731338,
    0.75,
    0.19354838709677424,
    0.625,
    0.07407407407407407,
    0.8263888888888888,
    0.34905660377358494,
    0.2222222222222222,
    0.5,
    0.9634146341463414,
    0,
    1,
    0.375,
    0,
    0.19999999999999996,
    0,
    0,
    null,
    0.6111111111111112,
    0.9333333333333333,
    0,
    0.33333333333333337,
    0,
    0.5294117647058824,
    0,
    0.37037037037037035
  ]
}