{
  "mean": 0.6,
  "count": 60,
  "sum": 36.07,
  "max": 1,
  "min": 0,
  "raw": [
    1,
    1,
    1,
    0,
    0,
    1,
    0,
    0,
    1,
    0.1428571428571429,
    0,
    0.1428571428571429,
    0,
    0,
    0,
    1,
    0,
    0,
    0,
    0.19999999999999996,
    0.25,
    1,
    0.33333333333333337,
    0.2857142857142857,
    0.1428571428571429,
    0.2857142857142857,
    0.2857142857142857,
    1,
    0.2857142857142857,
    0.6666666666666667,
    1,
    1,
    1,
    0.6666666666666667,
    0,
    0.7142857142857143,
    1,
    1,
    1,
    0.7142857142857143,
    1,
    1,
    0.6666666666666667,
    0.8333333333333334,
    0.8571428571428572,
    1,
    1,
    0.8571428571428572,
    0,
    0.5,
    1,
    1,
    1,
    1,
    0.8571428571428572,
    1,
    0.6666666666666667,
    1,
    1,
    0.7142857142857143
  ]
}