{
  "mean": 1.22,
  "count": 60,
  "sum": 73.17,
  "max": 3.78,
  "min": 0.05,
  "raw": [
    0.20401,
    0.17155,
    3.7812799999999998,
    3.7402499999999996,
    0.19444,
    2.9261,
    0.19699,
    3.61484,
    0.18835000000000002,
    2.8723600000000005,
    1.2714400000000001,
    0.16563000000000003,
    0.56938,
    1.7705400000000002,
    1.89844,
    0.04619000000000001,
    1.6673300000000002,
    1.2794,
    1.55616,
    1.2603900000000001,
    1.11989,
    1.34552,
    0.88072,
    1.8277300000000003,
    1.79203,
    2.0372,
    2.04281,
    1.90286,
    1.6125099999999999,
    1.3836,
    0.059140000000000005,
    0.059140000000000005,
    0.059140000000000005,
    2.19535,
    0.55016,
    1.28054,
    1.1594300000000002,
    0.6176400000000001,
    0.08083,
    1.19329,
    1.1739600000000001,
    0.04757000000000001,
    0.7966,
    1.65486,
    1.61727,
    0.04757000000000001,
    0.04757000000000001,
    1.1165100000000001,
    0.06176000000000001,
    1.80916,
    1.92848,
    2.1151799999999996,
    0.05282,
    0.05129,
    1.02698,
    3.12907,
    1.68728,
    0.05129,
    0.05129,
    2.12489
  ]
}