{
  "mean": 34.56,
  "count": 75,
  "sum": 2592.27,
  "max": 718.8,
  "min": 1.75,
  "raw": [
    4,
    4,
    3,
    6,
    4.8,
    6,
    6.333333333333333,
    6,
    31.714285714285715,
    6,
    6,
    6,
    6,
    6,
    6,
    6,
    13.6,
    7.5,
    3,
    6,
    5.2,
    36.4,
    4,
    4,
    17.714285714285715,
    34.333333333333336,
    6.333333333333333,
    5.333333333333333,
    16.8,
    25.333333333333332,
    6,
    4.8,
    6,
    2,
    5.2,
    5.2,
    42.5,
    94,
    6,
    6,
    4,
    6,
    6,
    6,
    6,
    73.6,
    6,
    14.833333333333334,
    1.75,
    2,
    30,
    30,
    2,
    541.4285714285714,
    380.75,
    26.333333333333332,
    2,
    27.6,
    2,
    2,
    2,
    16,
    24.666666666666668,
    4,
    2,
    8,
    18.8,
    30,
    23.142857142857142,
    27.8,
    2,
    30,
    35.666666666666664,
    2,
    718.8
  ]
}