{
  "mean": {
    "0": 36.55,
    "1": 23.157894736842106,
    "2": 18.365079365079364,
    "3": 11.325581395348838,
    "4": 17.121951219512194,
    "5": 15,
    "6": 12,
    "7": 10.727272727272727,
    "8": 3.7142857142857144,
    "9": 3.7142857142857144,
    "10": 3.7142857142857144,
    "11": 3.7142857142857144,
    "12": 3,
    "13": 3.3333333333333335,
    "14": 3.3333333333333335,
    "15": 3.3333333333333335,
    "16": 3.3333333333333335,
    "17": 4
  },
  "count": 100,
  "groupedCount": {
    "2": 13,
    "6": 5,
    "30": 1,
    "47": 1,
    "287": 4,
    "2,2,2,2,2,2,2,2,2,2,2,2,2,2,2,2,2,2": 1,
    "6,6,6,6,6,6,6,6,6,6,6,6": 2,
    "2,2,2,2,2,2,2,2": 1,
    "6,0": 8,
    "6,6,0": 5,
    "6,6,64,64,64,64": 1,
    "6,6,12,6,2,6": 1,
    "6,6,64,64,64": 2,
    "6,6,6,6,2,6": 2,
    "6,6,6,2,6,64": 1,
    "6,6": 1,
    "2,2,2,2,2,2,2,2,2,2,2,2": 1,
    "2,64,36": 1,
    "2,2,2,2,2,2,2,2,2,2,2,2,2": 1,
    "6,6,0,0,56": 2,
    "6,0,64": 1,
    "6,64": 1,
    "6,0,12": 1,
    "6,6,6,6,64": 1,
    "6,6,6,6,2": 4,
    "6,6,6,2,6,6": 3,
    "6,6,6,6,64,64": 1,
    "6,6,64,2,36": 1,
    "6,2,6,6,6,6,6,6,6,6,6,6,6,6,6,6,6,6": 1,
    "2,2,2,2,2,2,2,2,2,2,2,2,2,2,2,2,2": 1,
    "2,2,2,2,2,2": 1,
    "2,2,2,2,2,2,2": 1,
    "6,6,6,12,6": 1,
    "6,6,6,2,6": 3,
    "2,2": 2,
    "2,833,1": 1,
    "287,30,47": 1,
    "287,287,287": 1,
    "287,2,1": 1,
    "2,2,30,47": 1,
    "2,4,1": 1,
    "2,47,1": 1,
    "30,30,2": 1,
    "30,30,30,2,82,2,2": 1,
    "2,2,2,2,2,2,82": 1,
    "2,2,2,2,2": 1,
    "833,47,1": 1,
    "30,6,2": 2,
    "30,6,30,30,6,30,6,30": 3,
    "30,6,30,6,30,6,30": 1,
    "30,6,30": 1,
    "30,6,30,30,6,30,30": 1,
    "30,30,30": 1,
    "30,2": 1,
    "30,30,30,2": 1
  },
  "raw": [
    [
      2,
      2,
      2,
      2,
      2,
      2,
      2,
      2,
      2,
      2,
      2,
      2,
      2,
      2,
      2,
      2,
      2,
      2
    ],
    [
      2
    ],
    [
      6,
      6,
      6,
      6,
      6,
      6,
      6,
      6,
      6,
      6,
      6,
      6
    ],
    [
      2
    ],
    [
      2,
      2,
      2,
      2,
      2,
      2,
      2,
      2
    ],
    [
      6,
      0
    ],
    [
      6,
      6,
      0
    ],
    [
      6,
      6,
      0
    ],
    [
      6,
      6,
      0
    ],
    [
      6,
      6,
      0
    ],
    [
      6,
      6,
      0
    ],
    [
      6,
      6,
      64,
      64,
      64,
      64
    ],
    [
      6,
      6,
      12,
      6,
      2,
      6
    ],
    [
      6,
      6,
      64,
      64,
      64
    ],
    [
      6
    ],
    [
      6,
      6,
      6,
      6,
      2,
      6
    ],
    [
      6,
      6,
      6,
      2,
      6,
      64
    ],
    [
      6
    ],
    [
      6
    ],
    [
      6,
      6
    ],
    [
      2,
      2,
      2,
      2,
      2,
      2,
      2,
      2,
      2,
      2,
      2,
      2
    ],
    [
      2
    ],
    [
      2
    ],
    [
      2,
      64,
      36
    ],
    [
      2,
      2,
      2,
      2,
      2,
      2,
      2,
      2,
      2,
      2,
      2,
      2,
      2
    ],
    [
      6,
      0
    ],
    [
      6,
      6,
      0,
      0,
      56
    ],
    [
      6,
      6,
      0,
      0,
      56
    ],
    [
      6,
      0
    ],
    [
      6,
      0
    ],
    [
      6,
      0,
      64
    ],
    [
      6,
      6,
      64,
      64,
      64
    ],
    [
      6,
      6,
      6,
      6,
      2,
      6
    ],
    [
      6,
      64
    ],
    [
      6,
      0,
      12
    ],
    [
      6,
      6,
      6,
      6,
      64
    ],
    [
      6,
      6,
      6,
      6,
      2
    ],
    [
      6,
      6,
      6,
      2,
      6,
      6
    ],
    [
      6,
      6,
      6,
      6,
      64,
      64
    ],
    [
      6,
      6,
      64,
      2,
      36
    ],
    [
      6,
      2,
      6,
      6,
      6,
      6,
      6,
      6,
      6,
      6,
      6,
      6,
      6,
      6,
      6,
      6,
      6,
      6
    ],
    [
      6,
      6,
      6,
      6,
      6,
      6,
      6,
      6,
      6,
      6,
      6,
      6
    ],
    [
      2,
      2,
      2,
      2,
      2,
      2,
      2,
      2,
      2,
      2,
      2,
      2,
      2,
      2,
      2,
      2,
      2
    ],
    [
      2,
      2,
      2,
      2,
      2,
      2
    ],
    [
      2,
      2,
      2,
      2,
      2,
      2,
      2
    ],
    [
      6,
      0
    ],
    [
      6,
      6,
      6,
      12,
      6
    ],
    [
      6,
      0
    ],
    [
      6,
      0
    ],
    [
      6,
      0
    ],
    [
      6,
      6,
      6,
      2,
      6
    ],
    [
      6,
      6,
      6,
      2,
      6
    ],
    [
      6
    ],
    [
      6
    ],
    [
      6,
      6,
      6,
      6,
      2
    ],
    [
      6,
      6,
      6,
      6,
      2
    ],
    [
      6,
      6,
      6,
      2,
      6,
      6
    ],
    [
      6,
      6,
      6,
      2,
      6,
      6
    ],
    [
      6,
      6,
      6,
      6,
      2
    ],
    [
      6,
      6,
      6,
      2,
      6
    ],
    [
      2,
      2
    ],
    [
      2
    ],
    [
      2
    ],
    [
      2
    ],
    [
      2,
      2
    ],
    [
      2
    ],
    [
      2
    ],
    [
      2,
      833,
      1
    ],
    [
      2
    ],
    [
      2
    ],
    [
      30
    ],
    [
      287,
      30,
      47
    ],
    [
      287
    ],
    [
      287,
      287,
      287
    ],
    [
      287
    ],
    [
      287
    ],
    [
      287,
      2,
      1
    ],
    [
      287
    ],
    [
      47
    ],
    [
      2
    ],
    [
      2,
      2,
      30,
      47
    ],
    [
      2,
      4,
      1
    ],
    [
      2,
      47,
      1
    ],
    [
      30,
      30,
      2
    ],
    [
      30,
      30,
      30,
      2,
      82,
      2,
      2
    ],
    [
      2,
      2,
      2,
      2,
      2,
      2,
      82
    ],
    [
      2
    ],
    [
      2,
      2,
      2,
      2,
      2
    ],
    [
      833,
      47,
      1
    ],
    [
      30,
      6,
      2
    ],
    [
      30,
      6,
      30,
      30,
      6,
      30,
      6,
      30
    ],
    [
      30,
      6,
      30,
      6,
      30,
      6,
      30
    ],
    [
      30,
      6,
      30
    ],
    [
      30,
      6,
      30,
      30,
      6,
      30,
      6,
      30
    ],
    [
      30,
      6,
      30,
      30,
      6,
      30,
      30
    ],
    [
      30,
      30,
      30
    ],
    [
      30,
      6,
      30,
      30,
      6,
      30,
      6,
      30
    ],
    [
      30,
      2
    ],
    [
      30,
      30,
      30,
      2
    ],
    [
      30,
      6,
      2
    ]
  ]
}