{
  "mean": 0.08,
  "count": 90,
  "sum": 6.78,
  "max": 0.11,
  "min": 0.05,
  "raw": [
    0.05242,
    0.05104,
    0.05017,
    0.05098,
    0.05071,
    0.05065,
    0.05095,
    0.05047,
    0.0502,
    0.05104,
    0.05215,
    0.04981,
    0.05068,
    0.0505,
    0.05059,
    0.0505,
    0.05002,
    0.04999,
    0.05017,
    0.05161,
    0.05122,
    0.05068,
    0.05146,
    0.05011,
    0.0514,
    0.05053,
    0.05098,
    0.050320000000000004,
    0.051430000000000003,
    0.05062,
    0.10717,
    0.10237,
    0.10249,
    0.10711000000000001,
    0.10519,
    0.10687,
    0.1027,
    0.10684,
    0.10279,
    0.10684,
    0.10294,
    0.10234,
    0.10597000000000001,
    0.1021,
    0.10504000000000001,
    0.10147,
    0.10225000000000001,
    0.10315,
    0.10171000000000001,
    0.10198,
    0.10429000000000001,
    0.10267,
    0.10222,
    0.10249,
    0.10162,
    0.10321,
    0.10651000000000001,
    0.10168,
    0.1063,
    0.10447000000000001,
    0.07136,
    0.07097,
    0.07121000000000001,
    0.07112,
    0.07124,
    0.07250000000000001,
    0.07172,
    0.07133,
    0.07145,
    0.07088,
    0.07064000000000001,
    0.07379000000000001,
    0.07307,
    0.07055,
    0.07223,
    0.07061,
    0.0704,
    0.07151,
    0.0713,
    0.07085,
    0.07073,
    0.07037,
    0.07166,
    0.07034,
    0.07127,
    0.07283,
    0.07013,
    0.07064000000000001,
    0.07322000000000001,
    0.0734
  ]
}