{
  "Surety": [
    null,
    -1.25,
    -1.25,
    -5.75,
    null,
    null,
    -1.25,
    null,
    null,
    0.75,
    null,
    -0.5,
    -2,
    -7.5,
    -7.5
  ],
  "Number data clumps": [
    0,
    1,
    1,
    3,
    0,
    0,
    1,
    0,
    0,
    1,
    0,
    2,
    0,
    6,
    6
  ],
  "OutputFormatCorrectness": [
    null,
    0.5925925925925926,
    0.5742574257425742,
    0.6060606060606061,
    null,
    null,
    0.5925925925925926,
    null,
    null,
    0.8148148148148148,
    null,
    0.7878787878787878,
    0.6153846153846154,
    0.7764705882352941,
    0.7964601769911505
  ],
  "ValidJSON": [
    0,
    1,
    1,
    1,
    0,
    0,
    1,
    0,
    0,
    1,
    0,
    1,
    1,
    1,
    1
  ],
  "DataClumpSize": [
    11,
    8,
    11,
    3,
    3,
    11,
    11,
    10,
    10,
    11,
    11,
    11,
    11,
    11,
    11,
    3,
    3,
    3,
    3,
    3,
    3
  ],
  "DataClumpOccurence": [
    2,
    2,
    2,
    64,
    36,
    2,
    6,
    34,
    34,
    2,
    2,
    2,
    2,
    2,
    2,
    64,
    64,
    36,
    64,
    36,
    64
  ],
  "ParametersToParameters": [
    1,
    0,
    1,
    1,
    1,
    1,
    1,
    1,
    1,
    1,
    1,
    1,
    1,
    1,
    1,
    1,
    1,
    1,
    1,
    1,
    1
  ],
  "FieldToField": [
    0,
    1,
    0,
    0,
    0,
    0,
    0,
    0,
    0,
    0,
    0,
    0,
    0,
    0,
    0,
    0,
    0,
    0,
    0,
    0,
    0
  ],
  "PreferNonPublic": [
    0,
    1,
    0,
    0,
    0,
    0,
    0,
    0,
    0,
    0,
    0,
    0,
    0,
    0,
    0,
    0,
    0,
    0,
    0,
    0,
    0
  ],
  "PrimitiveTypes": [
    0.18181818181818182,
    0,
    0.18181818181818182,
    0.3333333333333333,
    0.6666666666666666,
    0.18181818181818182,
    0.18181818181818182,
    0.2,
    0.2,
    0.18181818181818182,
    0.18181818181818182,
    0.18181818181818182,
    0.18181818181818182,
    0.18181818181818182,
    0.18181818181818182,
    0.3333333333333333,
    0.3333333333333333,
    0.6666666666666666,
    0.3333333333333333,
    0.6666666666666666,
    0.3333333333333333
  ],
  "AffectedFiles": [
    2,
    2,
    2,
    5,
    4,
    2,
    3,
    3,
    3,
    2,
    2,
    2,
    2,
    2,
    2,
    5,
    5,
    4,
    5,
    4,
    5
  ]
}