{
  "Surety": [
    null,
    -1.25,
    -11.25,
    -2.5,
    0.75,
    2.75,
    2.75,
    3.25,
    2,
    2.75,
    null,
    4.25,
    3,
    3,
    3.5,
    3,
    5,
    3,
    4.25,
    3.25,
    2,
    2,
    1.5,
    1.75,
    5,
    1.75,
    1,
    1,
    0.5,
    1,
    3,
    2.75,
    2,
    4.75,
    3.5,
    3,
    4,
    3,
    1.75,
    2.75,
    2,
    1,
    2,
    2.75,
    4.5,
    2,
    2,
    3.75,
    3.5,
    2,
    2.75,
    3.75,
    2.75,
    1,
    1.75,
    1,
    4.5,
    2.75,
    2.75,
    4.5
  ],
  "Number data clumps": [
    0,
    1,
    9,
    2,
    1,
    3,
    5,
    4,
    2,
    3,
    0,
    5,
    3,
    3,
    7,
    6,
    6,
    6,
    5,
    6,
    2,
    2,
    2,
    2,
    5,
    2,
    1,
    1,
    3,
    1,
    3,
    3,
    2,
    5,
    4,
    3,
    4,
    3,
    2,
    3,
    2,
    1,
    2,
    3,
    5,
    2,
    2,
    4,
    4,
    2,
    3,
    4,
    3,
    1,
    2,
    1,
    5,
    3,
    3,
    5
  ],
  "OutputFormatCorrectness": [
    null,
    0.5925925925925926,
    0.7855227882037533,
    0.5764192139737991,
    0.8148148148148148,
    0.8421052631578947,
    0.8374384236453202,
    0.8360655737704918,
    0.8539325842696629,
    0.8395061728395061,
    null,
    0.8352941176470589,
    0.847682119205298,
    0.8448275862068966,
    0,
    0.8266666666666667,
    0.8275862068965517,
    0.8171296296296297,
    0.5906040268456376,
    0,
    0.8618677042801557,
    0.5919395465994962,
    0.8386363636363636,
    0,
    0.8484848484848485,
    0,
    0.8780487804878049,
    0.8695652173913043,
    0.5721271393643031,
    0,
    0.8181818181818182,
    0.8181818181818182,
    0.8148148148148148,
    0.8187919463087249,
    0.851063829787234,
    0.8148148148148148,
    0.8266666666666667,
    0.6081081081081081,
    0.5925925925925926,
    0.8354430379746836,
    0.819672131147541,
    0.8148148148148148,
    0.819672131147541,
    0.6016260162601627,
    0.5875706214689266,
    0.8235294117647058,
    0.85,
    0.5866666666666667,
    0.8235294117647058,
    0.7037037037037037,
    0.8148148148148148,
    0.819672131147541,
    0.5882352941176471,
    0.5882352941176471,
    0.8235294117647058,
    0.5882352941176471,
    0.8248587570621468,
    0.8235294117647058,
    0.8181818181818182,
    0.8248587570621468
  ],
  "ValidJSON": [
    0,
    1,
    0,
    0,
    1,
    1,
    0,
    1,
    1,
    1,
    0,
    1,
    1,
    1,
    0,
    0,
    1,
    0,
    1,
    0,
    0,
    0,
    0,
    0,
    1,
    0,
    1,
    1,
    0,
    0,
    1,
    1,
    1,
    1,
    1,
    1,
    1,
    1,
    1,
    1,
    1,
    1,
    1,
    1,
    1,
    1,
    0,
    1,
    1,
    1,
    1,
    1,
    1,
    1,
    1,
    1,
    1,
    1,
    1,
    1
  ],
  "DataClumpSize": [
    11,
    11,
    11,
    11,
    11,
    11,
    11,
    11,
    11,
    11,
    11,
    3,
    11,
    5,
    11,
    3,
    5,
    11,
    11,
    11,
    3,
    5,
    11,
    3,
    3,
    3,
    11,
    3,
    11,
    3,
    5,
    11,
    3,
    3,
    3,
    5,
    11,
    11,
    3,
    5,
    11,
    5,
    3,
    3,
    3,
    3,
    3,
    3,
    5,
    11,
    3,
    3,
    3,
    3,
    5,
    11,
    3,
    3,
    3,
    3,
    5,
    11,
    3,
    3,
    3,
    3,
    3,
    5,
    3,
    3,
    3,
    3,
    5,
    11,
    3,
    3,
    3,
    100,
    30,
    64,
    64,
    100,
    30,
    64,
    64,
    100,
    3,
    6,
    8,
    4,
    100,
    30,
    64,
    100,
    100,
    64,
    64,
    100,
    4,
    8,
    4,
    3,
    100,
    4,
    4,
    4,
    3,
    3,
    4,
    3,
    4,
    3,
    4,
    64,
    30,
    3,
    4,
    4,
    3,
    4,
    4,
    8,
    3,
    8,
    3,
    3,
    4,
    3,
    4,
    8,
    3,
    8,
    3,
    3,
    8,
    3,
    3,
    8,
    3,
    4,
    4,
    3,
    3,
    3,
    8,
    3,
    30,
    3,
    6,
    8,
    3,
    3,
    4,
    4,
    3,
    3,
    8,
    3,
    8,
    3,
    3,
    4,
    3,
    3,
    3,
    8,
    4,
    3,
    3,
    3,
    8,
    3,
    4,
    4,
    3,
    3,
    3,
    4,
    4,
    3,
    3,
    8,
    3,
    4,
    4,
    3,
    3
  ],
  "DataClumpOccurence": [
    2,
    2,
    2,
    2,
    2,
    2,
    2,
    2,
    2,
    2,
    6,
    36,
    2,
    6,
    0,
    12,
    6,
    6,
    0,
    0,
    56,
    6,
    0,
    12,
    12,
    6,
    0,
    6,
    0,
    12,
    6,
    0,
    56,
    56,
    64,
    6,
    6,
    0,
    6,
    6,
    0,
    6,
    6,
    12,
    2,
    6,
    56,
    36,
    6,
    6,
    2,
    64,
    64,
    64,
    6,
    6,
    6,
    2,
    12,
    6,
    6,
    6,
    6,
    2,
    6,
    6,
    6,
    6,
    64,
    2,
    6,
    6,
    6,
    6,
    6,
    64,
    64,
    2,
    2,
    2,
    2,
    2,
    2,
    2,
    2,
    2,
    12,
    2,
    3,
    8,
    2,
    2,
    2,
    2,
    2,
    2,
    2,
    2,
    2,
    3,
    2,
    12,
    2,
    2,
    2,
    2,
    12,
    4,
    4,
    362,
    2,
    362,
    348,
    2,
    2,
    12,
    4,
    2,
    12,
    4,
    2,
    3,
    12,
    3,
    2,
    12,
    2,
    12,
    2,
    3,
    12,
    3,
    12,
    12,
    3,
    12,
    1080,
    3,
    12,
    4,
    4,
    3,
    3,
    12,
    3,
    12,
    2,
    12,
    2,
    3,
    3,
    12,
    4,
    4,
    1592,
    12,
    3,
    12,
    3,
    3,
    12,
    4,
    3,
    3,
    12,
    3,
    2,
    12,
    12,
    3,
    3,
    12,
    4,
    4,
    3,
    3,
    12,
    4,
    4,
    12,
    3,
    3,
    12,
    4,
    4,
    3,
    3
  ],
  "ParametersToParameters": [
    1,
    1,
    1,
    1,
    1,
    1,
    1,
    1,
    1,
    1,
    1,
    1,
    1,
    1,
    0,
    1,
    1,
    1,
    0,
    0,
    1,
    1,
    0,
    1,
    1,
    1,
    0,
    1,
    0,
    1,
    1,
    0,
    1,
    1,
    1,
    1,
    1,
    0,
    1,
    1,
    0,
    1,
    1,
    1,
    1,
    1,
    1,
    1,
    1,
    1,
    1,
    1,
    1,
    1,
    1,
    1,
    1,
    1,
    1,
    1,
    1,
    1,
    1,
    1,
    1,
    1,
    1,
    1,
    1,
    1,
    1,
    1,
    1,
    1,
    1,
    1,
    1,
    0,
    0,
    0,
    0,
    0,
    0,
    0,
    0,
    0,
    1,
    1,
    1,
    0,
    0,
    0,
    0,
    0,
    0,
    0,
    0,
    0,
    1,
    1,
    1,
    1,
    0,
    1,
    1,
    1,
    1,
    1,
    1,
    1,
    1,
    1,
    1,
    0,
    0,
    1,
    1,
    1,
    1,
    1,
    1,
    1,
    1,
    1,
    0,
    1,
    1,
    1,
    1,
    1,
    1,
    1,
    1,
    1,
    1,
    1,
    0,
    1,
    1,
    1,
    1,
    1,
    1,
    1,
    1,
    1,
    0,
    1,
    1,
    1,
    1,
    1,
    1,
    1,
    1,
    1,
    1,
    1,
    1,
    1,
    1,
    1,
    1,
    1,
    1,
    1,
    1,
    1,
    1,
    1,
    1,
    1,
    1,
    1,
    1,
    1,
    1,
    1,
    1,
    1,
    1,
    1,
    1,
    1,
    1,
    1,
    1
  ],