{
  "Surety": [
    -13,
    -1.25,
    -1.25,
    -5.75,
    -14.25,
    2,
    2.75,
    4.75,
    2,
    2,
    2.75,
    5,
    5.25,
    1.75,
    2.75,
    2.5,
    4.5,
    3,
    null,
    4.25,
    2,
    1,
    2,
    2,
    2,
    1,
    2,
    2,
    1,
    1,
    2.5,
    3,
    2,
    2.5,
    3.75,
    2,
    5.5,
    1.75,
    2.75,
    3,
    4.5,
    2.75,
    3,
    2.75,
    4.5,
    2.75,
    1,
    4.5,
    2,
    2.75,
    4.75,
    4.5,
    2.75,
    4.5,
    2.75,
    4.5,
    4.5,
    4.5,
    2,
    4.75
  ],
  "Number data clumps": [
    12,
    1,
    1,
    3,
    13,
    2,
    5,
    5,
    2,
    2,
    3,
    6,
    6,
    2,
    3,
    5,
    5,
    6,
    0,
    5,
    2,
    1,
    2,
    2,
    2,
    1,
    2,
    2,
    1,
    1,
    3,
    3,
    2,
    3,
    4,
    2,
    6,
    2,
    3,
    3,
    5,
    3,
    3,
    3,
    5,
    3,
    1,
    5,
    2,
    3,
    5,
    5,
    3,
    5,
    3,
    5,
    5,
    5,
    2,
    5
  ],
  "OutputFormatCorrectness": [
    0.4,
    0.5925925925925926,
    0.5742574257425742,
    0.6060606060606061,
    0.6096096096096096,
    0.8529411764705882,
    0.835920177383592,
    0.8351409978308026,
    0.8539325842696629,
    0.8548387096774194,
    0.8448275862068966,
    0.8254310344827587,
    0.823394495412844,
    0.8235294117647058,
    0.8409090909090909,
    0.5770171149144254,
    0,
    0.8171296296296297,
    null,
    0.8169014084507042,
    0.5975609756097561,
    0.6,
    0,
    0,
    0.8590909090909091,
    0.865979381443299,
    0.8679245283018868,
    0.8590909090909091,
    0.865979381443299,
    0.8666666666666667,
    0.8148148148148148,
    0.8235294117647058,
    0.5882352941176471,
    0.8181818181818182,
    0.819672131147541,
    0.8349514563106796,
    0.8194774346793349,
    0.5925925925925926,
    0.8292682926829268,
    0.8210526315789474,
    0.5875706214689266,
    0.8235294117647058,
    0.8344370860927153,
    0.8235294117647058,
    0.5875706214689266,
    0.5882352941176471,
    0.5882352941176471,
    0.5875706214689266,
    0.5882352941176471,
    0.8235294117647058,
    0.8248587570621468,
    0.5875706214689266,
    0.5882352941176471,
    0.5875706214689266,
    0.5909090909090909,
    0.5875706214689266,
    0.59375,
    0.8248587570621468,
    0.5818181818181818,
    0.7062146892655368
  ],
  "ValidJSON": [
    0,
    1,
    1,
    1,
    0,
    1,
    0,
    0,
    1,
    1,
    1,
    0,
    0,
    1,
    1,
    0,
    0,
    0,
    0,
    1,
    0,
    1,
    0,
    0,
    0,
    1,
    1,
    0,
    1,
    1,
    1,
    1,
    1,
    1,
    1,
    1,
    0,
    1,
    1,
    1,
    1,
    1,
    1,
    1,
    1,
    1,
    1,
    1,
    1,
    1,
    1,
    1,
    1,
    1,
    1,
    1,
    1,
    1,
    1,
    1
  ],
  "DataClumpSize": [
    11,
    11,
    11,
    11,
    11,
    11,
    11,
    11,
    11,
    11,
    11,
    11,
    11,
    8,
    11,
    3,
    3,
    11,
    11,
    11,
    11,
    11,
    11,
    11,
    11,
    11,
    11,
    11,
    11,
    11,
    5,
    11,
    5,
    11,
    11,
    11,
    3,
    5,
    11,
    11,
    11,
    3,
    5,
    11,
    5,
    11,
    5,
    11,
    3,
    5,
    11,
    3,
    3,
    3,
    3,
    3,
    5,
    11,
    3,
    3,
    3,
    5,
    3,
    5,
    11,
    3,
    3,
    5,
    11,
    3,
    3,
    3,
    5,
    11,
    3,
    3,
    5,
    11,
    3,
    3,
    3,
    3,
    3,
    5,
    3,
    3,
    3,
    100,
    64,
    100,
    100,
    64,
    100,
    30,
    100,
    30,
    100,
    64,
    4,
    100,
    30,
    100,
    100,
    3,
    100,
    100,
    3,
    8,
    100,
    3,
    8,
    3,
    3,
    4,
    3,
    100,
    8,
    100,
    3,
    8,
    3,
    4,
    4,
    3,
    3,
    8,
    3,
    4,
    3,
    8,
    3,
    3,
    4,
    4,
    3,
    4,
    4,
    3,
    3,
    3,
    100,
    4,
    3,
    4,
    8,
    3,
    4,
    4,
    3,
    4,
    4,
    3,
    3,
    3,
    8,
    3,
    3,
    3,
    4,
    4,
    3,
    3,
    3,
    8,
    3,
    4,
    4,
    3,
    100,
    4,
    100,
    3,
    3,
    4,
    4,
    3,
    3,
    3,
    4,
    4,
    3,
    4,
    4,
    3,
    3,
    3,
    8,
    3,
    3,
    4,
    4,
    3,
    3,
    3,
    4,
    4,
    3,
    3,
    3,
    4,
    4,
    3,
    3,
    3,
    8,
    3,
    100,
    4,
    100,
    3
  ],
  "DataClumpOccurence": [
    2,
    2,
    2,
    2,
    2,
    2,
    2,
    2,
    2,
    2,
    2,
    2,
    2,
    2,
    2,
    64,
    36,
    2,
    2,
    2,
    2,
    2,
    2,
    2,
    2,
    2,
    2,
    2,
    2,
    2,
    6,
    0,
    6,
    6,
    0,
    0,
    56,
    6,
    6,
    0,
    0,
    56,
    6,
    0,
    6,
    0,
    6,
    0,
    64,
    6,
    6,
    64,
    64,
    64,
    64,
    6,
    6,
    6,
    6,
    2,
    6,
    6,
    64,
    6,
    0,
    12,
    6,
    6,
    6,
    6,
    64,
    6,
    6,
    6,
    6,
    2,
    6,
    6,
    6,
    2,
    6,
    6,
    6,
    6,
    64,
    2,
    36,
    2,
    2,
    2,
    2,
    2,
    2,
    2,
    2,
    2,
    2,
    2,
    8,
    2,
    2,
    2,
    2,
    12,
    2,
    2,
    12,
    3,
    2,
    12,
    3,
    12,
    4,
    2,
    12,
    2,
    3,
    2,
    12,
    3,
    12,
    4,
    4,
    3,
    3,
    3,
    12,
    2,
    12,
    3,
    3,
    12,
    4,
    2,
    12,
    4,
    4,
    1592,
    3,
    12,
    2,
    4,
    12,
    4,
    3,
    12,
    4,
    4,
    12,
    4,
    4,
    1592,
    3,
    12,
    3,
    3,
    12,
    12,
    4,
    4,
    3,
    3,
    12,
    3,
    12,
    4,
    4,
    12,
    2,
    4,
    2,
    3,
    12,
    4,
    4,
    3,
    3,
    12,
    4,
    4,
    12,
    4,
    4,
    3,
    3,
    12,
    3,
    3,
    12,
    4,
    4,
    3,
    3,
    12,
    4,
    4,
    3,
    3,
    12,
    4,
    4,
    3,
    3,
    12,
    3,
    12,
    2,
    4,
    2,
    3
  ],
  "ParametersToParameters": [
    1,
    1,
    1,
    1,
    1,
    1,
    1,
    1,
    1,
    1,
    1,
    1,
    1,
    0,
    1,
    1,
    1,
    1,
    1,
    1,
    1,
    1,
    1,
    1,
    1,
    1,
    1,
    1,
    1,
    1,
    1,
    0,
    1,
    1,
    0,
    0,
    1,
    1,
    1,
    0,
    0,
    1,
    1,
    0,
    1,
    0,
    1,
    0,
    1,
    1,
    1,
    1,
    1,
    1,
    1,
    1,
    1,
    1,
    1,
    1,
    1,
    1,
    1,
    1,
    0,
    1,
    1,
    1,
    1,
    1,
    1,
    1,
    1,
    1,
    1,
    1,
    1,
    1,
    1,
    1,
    1,
    1,
    1,
    1,
    1,
    1,
    1,
    0,
    0,
    0,
    0,
    0,
    0,
    0,
    0,
    0,
    0,
    0,
    0,
    0,
    0,
    0,
    0,
    1,
    0,
    0,
    1,
    1,
    0,
    1,
    1,
    1,
    1,
    1,
    1,
    0,
    1,
    0,
    1,
    1,
    1,
    1,
    1,
    1,
    1,
    1,
    1,
    1,
    1,
    1,
    1,
    1,
    1,
    1,
    1,
    1,
    1,
    1,
    1,
    1,
    0,
    1,
    1,
    1,
    1,
    1,
    1,
    1,
    1,
    1,
    1,
    1,
    1,
    1,
    1,
    1,
    1,
    1,
    1,
    1,
    1,
    1,
    1,
    1,
    1,
    1,
    1,
    1,
    0,
    1,
    0,
    1,
    1,
    1,
    1,
    1,
    1,
    1,
    1,
    1,
    1,
    1,
    1,
    1,
    1,
    1,
    1,
    1,
    1,
    1,
    1,
    1,
    1,
    1,
    1,
    1,
    1,
    1,
    1,
    1,
    1,
    1,
    1,
    1,
    1,
    1,
    0,
    1,
    0,
    1
  ],