{
  "Surety": [
    -9.75,
    null,
    -2,
    null,
    0.75,
    null,
    null,
    3,
    4,
    null,
    null,
    3.25,
    4.5,
    2,
    1,
    3,
    1,
    1,
    1,
    1
  ],
  "Number data clumps": [
    5,
    0,
    0,
    0,
    1,
    0,
    0,
    3,
    4,
    0,
    0,
    4,
    5,
    2,
    1,
    3,
    1,
    1,
    1,
    1
  ],
  "OutputFormatCorrectness": [
    0.7692307692307693,
    null,
    0.7692307692307693,
    null,
    0.5742574257425742,
    null,
    null,
    0.6105263157894737,
    0.6114649681528662,
    null,
    null,
    0.819672131147541,
    0.8205128205128205,
    0.8387096774193549,
    0.8148148148148148,
    0.8448275862068966,
    0.5853658536585366,
    0.5925925925925926,
    0.8292682926829268,
    0.8292682926829268
  ],
  "ValidJSON": [
    1,
    0,
    1,
    0,
    1,
    0,
    0,
    1,
    1,
    0,
    0,
    1,
    1,
    1,
    1,
    1,
    1,
    1,
    1,
    1
  ],
  "DataClumpSize": [
    11,
    3,
    3,
    3,
    3,
    3,
    5,
    11,
    3,
    5,
    11,
    11,
    3,
    5,
    3,
    3,
    3,
    5,
    3,
    3,
    3,
    4,
    5,
    11,
    3,
    3,
    5,
    11,
    5,
    3,
    5,
    5
  ],
  "DataClumpOccurence": [
    2,
    64,
    36,
    2,
    56,
    2,
    6,
    6,
    2,
    6,
    6,
    6,
    2,
    6,
    12,
    12,
    36,
    6,
    12,
    6,
    12,
    434,
    6,
    6,
    6,
    6,
    6,
    6,
    6,
    6,
    6,
    6
  ],
  "ParametersToParameters": [
    1,
    1,
    1,
    1,
    1,
    1,
    1,
    0,
    1,
    1,
    0,
    0,
    1,
    1,
    1,
    1,
    1,
    1,
    1,
    1,
    1,
    1,
    1,
    1,
    1,
    1,
    1,
    0,
    1,
    1,
    1,
    1
  ],
  "FieldToField": [
    0,
    0,
    0,
    0,
    0,
    0,
    0,
    1,
    0,
    0,
    1,
    1,
    0,
    0,
    0,
    0,
    0,
    0,
    0,
    0,
    0,
    0,
    0,
    0,
    0,
    0,
    0,
    1,
    0,
    0,
    0,
    0
  ],
  "PreferNonPublic": [
    0,
    0,
    0,
    0,
    1,
    0,
    0,
    1,
    0,
    0,
    1,
    1,
    0,
    0,
    0,
    0,
    0,
    0,
    0,
    0,
    0,
    1,
    0,
    0,
    0,
    0,
    0,
    1,
    0,
    0,
    0,
    0
  ],
  "PrimitiveTypes": [
    0.18181818181818182,
    0.3333333333333333,
    0.6666666666666666,
    0,
    0,
    0,
    0.2,
    0,
    0,
    0.2,
    0,
    0,
    0,
    0.2,
    0.3333333333333333,
    0.3333333333333333,
    0.6666666666666666,
    0.2,
    0,
    0.3333333333333333,
    0,
    1,
    0.2,
    0.18181818181818182,
    0.3333333333333333,
    0.3333333333333333,
    0.2,
    0,
    0.2,
    0.3333333333333333,
    0.2,
    0.2
  ],
  "AffectedFiles": [
    2,
    5,
    4,
    1,
    1,
    2,
    3,
    3,
    1,
    3,
    3,
    3,
    1,
    3,
    4,
    4,
    4,
    3,
    3,
    3,
    3,
    41,
    3,
    3,
    3,
    3,
    3,
    3,
    3,
    3,
    3,
    3
  ]
}