{
  "Surety": [
    2,
    2.25,
    2,
    2,
    2,
    5.5,
    4.75,
    2.75,
    3.75,
    2.25,
    2,
    2.75,
    3.75,
    3.5,
    5.25
  ],
  "OutputFormatCorrectness": [
    0.8529411764705882,
    0.8132387706855791,
    0.8529411764705882,
    0.8529411764705882,
    0.8529411764705882,
    0.8348623853211009,
    0.8428571428571429,
    0.6105263157894737,
    0.6114649681528662,
    0.806146572104019,
    0.8529411764705882,
    0.8260869565217391,
    0.8372093023255814,
    0.8527131782945736,
    0.8081534772182254
  ],
  "ValidJSON": [
    1,
    0,
    1,
    1,
    1,
    0,
    0,
    1,
    1,
    0,
    1,
    1,
    1,
    1,
    0
  ],
  "DataClumpSize_mean": [
    8,
    5,
    8,
    8,
    8,
    6,
    8.2,
    6.333333333333333,
    7.5,
    5,
    8,
    6.333333333333333,
    7.5,
    9,
    4.666666666666667
  ],
  "DataClumpOccurence_mean": [
    3,
    7.2,
    3,
    3,
    3,
    6,
    4.8,
    6,
    2,
    5.2,
    3,
    2.6666666666666665,
    6,
    2,
    5.333333333333333
  ],
  "FieldToField_mean": [
    0.5,
    0,
    0.5,
    0.5,
    0.5,
    0.16666666666666666,
    0.4,
    0.3333333333333333,
    0.5,
    0.16666666666666666,
    0.5,
    0.3333333333333333,
    0.25,
    0.5,
    0
  ],
  "ParametersToParameters_mean": [
    0.5,
    0.8333333333333334,
    0.5,
    0.5,
    0.5,
    0.8333333333333334,
    0.6,
    0.6666666666666666,
    0.5,
    0.8333333333333334,
    0.5,
    0.6666666666666666,
    0.75,
    0.5,
    1
  ],
  "DataClumpSize_count": [
    2,
    5,
    2,
    2,
    2,
    6,
    5,
    3,
    4,
    5,
    2,
    3,
    4,
    4,
    6
  ],
  "DataClumpOccurence_count": [
    2,
    5,
    2,
    2,
    2,
    6,
    5,
    3,
    4,
    5,
    2,
    3,
    4,
    4,
    6
  ],
  "FieldToField_count": [
    2,
    6,
    2,
    2,
    2,
    6,
    5,
    3,
    4,
    6,
    2,
    3,
    4,
    4,
    6
  ],
  "ParametersToParameters_count": [
    2,
    6,
    2,
    2,
    2,
    6,
    5,
    3,
    4,
    6,
    2,
    3,
    4,
    4,
    6
  ],
  "DataClumpSize_sum": [
    16,
    25,
    16,
    16,
    16,
    36,
    41,
    19,
    30,
    25,
    16,
    19,
    30,
    36,
    28
  ],
  "DataClumpOccurence_sum": [
    6,
    36,
    6,
    6,
    6,
    36,
    24,
    18,
    8,
    26,
    6,
    8,
    24,
    8,
    32
  ],
  "FieldToField_sum": [
    1,
    0,
    1,
    1,
    1,
    1,
    2,
    1,
    2,
    1,
    1,
    1,
    1,
    2,
    0
  ],
  "ParametersToParameters_sum": [
    1,
    5,
    1,
    1,
    1,
    5,
    3,
    2,
    2,
    5,
    1,
    2,
    3,
    2,
    6
  ],
  "DataClumpSize_max": [
    11,
    11,
    11,
    11,
    11,
    11,
    11,
    11,
    11,
    11,
    11,
    11,
    11,
    11,
    11
  ],
  "DataClumpOccurence_max": [
    6,
    12,
    6,
    6,
    6,
    12,
    12,
    12,
    6,
    6,
    6,
    6,
    12,
    6,
    6
  ],
  "FieldToField_max": [
    1,
    0,
    1,
    1,
    1,
    1,
    1,
    1,
    1,
    1,
    1,
    1,
    1,
    1,
    0
  ],
  "ParametersToParameters_max": [
    1,
    1,
    1,
    1,
    1,
    1,
    1,
    1,
    1,
    1,
    1,
    1,
    1,
    1,
    1
  ],
  "DataClumpSize_min": [
    5,
    3,
    5,
    5,
    5,
    3,
    3,
    3,
    3,
    3,
    5,
    3,
    3,
    3,
    3
  ],
  "DataClumpOccurence_min": [
    0,
    6,
    0,
    0,
    0,
    0,
    0,
    0,
    0,
    2,
    0,
    0,
    0,
    0,
    2
  ],
  "FieldToField_min": [
    0,
    0,
    0,
    0,
    0,
    0,
    0,
    0,
    0,
    0,
    0,
    0,
    0,
    0,
    0
  ],
  "ParametersToParameters_min": [
    0,
    0,
    0,
    0,
    0,
    0,
    0,
    0,
    0,
    0,
    0,
    0,
    0,
    0,
    1
  ],
  "DataClumpSize_raw": [
    [
      5,
      11
    ],
    [
      5,
      11,
      3,
      3,
      3
    ],
    [
      5,
      11
    ],
    [
      5,
      11
    ],
    [
      5,
      11
    ],
    [
      3,
      5,
      11,
      3,
      3,
      11
    ],
    [
      5,
      11,
      11,
      11,
      3
    ],
    [
      5,
      11,
      3
    ],
    [
      5,
      11,
      11,
      3
    ],
    [
      5,
      11,
      3,
      3,
      3
    ],
    [
      5,
      11
    ],
    [
      5,
      11,
      3
    ],
    [
      5,
      11,
      11,
      3
    ],
    [
      3,
      11,
      11,
      11
    ],
    [
      3,
      5,
      11,
      3,
      3,
      3
    ]
  ],
  "DataClumpOccurence_raw": [
    [
      6,
      0
    ],
    [
      6,
      6,
      6,
      12,
      6
    ],
    [
      6,
      0
    ],
    [
      6,
      0
    ],
    [
      6,
      0
    ],
    [
      6,
      6,
      6,
      6,
      12,
      0
    ],
    [
      6,
      6,
      0,
      0,
      12
    ],
    [
      6,
      0,
      12
    ],
    [
      6,
      0,
      0,
      2
    ],
    [
      6,
      6,
      6,
      2,
      6
    ],
    [
      6,
      0
    ],
    [
      6,
      0,
      2
    ],
    [
      6,
      6,
      0,
      12
    ],
    [
      6,
      2,
      0,
      0
    ],
    [
      6,
      6,
      6,
      6,
      2,
      6
    ]
  ],
  "FieldToField_raw": [
    [
      0,
      1
    ],
    [
      0,
      0,
      0,
      0,
      0,
      0
    ],
    [
      0,
      1
    ],
    [
      0,
      1
    ],
    [
      0,
      1
    ],
    [
      0,
      0,
      0,
      0,
      0,
      1
    ],
    [
      0,
      0,
      1,
      1,
      0
    ],
    [
      0,
      1,
      0
    ],
    [
      0,
      1,
      1,
      0
    ],
    [
      0,
      0,
      0,
      0,
      0,
      1
    ],
    [
      0,
      1
    ],
    [
      0,
      1,
      0
    ],
    [
      0,
      0,
      1,
      0
    ],
    [
      0,
      0,
      1,
      1
    ],
    [
      0,
      0,
      0,
      0,
      0,
      0
    ]
  ],
  "ParametersToParameters_raw": [
    [
      1,
      0
    ],
    [
      1,
      1,
      1,
      1,
      1,
      0
    ],
    [
      1,
      0
    ],
    [
      1,
      0
    ],
    [
      1,
      0
    ],
    [
      1,
      1,
      1,
      1,
      1,
      0
    ],
    [
      1,
      1,
      0,
      0,
      1
    ],
    [
      1,
      0,
      1
    ],
    [
      1,
      0,
      0,
      1
    ],
    [
      1,
      1,
      1,
      1,
      1,
      0
    ],
    [
      1,
      0
    ],
    [
      1,
      0,
      1
    ],
    [
      1,
      1,
      0,
      1
    ],
    [
      1,
      1,
      0,
      0
    ],
    [
      1,
      1,
      1,
      1,
      1,
      1
    ]
  ]
}