{
  "OutputFormatCorrectness": [
    0.8333333333333334,
    1,
    0.9758713136729222,
    0.7255434782608695,
    1,
    1,
    0,
    1,
    0,
    1,
    1,
    1,
    0.9868421052631579,
    1,
    0.7380952380952381,
    0.75,
    0.7037037037037037,
    0.75,
    0.7391304347826086,
    0.75,
    0.75,
    1,
    1,
    1,
    1,
    1,
    1,
    0.9880597014925373,
    1,
    1,
    1,
    0.9888579387186629,
    0.6811594202898551,
    0.7407407407407407,
    0,
    0.9972222222222222
  ],
  "DataClumpSize": [
    11,
    5,
    11,
    11,
    5,
    11,
    3,
    3,
    3,
    3,
    5,
    11,
    3,
    3,
    3,
    3,
    5,
    5,
    11,
    11,
    5,
    5,
    11,
    11,
    5,
    11,
    11,
    3,
    5,
    3,
    30,
    100,
    3,
    4,
    3,
    3,
    8,
    3,
    4,
    4,
    8,
    3,
    3,
    3,
    4,
    4,
    3,
    3,
    100,
    3,
    3,
    4,
    4,
    3,
    4,
    100,
    8,
    100,
    3,
    4,
    4,
    3,
    3,
    4,
    3,
    4,
    3,
    4,
    4,
    64,
    30,
    3,
    4,
    5,
    15,
    3,
    3,
    4,
    3,
    6,
    3,
    3,
    4,
    3,
    4,
    3,
    4,
    3,
    25,
    5,
    12,
    3,
    3,
    3,
    12,
    4,
    25,
    4,
    3,
    15,
    3,
    15
  ],
  "DataClumpOccurence": [
    2,
    6,
    6,
    6,
    6,
    6,
    6,
    6,
    6,
    34,
    6,
    6,
    6,
    2,
    6,
    34,
    6,
    6,
    6,
    6,
    6,
    6,
    2,
    6,
    6,
    6,
    6,
    10,
    6,
    2,
    2,
    2,
    12,
    4,
    3,
    3,
    3,
    12,
    4,
    4,
    3,
    3,
    3,
    12,
    4,
    4,
    3,
    3,
    2,
    12,
    4,
    4,
    2,
    12,
    4,
    2,
    3,
    2,
    12,
    4,
    4,
    3,
    3,
    8,
    12,
    4,
    12,
    4,
    4,
    2,
    2,
    12,
    10,
    14,
    2,
    134,
    30,
    43,
    2,
    4,
    1,
    30,
    6,
    30,
    6,
    30,
    6,
    30,
    2,
    6,
    2,
    30,
    30,
    30,
    2,
    2,
    2,
    43,
    30,
    2,
    2,
    2
  ],
  "ParametersToParameters": [
    1,
    1,
    1,
    0,
    1,
    1,
    1,
    1,
    1,
    1,
    1,
    1,
    1,
    1,
    1,
    1,
    1,
    1,
    1,
    0,
    1,
    1,
    1,
    0,
    1,
    0,
    0,
    1,
    1,
    1,
    0,
    0,
    1,
    1,
    1,
    1,
    1,
    1,
    1,
    1,
    1,
    1,
    1,
    1,
    1,
    1,
    1,
    1,
    0,
    1,
    1,
    1,
    1,
    1,
    1,
    0,
    1,
    0,
    1,
    1,
    1,
    1,
    1,
    0,
    1,
    1,
    1,
    1,
    1,
    0,
    0,
    1,
    0,
    0,
    0,
    1,
    1,
    1,
    0,
    1,
    0,
    1,
    1,
    1,
    1,
    1,
    1,
    1,
    0,
    1,
    1,
    1,
    1,
    1,
    1,
    1,
    0,
    1,
    1,
    0,
    0,
    0
  ],
  "FieldToField": [
    0,
    0,
    0,
    1,
    0,
    0,
    0,
    0,
    0,
    0,
    0,
    0,
    0,
    0,
    0,
    0,
    0,
    0,
    0,
    1,
    0,
    0,
    0,
    1,
    0,
    1,
    1,
    0,
    0,
    0,
    1,
    1,
    0,
    0,
    0,
    0,
    0,
    0,
    0,
    0,
    0,
    0,
    0,
    0,
    0,
    0,
    0,
    0,
    1,
    0,
    0,
    0,
    0,
    0,
    0,
    1,
    0,
    1,
    0,
    0,
    0,
    0,
    0,
    1,
    0,
    0,
    0,
    0,
    0,
    1,
    1,
    0,
    1,
    1,
    1,
    0,
    0,
    0,
    1,
    0,
    0,
    0,
    0,
    0,
    0,
    0,
    0,
    0,
    1,
    0,
    0,
    0,
    0,
    0,
    0,
    0,
    1,
    0,
    0,
    1,
    1,
    1
  ],
  "PreferNonPublic": [
    0,
    0,
    0,
    1,
    0,
    0,
    0,
    0,
    0,
    0,
    0,
    0,
    0,
    0,
    0,
    0,
    0,
    0,
    0,
    1,
    0,
    0,
    0,
    1,
    0,
    1,
    1,
    0,
    0,
    0,
    1,
    0,
    0,
    0,
    0,
    0,
    0,
    0,
    0,
    0,
    0,
    0,
    0,
    0,
    0,
    0,
    0,
    0,
    0,
    0,
    0,
    0,
    0,
    0,
    0,
    0,
    0,
    0,
    0,
    0,
    0,
    0,
    0,
    1,
    0,
    0,
    0,
    0,
    0,
    0,
    1,
    0,
    1,
    1,
    1,
    0,
    0,
    0,
    1,
    0,
    1,
    0,
    0,
    0,
    0,
    0,
    0,
    0,
    0,
    0,
    0,
    0,
    0,
    0,
    0,
    0,
    0,
    0,
    0,
    1,
    1,
    1
  ],
  "PrimitiveTypes": [
    0.18181818181818182,
    0.2,
    0.18181818181818182,
    0,
    0.2,
    0.18181818181818182,
    0.3333333333333333,
    0.3333333333333333,
    0.3333333333333333,
    0.3333333333333333,
    0.2,
    0.18181818181818182,
    0.3333333333333333,
    0,
    0,
    0.3333333333333333,
    0,
    0.2,
    0.18181818181818182,
    0,
    0.2,
    0.6,
    0.18181818181818182,
    0,
    0.6,
    0,
    0,
    0,
    0.2,
    0,
    0.7666666666666667,
    0.97,
    1,
    1,
    1,
    1,
    0.75,
    1,
    1,
    1,
    0.75,
    1,
    1,
    1,
    1,
    1,
    1,
    1,
    0.97,
    1,
    0.6666666666666666,
    1,
    0.75,
    1,
    1,
    0.97,
    0.75,
    0.97,
    1,
    1,
    1,
    1,
    1,
    0.25,
    1,
    1,
    1,
    1,
    1,
    1,
    0.7666666666666667,
    1,
    0,
    0.4,
    1,
    1,
    1,
    1,
    0,
    0.8333333333333334,
    1,
    1,
    1,
    1,
    1,
    1,
    1,
    1,
    1,
    0.8,
    0.75,
    1,
    1,
    1,
    0.75,
    1,
    1,
    1,
    1,
    1,
    0,
    1
  ],
  "AffectedFiles": [
    2,
    3,
    3,
    3,
    3,
    3,
    4,
    4,
    4,
    5,
    3,
    3,
    3,
    2,
    3,
    5,
    3,
    3,
    3,
    3,
    3,
    3,
    2,
    3,
    3,
    3,
    3,
    3,
    3,
    1,
    2,
    2,
    3,
    3,
    3,
    3,
    3,
    3,
    3,
    3,
    3,
    3,
    3,
    3,
    3,
    3,
    3,
    3,
    2,
    3,
    1,
    3,
    1,
    3,
    3,
    2,
    3,
    2,
    3,
    3,
    3,
    3,
    3,
    4,
    3,
    3,
    3,
    3,
    3,
    2,
    2,
    3,
    5,
    8,
    2,
    16,
    1,
    5,
    2,
    1,
    2,
    1,
    1,
    1,
    1,
    1,
    1,
    1,
    2,
    1,
    1,
    1,
    1,
    1,
    1,
    1,
    2,
    5,
    1,
    2,
    2,
    2
  ],
  "Time": [
    20.446,
    132.328,
    163.2065,
    130.0075,
    285.449,
    145.141,
    137.6775,
    18.814,
    13.777,
    81.508,
    85.873,
    51.258,
    184.533,
    116.969,
    58.2075,
    107.869,
    69.766,
    120.102,
    119.578,
    119.238,
    22.252,
    38.692,
    59.383,
    126.491,
    48.543,
    69.433,
    72.596,
    85.117,
    73.1,
    36.39,
    44.01,
    159.7045,
    149.044,
    40.197,
    11.617,
    186.054
  ],
  "Price": [
    0.7758900000000001,
    0.14794,
    0.26293,
    0.29613,
    0.87546,
    0.20500000000000002,
    0.28558,
    0.17934,
    0.7659,
    0.14248,
    0.18577,
    0.19833,
    0.45826,
    0.27253,
    0.32875,
    0.30923,
    0.32491000000000003,
    0.26092,
    0.30631,
    0.30940999999999996,
    0.30694000000000005,
    0.22378,
    0.25720000000000004,
    0.30221,
    0.9490900000000001,
    0.29001,
    0.29042,
    0.42134000000000005,
    0.9675100000000001,
    0.2511,
    0.27968,
    0.43040000000000006,
    1.01353,
    0.27009,
    0.25355,
    0.42269
  ],
  "Surety": [
    -1.25,
    3,
    3,
    3.75,
    0.75,
    3,
    null,
    1,
    0,
    3,
    3.25,
    2,
    1.75,
    4.75,
    5.5,
    4.5,
    1,
    3.5,
    4.75,
    4.5,
    0.75,
    2,
    2.75,
    1.75,
    1,
    2.75,
    -2.25,
    7,
    0.75,
    0.75,
    1,
    5,
    1,
    2,
    0,
    0.5
  ],
  "Number data clumps": [
    1,
    3,
    6,
    6,
    1,
    3,
    0,
    1,
    0,
    3,
    4,
    2,
    2,
    5,
    6,
    5,
    1,
    4,
    5,
    5,
    1,
    2,
    3,
    5,
    1,
    3,
    3,
    7,
    1,
    1,
    1,
    5,
    1,
    2,
    0,
    3
  ],