{
  "OutputFormatCorrectness": [
    0,
    1,
    1,
    0.7333333333333333,
    1,
    1,
    1,
    1,
    1,
    1,
    0.7380952380952381,
    0.7443820224719101,
    0.6658163265306123,
    0.7535816618911175,
    0.7407407407407407,
    0.75,
    0.75,
    1,
    0.7447447447447447,
    0.7333333333333333,
    0.8333333333333334,
    0.75,
    1,
    0.75,
    0.9924050632911392,
    1,
    1,
    0.9885386819484241,
    1,
    1,
    0.75,
    1,
    0.75,
    1,
    0.7419354838709677,
    0.9916434540389972
  ],
  "DataClumpSize": [
    5,
    11,
    11,
    5,
    3,
    5,
    5,
    5,
    5,
    5,
    3,
    5,
    5,
    11,
    5,
    3,
    3,
    3,
    5,
    11,
    3,
    3,
    3,
    3,
    3,
    30,
    3,
    3,
    4,
    3,
    3,
    8,
    3,
    8,
    3,
    100,
    4,
    8,
    3,
    4,
    4,
    3,
    3,
    4,
    4,
    8,
    100,
    30,
    64,
    3,
    4,
    4,
    6,
    3,
    4,
    4,
    3,
    100,
    4,
    8,
    4,
    15,
    3,
    5,
    3,
    12,
    3,
    4,
    3,
    3,
    4,
    3,
    4,
    3,
    15,
    3,
    3,
    3,
    3,
    12,
    3,
    25,
    25,
    4,
    12,
    5,
    4,
    3,
    3,
    3,
    3,
    15,
    3,
    3,
    3,
    25
  ],
  "DataClumpOccurence": [
    6,
    6,
    6,
    6,
    6,
    6,
    6,
    6,
    6,
    6,
    10,
    6,
    6,
    6,
    6,
    2,
    2,
    6,
    6,
    6,
    6,
    2,
    6,
    6,
    34,
    2,
    12,
    4,
    4,
    3,
    3,
    3,
    126,
    3,
    12,
    2,
    4,
    3,
    12,
    4,
    4,
    3,
    3,
    8,
    2,
    3,
    2,
    2,
    2,
    12,
    10,
    8,
    2,
    12,
    4,
    10,
    222,
    2,
    2,
    3,
    10,
    2,
    134,
    2,
    1,
    2,
    30,
    6,
    30,
    30,
    6,
    30,
    6,
    30,
    2,
    30,
    30,
    30,
    30,
    2,
    30,
    2,
    2,
    8,
    2,
    2,
    43,
    30,
    30,
    30,
    1,
    2,
    30,
    30,
    30,
    2
  ],
  "ParametersToParameters": [
    1,
    0,
    1,
    1,
    1,
    1,
    1,
    1,
    1,
    1,
    1,
    1,
    1,
    0,
    1,
    1,
    1,
    1,
    1,
    1,
    1,
    1,
    1,
    1,
    1,
    0,
    1,
    1,
    1,
    1,
    1,
    1,
    1,
    1,
    1,
    0,
    1,
    1,
    1,
    1,
    1,
    1,
    1,
    0,
    1,
    1,
    0,
    0,
    0,
    1,
    0,
    0,
    1,
    1,
    1,
    0,
    0,
    0,
    1,
    1,
    0,
    0,
    1,
    1,
    0,
    1,
    1,
    1,
    1,
    1,
    1,
    1,
    1,
    0,
    0,
    1,
    1,
    1,
    1,
    1,
    1,
    0,
    0,
    1,
    1,
    1,
    1,
    1,
    1,
    1,
    0,
    0,
    1,
    1,
    1,
    0
  ],
  "FieldToField": [
    0,
    1,
    0,
    0,
    0,
    0,
    0,
    0,
    0,
    0,
    0,
    0,
    0,
    1,
    0,
    0,
    0,
    0,
    0,
    0,
    0,
    0,
    0,
    0,
    0,
    1,
    0,
    0,
    0,
    0,
    0,
    0,
    0,
    0,
    0,
    1,
    0,
    0,
    0,
    0,
    0,
    0,
    0,
    1,
    0,
    0,
    1,
    1,
    1,
    0,
    1,
    1,
    0,
    0,
    0,
    1,
    1,
    1,
    0,
    0,
    1,
    1,
    0,
    0,
    0,
    0,
    0,
    0,
    0,
    0,
    0,
    0,
    0,
    0,
    1,
    0,
    0,
    0,
    0,
    0,
    0,
    1,
    1,
    0,
    0,
    0,
    0,
    0,
    0,
    0,
    0,
    1,
    0,
    0,
    0,
    1
  ],
  "PreferNonPublic": [
    0,
    1,
    0,
    0,
    0,
    0,
    0,
    0,
    0,
    0,
    0,
    0,
    0,
    1,
    0,
    0,
    0,
    0,
    0,
    0,
    0,
    0,
    0,
    0,
    0,
    1,
    0,
    0,
    0,
    0,
    0,
    0,
    0,
    0,
    0,
    0,
    0,
    0,
    0,
    0,
    0,
    0,
    0,
    1,
    0,
    0,
    0,
    1,
    0,
    0,
    1,
    1,
    0,
    0,
    0,
    1,
    1,
    0,
    0,
    0,
    1,
    1,
    0,
    0,
    1,
    0,
    0,
    0,
    0,
    0,
    0,
    0,
    0,
    0,
    1,
    0,
    0,
    0,
    0,
    0,
    0,
    0,
    0,
    0,
    0,
    0,
    1,
    0,
    0,
    0,
    1,
    1,
    0,
    0,
    0,
    0
  ],
  "PrimitiveTypes": [
    0.2,
    0,
    0.18181818181818182,
    0.2,
    0.3333333333333333,
    0.2,
    0.6,
    0.2,
    0.2,
    0.2,
    0,
    0.2,
    0.6,
    0,
    0.2,
    0.3333333333333333,
    0,
    0.3333333333333333,
    0.2,
    0.18181818181818182,
    0.3333333333333333,
    0,
    0,
    0.3333333333333333,
    0.3333333333333333,
    0.7666666666666667,
    1,
    0.6666666666666666,
    1,
    1,
    1,
    0.75,
    0.3333333333333333,
    0.875,
    1,
    0.97,
    1,
    0.75,
    1,
    1,
    1,
    1,
    1,
    0.25,
    0.75,
    0.75,
    0.97,
    0.7666666666666667,
    1,
    1,
    0,
    0.25,
    0.6666666666666666,
    1,
    1,
    0,
    0,
    0.97,
    0.75,
    0.75,
    0,
    1,
    1,
    1,
    1,
    0.75,
    1,
    1,
    1,
    1,
    1,
    1,
    1,
    1,
    1,
    1,
    1,
    1,
    1,
    0.75,
    1,
    1,
    1,
    1,
    0.75,
    1,
    1,
    1,
    1,
    1,
    1,
    1,
    1,
    1,
    1,
    1
  ],
  "AffectedFiles": [
    3,
    3,
    3,
    3,
    3,
    3,
    3,
    3,
    3,
    3,
    3,
    3,
    3,
    3,
    3,
    2,
    1,
    3,
    3,
    3,
    3,
    2,
    3,
    4,
    5,
    2,
    3,
    1,
    3,
    3,
    3,
    3,
    3,
    3,
    3,
    2,
    3,
    3,
    3,
    3,
    3,
    3,
    3,
    4,
    1,
    3,
    2,
    2,
    2,
    3,
    5,
    4,
    2,
    3,
    3,
    5,
    40,
    2,
    1,
    3,
    5,
    2,
    16,
    1,
    2,
    1,
    1,
    1,
    1,
    1,
    1,
    1,
    1,
    1,
    2,
    1,
    1,
    1,
    1,
    1,
    1,
    2,
    2,
    2,
    1,
    1,
    5,
    1,
    1,
    1,
    2,
    2,
    1,
    1,
    1,
    2
  ],
  "Time": [
    270.558,
    33.469,
    29.152,
    38.023,
    52.24,
    20.851,
    24.453,
    29.714,
    53.639,
    59.356,
    53.375,
    84.291,
    172.4855,
    170.893,
    70.715,
    132.884,
    21.982,
    71.585,
    67.438,
    126.008,
    18.236,
    19.488,
    27.689,
    21.365,
    260.4335,
    76.496,
    102.546,
    115.937,
    31.55,
    59.396,
    44.425,
    22.511,
    59.132,
    24.119,
    143.626,
    122.3805
  ],
  "Price": [
    0.66784,
    0.10971,
    0.13357,
    0.18570000000000003,
    0.69259,
    0.10031999999999999,
    0.1204,
    0.17190000000000003,
    0.68485,
    0.14267999999999997,
    0.15619,
    0.51613,
    0.44317000000000006,
    0.36114999999999997,
    0.28600000000000003,
    0.31106,
    0.30688000000000004,
    0.23335,
    0.33103000000000005,
    0.3077,
    0.29962000000000005,
    0.20704,
    0.22618000000000002,
    0.24044,
    1.06087,
    0.29295000000000004,
    0.27575,
    0.45404,
    0.94411,
    0.28161,
    0.28778000000000004,
    0.31412000000000007,
    0.96577,
    0.24744000000000002,
    0.43577,
    0.43658
  ],
  "Surety": [
    0,
    2,
    2,
    2,
    1,
    1,
    1,
    1,
    -1.25,
    3,
    2.75,
    5.5,
    1,
    7.25,
    3.75,
    4.5,
    0.75,
    2,
    6.75,
    4,
    0.75,
    1,
    1,
    1,
    1,
    2.5,
    1,
    5,
    0.75,
    3,
    2,
    1,
    -2.5,
    0.75,
    4.75,
    5
  ],
  "Number data clumps": [
    0,
    2,
    2,
    2,
    1,
    1,
    1,
    1,
    1,
    3,
    3,
    8,
    1,
    8,
    4,
    5,
    1,
    2,
    7,
    4,
    1,
    1,
    1,
    1,
    1,
    3,
    1,
    8,
    1,
    3,
    2,
    1,
    2,
    1,
    7,
    5
  ],
  "ValidJSON": [
    1,
    1,
    1,
    1,
    1,
    1,
    1,
    1,
    1,
    1,
    1,
    0,
    0,
    0,
    1,
    1,
    1,
    1,
    0,
    1,
    1,
    1,
    1,
    1,
    0,
    1,
    1,
    0,
    1,
    1,
    1,
    1,
    1,
    1,
    0,
    0
  ]
}