{
  "OutputFormatCorrectness": [
    0.9784615384615385,
    0.7333333333333333,
    1,
    0.7292225201072386,
    0.8284789644012945,
    1,
    1,
    0.75,
    1,
    1,
    1,
    0.9789473684210527,
    0.7222222222222222,
    0.75,
    0.7361111111111112,
    0.7307692307692307,
    0.75,
    0.75,
    0.7333333333333333,
    0.7380952380952381,
    0.7575757575757576,
    0.9551282051282052,
    1,
    1,
    0.9949494949494949,
    1,
    1,
    1,
    1,
    0.9821958456973294,
    1,
    0.7777777777777778,
    1,
    0.7407407407407407,
    1,
    0.7777777777777778
  ],
  "DataClumpSize": [
    3,
    11,
    11,
    11,
    11,
    11,
    11,
    11,
    11,
    11,
    11,
    11,
    5,
    11,
    5,
    5,
    11,
    3,
    3,
    3,
    3,
    11,
    11,
    11,
    11,
    11,
    11,
    11,
    11,
    11,
    11,
    11,
    11,
    11,
    5,
    11,
    5,
    5,
    3,
    3,
    3,
    3,
    5,
    11,
    5,
    5,
    11,
    3,
    3,
    3,
    3,
    30,
    3,
    3,
    4,
    3,
    3,
    3,
    100,
    4,
    100,
    8,
    3,
    4,
    4,
    3,
    3,
    30,
    30,
    30,
    30,
    3,
    100,
    8,
    100,
    3,
    8,
    3,
    3,
    4,
    8,
    100,
    3,
    3,
    4,
    8,
    64,
    100,
    4,
    30,
    30,
    15,
    4,
    3,
    4,
    3,
    3,
    3,
    3,
    12,
    15,
    3,
    4,
    3,
    3,
    4,
    4,
    4,
    5,
    3,
    25,
    25,
    25,
    25,
    25,
    25,
    3,
    3,
    25,
    25,
    25,
    3,
    3,
    12,
    3,
    15,
    3
  ],
  "DataClumpOccurence": [
    6,
    2,
    2,
    2,
    2,
    2,
    2,
    2,
    2,
    2,
    2,
    2,
    6,
    6,
    6,
    6,
    6,
    6,
    6,
    34,
    2,
    2,
    2,
    2,
    2,
    2,
    2,
    2,
    2,
    2,
    2,
    2,
    2,
    2,
    6,
    6,
    6,
    6,
    6,
    24,
    6,
    34,
    6,
    6,
    6,
    6,
    6,
    6,
    6,
    34,
    34,
    2,
    12,
    4,
    4,
    3,
    3,
    12,
    2,
    4,
    2,
    3,
    12,
    4,
    4,
    3,
    3,
    2,
    2,
    2,
    2,
    12,
    2,
    3,
    2,
    12,
    3,
    3,
    12,
    4,
    3,
    2,
    2,
    4,
    2,
    3,
    2,
    2,
    2,
    2,
    2,
    2,
    43,
    353,
    43,
    1,
    30,
    30,
    30,
    2,
    2,
    30,
    6,
    30,
    1058,
    56,
    2,
    56,
    4,
    2,
    2,
    2,
    2,
    2,
    2,
    2,
    134,
    134,
    2,
    2,
    2,
    1,
    30,
    2,
    28,
    2,
    362
  ],
  "ParametersToParameters": [
    1,
    1,
    1,
    1,
    1,
    1,
    1,
    1,
    1,
    1,
    1,
    1,
    1,
    0,
    1,
    1,
    1,
    1,
    1,
    1,
    1,
    1,
    1,
    1,
    1,
    1,
    1,
    1,
    1,
    1,
    1,
    1,
    1,
    1,
    1,
    0,
    1,
    1,
    1,
    1,
    1,
    1,
    1,
    0,
    1,
    1,
    1,
    1,
    1,
    1,
    1,
    0,
    1,
    1,
    1,
    1,
    1,
    1,
    0,
    1,
    0,
    1,
    1,
    1,
    1,
    1,
    1,
    0,
    0,
    0,
    0,
    1,
    0,
    1,
    0,
    1,
    1,
    1,
    1,
    1,
    1,
    0,
    1,
    1,
    1,
    1,
    0,
    0,
    1,
    0,
    0,
    0,
    1,
    1,
    1,
    0,
    1,
    1,
    1,
    1,
    0,
    1,
    1,
    1,
    1,
    1,
    1,
    1,
    1,
    1,
    0,
    0,
    0,
    0,
    0,
    0,
    0,
    0,
    0,
    0,
    0,
    0,
    1,
    1,
    1,
    0,
    1
  ],
  "FieldToField": [
    0,
    0,
    0,
    0,
    0,
    0,
    0,
    0,
    0,
    0,
    0,
    0,
    0,
    1,
    0,
    0,
    0,
    0,
    0,
    0,
    0,
    0,
    0,
    0,
    0,
    0,
    0,
    0,
    0,
    0,
    0,
    0,
    0,
    0,
    0,
    1,
    0,
    0,
    0,
    0,
    0,
    0,
    0,
    1,
    0,
    0,
    0,
    0,
    0,
    0,
    0,
    1,
    0,
    0,
    0,
    0,
    0,
    0,
    1,
    0,
    1,
    0,
    0,
    0,
    0,
    0,
    0,
    1,
    1,
    1,
    1,
    0,
    1,
    0,
    1,
    0,
    0,
    0,
    0,
    0,
    0,
    1,
    0,
    0,
    0,
    0,
    1,
    1,
    0,
    1,
    1,
    1,
    0,
    0,
    0,
    0,
    0,
    0,
    0,
    0,
    1,
    0,
    0,
    0,
    0,
    0,
    0,
    0,
    0,
    0,
    1,
    1,
    1,
    1,
    1,
    1,
    0,
    0,
    1,
    1,
    1,
    0,
    0,
    0,
    0,
    1,
    0
  ],
  "PreferNonPublic": [
    0,
    0,
    0,
    0,
    0,
    0,
    0,
    0,
    0,
    0,
    0,
    0,
    0,
    1,
    0,
    0,
    0,
    0,
    0,
    0,
    0,
    0,
    0,
    0,
    0,
    0,
    0,
    0,
    0,
    0,
    0,
    0,
    0,
    0,
    0,
    1,
    0,
    0,
    0,
    0,
    0,
    0,
    0,
    1,
    0,
    0,
    0,
    0,
    0,
    0,
    0,
    1,
    0,
    0,
    0,
    0,
    0,
    0,
    0,
    0,
    0,
    0,
    0,
    0,
    0,
    0,
    0,
    1,
    1,
    1,
    1,
    0,
    0,
    0,
    0,
    0,
    0,
    0,
    0,
    0,
    0,
    0,
    0,
    0,
    0,
    0,
    0,
    0,
    0,
    1,
    1,
    1,
    1,
    0,
    0,
    1,
    0,
    0,
    0,
    0,
    1,
    0,
    0,
    0,
    0,
    0,
    0,
    0,
    1,
    0,
    0,
    0,
    0,
    0,
    0,
    0,
    0,
    0,
    0,
    0,
    0,
    1,
    0,
    0,
    0,
    1,
    0
  ],
  "PrimitiveTypes": [
    0.3333333333333333,
    0.18181818181818182,
    0.18181818181818182,
    0.18181818181818182,
    0.18181818181818182,
    0.18181818181818182,
    0.18181818181818182,
    0.18181818181818182,
    0.18181818181818182,
    0.18181818181818182,
    0.18181818181818182,
    0.18181818181818182,
    0.2,
    0,
    0.2,
    0.2,
    0.18181818181818182,
    0.3333333333333333,
    0.3333333333333333,
    0.3333333333333333,
    0.3333333333333333,
    0.18181818181818182,
    0.18181818181818182,
    0.18181818181818182,
    0.18181818181818182,
    0.18181818181818182,
    0.18181818181818182,
    0.18181818181818182,
    0.18181818181818182,
    0.18181818181818182,
    0.18181818181818182,
    0.18181818181818182,
    0.18181818181818182,
    0.18181818181818182,
    0.2,
    0,
    0.2,
    0.6,
    0.3333333333333333,
    0.6666666666666666,
    0.3333333333333333,
    0.3333333333333333,
    0.2,
    0,
    0.2,
    0.2,
    0.18181818181818182,
    0.3333333333333333,
    0.3333333333333333,
    0.3333333333333333,
    0.3333333333333333,
    0.7666666666666667,
    1,
    0.6666666666666666,
    1,
    1,
    1,
    1,
    0.97,
    1,
    0.97,
    0.875,
    1,
    1,
    1,
    1,
    1,
    0.7666666666666667,
    0.7666666666666667,
    0.7666666666666667,
    0.7666666666666667,
    1,
    0.97,
    0.75,
    0.97,
    1,
    0.75,
    1,
    1,
    1,
    0.75,
    0.97,
    0.3333333333333333,
    0.6666666666666666,
    0.75,
    0.75,
    1,
    0.97,
    0.75,
    0.7666666666666667,
    0.7666666666666667,
    1,
    1,
    1,
    1,
    1,
    1,
    1,
    1,
    0.75,
    1,
    1,
    1,
    1,
    1,
    1,
    1,
    1,
    1,
    1,
    1,
    1,
    1,
    1,
    1,
    1,
    1,
    1,
    1,
    1,
    1,
    1,
    1,
    0.75,
    1,
    1,
    0.6666666666666666
  ],