{
  "Surety": [
    1,
    1,
    -1.75,
    4,
    1,
    4.5,
    0.75,
    0.75,
    -1,
    1.75,
    1.5,
    0.75
  ],
  "OutputFormatCorrectness": [
    0.8552631578947368,
    0.8235294117647058,
    0.7924528301886793,
    0.8292682926829268,
    0.9,
    0.7904509283819628,
    0.8333333333333334,
    0.6,
    0.8397435897435898,
    0.5901639344262295,
    0.8148148148148148,
    0.6
  ],
  "ValidJSON": [
    0,
    1,
    1,
    1,
    1,
    0,
    1,
    1,
    1,
    1,
    1,
    1
  ],
  "DataClumpSize_mean": [
    15,
    4,
    3.3333333333333335,
    5.25,
    15,
    3.5714285714285716,
    5,
    3,
    19.5,
    7.5,
    5,
    3
  ],
  "DataClumpOccurence_mean": [
    2,
    47,
    293.6666666666667,
    23,
    2,
    541.4285714285714,
    4,
    2,
    49.416666666666664,
    16,
    21,
    1436
  ],
  "FieldToField_mean": [
    1,
    0,
    0,
    0,
    1,
    0.125,
    0,
    0,
    0,
    0,
    0.5,
    0
  ],
  "ParametersToParameters_mean": [
    0,
    1,
    1,
    1,
    0,
    0.875,
    1,
    1,
    0.08333333333333333,
    1,
    0.5,
    1
  ],
  "DataClumpSize_count": [
    1,
    1,
    3,
    4,
    1,
    7,
    1,
    1,
    12,
    2,
    2,
    1
  ],
  "DataClumpOccurence_count": [
    1,
    1,
    3,
    4,
    1,
    7,
    1,
    1,
    12,
    2,
    2,
    1
  ],
  "FieldToField_count": [
    1,
    1,
    3,
    4,
    1,
    8,
    1,
    1,
    12,
    2,
    2,
    1
  ],
  "ParametersToParameters_count": [
    1,
    1,
    3,
    4,
    1,
    8,
    1,
    1,
    12,
    2,
    2,
    1
  ],
  "DataClumpSize_sum": [
    15,
    4,
    10,
    21,
    15,
    25,
    5,
    3,
    234,
    15,
    10,
    3
  ],
  "DataClumpOccurence_sum": [
    2,
    47,
    881,
    92,
    2,
    3790,
    4,
    2,
    593,
    32,
    42,
    1436
  ],
  "FieldToField_sum": [
    1,
    0,
    0,
    0,
    1,
    1,
    0,
    0,
    0,
    0,
    1,
    0
  ],
  "ParametersToParameters_sum": [
    0,
    1,
    3,
    4,
    0,
    7,
    1,
    1,
    1,
    2,
    1,
    1
  ],
  "DataClumpSize_max": [
    15,
    4,
    4,
    12,
    15,
    4,
    5,
    3,
    25,
    12,
    7,
    3
  ],
  "DataClumpOccurence_max": [
    2,
    47,
    833,
    30,
    2,
    3558,
    4,
    2,
    287,
    30,
    38,
    1436
  ],
  "FieldToField_max": [
    1,
    0,
    0,
    0,
    1,
    1,
    0,
    0,
    0,
    0,
    1,
    0
  ],
  "ParametersToParameters_max": [
    0,
    1,
    1,
    1,
    0,
    1,
    1,
    1,
    1,
    1,
    1,
    1
  ],
  "DataClumpSize_min": [
    15,
    4,
    3,
    3,
    15,
    3,
    5,
    3,
    3,
    3,
    3,
    3
  ],
  "DataClumpOccurence_min": [
    2,
    47,
    1,
    2,
    2,
    2,
    4,
    2,
    1,
    2,
    4,
    1436
  ],
  "FieldToField_min": [
    1,
    0,
    0,
    0,
    1,
    0,
    0,
    0,
    0,
    0,
    0,
    0
  ],
  "ParametersToParameters_min": [
    0,
    1,
    1,
    1,
    0,
    0,
    1,
    1,
    0,
    1,
    0,
    1
  ],
  "DataClumpSize_raw": [
    [
      15
    ],
    [
      4
    ],
    [
      3,
      4,
      3
    ],
    [
      3,
      3,
      3,
      12
    ],
    [
      15
    ],
    [
      3,
      4,
      3,
      3,
      4,
      4,
      4
    ],
    [
      5
    ],
    [
      3
    ],
    [
      25,
      25,
      25,
      25,
      25,
      25,
      3,
      3,
      25,
      25,
      25,
      3
    ],
    [
      3,
      12
    ],
    [
      3,
      7
    ],
    [
      3
    ]
  ],
  "DataClumpOccurence_raw": [
    [
      2
    ],
    [
      47
    ],
    [
      833,
      47,
      1
    ],
    [
      30,
      30,
      30,
      2
    ],
    [
      2
    ],
    [
      30,
      6,
      30,
      3558,
      82,
      2,
      82
    ],
    [
      4
    ],
    [
      2
    ],
    [
      2,
      2,
      2,
      2,
      2,
      2,
      287,
      287,
      2,
      2,
      2,
      1
    ],
    [
      30,
      2
    ],
    [
      38,
      4
    ],
    [
      1436
    ]
  ],
  "FieldToField_raw": [
    [
      1
    ],
    [
      0
    ],
    [
      0,
      0,
      0
    ],
    [
      0,
      0,
      0,
      0
    ],
    [
      1
    ],
    [
      0,
      0,
      0,
      0,
      0,
      0,
      0,
      1
    ],
    [
      0
    ],
    [
      0
    ],
    [
      0,
      0,
      0,
      0,
      0,
      0,
      0,
      0,
      0,
      0,
      0,
      0
    ],
    [
      0,
      0
    ],
    [
      0,
      1
    ],
    [
      0
    ]
  ],
  "ParametersToParameters_raw": [
    [
      0
    ],
    [
      1
    ],
    [
      1,
      1,
      1
    ],
    [
      1,
      1,
      1,
      1
    ],
    [
      0
    ],
    [
      1,
      1,
      1,
      1,
      1,
      1,
      1,
      0
    ],
    [
      1
    ],
    [
      1
    ],
    [
      0,
      0,
      0,
      0,
      0,
      0,
      0,
      0,
      0,
      0,
      0,
      1
    ],
    [
      1,
      1
    ],
    [
      1,
      0
    ],
    [
      1
    ]
  ]
}