{
  "OutputFormatCorrectness": [
    0.9239130434782609,
    0.7255434782608695,
    0.7222222222222222,
    0.75,
    1,
    1,
    0.7333333333333333,
    1,
    0.7292225201072386,
    0.7222222222222222,
    0.7307692307692307,
    0.75,
    0.75,
    0.7361111111111112,
    0.7139107611548556,
    0.7307692307692307,
    0.75,
    1,
    0.7307692307692307,
    1,
    0.9885386819484241,
    0.9880597014925373,
    1,
    0.9885386819484241,
    0.987987987987988,
    1,
    0.9885386819484241,
    1,
    1,
    1
  ],
  "DataClumpSize": [
    3,
    5,
    11,
    3,
    3,
    3,
    5,
    11,
    3,
    3,
    3,
    3,
    5,
    3,
    5,
    11,
    5,
    3,
    5,
    5,
    5,
    11,
    3,
    3,
    3,
    3,
    5,
    3,
    4,
    4,
    3,
    3,
    3,
    4,
    4,
    3,
    3,
    3,
    4,
    3,
    3,
    3,
    4,
    4,
    3,
    3,
    3,
    4,
    3,
    3,
    8,
    3,
    4,
    4,
    3,
    3,
    3,
    4,
    4,
    3,
    3,
    3,
    3,
    3,
    4,
    4,
    3,
    3,
    3,
    4,
    3,
    3,
    3,
    4,
    3,
    3,
    4,
    3,
    4,
    3,
    3,
    4,
    3,
    4,
    3,
    4,
    3,
    3,
    4,
    3,
    3,
    4,
    3,
    3,
    4,
    3,
    4,
    3,
    3,
    4,
    3,
    3,
    4,
    3,
    3,
    3,
    3,
    3,
    3,
    4,
    3,
    3,
    4,
    3,
    4,
    3,
    3,
    12,
    3,
    3,
    3,
    12,
    3,
    4,
    12
  ],
  "DataClumpOccurence": [
    6,
    6,
    6,
    6,
    2,
    6,
    6,
    6,
    6,
    2,
    6,
    34,
    6,
    6,
    6,
    6,
    6,
    6,
    6,
    6,
    6,
    6,
    6,
    6,
    34,
    2,
    6,
    12,
    4,
    4,
    3,
    3,
    12,
    4,
    4,
    3,
    3,
    12,
    4,
    3,
    3,
    12,
    4,
    4,
    3,
    3,
    12,
    4,
    3,
    3,
    3,
    12,
    4,
    4,
    3,
    3,
    12,
    4,
    4,
    3,
    3,
    12,
    3,
    12,
    4,
    4,
    3,
    3,
    12,
    4,
    3,
    3,
    30,
    6,
    30,
    30,
    6,
    30,
    6,
    30,
    30,
    6,
    30,
    6,
    30,
    6,
    30,
    30,
    6,
    30,
    30,
    6,
    30,
    30,
    6,
    30,
    6,
    30,
    30,
    6,
    30,
    30,
    6,
    30,
    30,
    30,
    30,
    30,
    30,
    6,
    30,
    30,
    6,
    30,
    6,
    30,
    30,
    2,
    30,
    30,
    30,
    2,
    30,
    6,
    2
  ],
  "ParametersToParameters": [
    1,
    1,
    1,
    1,
    1,
    1,
    1,
    1,
    1,
    1,
    1,
    1,
    1,
    1,
    1,
    1,
    1,
    1,
    1,
    1,
    1,
    1,
    1,
    1,
    1,
    1,
    1,
    1,
    1,
    1,
    1,
    1,
    1,
    1,
    1,
    1,
    1,
    1,
    1,
    1,
    1,
    1,
    1,
    1,
    1,
    1,
    1,
    1,
    1,
    1,
    1,
    1,
    1,
    1,
    1,
    1,
    1,
    1,
    1,
    1,
    1,
    1,
    1,
    1,
    1,
    1,
    1,
    1,
    1,
    1,
    1,
    1,
    1,
    1,
    1,
    1,
    1,
    1,
    1,
    0,
    1,
    1,
    1,
    1,
    1,
    1,
    1,
    1,
    1,
    1,
    1,
    1,
    1,
    1,
    1,
    1,
    1,
    0,
    1,
    1,
    1,
    1,
    1,
    1,
    1,
    1,
    1,
    1,
    1,
    1,
    1,
    1,
    1,
    1,
    1,
    0,
    1,
    1,
    1,
    1,
    1,
    1,
    1,
    1,
    1
  ],
  "FieldToField": [
    0,
    0,
    0,
    0,
    0,
    0,
    0,
    0,
    0,
    0,
    0,
    0,
    0,
    0,
    0,
    0,
    0,
    0,
    0,
    0,
    0,
    0,
    0,
    0,
    0,
    0,
    0,
    0,
    0,
    0,
    0,
    0,
    0,
    0,
    0,
    0,
    0,
    0,
    0,
    0,
    0,
    0,
    0,
    0,
    0,
    0,
    0,
    0,
    0,
    0,
    0,
    0,
    0,
    0,
    0,
    0,
    0,
    0,
    0,
    0,
    0,
    0,
    0,
    0,
    0,
    0,
    0,
    0,
    0,
    0,
    0,
    0,
    0,
    0,
    0,
    0,
    0,
    0,
    0,
    0,
    0,
    0,
    0,
    0,
    0,
    0,
    0,
    0,
    0,
    0,
    0,
    0,
    0,
    0,
    0,
    0,
    0,
    0,
    0,
    0,
    0,
    0,
    0,
    0,
    0,
    0,
    0,
    0,
    0,
    0,
    0,
    0,
    0,
    0,
    0,
    0,
    0,
    0,
    0,
    0,
    0,
    0,
    0,
    0,
    0
  ],
  "PreferNonPublic": [
    0,
    0,
    0,
    0,
    0,
    0,
    0,
    0,
    0,
    0,
    0,
    0,
    0,
    0,
    0,
    0,
    0,
    0,
    0,
    0,
    0,
    0,
    0,
    0,
    0,
    0,
    0,
    0,
    0,
    0,
    0,
    0,
    0,
    0,
    0,
    0,
    0,
    0,
    0,
    0,
    0,
    0,
    0,
    0,
    0,
    0,
    0,
    0,
    0,
    0,
    0,
    0,
    0,
    0,
    0,
    0,
    0,
    0,
    0,
    0,
    0,
    0,
    0,
    0,
    0,
    0,
    0,
    0,
    0,
    0,
    0,
    0,
    0,
    0,
    0,
    0,
    0,
    0,
    0,
    0,
    0,
    0,
    0,
    0,
    0,
    0,
    0,
    0,
    0,
    0,
    0,
    0,
    0,
    0,
    0,
    0,
    0,
    0,
    0,
    0,
    0,
    0,
    0,
    0,
    0,
    0,
    0,
    0,
    0,
    0,
    0,
    0,
    0,
    0,
    0,
    0,
    0,
    0,
    0,
    0,
    0,
    0,
    0,
    0,
    0
  ],
  "PrimitiveTypes": [
    0.3333333333333333,
    0.2,
    0.18181818181818182,
    0.3333333333333333,
    0,
    0,
    0.2,
    0.18181818181818182,
    0.3333333333333333,
    0,
    0,
    0.3333333333333333,
    0.2,
    0.3333333333333333,
    0.2,
    0.18181818181818182,
    0.2,
    0.3333333333333333,
    0.2,
    0.2,
    0.2,
    0.18181818181818182,
    0.3333333333333333,
    0.3333333333333333,
    0.3333333333333333,
    0.3333333333333333,
    0.2,
    1,
    1,
    1,
    1,
    1,
    1,
    1,
    1,
    1,
    1,
    1,
    1,
    1,
    1,
    1,
    1,
    1,
    1,
    1,
    1,
    1,
    1,
    1,
    0.875,
    1,
    1,
    1,
    1,
    1,
    1,
    1,
    1,
    1,
    1,
    1,
    1,
    1,
    1,
    1,
    1,
    1,
    1,
    1,
    1,
    1,
    1,
    1,
    1,
    1,
    1,
    1,
    1,
    1,
    1,
    1,
    1,
    1,
    1,
    1,
    1,
    1,
    1,
    1,
    1,
    1,
    1,
    1,
    1,
    1,
    1,
    1,
    1,
    1,
    1,
    1,
    1,
    1,
    1,
    1,
    1,
    1,
    1,
    1,
    1,
    1,
    1,
    1,
    1,
    1,
    1,
    0.75,
    1,
    1,
    1,
    0.75,
    1,
    1,
    0.75
  ],
  "AffectedFiles": [
    3,
    3,
    3,
    3,
    2,
    3,
    3,
    3,
    3,
    2,
    3,
    5,
    3,
    3,
    3,
    3,
    3,
    3,
    3,
    3,
    3,
    3,
    4,
    4,
    5,
    2,
    3,
    3,
    3,
    3,
    3,
    3,
    3,
    3,
    3,
    3,
    3,
    3,
    3,
    3,
    3,
    3,
    3,
    3,
    3,
    3,
    3,
    3,
    3,
    3,
    3,
    3,
    3,
    3,
    3,
    3,
    3,
    3,
    3,
    3,
    3,
    3,
    3,
    3,
    3,
    3,
    3,
    3,
    3,
    3,
    3,
    3,
    1,
    1,
    1,
    1,
    1,
    1,
    1,
    1,
    1,
    1,
    1,
    1,
    1,
    1,
    1,
    1,
    1,
    1,
    1,
    1,
    1,
    1,
    1,
    1,
    1,
    1,
    1,
    1,
    1,
    1,
    1,
    1,
    1,
    1,
    1,
    1,
    1,
    1,
    1,
    1,
    1,
    1,
    1,
    1,
    1,
    1,
    1,
    1,
    1,
    1,
    1,
    1,
    1
  ],
  "Time": [
    143.80833333333334,
    130.0075,
    21.272,
    22.464,
    66.813,
    24.86,
    38.023,
    24.417,
    121.9525,
    23.18,
    131.478,
    107.869,
    74.491,
    108.371,
    146.7185,
    96.99,
    132.884,
    71.385,
    109.801,
    146.007,
    136.975,
    85.117,
    85.112,
    144.9745,
    178.106,
    72.101,
    115.937,
    98.662,
    138.561,
    121.257
  ],