{
  "OutputFormatCorrectness": [
    1,
    1,
    1,
    1,
    1,
    1,
    1,
    1,
    1,
    1,
    1,
    1,
    0.7380952380952381,
    0.7450980392156863,
    1,
    0.75,
    1,
    0.75,
    0.9821958456973294,
    1,
    1,
    0.7407407407407407,
    1,
    0,
    1,
    1,
    1,
    1,
    0.7407407407407407,
    1
  ],
  "DataClumpSize": [
    3,
    3,
    3,
    4,
    3,
    3,
    3,
    3,
    3,
    3,
    3,
    5,
    3,
    3,
    4,
    12,
    3,
    4,
    5,
    3,
    4,
    5,
    3,
    4,
    5,
    4,
    12,
    12,
    15,
    15,
    15,
    3,
    15,
    4,
    3,
    3,
    3,
    3,
    25,
    3,
    4,
    3,
    3,
    4,
    4,
    4,
    4,
    4,
    3,
    3,
    4,
    3,
    25,
    3,
    3,
    3,
    12,
    5,
    4,
    25,
    3,
    12,
    25
  ],
  "DataClumpOccurence": [
    30,
    134,
    30,
    43,
    134,
    134,
    134,
    134,
    134,
    134,
    134,
    2,
    1,
    134,
    43,
    2,
    134,
    2,
    2,
    30,
    43,
    6,
    30,
    6,
    2,
    43,
    2,
    2,
    2,
    2,
    2,
    1,
    2,
    2,
    30,
    30,
    30,
    30,
    2,
    30,
    6,
    30,
    1058,
    56,
    2,
    56,
    43,
    2,
    28,
    362,
    43,
    30,
    2,
    1,
    353,
    134,
    2,
    2,
    8,
    2,
    30,
    2,
    2
  ],
  "ParametersToParameters": [
    1,
    1,
    1,
    1,
    1,
    1,
    1,
    1,
    1,
    1,
    1,
    1,
    0,
    1,
    1,
    1,
    1,
    1,
    1,
    1,
    1,
    1,
    1,
    1,
    1,
    1,
    1,
    1,
    0,
    0,
    0,
    0,
    0,
    1,
    1,
    1,
    1,
    1,
    0,
    1,
    1,
    1,
    1,
    1,
    1,
    1,
    1,
    1,
    1,
    1,
    1,
    1,
    0,
    0,
    1,
    1,
    1,
    1,
    1,
    0,
    1,
    1,
    0
  ],
  "FieldToField": [
    0,
    0,
    0,
    0,
    0,
    0,
    0,
    0,
    0,
    0,
    0,
    0,
    0,
    0,
    0,
    0,
    0,
    0,
    0,
    0,
    0,
    0,
    0,
    0,
    0,
    0,
    0,
    0,
    1,
    1,
    1,
    0,
    1,
    0,
    0,
    0,
    0,
    0,
    1,
    0,
    0,
    0,
    0,
    0,
    0,
    0,
    0,
    0,
    0,
    0,
    0,
    0,
    1,
    0,
    0,
    0,
    0,
    0,
    0,
    1,
    0,
    0,
    1
  ],
  "PreferNonPublic": [
    0,
    0,
    0,
    0,
    0,
    0,
    0,
    0,
    0,
    0,
    0,
    0,
    1,
    0,
    1,
    0,
    0,
    0,
    0,
    0,
    0,
    0,
    0,
    0,
    0,
    1,
    0,
    0,
    1,
    1,
    1,
    1,
    1,
    0,
    0,
    0,
    0,
    0,
    0,
    0,
    0,
    0,
    0,
    0,
    0,
    0,
    0,
    0,
    0,
    0,
    0,
    0,
    0,
    1,
    0,
    0,
    0,
    0,
    0,
    0,
    0,
    0,
    0
  ],
  "PrimitiveTypes": [
    1,
    1,
    1,
    1,
    1,
    1,
    1,
    1,
    1,
    1,
    1,
    1,
    1,
    1,
    1,
    0.75,
    1,
    1,
    0.8,
    1,
    1,
    0.8,
    1,
    1,
    1,
    1,
    0.75,
    0.75,
    1,
    1,
    1,
    1,
    1,
    1,
    1,
    1,
    1,
    1,
    1,
    1,
    1,
    1,
    1,
    1,
    1,
    1,
    1,
    1,
    1,
    0.6666666666666666,
    1,
    1,
    1,
    1,
    1,
    1,
    0.75,
    1,
    1,
    1,
    1,
    0.75,
    1
  ],
  "AffectedFiles": [
    1,
    16,
    1,
    5,
    16,
    16,
    16,
    16,
    16,
    16,
    16,
    1,
    2,
    16,
    5,
    1,
    16,
    1,
    1,
    1,
    5,
    1,
    1,
    1,
    1,
    5,
    1,
    1,
    2,
    2,
    2,
    2,
    2,
    1,
    1,
    1,
    1,
    1,
    2,
    1,
    1,
    1,
    32,
    6,
    1,
    6,
    5,
    1,
    2,
    29,
    5,
    1,
    2,
    2,
    26,
    16,
    1,
    1,
    2,
    2,
    1,
    1,
    2
  ],
  "Time": [
    29.185,
    69.433,
    28.581,
    120.3,
    24.78,
    42.536,
    76.496,
    31.694,
    24.244,
    21.533,
    133.382,
    36.39,
    155.64,
    99.829,
    36.58,
    23.409,
    59.396,
    22.186,
    99.01,
    77.622,
    21.893,
    40.197,
    40.323,
    171.715,
    26.335,
    71.86,
    24.119,
    22.283,
    47.273,
    36.468
  ],
  "Price": [
    0.24765,
    0.29001,
    0.25104000000000004,
    0.29253,
    0.25104000000000004,
    0.25068,
    0.29295000000000004,
    0.25104000000000004,
    0.25092000000000003,
    0.24771,
    0.3288,
    0.2511,
    0.34545000000000003,
    0.30306,
    0.26535000000000003,
    0.24747000000000002,
    0.28161,
    0.24528,
    0.37026000000000003,
    0.30666,
    0.24597000000000002,
    0.27009,
    0.26412,
    0.37065000000000003,
    0.24795,
    0.29253,
    0.24744000000000002,
    0.24714000000000003,
    0.26604,
    0.24810000000000001
  ],
  "Surety": [
    1,
    2.75,
    0.75,
    2.25,
    0.75,
    0.75,
    2.5,
    0.75,
    1,
    0.75,
    4.5,
    0.75,
    5.5,
    4,
    2,
    1,
    3,
    1,
    4.5,
    4,
    -2,
    2,
    2,
    null,
    0.75,
    2.5,
    0.75,
    1,
    1.75,
    0.75
  ],
  "Number data clumps": [
    1,
    3,
    1,
    3,
    1,
    1,
    3,
    1,
    1,
    1,
    5,
    1,
    6,
    4,
    2,
    1,
    3,
    1,
    7,
    4,
    0,
    2,
    2,
    0,
    1,
    3,
    1,
    1,
    2,
    1
  ],
  "ValidJSON": [
    1,
    1,
    1,
    1,
    1,
    1,
    1,
    1,
    1,
    1,
    1,
    1,
    1,
    1,
    1,
    1,
    1,
    1,
    0,
    1,
    1,
    1,
    1,
    0,
    1,
    1,
    1,
    1,
    1,
    1
  ]
}