{
  "OutputFormatCorrectness": [
    0.71875,
    1,
    0.7407407407407407,
    1,
    0.7037037037037037,
    1,
    1,
    1,
    0.75,
    0.75,
    0.9970238095238095,
    0.75,
    0,
    0.7407407407407407,
    0.7333333333333333,
    0.75,
    0.7333333333333333,
    0.75,
    0.7380952380952381,
    1,
    1,
    0.9888579387186629,
    0.75,
    0.9856733524355301,
    0.873015873015873,
    1,
    1,
    1,
    0.7777777777777778,
    1
  ],
  "DataClumpSize": [
    3,
    5,
    5,
    3,
    5,
    5,
    5,
    11,
    3,
    5,
    5,
    11,
    3,
    3,
    3,
    4,
    4,
    8,
    8,
    4,
    3,
    3,
    4,
    4,
    3,
    3,
    4,
    4,
    8,
    3,
    3,
    3,
    4,
    4,
    3,
    4,
    4,
    3,
    3,
    4,
    3,
    4,
    8,
    4,
    8,
    8,
    4,
    12,
    12,
    3,
    4,
    4,
    5,
    3,
    3,
    3,
    12,
    4,
    3,
    3,
    4,
    3,
    4,
    3,
    3,
    3,
    3,
    3,
    3,
    4,
    4,
    12,
    3,
    3,
    3,
    4,
    3,
    3,
    3,
    12,
    12,
    12
  ],
  "DataClumpOccurence": [
    6,
    6,
    6,
    6,
    6,
    6,
    6,
    6,
    6,
    6,
    6,
    6,
    6,
    6,
    12,
    4,
    4,
    3,
    3,
    2,
    3,
    12,
    4,
    4,
    3,
    3,
    10,
    8,
    3,
    12,
    3,
    12,
    4,
    4,
    12,
    4,
    10,
    222,
    12,
    4,
    12,
    4,
    3,
    2,
    3,
    3,
    10,
    2,
    2,
    30,
    6,
    2,
    6,
    30,
    30,
    30,
    2,
    2,
    30,
    30,
    6,
    30,
    6,
    30,
    30,
    30,
    30,
    30,
    30,
    43,
    2,
    2,
    30,
    30,
    30,
    43,
    2,
    30,
    1058,
    2,
    2,
    2
  ],
  "ParametersToParameters": [
    1,
    1,
    1,
    1,
    1,
    1,
    1,
    1,
    1,
    1,
    1,
    0,
    1,
    1,
    1,
    1,
    1,
    1,
    1,
    1,
    1,
    1,
    1,
    1,
    1,
    1,
    0,
    0,
    1,
    1,
    1,
    1,
    1,
    1,
    1,
    1,
    0,
    0,
    1,
    1,
    1,
    1,
    1,
    1,
    1,
    1,
    0,
    1,
    1,
    1,
    1,
    1,
    1,
    1,
    1,
    1,
    1,
    1,
    1,
    1,
    1,
    1,
    1,
    1,
    1,
    1,
    1,
    1,
    1,
    1,
    1,
    1,
    1,
    1,
    1,
    1,
    1,
    1,
    1,
    1,
    1,
    1
  ],
  "FieldToField": [
    0,
    0,
    0,
    0,
    0,
    0,
    0,
    0,
    0,
    0,
    0,
    1,
    0,
    0,
    0,
    0,
    0,
    0,
    0,
    0,
    0,
    0,
    0,
    0,
    0,
    0,
    1,
    1,
    0,
    0,
    0,
    0,
    0,
    0,
    0,
    0,
    1,
    1,
    0,
    0,
    0,
    0,
    0,
    0,
    0,
    0,
    1,
    0,
    0,
    0,
    0,
    0,
    0,
    0,
    0,
    0,
    0,
    0,
    0,
    0,
    0,
    0,
    0,
    0,
    0,
    0,
    0,
    0,
    0,
    0,
    0,
    0,
    0,
    0,
    0,
    0,
    0,
    0,
    0,
    0,
    0,
    0
  ],
  "PreferNonPublic": [
    0,
    0,
    0,
    0,
    0,
    0,
    0,
    0,
    0,
    0,
    0,
    1,
    0,
    0,
    0,
    0,
    0,
    0,
    0,
    0,
    0,
    0,
    0,
    0,
    0,
    0,
    1,
    1,
    0,
    0,
    0,
    0,
    0,
    0,
    0,
    0,
    1,
    1,
    0,
    0,
    0,
    0,
    0,
    0,
    0,
    0,
    1,
    0,
    0,
    0,
    0,
    0,
    0,
    0,
    0,
    0,
    0,
    0,
    0,
    0,
    0,
    0,
    0,
    0,
    0,
    0,
    0,
    0,
    0,
    0,
    0,
    0,
    0,
    0,
    0,
    1,
    0,
    0,
    0,
    0,
    0,
    0
  ],
  "PrimitiveTypes": [
    0.3333333333333333,
    0.2,
    0.2,
    0.3333333333333333,
    0.2,
    0.2,
    0.2,
    0.18181818181818182,
    0.3333333333333333,
    0.2,
    0.2,
    0,
    0.3333333333333333,
    0.3333333333333333,
    1,
    1,
    1,
    0.75,
    0.875,
    0.75,
    1,
    1,
    1,
    1,
    1,
    1,
    0,
    0.25,
    0.75,
    1,
    1,
    1,
    1,
    1,
    1,
    1,
    0,
    0,
    1,
    1,
    1,
    1,
    0.75,
    0.75,
    0.75,
    0.75,
    0,
    0.75,
    0.75,
    1,
    1,
    1,
    0.8,
    1,
    1,
    1,
    0.75,
    1,
    1,
    1,
    1,
    1,
    1,
    1,
    1,
    1,
    1,
    1,
    1,
    1,
    1,
    0.75,
    1,
    1,
    1,
    1,
    1,
    1,
    1,
    0.75,
    0.75,
    0.75
  ],
  "AffectedFiles": [
    3,
    3,
    3,
    3,
    3,
    3,
    3,
    3,
    3,
    3,
    3,
    3,
    3,
    3,
    3,
    3,
    3,
    3,
    3,
    1,
    3,
    3,
    3,
    3,
    3,
    3,
    5,
    4,
    3,
    3,
    3,
    3,
    3,
    3,
    3,
    3,
    5,
    40,
    3,
    3,
    3,
    3,
    3,
    1,
    3,
    3,
    5,
    1,
    1,
    1,
    1,
    1,
    1,
    1,
    1,
    1,
    1,
    1,
    1,
    1,
    1,
    1,
    1,
    1,
    1,
    1,
    1,
    1,
    1,
    5,
    1,
    1,
    1,
    1,
    1,
    5,
    1,
    1,
    32,
    1,
    1,
    1
  ],
  "Time": [
    68.33,
    18.814,
    45.524,
    30.134,
    74.266,
    17.925,
    29.714,
    55.328,
    15.556,
    16.38,
    175.593,
    119.238,
    172.9055,
    40.021,
    72.672,
    78.914,
    126.008,
    48.247,
    65.43,
    74.368,
    208.737,
    159.7045,
    21.508,
    168.5995,
    127.303,
    82.098,
    22.511,
    63.248,
    17.329,
    102.758
  ],
  "Price": [
    0.19692,
    0.17934,
    0.20061,
    0.18591000000000002,
    0.23229,
    0.16200000000000003,
    0.17190000000000003,
    0.19602000000000003,
    0.16227000000000003,
    0.16275,
    0.38996,
    0.30940999999999996,
    0.40151,
    0.25904,
    0.28864999999999996,
    0.27512,
    0.3077,
    0.2588,
    0.28385,
    0.30317,
    0.40196000000000004,
    0.43040000000000006,
    0.3143,
    0.5059100000000001,
    0.38468,
    0.34529000000000004,
    0.31412000000000007,
    0.35162000000000004,
    0.31100000000000005,
    0.38567000000000007
  ],
  "Surety": [
    2,
    1,
    2,
    1,
    2,
    1,
    1,
    2,
    1,
    1,
    6.5,
    4.5,
    null,
    1.5,
    2.75,
    2.75,
    4,
    2,
    2.75,
    3.5,
    5.75,
    5,
    1,
    5,
    5,
    1,
    1,
    3,
    0.75,
    4.75
  ],
  "Number data clumps": [
    2,
    1,
    2,
    1,
    2,
    1,
    1,
    2,
    1,
    1,
    7,
    5,
    0,
    2,
    3,
    3,
    4,
    2,
    3,
    4,
    6,
    5,
    1,
    7,
    5,
    1,
    1,
    3,
    1,
    5
  ],
  "ValidJSON": [
    1,
    1,
    1,
    1,
    1,
    1,
    1,
    1,
    1,
    1,
    0,
    1,
    0,
    1,
    1,
    1,
    1,
    1,
    1,
    1,
    1,
    0,
    1,
    0,
    1,
    1,
    1,
    1,
    1,
    1
  ]
}