{
  "OutputFormatCorrectness": [
    0.9919571045576407,
    1,
    0.7184986595174263,
    1,
    1,
    0.72,
    1,
    0.7333333333333333,
    1,
    0.7380952380952381,
    1,
    0.7380952380952381,
    0.7037037037037037,
    1,
    0.7333333333333333,
    0.75,
    0.7380952380952381,
    0.9876160990712074,
    0.75,
    0.7424242424242424,
    0.7391304347826086,
    0.7407407407407407,
    0.991044776119403,
    0.7361111111111112,
    1,
    0.7435897435897436,
    0.7391304347826086,
    0.75,
    0.7407407407407407,
    0.7333333333333333,
    1,
    0.7447447447447447,
    0.7407407407407407,
    0.7333333333333333,
    0.746268656716418,
    1,
    1,
    1,
    0.7222222222222222,
    1,
    0.75,
    1,
    0.7160493827160493,
    1,
    0.7272727272727273,
    1,
    1,
    0.8148148148148148,
    1,
    0.9806094182825484,
    0.9876923076923076,
    1,
    0.9767441860465116,
    1,
    1,
    1,
    1,
    0.75,
    1,
    1,
    0.7,
    0.75,
    0.990990990990991,
    1,
    1,
    1,
    0,
    0.6794871794871795,
    0.7435897435897436,
    1,
    0.75,
    0.7419354838709677,
    1,
    1,
    1
  ],
  "DataClumpSize": [
    5,
    11,
    3,
    3,
    3,
    3,
    11,
    5,
    5,
    11,
    3,
    3,
    3,
    5,
    5,
    11,
    5,
    11,
    3,
    3,
    5,
    5,
    11,
    3,
    3,
    3,
    5,
    5,
    3,
    3,
    5,
    3,
    3,
    10,
    5,
    3,
    3,
    5,
    11,
    5,
    3,
    5,
    3,
    100,
    4,
    8,
    100,
    3,
    4,
    4,
    8,
    3,
    3,
    3,
    100,
    4,
    100,
    3,
    8,
    8,
    3,
    4,
    4,
    3,
    3,
    3,
    4,
    4,
    8,
    3,
    3,
    100,
    4,
    8,
    100,
    3,
    100,
    4,
    8,
    3,
    4,
    4,
    8,
    8,
    8,
    8,
    3,
    100,
    4,
    100,
    8,
    3,
    4,
    4,
    8,
    3,
    3,
    8,
    3,
    3,
    4,
    100,
    8,
    100,
    3,
    100,
    4,
    100,
    3,
    100,
    4,
    8,
    100,
    3,
    3,
    4,
    3,
    3,
    30,
    100,
    30,
    64,
    3,
    4,
    4,
    6,
    3,
    8,
    3,
    8,
    3,
    3,
    4,
    4,
    8,
    8,
    8,
    4,
    3,
    3,
    4,
    3,
    4,
    4,
    3,
    30,
    30,
    4,
    8,
    3,
    100,
    4,
    8,
    64,
    100,
    4,
    30,
    30,
    3,
    12,
    4,
    3,
    4,
    3,
    6,
    3,
    3,
    4,
    3,
    3,
    3,
    12,
    3,
    3,
    3,
    12,
    4,
    4,
    5,
    12,
    12,
    12,
    12,
    12,
    12,
    4,
    12,
    12,
    12,
    12,
    12,
    12,
    3,
    4,
    3,
    3,
    4,
    12,
    4,
    3,
    12,
    12,
    3,
    3,
    3,
    4,
    3,
    12,
    15,
    15,
    15,
    3,
    3,
    12,
    12,
    4,
    3,
    3,
    5,
    15,
    5,
    12,
    5,
    4,
    25,
    3,
    12,
    5,
    3,
    12,
    5,
    3,
    25,
    25,
    12,
    5,
    4,
    3,
    3,
    3,
    3,
    15,
    3,
    15,
    5,
    4
  ],
  "DataClumpOccurence": [
    6,
    6,
    6,
    6,
    6,
    34,
    6,
    6,
    6,
    6,
    12,
    2,
    6,
    6,
    6,
    6,
    6,
    6,
    2,
    6,
    6,
    6,
    6,
    10,
    10,
    6,
    6,
    6,
    6,
    24,
    6,
    6,
    2,
    34,
    6,
    2,
    2,
    6,
    6,
    6,
    6,
    6,
    12,
    2,
    4,
    3,
    2,
    12,
    4,
    4,
    3,
    3,
    3,
    12,
    2,
    4,
    2,
    3,
    3,
    3,
    12,
    4,
    4,
    3,
    3,
    12,
    4,
    4,
    3,
    267,
    12,
    2,
    4,
    3,
    2,
    12,
    2,
    4,
    3,
    12,
    4,
    4,
    3,
    3,
    3,
    3,
    12,
    2,
    4,
    2,
    3,
    12,
    4,
    4,
    3,
    267,
    12,
    3,
    267,
    12,
    4,
    2,
    3,
    2,
    12,
    2,
    4,
    2,
    12,
    2,
    4,
    3,
    2,
    3,
    12,
    4,
    3,
    12,
    2,
    2,
    2,
    2,
    12,
    10,
    8,
    2,
    12,
    3,
    12,
    3,
    3,
    12,
    4,
    4,
    3,
    3,
    3,
    2,
    4,
    12,
    4,
    12,
    4,
    4,
    11,
    2,
    2,
    96,
    3,
    12,
    2,
    4,
    3,
    2,
    2,
    2,
    2,
    2,
    12,
    2,
    2,
    30,
    43,
    2,
    4,
    1,
    2,
    43,
    1,
    30,
    30,
    2,
    30,
    30,
    30,
    2,
    56,
    2,
    2,
    2,
    2,
    2,
    2,
    2,
    2,
    56,
    2,
    2,
    2,
    2,
    2,
    2,
    353,
    43,
    1,
    30,
    6,
    2,
    43,
    30,
    2,
    2,
    30,
    30,
    30,
    43,
    1,
    2,
    2,
    2,
    2,
    2,
    30,
    2,
    2,
    56,
    30,
    30,
    2,
    2,
    4,
    2,
    6,
    43,
    2,
    2,
    2,
    2,
    30,
    2,
    2,
    1,
    2,
    2,
    2,
    2,
    43,
    30,
    30,
    30,
    1,
    2,
    28,
    2,
    2,
    43
  ],
  "ParametersToParameters": [
    1,
    1,
    1,
    1,
    1,
    1,
    1,
    1,
    1,
    1,
    1,
    1,
    1,
    1,
    1,
    1,
    1,
    1,
    1,
    1,
    1,
    1,
    1,
    1,
    1,
    1,
    1,
    1,
    1,
    1,
    1,
    1,
    1,
    1,
    1,
    1,
    1,
    1,
    1,
    1,
    1,
    1,
    1,
    0,
    1,
    1,
    0,
    1,
    1,
    1,
    1,
    1,
    1,
    1,
    0,
    1,
    0,
    1,
    1,
    1,
    1,
    1,
    1,
    1,
    1,
    1,
    1,
    1,
    1,
    1,
    1,
    0,
    1,
    1,
    0,
    1,
    0,
    1,
    1,
    1,
    1,
    1,
    1,
    1,
    1,
    1,
    1,
    0,
    1,
    0,
    1,
    1,
    1,
    1,
    1,
    1,
    1,
    1,
    1,
    1,
    1,
    0,
    1,
    0,
    1,
    0,
    1,
    0,
    1,
    0,
    1,
    1,
    0,
    1,
    1,
    1,
    1,
    1,
    0,
    0,
    0,
    0,
    1,
    0,
    0,
    1,
    1,
    1,
    1,
    1,
    1,
    1,
    1,
    1,
    1,
    1,
    1,
    1,
    1,
    1,
    1,
    1,
    1,
    1,
    1,
    0,
    0,
    1,
    1,
    1,
    0,
    1,
    1,
    0,
    0,
    1,
    0,
    0,
    1,
    1,
    1,
    1,
    1,
    0,
    1,
    0,
    0,
    1,
    0,
    1,
    1,
    1,
    1,
    1,
    1,
    1,
    1,
    1,
    1,
    1,
    1,
    1,
    1,
    1,
    1,
    0,
    1,
    1,
    1,
    1,
    1,
    1,
    1,
    1,
    0,
    1,
    1,
    1,
    1,
    1,
    1,
    1,
    1,
    1,
    1,
    1,
    0,
    1,
    0,
    0,
    0,
    0,
    1,
    1,
    1,
    1,
    1,
    1,
    1,
    0,
    1,
    1,
    1,
    1,
    0,
    0,
    1,
    1,
    1,
    1,
    1,
    0,
    0,
    0,
    1,
    1,
    1,
    1,
    1,
    1,
    0,
    0,
    1,
    0,
    1,
    1
  ],