{
  "Surety": [
    1.5,
    1,
    1,
    1,
    1.5,
    0.75,
    1,
    2.25,
    1,
    1,
    1,
    2.75,
    0.75,
    2.25,
    0.75,
    0.75,
    2.5,
    0.75,
    1,
    0.75,
    4,
    -2.25,
    -4.25,
    3,
    4.5,
    4,
    1,
    5,
    -1.75,
    3,
    5,
    7,
    3,
    5,
    7,
    3,
    5,
    2,
    4,
    3
  ],
  "OutputFormatCorrectness": [
    0.8148148148148148,
    0.8888888888888888,
    0.8888888888888888,
    0.8552631578947368,
    0.8148148148148148,
    0.8148148148148148,
    0.8552631578947368,
    0.5909090909090909,
    0.8552631578947368,
    0.8888888888888888,
    0.8148148148148148,
    0.8210526315789474,
    0.8235294117647058,
    0.8235294117647058,
    0.8235294117647058,
    0.8235294117647058,
    0.8235294117647058,
    0.8235294117647058,
    0.8235294117647058,
    0.8148148148148148,
    0.8148148148148148,
    0.8490566037735849,
    0.6779661016949152,
    0.8181818181818182,
    0.7925925925925926,
    0.8,
    0.8235294117647058,
    0.8081841432225064,
    0.7924528301886793,
    0.8210526315789474,
    0.7979539641943734,
    0.8074866310160428,
    0.8148148148148148,
    0.7979539641943734,
    0.8016085790884718,
    0.8148148148148148,
    0.7979539641943734,
    0.8376068376068376,
    0.8292682926829268,
    0.8333333333333334
  ],
  "ValidJSON": [
    1,
    1,
    1,
    0,
    1,
    1,
    0,
    1,
    0,
    1,
    1,
    1,
    1,
    1,
    1,
    1,
    1,
    1,
    1,
    1,
    1,
    1,
    1,
    1,
    0,
    0,
    1,
    0,
    1,
    1,
    0,
    0,
    1,
    0,
    0,
    1,
    0,
    1,
    1,
    1
  ],
  "DataClumpSize_mean": [
    15,
    15,
    15,
    15,
    15,
    15,
    15,
    7,
    15,
    15,
    3,
    3.3333333333333335,
    3,
    3,
    3,
    3,
    3.6666666666666665,
    3,
    4,
    12,
    5.75,
    4,
    3.3333333333333335,
    6,
    4.857142857142857,
    10.857142857142858,
    12,
    12,
    3.3333333333333335,
    6.333333333333333,
    3.375,
    3.4285714285714284,
    3.3333333333333335,
    3.375,
    3.2857142857142856,
    3,
    3.375,
    7.5,
    5.25,
    6.333333333333333
  ],
  "DataClumpOccurence_mean": [
    2,
    2,
    2,
    2,
    2,
    2,
    2,
    278.6666666666667,
    2,
    2,
    30,
    121.33333333333333,
    287,
    287,
    287,
    287,
    96.66666666666667,
    287,
    47,
    2,
    20.25,
    2.3333333333333335,
    16.666666666666668,
    20.666666666666668,
    25.428571428571427,
    13.428571428571429,
    2,
    2,
    293.6666666666667,
    12.666666666666666,
    21,
    19.714285714285715,
    22,
    21,
    23.142857142857142,
    30,
    21,
    16,
    23,
    12.666666666666666
  ],
  "FieldToField_mean": [
    0,
    1,
    1,
    1,
    0,
    0,
    1,
    0,
    1,
    1,
    0,
    0,
    0,
    0,
    0,
    0,
    0,
    0,
    0,
    0,
    0,
    0,
    0,
    0,
    0.125,
    0,
    0,
    0,
    0,
    0,
    0,
    0,
    0,
    0,
    0,
    0,
    0,
    0,
    0,
    0
  ],
  "ParametersToParameters_mean": [
    1,
    0,
    0,
    0,
    1,
    1,
    0,
    1,
    0,
    0,
    1,
    1,
    1,
    1,
    1,
    1,
    1,
    1,
    1,
    1,
    1,
    0,
    0,
    1,
    0.875,
    0.8571428571428571,
    1,
    1,
    1,
    1,
    0.875,
    1,
    1,
    0.875,
    1,
    1,
    0.875,
    1,
    1,
    1
  ],
  "DataClumpSize_count": [
    2,
    1,
    1,
    1,
    2,
    1,
    1,
    3,
    1,
    1,
    1,
    3,
    1,
    3,
    1,
    1,
    3,
    1,
    1,
    1,
    4,
    3,
    3,
    3,
    7,
    7,
    1,
    5,
    3,
    3,
    8,
    7,
    3,
    8,
    7,
    3,
    8,
    2,
    4,
    3
  ],
  "DataClumpOccurence_count": [
    2,
    1,
    1,
    1,
    2,
    1,
    1,
    3,
    1,
    1,
    1,
    3,
    1,
    3,
    1,
    1,
    3,
    1,
    1,
    1,
    4,
    3,
    3,
    3,
    7,
    7,
    1,
    5,
    3,
    3,
    8,
    7,
    3,
    8,
    7,
    3,
    8,
    2,
    4,
    3
  ],
  "FieldToField_count": [
    2,
    1,
    1,
    1,
    2,
    1,
    1,
    3,
    1,
    1,
    1,
    3,
    1,
    3,
    1,
    1,
    3,
    1,
    1,
    1,
    4,
    3,
    4,
    3,
    8,
    7,
    1,
    5,
    3,
    3,
    8,
    7,
    3,
    8,
    7,
    3,
    8,
    2,
    4,
    3
  ],
  "ParametersToParameters_count": [
    2,
    1,
    1,
    1,
    2,
    1,
    1,
    3,
    1,
    1,
    1,
    3,
    1,
    3,
    1,
    1,
    3,
    1,
    1,
    1,
    4,
    3,
    4,
    3,
    8,
    7,
    1,
    5,
    3,
    3,
    8,
    7,
    3,
    8,
    7,
    3,
    8,
    2,
    4,
    3
  ],
  "DataClumpSize_sum": [
    30,
    15,
    15,
    15,
    30,
    15,
    15,
    21,
    15,
    15,
    3,
    10,
    3,
    9,
    3,
    3,
    11,
    3,
    4,
    12,
    23,
    12,
    10,
    18,
    34,
    76,
    12,
    60,
    10,
    19,
    27,
    24,
    10,
    27,
    23,
    9,
    27,
    15,
    21,
    19
  ],
  "DataClumpOccurence_sum": [
    4,
    2,
    2,
    2,
    4,
    2,
    2,
    836,
    2,
    2,
    30,
    364,
    287,
    861,
    287,
    287,
    290,
    287,
    47,
    2,
    81,
    7,
    50,
    62,
    178,
    94,
    2,
    10,
    881,
    38,
    168,
    138,
    66,
    168,
    162,
    90,
    168,
    32,
    92,
    38
  ],
  "FieldToField_sum": [
    0,
    1,
    1,
    1,
    0,
    0,
    1,
    0,
    1,
    1,
    0,
    0,
    0,
    0,
    0,
    0,
    0,
    0,
    0,
    0,
    0,
    0,
    0,
    0,
    1,
    0,
    0,
    0,
    0,
    0,
    0,
    0,
    0,
    0,
    0,
    0,
    0,
    0,
    0,
    0
  ],
  "ParametersToParameters_sum": [
    2,
    0,
    0,
    0,
    2,
    1,
    0,
    3,
    0,
    0,
    1,
    3,
    1,
    3,
    1,
    1,
    3,
    1,
    1,
    1,
    4,
    0,
    0,
    3,
    7,
    6,
    1,
    5,
    3,
    3,
    7,
    7,
    3,
    7,
    7,
    3,
    7,
    2,
    4,
    3
  ],
  "DataClumpSize_max": [
    15,
    15,
    15,
    15,
    15,
    15,
    15,
    15,
    15,
    15,
    3,
    4,
    3,
    3,
    3,
    3,
    5,
    3,
    4,
    12,
    12,
    6,
    4,
    12,
    12,
    12,
    12,
    12,
    4,
    12,
    4,
    4,
    4,
    4,
    4,
    3,
    4,
    12,
    12,
    12
  ],
  "DataClumpOccurence_max": [
    2,
    2,
    2,
    2,
    2,
    2,
    2,
    833,
    2,
    2,
    30,
    287,
    287,
    287,
    287,
    287,
    287,
    287,
    47,
    2,
    47,
    4,
    47,
    30,
    82,
    82,
    2,
    2,
    833,
    30,
    30,
    30,
    30,
    30,
    30,
    30,
    30,
    30,
    30,
    30
  ],
  "FieldToField_max": [
    0,
    1,
    1,
    1,
    0,
    0,
    1,
    0,
    1,
    1,
    0,
    0,
    0,
    0,
    0,
    0,
    0,
    0,
    0,
    0,
    0,
    0,
    0,
    0,
    1,
    0,
    0,
    0,
    0,
    0,
    0,
    0,
    0,
    0,
    0,
    0,
    0,
    0,
    0,
    0
  ],
  "ParametersToParameters_max": [
    1,
    0,
    0,
    0,
    1,
    1,
    0,
    1,
    0,
    0,
    1,
    1,
    1,
    1,
    1,
    1,
    1,
    1,
    1,
    1,
    1,
    0,
    0,
    1,
    1,
    1,
    1,
    1,
    1,
    1,
    1,
    1,
    1,
    1,
    1,
    1,
    1,
    1,
    1,
    1
  ],
  "DataClumpSize_min": [
    15,
    15,
    15,
    15,
    15,
    15,
    15,
    3,
    15,
    15,
    3,
    3,
    3,
    3,
    3,
    3,
    3,
    3,
    4,
    12,
    3,
    3,
    3,
    3,
    3,
    4,
    12,
    12,
    3,
    3,
    3,
    3,
    3,
    3,
    3,
    3,
    3,
    3,
    3,
    3
  ],
  "DataClumpOccurence_min": [
    2,
    2,
    2,
    2,
    2,
    2,
    2,
    1,
    2,
    2,
    30,
    30,
    287,
    287,
    287,
    287,
    1,
    287,
    47,
    2,
    2,
    1,
    1,
    2,
    2,
    2,
    2,
    2,
    1,
    2,
    6,
    6,
    6,
    6,
    6,
    30,
    6,
    2,
    2,
    2
  ],