{
  "OutputFormatCorrectness": [
    0,
    0,
    0.9916897506925207,
    0.9784615384615385,
    0,
    0,
    1,
    0,
    0.8284789644012945,
    0.8333333333333334,
    0.8235294117647058,
    1,
    0,
    1,
    0.4976190476190476
  ],
  "DataClumpSize": [
    3,
    3,
    5,
    11,
    11,
    11,
    3,
    11,
    11,
    11,
    11,
    11,
    11,
    11,
    11,
    11,
    11,
    11,
    5,
    11,
    11,
    11,
    11,
    11,
    11,
    11,
    11,
    11,
    11,
    11,
    11,
    11,
    3,
    3,
    3,
    3,
    4,
    4,
    4,
    4,
    4,
    4,
    3,
    3,
    3,
    3,
    4,
    4,
    3,
    3,
    3,
    3,
    3
  ],
  "DataClumpOccurence": [
    6,
    6,
    6,
    2,
    2,
    2,
    6,
    2,
    2,
    2,
    2,
    2,
    2,
    2,
    2,
    2,
    2,
    2,
    6,
    2,
    2,
    2,
    2,
    2,
    2,
    2,
    2,
    2,
    2,
    2,
    2,
    2,
    6,
    34,
    24,
    56,
    18,
    18,
    18,
    18,
    18,
    18,
    24,
    10,
    34,
    6,
    78,
    78,
    56,
    56,
    56,
    10,
    10
  ],
  "ParametersToParameters": [
    1,
    1,
    1,
    1,
    1,
    1,
    1,
    1,
    1,
    1,
    1,
    1,
    1,
    1,
    1,
    1,
    1,
    1,
    1,
    1,
    1,
    1,
    1,
    1,
    1,
    1,
    1,
    1,
    1,
    1,
    1,
    1,
    1,
    1,
    1,
    1,
    1,
    1,
    1,
    1,
    1,
    1,
    1,
    1,
    1,
    1,
    1,
    1,
    1,
    1,
    1,
    1,
    1
  ],
  "FieldToField": [
    0,
    0,
    0,
    0,
    0,
    0,
    0,
    0,
    0,
    0,
    0,
    0,
    0,
    0,
    0,
    0,
    0,
    0,
    0,
    0,
    0,
    0,
    0,
    0,
    0,
    0,
    0,
    0,
    0,
    0,
    0,
    0,
    0,
    0,
    0,
    0,
    0,
    0,
    0,
    0,
    0,
    0,
    0,
    0,
    0,
    0,
    0,
    0,
    0,
    0,
    0,
    0,
    0
  ],
  "PreferNonPublic": [
    0,
    0,
    0,
    0,
    0,
    0,
    0,
    0,
    0,
    0,
    0,
    0,
    0,
    0,
    0,
    0,
    0,
    0,
    0,
    0,
    0,
    0,
    0,
    0,
    0,
    0,
    0,
    0,
    0,
    0,
    0,
    0,
    0,
    0,
    0,
    1,
    0,
    0,
    0,
    0,
    0,
    0,
    0,
    0,
    0,
    0,
    1,
    1,
    1,
    1,
    1,
    0,
    0
  ],
  "PrimitiveTypes": [
    0.3333333333333333,
    0.3333333333333333,
    0.6,
    0.18181818181818182,
    0.18181818181818182,
    0.18181818181818182,
    0.3333333333333333,
    0.18181818181818182,
    0.18181818181818182,
    0.18181818181818182,
    0.18181818181818182,
    0.18181818181818182,
    0.18181818181818182,
    0.18181818181818182,
    0.18181818181818182,
    0.18181818181818182,
    0.18181818181818182,
    0.18181818181818182,
    0.6,
    0.18181818181818182,
    0.18181818181818182,
    0.18181818181818182,
    0.18181818181818182,
    0.18181818181818182,
    0.18181818181818182,
    0.18181818181818182,
    0.18181818181818182,
    0.18181818181818182,
    0.18181818181818182,
    0.18181818181818182,
    0.18181818181818182,
    0.18181818181818182,
    0.3333333333333333,
    0.3333333333333333,
    0.6666666666666666,
    0,
    0,
    0,
    0,
    0,
    0,
    0,
    0.6666666666666666,
    0,
    0.3333333333333333,
    0.3333333333333333,
    1,
    1,
    0,
    0,
    0,
    0,
    0
  ],
  "AffectedFiles": [
    3,
    3,
    3,
    2,
    2,
    2,
    3,
    2,
    2,
    2,
    2,
    2,
    2,
    2,
    2,
    2,
    2,
    2,
    3,
    2,
    2,
    2,
    2,
    2,
    2,
    2,
    2,
    2,
    2,
    2,
    2,
    2,
    3,
    5,
    4,
    1,
    3,
    3,
    3,
    3,
    3,
    3,
    4,
    3,
    5,
    3,
    41,
    41,
    1,
    1,
    1,
    3,
    3
  ],
  "Time": [
    0,
    270.558,
    220.641,
    136.205,
    206.44266666666667,
    204.3285,
    52.24,
    20.288,
    192.1935,
    80.033,
    156.278,
    53.639,
    13.228,
    24.005,
    135.7545
  ],
  "Price": [
    0,
    0.66784,
    1.59609,
    1.50855,
    2.4082200000000005,
    1.53873,
    0.69259,
    0.66784,
    1.57215,
    0.70768,
    0.75283,
    0.68485,
    0.66784,
    0.68074,
    1.51014
  ],
  "Surety": [
    null,
    0,
    1.25,
    -15,
    null,
    null,
    1,
    0,
    -16.25,
    -1,
    2.75,
    -1.25,
    0,
    -1.25,
    -15.5
  ],
  "Number data clumps": [
    0,
    0,
    6,
    12,
    0,
    0,
    1,
    0,
    13,
    4,
    7,
    1,
    0,
    1,
    8
  ],
  "ValidJSON": [
    0,
    1,
    0,
    0,
    0,
    0,
    1,
    1,
    0,
    1,
    1,
    1,
    1,
    1,
    0
  ]
}