{
  "Surety": [
    1,
    2.75,
    1.75,
    2,
    3,
    2.25,
    1,
    3.25,
    2.5,
    2.75,
    2,
    2.75,
    3.75,
    3.5,
    5.25,
    2,
    2,
    5,
    1,
    2.75,
    -1.25,
    1,
    2.25,
    3,
    1.75,
    2,
    1,
    2.75,
    1,
    2.75,
    3,
    3,
    1,
    1.75,
    3,
    2,
    0,
    1,
    1.5,
    1,
    3,
    1,
    1,
    1,
    3,
    -1.25,
    2,
    2,
    null,
    0.75,
    2.5,
    0.75,
    1,
    1.75,
    0.75
  ],
  "Number data clumps": [
    1,
    3,
    2,
    2,
    3,
    3,
    1,
    4,
    3,
    3,
    2,
    3,
    4,
    4,
    6,
    2,
    2,
    5,
    1,
    3,
    1,
    1,
    3,
    3,
    2,
    2,
    1,
    3,
    1,
    3,
    3,
    3,
    1,
    2,
    3,
    2,
    0,
    1,
    2,
    1,
    3,
    1,
    1,
    1,
    3,
    1,
    2,
    2,
    0,
    1,
    3,
    1,
    1,
    2,
    1
  ],
  "OutputFormatCorrectness": [
    0.8235294117647058,
    0.8256880733944955,
    0.8529411764705882,
    0.6296296296296297,
    0.8395061728395061,
    0.8256880733944955,
    0.8148148148148148,
    0.8297872340425532,
    0.8409090909090909,
    0.8455284552845529,
    0.8529411764705882,
    0.8260869565217391,
    0.8372093023255814,
    0.8527131782945736,
    0,
    0.8148148148148148,
    0.8148148148148148,
    0.8187919463087249,
    0.8148148148148148,
    0.7159090909090909,
    0.65,
    0.5925925925925926,
    0.8148148148148148,
    0.7784090909090909,
    0.5901639344262295,
    0.8148148148148148,
    0.8235294117647058,
    0.7924528301886793,
    0.7037037037037037,
    0.8181818181818182,
    0.5925925925925926,
    0.5970149253731343,
    0.8888888888888888,
    0.7870370370370371,
    0.7052631578947368,
    0.5866666666666667,
    null,
    0.5777777777777777,
    0.65,
    0.8780487804878049,
    0.5945945945945946,
    0.5925925925925926,
    0.5925925925925926,
    0.8148148148148148,
    0.8333333333333334,
    0.8148148148148148,
    0.5901639344262295,
    0.8703703703703703,
    null,
    0.8148148148148148,
    0.8235294117647058,
    0.8518518518518519,
    0.8888888888888888,
    0.5901639344262295,
    0.8148148148148148
  ],
  "ValidJSON": [
    1,
    1,
    1,
    1,
    1,
    1,
    1,
    1,
    1,
    1,
    1,
    1,
    1,
    1,
    0,
    1,
    1,
    1,
    1,
    1,
    1,
    1,
    1,
    1,
    1,
    1,
    1,
    1,
    1,
    1,
    1,
    1,
    1,
    1,
    1,
    1,
    1,
    1,
    1,
    1,
    1,
    1,
    1,
    1,
    1,
    1,
    1,
    1,
    0,
    1,
    1,
    1,
    1,
    1,
    1
  ],
  "DataClumpSize": [
    5,
    5,
    11,
    11,
    5,
    11,
    3,
    11,
    3,
    5,
    11,
    5,
    11,
    3,
    3,
    5,
    11,
    3,
    3,
    5,
    11,
    3,
    5,
    11,
    3,
    5,
    11,
    5,
    11,
    3,
    5,
    11,
    11,
    3,
    3,
    11,
    11,
    11,
    3,
    5,
    11,
    3,
    3,
    3,
    3,
    8,
    3,
    4,
    4,
    3,
    4,
    8,
    30,
    3,
    3,
    4,
    5,
    3,
    4,
    3,
    3,
    4,
    3,
    4,
    8,
    3,
    3,
    3,
    4,
    3,
    3,
    8,
    3,
    4,
    4,
    3,
    4,
    4,
    4,
    3,
    3,
    3,
    4,
    64,
    3,
    3,
    4,
    8,
    4,
    3,
    4,
    8,
    100,
    3,
    64,
    3,
    4,
    8,
    3,
    3,
    3,
    30,
    3,
    4,
    4,
    4,
    3,
    25,
    3,
    3,
    3,
    12,
    5,
    4,
    25,
    3,
    12,
    25
  ],
  "DataClumpOccurence": [
    6,
    6,
    2,
    0,
    6,
    0,
    6,
    0,
    6,
    6,
    0,
    6,
    0,
    12,
    6,
    6,
    0,
    6,
    12,
    6,
    0,
    2,
    6,
    0,
    2,
    6,
    0,
    6,
    0,
    2,
    6,
    6,
    0,
    12,
    6,
    2,
    0,
    0,
    6,
    6,
    6,
    6,
    2,
    6,
    12,
    3,
    12,
    4,
    2,
    12,
    2,
    3,
    2,
    12,
    12,
    4,
    70,
    4,
    2,
    362,
    12,
    2,
    4,
    2,
    3,
    362,
    1592,
    12,
    2,
    12,
    12,
    3,
    3,
    2,
    2,
    182,
    2,
    2,
    2,
    182,
    12,
    362,
    2,
    2,
    12,
    4,
    2,
    3,
    2,
    12,
    4,
    3,
    2,
    1080,
    2,
    12,
    2,
    3,
    12,
    12,
    12,
    2,
    362,
    2,
    2,
    47,
    30,
    2,
    1,
    833,
    287,
    2,
    2,
    8,
    2,
    30,
    2,
    2
  ],
  "ParametersToParameters": [
    1,
    1,
    1,
    0,
    1,
    0,
    1,
    0,
    1,
    1,
    0,
    1,
    0,
    1,
    1,
    1,
    0,
    1,
    1,
    1,
    0,
    1,
    1,
    0,
    1,
    1,
    0,
    1,
    0,
    1,
    1,
    1,
    0,
    1,
    1,
    1,
    0,
    0,
    1,
    1,
    1,
    1,
    1,
    1,
    1,
    1,
    1,
    1,
    1,
    1,
    1,
    1,
    0,
    1,
    1,
    1,
    0,
    1,
    1,
    1,
    1,
    1,
    1,
    1,
    1,
    1,
    1,
    1,
    1,
    1,
    1,
    1,
    1,
    1,
    1,
    1,
    1,
    1,
    1,
    1,
    1,
    1,
    1,
    0,
    1,
    1,
    1,
    1,
    1,
    1,
    1,
    1,
    0,
    0,
    0,
    1,
    1,
    1,
    1,
    1,
    1,
    0,
    1,
    1,
    1,
    1,
    1,
    0,
    0,
    1,
    1,
    1,
    1,
    1,
    0,
    1,
    1,
    0
  ],
  "FieldToField": [
    0,
    0,
    0,
    1,
    0,
    1,
    0,
    1,
    0,
    0,
    1,
    0,
    1,
    0,
    0,
    0,
    1,
    0,
    0,
    0,
    1,
    0,
    0,
    1,
    0,
    0,
    1,
    0,
    1,
    0,
    0,
    0,
    1,
    0,
    0,
    0,
    1,
    1,
    0,
    0,
    0,
    0,
    0,
    0,
    0,
    0,
    0,
    0,
    0,
    0,
    0,
    0,
    1,
    0,
    0,
    0,
    1,
    0,
    0,
    0,
    0,
    0,
    0,
    0,
    0,
    0,
    0,
    0,
    0,
    0,
    0,
    0,
    0,
    0,
    0,
    0,
    0,
    0,
    0,
    0,
    0,
    0,
    0,
    1,
    0,
    0,
    0,
    0,
    0,
    0,
    0,
    0,
    1,
    1,
    1,
    0,
    0,
    0,
    0,
    0,
    0,
    1,
    0,
    0,
    0,
    0,
    0,
    1,
    0,
    0,
    0,
    0,
    0,
    0,
    1,
    0,
    0,
    1
  ],
  "PreferNonPublic": [
    0,
    0,
    0,
    1,
    0,
    1,
    0,
    1,
    0,
    0,
    1,
    0,
    1,
    0,
    0,
    0,
    1,
    0,
    0,
    0,
    1,
    0,
    0,
    1,
    0,
    0,
    1,
    0,
    1,
    0,
    0,
    0,
    1,
    0,
    0,
    0,
    1,
    1,
    0,
    0,
    0,
    0,
    0,
    0,
    0,
    0,
    0,
    0,
    0,
    0,
    0,
    0,
    1,
    0,
    0,
    0,
    1,
    0,
    0,
    0,
    0,
    0,
    0,
    0,
    0,
    0,
    0,
    0,
    0,
    0,
    0,
    0,
    0,
    0,
    0,
    0,
    0,
    0,
    0,
    0,
    0,
    0,
    0,
    0,
    0,
    0,
    0,
    0,
    0,
    0,
    0,
    0,
    0,
    1,
    0,
    0,
    0,
    0,
    0,
    0,
    0,
    1,
    0,
    0,
    0,
    0,
    0,
    0,
    1,
    0,
    0,
    0,
    0,
    0,
    0,
    0,
    0,
    0
  ],