{
  "Surety": [
    -14.25,
    -1.25,
    -11.25,
    -2.5,
    0.75,
    2.75,
    2.75,
    3.25,
    2,
    2.75,
    2.5,
    4.25,
    3,
    3,
    3.5,
    3,
    5,
    3,
    4.25,
    3.25
  ],
  "OutputFormatCorrectness": [
    0.7654320987654321,
    0.5925925925925926,
    0.7828418230563002,
    0.5726872246696035,
    0.8148148148148148,
    0.8421052631578947,
    0.837037037037037,
    0.8360655737704918,
    0.8539325842696629,
    0.8395061728395061,
    0.8037825059101655,
    0.8352941176470589,
    0.847682119205298,
    0.8448275862068966,
    0.589041095890411,
    0.8256880733944955,
    0.8275862068965517,
    0.814385150812065,
    0.5906040268456376,
    0.8077753779697624
  ],
  "ValidJSON": [
    0,
    1,
    0,
    0,
    1,
    1,
    0,
    1,
    1,
    1,
    0,
    1,
    1,
    1,
    0,
    0,
    1,
    0,
    1,
    0
  ],
  "DataClumpSize_mean": [
    10.538461538461538,
    11,
    11,
    7,
    11,
    6.333333333333333,
    8.2,
    5.5,
    7,
    5.666666666666667,
    5,
    5,
    9,
    6.333333333333333,
    3.2857142857142856,
    4.666666666666667,
    4.666666666666667,
    4.666666666666667,
    3.4,
    4.666666666666667
  ],
  "DataClumpOccurence_mean": [
    6,
    2,
    2,
    21,
    2,
    6,
    13.6,
    7.5,
    3,
    6,
    5.2,
    36.4,
    4,
    4,
    17.714285714285715,
    34.333333333333336,
    6.333333333333333,
    5.333333333333333,
    16.8,
    25.333333333333332
  ],
  "FieldToField_mean": [
    0,
    0,
    0,
    0,
    0,
    0.3333333333333333,
    0.4,
    0.25,
    0.5,
    0.3333333333333333,
    0.16666666666666666,
    0.2,
    0.3333333333333333,
    0.3333333333333333,
    0,
    0,
    0,
    0,
    0,
    0.14285714285714285
  ],
  "ParametersToParameters_mean": [
    1,
    1,
    0.9,
    1,
    1,
    0.6666666666666666,
    0.6,
    0.75,
    0.5,
    0.6666666666666666,
    0.8333333333333334,
    0.8,
    0.6666666666666666,
    0.6666666666666666,
    0.8571428571428571,
    1,
    1,
    1,
    1,
    0.8571428571428571
  ],
  "DataClumpSize_count": [
    13,
    1,
    9,
    2,
    1,
    3,
    5,
    4,
    2,
    3,
    5,
    5,
    3,
    3,
    7,
    6,
    6,
    6,
    5,
    6
  ],
  "DataClumpOccurence_count": [
    13,
    1,
    9,
    2,
    1,
    3,
    5,
    4,
    2,
    3,
    5,
    5,
    3,
    3,
    7,
    6,
    6,
    6,
    5,
    6
  ],
  "FieldToField_count": [
    13,
    1,
    10,
    2,
    1,
    3,
    5,
    4,
    2,
    3,
    6,
    5,
    3,
    3,
    7,
    6,
    6,
    6,
    5,
    7
  ],
  "ParametersToParameters_count": [
    13,
    1,
    10,
    2,
    1,
    3,
    5,
    4,
    2,
    3,
    6,
    5,
    3,
    3,
    7,
    6,
    6,
    6,
    5,
    7
  ],
  "DataClumpSize_sum": [
    137,
    11,
    99,
    14,
    11,
    19,
    41,
    22,
    14,
    17,
    25,
    25,
    27,
    19,
    23,
    28,
    28,
    28,
    17,
    28
  ],
  "DataClumpOccurence_sum": [
    78,
    2,
    18,
    42,
    2,
    18,
    68,
    30,
    6,
    18,
    26,
    182,
    12,
    12,
    124,
    206,
    38,
    32,
    84,
    152
  ],
  "FieldToField_sum": [
    0,
    0,
    0,
    0,
    0,
    1,
    2,
    1,
    1,
    1,
    1,
    1,
    1,
    1,
    0,
    0,
    0,
    0,
    0,
    1
  ],
  "ParametersToParameters_sum": [
    13,
    1,
    9,
    2,
    1,
    2,
    3,
    3,
    1,
    2,
    5,
    4,
    2,
    2,
    6,
    6,
    6,
    6,
    5,
    6
  ],
  "DataClumpSize_max": [
    11,
    11,
    11,
    11,
    11,
    11,
    11,
    11,
    11,
    11,
    11,
    11,
    11,
    11,
    5,
    11,
    11,
    11,
    5,
    11
  ],
  "DataClumpOccurence_max": [
    6,
    2,
    2,
    36,
    2,
    12,
    56,
    12,
    6,
    12,
    6,
    64,
    6,
    6,
    56,
    64,
    12,
    6,
    64,
    64
  ],
  "FieldToField_max": [
    0,
    0,
    0,
    0,
    0,
    1,
    1,
    1,
    1,
    1,
    1,
    1,
    1,
    1,
    0,
    0,
    0,
    0,
    0,
    1
  ],
  "ParametersToParameters_max": [
    1,
    1,
    1,
    1,
    1,
    1,
    1,
    1,
    1,
    1,
    1,
    1,
    1,
    1,
    1,
    1,
    1,
    1,
    1,
    1
  ],
  "DataClumpSize_min": [
    5,
    11,
    11,
    3,
    11,
    3,
    3,
    3,
    3,
    3,
    3,
    3,
    5,
    3,
    3,
    3,
    3,
    3,
    3,
    3
  ],
  "DataClumpOccurence_min": [
    6,
    2,
    2,
    6,
    2,
    0,
    0,
    0,
    0,
    0,
    2,
    0,
    0,
    0,
    2,
    2,
    2,
    2,
    2,
    6
  ],
  "FieldToField_min": [
    0,
    0,
    0,
    0,
    0,
    0,
    0,
    0,
    0,
    0,
    0,
    0,
    0,
    0,
    0,
    0,
    0,
    0,
    0,
    0
  ],
  "ParametersToParameters_min": [
    1,
    1,
    0,
    1,
    1,
    0,
    0,
    0,
    0,
    0,
    0,
    0,
    0,
    0,
    0,
    1,
    1,
    1,
    1,
    0
  ],
  "DataClumpSize_raw": [
    [
      11,
      11,
      11,
      11,
      11,
      11,
      11,
      11,
      11,
      11,
      5,
      11,
      11
    ],
    [
      11
    ],
    [
      11,
      11,
      11,
      11,
      11,
      11,
      11,
      11,
      11
    ],
    [
      11,
      3
    ],
    [
      11
    ],
    [
      5,
      11,
      3
    ],
    [
      5,
      11,
      11,
      11,
      3
    ],
    [
      5,
      11,
      3,
      3
    ],
    [
      3,
      11
    ],
    [
      3,
      11,
      3
    ],
    [
      3,
      5,
      11,
      3,
      3
    ],
    [
      5,
      11,
      3,
      3,
      3
    ],
    [
      5,
      11,
      11
    ],
    [
      3,
      5,
      11
    ],
    [
      5,
      3,
      3,
      3,
      3,
      3,
      3
    ],
    [
      5,
      11,
      3,
      3,
      3,
      3
    ],
    [
      5,
      11,
      3,
      3,
      3,
      3
    ],
    [
      5,
      11,
      3,
      3,
      3,
      3
    ],
    [
      3,
      5,
      3,
      3,
      3
    ],
    [
      3,
      5,
      11,
      3,
      3,
      3
    ]
  ],
  "DataClumpOccurence_raw": [
    [
      6,
      6,
      6,
      6,
      6,
      6,
      6,
      6,
      6,
      6,
      6,
      6,
      6
    ],
    [
      2
    ],
    [
      2,
      2,
      2,
      2,
      2,
      2,
      2,
      2,
      2
    ],
    [
      6,
      36
    ],
    [
      2
    ],
    [
      6,
      0,
      12
    ],
    [
      6,
      6,
      0,
      0,
      56
    ],
    [
      6,
      0,
      12,
      12
    ],
    [
      6,
      0
    ],
    [
      6,
      0,
      12
    ],
    [
      6,
      6,
      6,
      6,
      2
    ],
    [
      6,
      0,
      56,
      56,
      64
    ],
    [
      6,
      6,
      0
    ],
    [
      6,
      6,
      0
    ],
    [
      6,
      6,
      12,
      2,
      6,
      56,
      36
    ],
    [
      6,
      6,
      2,
      64,
      64,
      64
    ],
    [
      6,
      6,
      6,
      2,
      12,
      6
    ],
    [
      6,
      6,
      6,
      2,
      6,
      6
    ],
    [
      6,
      6,
      64,
      2,
      6
    ],
    [
      6,
      6,
      6,
      6,
      64,
      64
    ]
  ],