{
  "Surety": [
    -1.75,
    -1.25,
    -13.25,
    -3,
    -5.75,
    null,
    -1.25,
    -11.25,
    -2.5,
    0.75,
    -9.75,
    -16.25,
    -2,
    -17.5,
    0.75,
    0.25,
    1,
    0.75,
    1.75,
    1.5,
    1,
    0.75,
    0.75,
    -3,
    2,
    2,
    2,
    1.5,
    1.75,
    5,
    1.75,
    1,
    1,
    0.5,
    1,
    -5.5,
    2,
    0.75,
    1,
    1,
    1,
    -4,
    -2,
    1,
    1,
    -1.25,
    0.75,
    1,
    1.5,
    2.25,
    4,
    0.75,
    1,
    1,
    -0.5
  ],
  "Number data clumps": [
    3,
    1,
    9,
    4,
    3,
    0,
    1,
    9,
    2,
    1,
    4,
    13,
    0,
    14,
    1,
    3,
    1,
    1,
    2,
    2,
    1,
    1,
    1,
    4,
    2,
    2,
    2,
    2,
    2,
    5,
    2,
    1,
    1,
    3,
    1,
    6,
    2,
    1,
    1,
    1,
    1,
    0,
    0,
    1,
    1,
    1,
    1,
    1,
    2,
    3,
    8,
    1,
    1,
    1,
    2
  ],
  "OutputFormatCorrectness": [
    0.5925925925925926,
    0.8514851485148515,
    0.42592592592592593,
    0.5977011494252874,
    0.8125,
    null,
    0.5925925925925926,
    0.7855227882037533,
    0.5764192139737991,
    0.8148148148148148,
    0.7692307692307693,
    0,
    0.7692307692307693,
    0.225,
    0.5742574257425742,
    0.8181818181818182,
    0.6129032258064516,
    0.8727272727272727,
    0.8544698544698545,
    0.6808510638297872,
    0,
    0.6666666666666666,
    0.8888888888888888,
    0.5925925925925926,
    0.5888077858880778,
    0.8618677042801557,
    0.5919395465994962,
    0.8386363636363636,
    0,
    0.8484848484848485,
    0,
    0.8780487804878049,
    0.8695652173913043,
    0.5721271393643031,
    0,
    0.3148148148148148,
    0.8461538461538461,
    0.8666666666666667,
    0.8727272727272727,
    0.8431372549019608,
    0.865979381443299,
    0.7692307692307693,
    0.7692307692307693,
    0.8666666666666667,
    0.865979381443299,
    0.8148148148148148,
    0.8545454545454545,
    0.8888888888888888,
    0.8888888888888888,
    0.8,
    0,
    0.8,
    0.5783132530120482,
    0.9,
    0.8085106382978723
  ],
  "ValidJSON": [
    1,
    1,
    0,
    1,
    1,
    0,
    1,
    0,
    0,
    1,
    1,
    0,
    1,
    0,
    1,
    1,
    1,
    1,
    0,
    1,
    0,
    1,
    1,
    1,
    0,
    0,
    0,
    0,
    0,
    1,
    0,
    1,
    1,
    0,
    0,
    0,
    1,
    1,
    1,
    0,
    1,
    1,
    1,
    1,
    1,
    1,
    1,
    1,
    1,
    1,
    0,
    1,
    1,
    1,
    1
  ],
  "DataClumpSize": [
    5,
    3,
    3,
    11,
    11,
    11,
    11,
    11,
    5,
    11,
    11,
    11,
    11,
    11,
    3,
    3,
    3,
    5,
    3,
    3,
    11,
    11,
    11,
    11,
    11,
    11,
    11,
    11,
    11,
    11,
    11,
    3,
    11,
    11,
    3,
    3,
    3,
    11,
    11,
    11,
    10,
    11,
    11,
    11,
    11,
    11,
    11,
    11,
    11,
    11,
    10,
    10,
    10,
    10,
    10,
    10,
    10,
    10,
    10,
    10,
    10,
    10,
    10,
    10,
    10,
    8,
    8,
    3,
    100,
    30,
    100,
    30,
    30,
    4,
    30,
    4,
    30,
    30,
    30,
    30,
    30,
    100,
    64,
    100,
    30,
    64,
    64,
    100,
    30,
    64,
    64,
    100,
    3,
    6,
    8,
    4,
    100,
    30,
    64,
    100,
    100,
    64,
    64,
    100,
    8,
    3,
    3,
    8,
    3,
    6,
    8,
    4,
    100,
    100,
    30,
    100,
    100,
    100,
    25,
    25,
    15,
    25,
    25,
    3,
    3,
    3,
    25,
    25,
    25,
    25,
    25,
    25,
    16,
    15,
    15,
    15,
    15,
    15,
    15
  ],
  "DataClumpOccurence": [
    6,
    64,
    36,
    2,
    6,
    6,
    6,
    6,
    6,
    6,
    6,
    6,
    6,
    2,
    64,
    36,
    56,
    6,
    12,
    56,
    2,
    2,
    2,
    2,
    2,
    2,
    2,
    2,
    2,
    2,
    6,
    36,
    2,
    2,
    64,
    36,
    56,
    6,
    6,
    6,
    6,
    6,
    6,
    6,
    6,
    6,
    6,
    6,
    6,
    6,
    34,
    34,
    34,
    34,
    34,
    34,
    34,
    34,
    34,
    34,
    34,
    34,
    34,
    34,
    6,
    3,
    3,
    182,
    2,
    2,
    2,
    2,
    2,
    8,
    2,
    8,
    2,
    2,
    2,
    2,
    2,
    2,
    2,
    2,
    2,
    2,
    2,
    2,
    2,
    2,
    2,
    2,
    12,
    2,
    3,
    8,
    2,
    2,
    2,
    2,
    2,
    2,
    2,
    2,
    3,
    20,
    20,
    3,
    182,
    2,
    3,
    8,
    2,
    2,
    2,
    2,
    2,
    2,
    2,
    2,
    2,
    2,
    2,
    1,
    1,
    1,
    2,
    2,
    2,
    2,
    2,
    2,
    2,
    2,
    2,
    2,
    2,
    2,
    2
  ],
  "ParametersToParameters": [
    1,
    1,
    1,
    1,
    1,
    1,
    1,
    1,
    1,
    1,
    1,
    1,
    1,
    1,
    1,
    1,
    1,
    1,
    1,
    1,
    1,
    1,
    1,
    1,
    1,
    1,
    1,
    1,
    1,
    1,
    1,
    1,
    1,
    1,
    1,
    1,
    1,
    1,
    1,
    1,
    1,
    1,
    1,
    1,
    1,
    1,
    1,
    1,
    1,
    1,
    1,
    1,
    1,
    1,
    1,
    1,
    1,
    1,
    1,
    1,
    1,
    1,
    1,
    1,
    1,
    1,
    1,
    1,
    0,
    0,
    0,
    0,
    0,
    0,
    0,
    0,
    0,
    0,
    0,
    0,
    0,
    0,
    0,
    0,
    0,
    0,
    0,
    0,
    0,
    0,
    0,
    0,
    1,
    1,
    1,
    0,
    0,
    0,
    0,
    0,
    0,
    0,
    0,
    0,
    1,
    1,
    1,
    1,
    1,
    1,
    1,
    0,
    0,
    0,
    0,
    0,
    0,
    0,
    0,
    0,
    0,
    0,
    0,
    0,
    0,
    0,
    0,
    0,
    0,
    0,
    0,
    0,
    0,
    0,
    0,
    0,
    0,
    0,
    0
  ],
  "FieldToField": [
    0,
    0,
    0,
    0,
    0,
    0,
    0,
    0,
    0,
    0,
    0,
    0,
    0,
    0,
    0,
    0,
    0,
    0,
    0,
    0,
    0,
    0,
    0,
    0,
    0,
    0,
    0,
    0,
    0,
    0,
    0,
    0,
    0,
    0,
    0,
    0,
    0,
    0,
    0,
    0,
    0,
    0,
    0,
    0,
    0,
    0,
    0,
    0,
    0,
    0,
    0,
    0,
    0,
    0,
    0,
    0,
    0,
    0,
    0,
    0,
    0,
    0,
    0,
    0,
    0,
    0,
    0,
    0,
    1,
    1,
    1,
    1,
    1,
    1,
    1,
    1,
    1,
    1,
    1,
    1,
    1,
    1,
    1,
    1,
    1,
    1,
    1,
    1,
    1,
    1,
    1,
    1,
    0,
    0,
    0,
    1,
    1,
    1,
    1,
    1,
    1,
    1,
    1,
    1,
    0,
    0,
    0,
    0,
    0,
    0,
    0,
    1,
    1,
    1,
    1,
    1,
    1,
    1,
    1,
    1,
    1,
    1,
    1,
    0,
    0,
    0,
    1,
    1,
    1,
    1,
    1,
    1,
    1,
    1,
    1,
    1,
    1,
    1,
    1
  ],
  "PreferNonPublic": [
    0,
    0,
    0,
    0,
    0,
    0,
    0,
    0,
    0,
    0,
    0,
    0,
    0,
    0,
    0,
    0,
    1,
    0,
    0,
    1,
    0,
    0,
    0,
    0,
    0,
    0,
    0,
    0,
    0,
    0,
    0,
    0,
    0,
    0,
    0,
    0,
    1,
    0,
    0,
    0,
    0,
    0,
    0,
    0,
    0,
    0,
    0,
    0,
    0,
    0,
    0,
    0,
    0,
    0,
    0,
    0,
    0,
    0,
    0,
    0,
    0,
    0,
    0,
    0,
    0,
    0,
    0,
    0,
    0,
    1,
    0,
    1,
    1,
    1,
    1,
    1,
    1,
    1,
    1,
    1,
    1,
    0,
    0,
    0,
    1,
    0,
    0,
    0,
    1,
    0,
    0,
    0,
    0,
    0,
    0,
    1,
    0,
    1,
    0,
    0,
    0,
    0,
    0,
    0,
    0,
    0,
    0,
    0,
    0,
    0,
    0,
    1,
    0,
    0,
    1,
    0,
    0,
    0,
    0,
    0,
    1,
    0,
    0,
    1,
    1,
    1,
    0,
    0,
    0,
    0,
    0,
    0,
    1,
    1,
    1,
    1,
    1,
    1,
    1
  ],