{
  "Surety": [
    -1.5,
    0.75,
    null,
    -1,
    -5.75,
    null,
    -1.25,
    null,
    null,
    0.75,
    -9.75,
    null,
    -2,
    null,
    0.75,
    -1.25,
    0.75,
    1,
    1.5,
    2.25,
    null,
    0.75,
    1,
    1,
    -0.5
  ],
  "Number data clumps": [
    3,
    1,
    0,
    4,
    3,
    0,
    1,
    0,
    0,
    1,
    5,
    0,
    0,
    0,
    1,
    1,
    1,
    1,
    2,
    3,
    0,
    1,
    1,
    1,
    2
  ],
  "OutputFormatCorrectness": [
    0.5925925925925926,
    0.8514851485148515,
    null,
    0.5977011494252874,
    0.8125,
    null,
    0.5925925925925926,
    null,
    null,
    0.8148148148148148,
    0.7692307692307693,
    null,
    0.7692307692307693,
    null,
    0.5742574257425742,
    0.8148148148148148,
    0.8545454545454545,
    0.8888888888888888,
    0.8888888888888888,
    0.8,
    null,
    0.8,
    0.5783132530120482,
    0.9,
    0.8085106382978723
  ],
  "ValidJSON": [
    1,
    1,
    0,
    1,
    1,
    0,
    1,
    0,
    0,
    1,
    1,
    0,
    1,
    0,
    1,
    1,
    1,
    1,
    1,
    1,
    0,
    1,
    1,
    1,
    1
  ],
  "DataClumpSize": [
    5,
    3,
    3,
    5,
    3,
    3,
    3,
    3,
    5,
    3,
    3,
    11,
    11,
    11,
    3,
    3,
    3,
    3,
    3,
    25,
    25,
    15,
    25,
    25,
    3,
    3,
    3,
    15,
    15,
    15,
    15,
    15
  ],
  "DataClumpOccurence": [
    6,
    64,
    36,
    6,
    6,
    64,
    36,
    56,
    6,
    12,
    56,
    2,
    6,
    2,
    64,
    36,
    2,
    56,
    2,
    2,
    2,
    2,
    2,
    2,
    1,
    1,
    1,
    2,
    2,
    2,
    2,
    2
  ],
  "ParametersToParameters": [
    1,
    1,
    1,
    1,
    1,
    1,
    1,
    1,
    1,
    1,
    1,
    1,
    1,
    1,
    1,
    1,
    1,
    1,
    1,
    0,
    0,
    0,
    0,
    0,
    0,
    0,
    0,
    0,
    0,
    0,
    0,
    0
  ],
  "FieldToField": [
    0,
    0,
    0,
    0,
    0,
    0,
    0,
    0,
    0,
    0,
    0,
    0,
    0,
    0,
    0,
    0,
    0,
    0,
    0,
    1,
    1,
    1,
    1,
    1,
    0,
    0,
    0,
    1,
    1,
    1,
    1,
    1
  ],
  "PreferNonPublic": [
    0,
    0,
    0,
    0,
    0,
    0,
    0,
    1,
    0,
    0,
    1,
    0,
    0,
    0,
    0,
    0,
    0,
    1,
    0,
    0,
    0,
    1,
    0,
    0,
    1,
    1,
    1,
    1,
    1,
    1,
    1,
    1
  ],
  "PrimitiveTypes": [
    0.6,
    0.3333333333333333,
    0.6666666666666666,
    0,
    0.3333333333333333,
    0.3333333333333333,
    0.6666666666666666,
    0,
    0.2,
    0,
    0,
    0.18181818181818182,
    0.18181818181818182,
    0.18181818181818182,
    0.3333333333333333,
    0.6666666666666666,
    0,
    0,
    0,
    1,
    1,
    1,
    1,
    1,
    1,
    1,
    1,
    1,
    1,
    1,
    1,
    1
  ],
  "AffectedFiles": [
    3,
    5,
    4,
    3,
    3,
    5,
    4,
    1,
    3,
    3,
    1,
    2,
    3,
    2,
    5,
    4,
    1,
    1,
    2,
    2,
    2,
    2,
    2,
    2,
    2,
    2,
    2,
    2,
    2,
    2,
    2,
    2
  ]
}