{
  "Surety": [
    1.5,
    1,
    1,
    1,
    1.5,
    0.75,
    1,
    2.25,
    1,
    1,
    1,
    2.75,
    0.75,
    2.25,
    0.75,
    0.75,
    2.5,
    0.75,
    1,
    0.75,
    4,
    -2.25,
    -4.25,
    3,
    4.5,
    4,
    1,
    5,
    -1.75,
    3,
    5,
    7,
    3,
    5,
    7,
    3,
    5,
    2,
    4,
    3
  ],
  "Number data clumps": [
    2,
    1,
    1,
    1,
    2,
    1,
    1,
    3,
    1,
    1,
    1,
    3,
    1,
    3,
    1,
    1,
    3,
    1,
    1,
    1,
    4,
    3,
    3,
    3,
    7,
    7,
    1,
    5,
    3,
    3,
    8,
    7,
    3,
    8,
    7,
    3,
    8,
    2,
    4,
    3
  ],
  "OutputFormatCorrectness": [
    0.8148148148148148,
    0.8888888888888888,
    0.8888888888888888,
    0,
    0.8148148148148148,
    0.8148148148148148,
    0,
    0.5909090909090909,
    0.8565217391304348,
    0.8888888888888888,
    0.8148148148148148,
    0.8210526315789474,
    0.8235294117647058,
    0.8235294117647058,
    0.8235294117647058,
    0.8235294117647058,
    0.8235294117647058,
    0.8235294117647058,
    0.8235294117647058,
    0.8148148148148148,
    0.8148148148148148,
    0.8490566037735849,
    0.6779661016949152,
    0.8181818181818182,
    0.7950617283950617,
    0.8027397260273973,
    0.8235294117647058,
    0,
    0.7924528301886793,
    0.8210526315789474,
    0,
    0.8037135278514589,
    0.8148148148148148,
    0.5735294117647058,
    0,
    0.8148148148148148,
    0,
    0.8376068376068376,
    0.8292682926829268,
    0.8333333333333334
  ],
  "ValidJSON": [
    1,
    1,
    1,
    0,
    1,
    1,
    0,
    1,
    0,
    1,
    1,
    1,
    1,
    1,
    1,
    1,
    1,
    1,
    1,
    1,
    1,
    1,
    1,
    1,
    0,
    0,
    1,
    0,
    1,
    1,
    0,
    0,
    1,
    0,
    0,
    1,
    0,
    1,
    1,
    1
  ],
  "DataClumpSize": [
    15,
    15,
    15,
    15,
    15,
    15,
    15,
    15,
    15,
    15,
    3,
    3,
    15,
    15,
    3,
    3,
    3,
    4,
    3,
    3,
    3,
    3,
    3,
    3,
    3,
    5,
    3,
    3,
    4,
    12,
    12,
    4,
    3,
    4,
    3,
    6,
    3,
    3,
    4,
    3,
    3,
    3,
    12,
    3,
    3,
    3,
    12,
    4,
    4,
    5,
    12,
    12,
    12,
    12,
    12,
    12,
    4,
    12,
    12,
    12,
    12,
    12,
    12,
    3,
    4,
    3,
    3,
    4,
    12,
    3,
    4,
    3,
    3,
    4,
    3,
    4,
    3,
    3,
    4,
    3,
    4,
    3,
    4,
    3,
    3,
    4,
    3,
    3,
    4,
    3,
    3,
    4,
    3,
    4,
    3,
    3,
    4,
    3,
    3,
    4,
    3,
    3,
    3,
    3,
    3,
    3,
    4,
    3,
    3,
    4,
    3,
    4,
    3,
    3,
    12,
    3,
    3,
    3,
    12,
    3,
    4,
    12
  ],
  "DataClumpOccurence": [
    2,
    2,
    2,
    2,
    2,
    2,
    2,
    2,
    2,
    2,
    833,
    1,
    2,
    2,
    30,
    287,
    30,
    47,
    287,
    287,
    287,
    287,
    287,
    287,
    287,
    2,
    1,
    287,
    47,
    2,
    2,
    2,
    30,
    47,
    2,
    4,
    1,
    2,
    47,
    1,
    30,
    30,
    2,
    30,
    30,
    30,
    2,
    82,
    2,
    2,
    2,
    2,
    2,
    2,
    2,
    2,
    82,
    2,
    2,
    2,
    2,
    2,
    2,
    833,
    47,
    1,
    30,
    6,
    2,
    30,
    6,
    30,
    30,
    6,
    30,
    6,
    30,
    30,
    6,
    30,
    6,
    30,
    6,
    30,
    30,
    6,
    30,
    30,
    6,
    30,
    30,
    6,
    30,
    6,
    30,
    30,
    6,
    30,
    30,
    6,
    30,
    30,
    30,
    30,
    30,
    30,
    6,
    30,
    30,
    6,
    30,
    6,
    30,
    30,
    2,
    30,
    30,
    30,
    2,
    30,
    6,
    2
  ],
  "ParametersToParameters": [
    0,
    0,
    0,
    0,
    0,
    0,
    0,
    0,
    0,
    0,
    1,
    0,
    0,
    0,
    1,
    1,
    1,
    1,
    1,
    1,
    1,
    1,
    1,
    1,
    1,
    1,
    0,
    1,
    1,
    1,
    1,
    1,
    1,
    1,
    0,
    1,
    0,
    0,
    1,
    0,
    1,
    1,
    1,
    1,
    1,
    1,
    1,
    1,
    1,
    1,
    1,
    1,
    1,
    1,
    1,
    1,
    0,
    1,
    1,
    1,
    1,
    1,
    1,
    1,
    1,
    0,
    1,
    1,
    1,
    1,
    1,
    1,
    1,
    1,
    1,
    1,
    0,
    1,
    1,
    1,
    1,
    1,
    1,
    1,
    1,
    1,
    1,
    1,
    1,
    1,
    1,
    1,
    1,
    1,
    0,
    1,
    1,
    1,
    1,
    1,
    1,
    1,
    1,
    1,
    1,
    1,
    1,
    1,
    1,
    1,
    1,
    1,
    0,
    1,
    1,
    1,
    1,
    1,
    1,
    1,
    1,
    1
  ],
  "FieldToField": [
    1,
    1,
    1,
    1,
    1,
    1,
    1,
    1,
    1,
    1,
    0,
    0,
    1,
    1,
    0,
    0,
    0,
    0,
    0,
    0,
    0,
    0,
    0,
    0,
    0,
    0,
    0,
    0,
    0,
    0,
    0,
    0,
    0,
    0,
    1,
    0,
    0,
    1,
    0,
    0,
    0,
    0,
    0,
    0,
    0,
    0,
    0,
    0,
    0,
    0,
    0,
    0,
    0,
    0,
    0,
    0,
    0,
    0,
    0,
    0,
    0,
    0,
    0,
    0,
    0,
    0,
    0,
    0,
    0,
    0,
    0,
    0,
    0,
    0,
    0,
    0,
    0,
    0,
    0,
    0,
    0,
    0,
    0,
    0,
    0,
    0,
    0,
    0,
    0,
    0,
    0,
    0,
    0,
    0,
    0,
    0,
    0,
    0,
    0,
    0,
    0,
    0,
    0,
    0,
    0,
    0,
    0,
    0,
    0,
    0,
    0,
    0,
    0,
    0,
    0,
    0,
    0,
    0,
    0,
    0,
    0,
    0
  ],
  "PreferNonPublic": [
    1,
    1,
    1,
    1,
    1,
    1,
    1,
    1,
    1,
    1,
    0,
    1,
    1,
    1,
    0,
    0,
    0,
    0,
    0,
    0,
    0,
    0,
    0,
    0,
    0,
    0,
    1,
    0,
    1,
    0,
    0,
    0,
    0,
    0,
    1,
    0,
    1,
    1,
    0,
    1,
    0,
    0,
    0,
    0,
    0,
    0,
    0,
    0,
    0,
    0,
    0,
    0,
    0,
    0,
    0,
    0,
    0,
    0,
    0,
    0,
    0,
    0,
    0,
    0,
    0,
    1,
    0,
    0,
    0,
    0,
    0,
    0,
    0,
    0,
    0,
    0,
    0,
    0,
    0,
    0,
    0,
    0,
    0,
    0,
    0,
    0,
    0,
    0,
    0,
    0,
    0,
    0,
    0,
    0,
    0,
    0,
    0,
    0,
    0,
    0,
    0,
    0,
    0,
    0,
    0,
    0,
    0,
    0,
    0,
    0,
    0,
    0,
    0,
    0,
    0,
    0,
    0,
    0,
    0,
    0,
    0,
    0
  ],
  "PrimitiveTypes": [
    1,
    1,
    1,
    1,
    1,
    1,
    1,
    1,
    1,
    1,
    1,
    1,
    1,
    1,
    1,
    1,
    1,
    1,
    1,
    1,
    1,
    1,
    1,
    1,
    1,
    1,
    1,
    1,
    1,
    0.75,
    0.75,
    1,
    1,
    1,
    0,
    0.8333333333333334,
    1,
    0,
    1,
    1,
    1,
    1,
    0.75,
    1,
    1,
    1,
    0.75,
    1,
    1,
    0.8,
    0.75,
    0.75,
    0.75,
    0.75,
    0.75,
    0.75,
    1,
    0.75,
    0.75,
    0.75,
    0.75,
    0.75,
    0.75,
    1,
    1,
    1,
    1,
    1,
    0.75,
    1,
    1,
    1,
    1,
    1,
    1,
    1,
    1,
    1,
    1,
    1,
    1,
    1,
    1,
    1,
    1,
    1,
    1,
    1,
    1,
    1,
    1,
    1,
    1,
    1,
    1,
    1,
    1,
    1,
    1,
    1,
    1,
    1,
    1,
    1,
    1,
    1,
    1,
    1,
    1,
    1,
    1,
    1,
    1,
    1,
    0.75,
    1,
    1,
    1,
    0.75,
    1,
    1,
    0.75
  ],