{
  "OutputFormatCorrectness": [
    0.75,
    1,
    0.9821428571428571,
    1,
    0.75,
    1,
    0.7380952380952381,
    0.7037037037037037,
    1,
    0.7333333333333333,
    0.75,
    0.7443820224719101,
    0.696969696969697,
    0.9789473684210527,
    0.7333333333333333,
    1,
    1,
    1,
    1,
    0.8717948717948718,
    0.7777777777777778,
    0.75,
    1,
    0.9551282051282052,
    0.7407407407407407,
    1,
    1,
    1,
    0.7222222222222222,
    1,
    0.75,
    1,
    0.7160493827160493,
    1,
    0.7272727272727273,
    0.7589285714285714,
    1,
    0.75,
    0.8666666666666667,
    0.7192982456140351,
    0.75,
    0.75,
    1,
    1,
    0.75,
    1,
    0.7407407407407407,
    1,
    0,
    1,
    1,
    1,
    1,
    0.7407407407407407,
    1,
    1,
    0,
    0.6794871794871795,
    0.7435897435897436,
    1,
    0.75,
    0.7419354838709677,
    1,
    1,
    1,
    0.7272727272727273,
    0.9972222222222222,
    0.7407407407407407,
    1,
    1,
    0.7,
    0.9916434540389972,
    1,
    0.7777777777777778,
    1
  ],
  "DataClumpSize": [
    3,
    5,
    5,
    11,
    5,
    11,
    3,
    5,
    11,
    3,
    11,
    3,
    10,
    5,
    3,
    3,
    5,
    11,
    5,
    3,
    5,
    11,
    3,
    5,
    11,
    3,
    3,
    3,
    3,
    3,
    11,
    5,
    11,
    3,
    3,
    3,
    3,
    5,
    3,
    8,
    3,
    4,
    4,
    3,
    4,
    8,
    30,
    3,
    3,
    4,
    5,
    3,
    4,
    3,
    3,
    4,
    3,
    4,
    8,
    3,
    3,
    3,
    3,
    4,
    3,
    4,
    4,
    3,
    30,
    30,
    4,
    8,
    3,
    100,
    4,
    8,
    64,
    100,
    4,
    30,
    30,
    3,
    64,
    100,
    3,
    30,
    8,
    4,
    3,
    3,
    64,
    30,
    3,
    4,
    5,
    30,
    3,
    4,
    30,
    4,
    4,
    4,
    3,
    4,
    3,
    30,
    3,
    4,
    4,
    3,
    25,
    3,
    3,
    3,
    12,
    5,
    4,
    25,
    3,
    12,
    25,
    5,
    4,
    25,
    3,
    12,
    5,
    3,
    12,
    5,
    3,
    25,
    25,
    12,
    5,
    4,
    3,
    3,
    3,
    3,
    15,
    3,
    15,
    5,
    4,
    3,
    3,
    15,
    3,
    15,
    3,
    6,
    25,
    25,
    25,
    25,
    3,
    15,
    12,
    12,
    12,
    15,
    3,
    3,
    3,
    25,
    25,
    3,
    3
  ],
  "DataClumpOccurence": [
    6,
    6,
    6,
    6,
    6,
    6,
    2,
    6,
    6,
    12,
    6,
    6,
    34,
    6,
    2,
    2,
    6,
    6,
    6,
    6,
    6,
    6,
    6,
    6,
    6,
    6,
    2,
    6,
    6,
    34,
    6,
    6,
    6,
    6,
    6,
    34,
    34,
    6,
    12,
    3,
    12,
    4,
    2,
    12,
    2,
    3,
    2,
    12,
    12,
    4,
    22,
    4,
    2,
    96,
    12,
    2,
    4,
    2,
    3,
    96,
    267,
    4,
    12,
    4,
    12,
    4,
    4,
    11,
    2,
    2,
    96,
    3,
    12,
    2,
    4,
    3,
    2,
    2,
    2,
    2,
    2,
    12,
    2,
    2,
    12,
    2,
    3,
    10,
    222,
    3,
    2,
    2,
    12,
    10,
    14,
    2,
    12,
    2,
    2,
    8,
    8,
    10,
    96,
    8,
    12,
    2,
    12,
    4,
    43,
    30,
    2,
    1,
    353,
    134,
    2,
    2,
    8,
    2,
    30,
    2,
    2,
    6,
    43,
    2,
    2,
    2,
    2,
    30,
    2,
    2,
    1,
    2,
    2,
    2,
    2,
    43,
    30,
    30,
    30,
    1,
    2,
    28,
    2,
    2,
    43,
    1,
    353,
    2,
    2,
    2,
    30,
    4,
    2,
    2,
    2,
    2,
    362,
    2,
    2,
    2,
    2,
    2,
    30,
    30,
    30,
    2,
    2,
    362,
    1
  ],
  "ParametersToParameters": [
    1,
    1,
    1,
    0,
    1,
    0,
    1,
    1,
    0,
    1,
    0,
    1,
    1,
    1,
    1,
    1,
    1,
    1,
    1,
    1,
    1,
    1,
    1,
    1,
    1,
    1,
    1,
    1,
    1,
    1,
    1,
    1,
    1,
    1,
    1,
    1,
    1,
    1,
    1,
    1,
    1,
    1,
    1,
    1,
    1,
    1,
    0,
    1,
    1,
    1,
    0,
    1,
    1,
    1,
    1,
    1,
    1,
    1,
    1,
    1,
    1,
    1,
    1,
    1,
    1,
    1,
    1,
    1,
    0,
    0,
    1,
    1,
    1,
    0,
    1,
    1,
    0,
    0,
    1,
    0,
    0,
    1,
    0,
    0,
    1,
    0,
    1,
    0,
    0,
    1,
    0,
    0,
    1,
    0,
    0,
    0,
    1,
    1,
    0,
    0,
    0,
    0,
    1,
    0,
    1,
    0,
    1,
    1,
    1,
    1,
    0,
    0,
    1,
    1,
    1,
    1,
    1,
    0,
    1,
    1,
    0,
    1,
    1,
    0,
    0,
    1,
    1,
    1,
    1,
    1,
    0,
    0,
    0,
    1,
    1,
    1,
    1,
    1,
    1,
    0,
    0,
    1,
    0,
    1,
    1,
    0,
    1,
    0,
    0,
    0,
    1,
    1,
    0,
    0,
    0,
    0,
    1,
    0,
    1,
    1,
    1,
    0,
    1,
    1,
    1,
    0,
    0,
    1,
    0
  ],
  "FieldToField": [
    0,
    0,
    0,
    1,
    0,
    1,
    0,
    0,
    1,
    0,
    1,
    0,
    0,
    0,
    0,
    0,
    0,
    0,
    0,
    0,
    0,
    0,
    0,
    0,
    0,
    0,
    0,
    0,
    0,
    0,
    0,
    0,
    0,
    0,
    0,
    0,
    0,
    0,
    0,
    0,
    0,
    0,
    0,
    0,
    0,
    0,
    1,
    0,
    0,
    0,
    1,
    0,
    0,
    0,
    0,
    0,
    0,
    0,
    0,
    0,
    0,
    0,
    0,
    0,
    0,
    0,
    0,
    0,
    1,
    1,
    0,
    0,
    0,
    1,
    0,
    0,
    1,
    1,
    0,
    1,
    1,
    0,
    1,
    1,
    0,
    1,
    0,
    1,
    1,
    0,
    1,
    1,
    0,
    1,
    1,
    1,
    0,
    0,
    1,
    1,
    1,
    1,
    0,
    1,
    0,
    1,
    0,
    0,
    0,
    0,
    1,
    0,
    0,
    0,
    0,
    0,
    0,
    1,
    0,
    0,
    1,
    0,
    0,
    1,
    1,
    0,
    0,
    0,
    0,
    0,
    0,
    1,
    1,
    0,
    0,
    0,
    0,
    0,
    0,
    0,
    1,
    0,
    1,
    0,
    0,
    0,
    0,
    1,
    1,
    1,
    0,
    0,
    1,
    1,
    1,
    1,
    0,
    1,
    0,
    0,
    0,
    1,
    0,
    0,
    0,
    1,
    1,
    0,
    0
  ],
  "PreferNonPublic": [
    0,
    0,
    0,
    1,
    0,
    1,
    0,
    0,
    1,
    0,
    1,
    0,
    0,
    0,
    0,
    0,
    0,
    0,
    0,
    0,
    0,
    0,
    0,
    0,
    0,
    0,
    0,
    0,
    0,
    0,
    0,
    0,
    0,
    0,
    0,
    0,
    0,
    0,
    0,
    0,
    0,
    0,
    0,
    0,
    0,
    0,
    1,
    0,
    0,
    0,
    1,
    0,
    0,
    0,
    0,
    0,
    0,
    0,
    0,
    0,
    0,
    0,
    0,
    0,
    0,
    0,
    0,
    0,
    1,
    1,
    0,
    0,
    0,
    0,
    0,
    0,
    0,
    0,
    0,
    1,
    1,
    0,
    0,
    0,
    0,
    1,
    0,
    1,
    1,
    0,
    0,
    1,
    0,
    1,
    1,
    1,
    0,
    0,
    1,
    1,
    1,
    1,
    0,
    1,
    0,
    1,
    0,
    0,
    0,
    0,
    0,
    1,
    0,
    0,
    0,
    0,
    0,
    0,
    0,
    0,
    0,
    0,
    0,
    0,
    1,
    0,
    0,
    0,
    0,
    0,
    1,
    0,
    0,
    0,
    0,
    1,
    0,
    0,
    0,
    1,
    1,
    0,
    1,
    0,
    1,
    1,
    0,
    1,
    1,
    1,
    0,
    0,
    0,
    0,
    0,
    0,
    0,
    1,
    0,
    0,
    0,
    1,
    0,
    0,
    0,
    0,
    0,
    0,
    1
  ],