{
  "OutputFormatCorrectness": [
    0.75,
    1,
    0.771513353115727,
    0.7692307692307693,
    1,
    0,
    1,
    0,
    0.8284789644012945,
    0.8333333333333334,
    0.7333333333333333,
    1,
    1,
    1,
    0.7361111111111112,
    1,
    1,
    1,
    1,
    1,
    1,
    0,
    0.7333333333333333,
    0.9859550561797753,
    1,
    0.72,
    1,
    0.7333333333333333,
    1,
    0.7380952380952381,
    0.71875,
    1,
    0.7407407407407407,
    1,
    0.7037037037037037,
    1,
    1,
    1,
    0.75,
    0.75
  ],
  "DataClumpSize": [
    5,
    3,
    3,
    5,
    11,
    11,
    11,
    5,
    5,
    11,
    11,
    11,
    11,
    3,
    3,
    3,
    3,
    5,
    3,
    3,
    5,
    11,
    11,
    11,
    11,
    11,
    11,
    11,
    11,
    11,
    11,
    11,
    11,
    11,
    3,
    3,
    3,
    3,
    5,
    11,
    11,
    5,
    11,
    11,
    5,
    11,
    5,
    3,
    5,
    5,
    3,
    3,
    11,
    5,
    11,
    5,
    5,
    4,
    11,
    5,
    11,
    5,
    11,
    11,
    5,
    11,
    5,
    3,
    3,
    3,
    3,
    3,
    3,
    5,
    11,
    5,
    11,
    3,
    3,
    5,
    5,
    11,
    3,
    3,
    3,
    5,
    5,
    3,
    3,
    5,
    3,
    3,
    3,
    5,
    5,
    3,
    5,
    5,
    5,
    11,
    3,
    5,
    5,
    11,
    3,
    3
  ],
  "DataClumpOccurence": [
    6,
    34,
    24,
    6,
    6,
    6,
    6,
    6,
    6,
    6,
    6,
    6,
    6,
    6,
    34,
    24,
    56,
    6,
    10,
    56,
    6,
    2,
    2,
    2,
    2,
    2,
    2,
    2,
    2,
    2,
    2,
    2,
    2,
    2,
    6,
    34,
    24,
    56,
    6,
    6,
    6,
    6,
    6,
    6,
    6,
    6,
    6,
    6,
    6,
    6,
    6,
    6,
    6,
    6,
    6,
    6,
    6,
    18,
    6,
    6,
    6,
    6,
    6,
    6,
    6,
    6,
    6,
    6,
    12,
    6,
    6,
    6,
    6,
    6,
    6,
    6,
    6,
    2,
    6,
    6,
    6,
    6,
    10,
    10,
    6,
    6,
    6,
    6,
    24,
    6,
    6,
    2,
    6,
    6,
    6,
    6,
    6,
    6,
    6,
    6,
    6,
    6,
    6,
    6,
    6,
    6
  ],
  "ParametersToParameters": [
    1,
    1,
    1,
    1,
    1,
    1,
    1,
    1,
    1,
    1,
    1,
    1,
    1,
    1,
    1,
    1,
    1,
    1,
    1,
    1,
    1,
    1,
    1,
    1,
    1,
    1,
    1,
    1,
    1,
    1,
    1,
    1,
    1,
    1,
    1,
    1,
    1,
    1,
    1,
    1,
    0,
    1,
    1,
    0,
    1,
    0,
    1,
    1,
    1,
    1,
    1,
    1,
    0,
    1,
    0,
    1,
    1,
    1,
    0,
    1,
    0,
    1,
    1,
    0,
    1,
    1,
    1,
    1,
    1,
    1,
    1,
    1,
    1,
    1,
    1,
    1,
    1,
    1,
    1,
    1,
    1,
    1,
    1,
    1,
    1,
    1,
    1,
    1,
    1,
    1,
    1,
    1,
    1,
    1,
    1,
    1,
    1,
    1,
    1,
    1,
    1,
    1,
    1,
    0,
    1,
    1
  ],
  "FieldToField": [
    0,
    0,
    0,
    0,
    0,
    0,
    0,
    0,
    0,
    0,
    0,
    0,
    0,
    0,
    0,
    0,
    0,
    0,
    0,
    0,
    0,
    0,
    0,
    0,
    0,
    0,
    0,
    0,
    0,
    0,
    0,
    0,
    0,
    0,
    0,
    0,
    0,
    0,
    0,
    0,
    1,
    0,
    0,
    1,
    0,
    1,
    0,
    0,
    0,
    0,
    0,
    0,
    1,
    0,
    1,
    0,
    0,
    0,
    1,
    0,
    1,
    0,
    0,
    1,
    0,
    0,
    0,
    0,
    0,
    0,
    0,
    0,
    0,
    0,
    0,
    0,
    0,
    0,
    0,
    0,
    0,
    0,
    0,
    0,
    0,
    0,
    0,
    0,
    0,
    0,
    0,
    0,
    0,
    0,
    0,
    0,
    0,
    0,
    0,
    0,
    0,
    0,
    0,
    1,
    0,
    0
  ],
  "PreferNonPublic": [
    0,
    0,
    0,
    0,
    0,
    0,
    0,
    0,
    0,
    0,
    0,
    0,
    0,
    0,
    0,
    0,
    1,
    0,
    0,
    1,
    0,
    0,
    0,
    0,
    0,
    0,
    0,
    0,
    0,
    0,
    0,
    0,
    0,
    0,
    0,
    0,
    0,
    1,
    0,
    0,
    1,
    0,
    0,
    1,
    0,
    1,
    0,
    0,
    0,
    0,
    0,
    0,
    1,
    0,
    1,
    0,
    0,
    0,
    1,
    0,
    1,
    0,
    0,
    1,
    0,
    0,
    0,
    0,
    0,
    0,
    0,
    0,
    0,
    0,
    0,
    0,
    0,
    0,
    0,
    0,
    0,
    0,
    0,
    0,
    0,
    0,
    0,
    0,
    0,
    0,
    0,
    0,
    0,
    0,
    0,
    0,
    0,
    0,
    0,
    0,
    0,
    0,
    0,
    1,
    0,
    0
  ],
  "PrimitiveTypes": [
    0.6,
    0.3333333333333333,
    0.6666666666666666,
    0,
    0.18181818181818182,
    0.18181818181818182,
    0.18181818181818182,
    0,
    0.2,
    0.18181818181818182,
    0.18181818181818182,
    0.18181818181818182,
    0.18181818181818182,
    0.3333333333333333,
    0.3333333333333333,
    0.6666666666666666,
    0,
    0.2,
    0,
    0,
    0.6,
    0.18181818181818182,
    0.18181818181818182,
    0.18181818181818182,
    0.18181818181818182,
    0.18181818181818182,
    0.18181818181818182,
    0.18181818181818182,
    0.18181818181818182,
    0.18181818181818182,
    0.18181818181818182,
    0.18181818181818182,
    0.18181818181818182,
    0.18181818181818182,
    0.3333333333333333,
    0.3333333333333333,
    0.6666666666666666,
    0,
    0.2,
    0.18181818181818182,
    0,
    0.2,
    0.18181818181818182,
    0,
    0.2,
    0,
    0.6,
    0.3333333333333333,
    0.2,
    0.6,
    0.3333333333333333,
    0.3333333333333333,
    0,
    0.2,
    0,
    0.2,
    0.2,
    0,
    0,
    0.2,
    0,
    0.2,
    0.18181818181818182,
    0,
    0.6,
    0.18181818181818182,
    0.2,
    0.3333333333333333,
    0,
    0.3333333333333333,
    0.3333333333333333,
    0.3333333333333333,
    0.3333333333333333,
    0.2,
    0.18181818181818182,
    0.2,
    0.18181818181818182,
    0,
    0.3333333333333333,
    0.2,
    0.2,
    0.18181818181818182,
    0,
    0,
    0.3333333333333333,
    0.2,
    0.6,
    0.3333333333333333,
    0.6666666666666666,
    0.2,
    0.3333333333333333,
    0,
    0.3333333333333333,
    0.2,
    0.2,
    0.3333333333333333,
    0.2,
    0.2,
    0.2,
    0.18181818181818182,
    0.3333333333333333,
    0.2,
    0.2,
    0,
    0.3333333333333333,
    0.3333333333333333
  ],
  "AffectedFiles": [
    3,
    5,
    4,
    3,
    3,
    3,
    3,
    3,
    3,
    3,
    3,
    3,
    3,
    3,
    5,
    4,
    1,
    3,
    3,
    1,
    3,
    2,
    2,
    2,
    2,
    2,
    2,
    2,
    2,
    2,
    2,
    2,
    2,
    2,
    3,
    5,
    4,
    1,
    3,
    3,
    3,
    3,
    3,
    3,
    3,
    3,
    3,
    3,
    3,
    3,
    3,
    3,
    3,
    3,
    3,
    3,
    3,
    3,
    3,
    3,
    3,
    3,
    3,
    3,
    3,
    3,
    3,
    3,
    3,
    3,
    4,
    4,
    4,
    3,
    3,
    3,
    3,
    1,
    4,
    3,
    3,
    3,
    3,
    3,
    4,
    3,
    3,
    4,
    4,
    3,
    3,
    1,
    3,
    3,
    3,
    3,
    3,
    3,
    3,
    3,
    3,
    3,
    3,
    3,
    3,
    3
  ],
  "Time": [
    77.118,
    285.449,
    250.65,
    103.463,
    162.295,
    204.3285,
    52.24,
    20.288,
    192.1935,
    80.033,
    64.506,
    145.141,
    44.02,
    44.186,
    83.322,
    32.071,
    20.851,
    49.754,
    31.975,
    61.143,
    74.604,
    137.6775,
    22.569,
    137.663,
    67.197,
    88.381,
    24.453,
    80.925,
    66.095,
    52.633,
    68.33,
    18.814,
    45.524,
    30.134,
    74.266,
    17.925,
    29.714,
    55.328,
    15.556,
    16.38
  ],