{
  "Surety": [
    -0.75,
    0.75,
    1,
    1.5,
    2.25,
    5,
    0.75,
    1,
    1,
    0,
    4.5,
    0.75,
    5.5,
    4,
    2,
    1,
    3,
    1,
    5.5,
    4,
    3,
    1,
    3.25,
    1.75,
    1.75,
    0.75,
    2,
    6,
    0.75,
    1,
    5.75,
    5,
    1,
    6,
    5,
    1,
    1,
    3,
    0.75,
    4.75
  ],
  "OutputFormatCorrectness": [
    0.8148148148148148,
    0.8545454545454545,
    0.8888888888888888,
    0.8888888888888888,
    0.8,
    0.5779376498800959,
    0.8,
    0.5783132530120482,
    0.9,
    0.8085106382978723,
    0.8205128205128205,
    0.8235294117647058,
    0.5894736842105263,
    0.6521739130434783,
    0.8518518518518519,
    0.5925925925925926,
    0.8148148148148148,
    0.6666666666666666,
    0.7904509283819628,
    0.8173913043478261,
    0.8210526315789474,
    0.8292682926829268,
    0.5925925925925926,
    0.8333333333333334,
    0.8888888888888888,
    0.6086956521739131,
    0.5925925925925926,
    0.8186666666666667,
    0.8333333333333334,
    0.8235294117647058,
    0.8165680473372781,
    0.8226600985221675,
    0.5925925925925926,
    0.7979539641943734,
    0.704225352112676,
    0.8433734939759037,
    0.8148148148148148,
    0.8181818181818182,
    0.6,
    0.8148148148148148
  ],
  "InvalidJSON": [
    1,
    1,
    1,
    1,
    1,
    0,
    1,
    1,
    1,
    1,
    1,
    1,
    1,
    1,
    1,
    1,
    1,
    1,
    0,
    1,
    1,
    1,
    1,
    1,
    1,
    1,
    1,
    0,
    1,
    1,
    1,
    0,
    1,
    0,
    1,
    1,
    1,
    1,
    1,
    1
  ],
  "DataClumpSize_mean": [
    25,
    25,
    15,
    25,
    3,
    22.625,
    15,
    15,
    15,
    15,
    3.8,
    5,
    6.666666666666667,
    12,
    9.5,
    3,
    3,
    25,
    3.5714285714285716,
    3.5,
    6.333333333333333,
    12,
    3.2,
    13.5,
    15,
    3,
    7.5,
    7,
    5,
    12,
    6.666666666666667,
    5,
    3,
    3.2857142857142856,
    3.4,
    12,
    3,
    3.3333333333333335,
    3,
    8.4
  ],
  "DataClumpOccurence_mean": [
    2,
    2,
    2,
    2,
    1,
    2,
    2,
    2,
    2,
    2,
    73.6,
    6,
    14.833333333333334,
    1.75,
    2,
    30,
    30,
    2,
    541.4285714285714,
    380.75,
    26.333333333333332,
    2,
    27.6,
    2,
    2,
    2,
    16,
    24.666666666666668,
    4,
    2,
    8,
    18.8,
    30,
    23.142857142857142,
    27.8,
    2,
    30,
    35.666666666666664,
    2,
    718.8
  ],
  "FieldToField_mean": [
    0,
    0,
    1,
    1,
    0,
    0.1111111111111111,
    0,
    0,
    1,
    0,
    0,
    0,
    0,
    0.75,
    0.5,
    0,
    0,
    1,
    0.125,
    0,
    0,
    0,
    0,
    0,
    1,
    1,
    0,
    0.16666666666666666,
    0,
    0,
    0,
    0,
    0,
    0.125,
    0,
    0,
    0,
    0,
    0,
    0
  ],
  "ParametersToParameters_mean": [
    1,
    0,
    0,
    0,
    1,
    0.8888888888888888,
    1,
    1,
    0,
    1,
    1,
    1,
    1,
    0,
    0.5,
    1,
    1,
    0,
    0.875,
    1,
    1,
    1,
    1,
    1,
    0,
    0,
    1,
    0.8333333333333334,
    1,
    1,
    1,
    1,
    1,
    0.875,
    1,
    1,
    1,
    1,
    1,
    1
  ],
  "DataClumpSize_count": [
    1,
    1,
    1,
    2,
    3,
    8,
    1,
    1,
    1,
    2,
    5,
    1,
    6,
    4,
    2,
    1,
    3,
    1,
    7,
    4,
    3,
    1,
    5,
    2,
    2,
    1,
    2,
    6,
    1,
    1,
    6,
    5,
    1,
    7,
    5,
    1,
    1,
    3,
    1,
    5
  ],
  "DataClumpOccurence_count": [
    1,
    1,
    1,
    2,
    3,
    8,
    1,
    1,
    1,
    2,
    5,
    1,
    6,
    4,
    2,
    1,
    3,
    1,
    7,
    4,
    3,
    1,
    5,
    2,
    2,
    1,
    2,
    6,
    1,
    1,
    6,
    5,
    1,
    7,
    5,
    1,
    1,
    3,
    1,
    5
  ],
  "FieldToField_count": [
    1,
    1,
    1,
    2,
    3,
    9,
    1,
    1,
    1,
    2,
    5,
    1,
    6,
    4,
    2,
    1,
    3,
    1,
    8,
    4,
    3,
    1,
    5,
    2,
    2,
    1,
    2,
    6,
    1,
    1,
    6,
    5,
    1,
    8,
    5,
    1,
    1,
    3,
    1,
    5
  ],
  "ParametersToParameters_count": [
    1,
    1,
    1,
    2,
    3,
    9,
    1,
    1,
    1,
    2,
    5,
    1,
    6,
    4,
    2,
    1,
    3,
    1,
    8,
    4,
    3,
    1,
    5,
    2,
    2,
    1,
    2,
    6,
    1,
    1,
    6,
    5,
    1,
    8,
    5,
    1,
    1,
    3,
    1,
    5
  ],
  "DataClumpSize_groupedCount": [
    {
      "25": 1
    },
    {
      "25": 1
    },
    {
      "15": 1
    },
    {
      "25": 2
    },
    {
      "3": 3
    },
    {
      "15": 1,
      "16": 1,
      "25": 6
    },
    {
      "15": 1
    },
    {
      "15": 1
    },
    {
      "15": 1
    },
    {
      "15": 2
    },
    {
      "3": 2,
      "4": 2,
      "5": 1
    },
    {
      "5": 1
    },
    {
      "3": 1,
      "4": 2,
      "5": 1,
      "12": 2
    },
    {
      "3": 1,
      "15": 3
    },
    {
      "4": 1,
      "15": 1
    },
    {
      "3": 1
    },
    {
      "3": 3
    },
    {
      "25": 1
    },
    {
      "3": 3,
      "4": 4
    },
    {
      "3": 2,
      "4": 2
    },
    {
      "3": 1,
      "4": 1,
      "12": 1
    },
    {
      "12": 1
    },
    {
      "3": 4,
      "4": 1
    },
    {
      "12": 1,
      "15": 1
    },
    {
      "15": 2
    },
    {
      "3": 1
    },
    {
      "3": 1,
      "12": 1
    },
    {
      "3": 2,
      "4": 1,
      "5": 1,
      "12": 1,
      "15": 1
    },
    {
      "5": 1
    },
    {
      "12": 1
    },
    {
      "3": 1,
      "4": 2,
      "5": 1,
      "12": 2
    },
    {
      "3": 3,
      "4": 1,
      "12": 1
    },
    {
      "3": 1
    },
    {
      "3": 5,
      "4": 2
    },
    {
      "3": 3,
      "4": 2
    },
    {
      "12": 1
    },
    {
      "3": 1
    },
    {
      "3": 2,
      "4": 1
    },
    {
      "3": 1
    },
    {
      "3": 2,
      "12": 3
    }
  ],
  "DataClumpOccurence_groupedCount": [
    {
      "2": 1
    },
    {
      "2": 1
    },
    {
      "2": 1
    },
    {
      "2": 2
    },
    {
      "1": 3
    },
    {
      "2": 8
    },
    {
      "2": 1
    },
    {
      "2": 1
    },
    {
      "2": 1
    },
    {
      "2": 2
    },
    {
      "2": 2,
      "30": 1,
      "47": 1,
      "287": 1
    },
    {
      "6": 1
    },
    {
      "2": 3,
      "6": 1,
      "30": 1,
      "47": 1
    },
    {
      "1": 1,
      "2": 3
    },
    {
      "2": 2
    },
    {
      "30": 1
    },
    {
      "30": 3
    },
    {
      "2": 1
    },
    {
      "2": 1,
      "6": 1,
      "30": 2,
      "82": 2,
      "3558": 1
    },
    {
      "2": 1,
      "38": 1,
      "47": 1,
      "1436": 1
    },
    {
      "2": 1,
      "30": 1,
      "47": 1
    },
    {
      "2": 1
    },
    {
      "1": 1,
      "30": 3,
      "47": 1
    },
    {
      "2": 2
    },
    {
      "2": 2
    },
    {
      "2": 1
    },
    {
      "2": 1,
      "30": 1
    },
    {
      "2": 3,
      "30": 2,
      "82": 1
    },
    {
      "4": 1
    },
    {
      "2": 1
    },
    {
      "2": 3,
      "6": 2,
      "30": 1
    },
    {
      "2": 2,
      "30": 3
    },
    {
      "30": 1
    },
    {
      "6": 2,
      "30": 5
    },
    {
      "2": 1,
      "30": 3,
      "47": 1
    },
    {
      "2": 1
    },
    {
      "30": 1
    },
    {
      "30": 2,
      "47": 1
    },
    {
      "2": 1
    },
    {
      "2": 3,
      "30": 1,
      "3558": 1
    }
  ],
  "FieldToField_groupedCount": [
    {
      "0": 1
    },
    {
      "0": 1
    },
    {
      "1": 1
    },
    {
      "1": 2
    },
    {
      "0": 3
    },
    {
      "0": 8,
      "1": 1
    },
    {
      "0": 1
    },
    {
      "0": 1
    },
    {
      "1": 1
    },
    {
      "0": 2
    },
    {
      "0": 5
    },
    {
      "0": 1
    },
    {
      "0": 6
    },
    {
      "0": 1,
      "1": 3
    },
    {
      "0": 1,