{
  "mean": 0.38,
  "count": 52,
  "sum": 19.68,
  "max": 1,
  "min": 0,
  "raw": [
    0.2,
    0.6,
    0.18181818181818182,
    0,
    0.6,
    0,
    0.3333333333333333,
    0,
    0.3333333333333333,
    0.2,
    0,
    0.6,
    0,
    0,
    0.3333333333333333,
    0.6,
    0,
    0,
    0,
    0.6,
    0,
    0,
    0.2,
    0,
    0,
    0.2,
    0,
    0.2,
    0,
    0,
    0.2,
    0.18181818181818182,
    0,
    0.3333333333333333,
    0.3333333333333333,
    0.2,
    0,
    0,
    0.75,
    1,
    1,
    1,
    1,
    1,
    1,
    0.75,
    1,
    1,
    1,
    1,
    0.75,
    1
  ]
}