{
  "ValidPrograms": [
    0,
    0,
    0,
    0,
    0,
    0,
    0,
    0,
    0,
    0,
    0,
    0,
    0,
    0,
    0,
    0,
    null,
    0,
    null,
    0,
    0,
    0,
    0,
    0,
    0,
    0,
    0,
    0,
    0,
    0
  ],
  "RemainingAttemptCount": [
    0,
    0,
    0,
    0,
    0,
    0,
    0,
    0,
    0,
    0,
    0,
    0,
    0,
    0,
    0,
    0,
    null,
    0,
    null,
    0,
    0,
    0,
    0,
    0,
    0,
    0,
    0,
    0,
    0,
    0
  ],
  "RemovedDataClumps": [
    0.9646511580663315,
    0.9004535349436154,
    0.9261198864528737,
    0.9004535349436154,
    0.9646511580663315,
    0.7723744827194636,
    0,
    0.025086384411217466,
    0.7723744827194636,
    0.8619856684914495,
    3.2249141236303984,
    3.182039476212907,
    3.128473852618953,
    3.267808488065228,
    3.1391845186480936,
    3.2892630726701952,
    0,
    2.48274856194881,
    0,
    0,
    5.79460499957294,
    4.444893932567339,
    1.0334459293925136,
    1.9640693353383512,
    5.79460499957294,
    5.79460499957294,
    2.403032031014476,
    1.0334459293925136,
    1.0334459293925136,
    0.9842308692308279
  ],
  "GitChanges": [
    131,
    121,
    130,
    181,
    131,
    109,
    140,
    185,
    105,
    151,
    211,
    179,
    225,
    259,
    240,
    165,
    0,
    148,
    0,
    80,
    138,
    302,
    157,
    176,
    62,
    223,
    150,
    253,
    130,
    233
  ],
  "CommentOut": [
    0.9615384615384616,
    0.9,
    1,
    0.7692307692307692,
    1,
    0.95,
    0.9090909090909091,
    1,
    0.9583333333333334,
    0.9545454545454546,
    0.9545454545454546,
    1,
    0.8823529411764706,
    0.7608695652173914,
    1,
    1,
    null,
    0.962962962962963,
    null,
    0.9333333333333333,
    0.06060606060606055,
    0.7741935483870968,
    0.1428571428571429,
    0.8705882352941177,
    0.8536585365853658,
    0.4625,
    0.736842105263158,
    0.9076923076923077,
    0.9263803680981595,
    0.41666666666666663
  ],
  "ValidJSON": [
    1,
    1,
    1,
    1,
    1,
    1,
    1,
    1,
    1,
    1,
    1,
    1,
    1,
    0.8333333333333334,
    1,
    1,
    1,
    1,
    0,
    0.8333333333333334,
    1,
    1,
    1,
    0.16666666666666666,
    1,
    1,
    1,
    0.8333333333333334,
    0.6666666666666666,
    1
  ],
  "NonEmptyResponse": [
    1,
    1,
    1,
    1,
    1,
    1,
    1,
    1,
    1,
    1,
    1,
    1,
    1,
    0.8333333333333334,
    1,
    1,
    0,
    1,
    0,
    0.8333333333333334,
    1,
    1,
    1,
    0.6666666666666667,
    1,
    1,
    1,
    1,
    1,
    1
  ],
  "ResponseSizeDecrease": [
    1.9840153452685423,
    3.1479257641921397,
    1.1842202512934221,
    1.297878241575371,
    1.7882472137791288,
    1.878096479791395,
    1.2081605573063525,
    0.9942835365853658,
    1.5223880597014925,
    1.788584740827024,
    2.5391866415297604,
    1.468487394957983,
    2.209307992202729,
    3.488130168044812,
    3.6867140513942043,
    2.1509486607142856,
    null,
    2.019645888915838,
    null,
    1.0441176470588236,
    2.9754988633493307,
    1.3866366810676451,
    16.99214659685864,
    1.143662260477508,
    1.2633600917431194,
    1.6695209271425409,
    2.625339366515837,
    1.5183519067580002,
    1.2924987989842838,
    15.909335727109514
  ],
  "RichClass": [
    0,
    0,
    0,
    0,
    0,
    0,
    0,
    0,
    0,
    0,
    0,
    0,
    0,
    0,
    0,
    0,
    null,
    0,
    0,
    0,
    null,
    0,
    0,
    0,
    null,
    0,
    0,
    0,
    0,
    0
  ],
  "ReferenceErrorOnly": [
    0.6,
    0.2,
    0.8,
    0.4,
    0.2,
    0.6666666666666666,
    0.5,
    0.16666666666666666,
    1,
    0.6666666666666666,
    0.3333333333333333,
    0.5,
    0.6666666666666666,
    0.8333333333333334,
    0.3333333333333333,
    0.3333333333333333,
    null,
    0,
    null,
    0.6666666666666666,
    0,
    0,
    0.8333333333333334,
    1,
    0,
    0,
    1,
    1,
    1,
    0.8333333333333334
  ],
  "RemovedVariables": [
    30,
    7,
    13,
    17,
    27,
    2,
    5,
    8,
    2,
    20,
    137,
    146,
    126,
    151,
    132,
    145,
    0,
    175,
    0,
    0,
    324,
    264,
    51,
    53,
    324,
    299,
    55,
    53,
    53,
    45
  ],
  "InstructionChangeType=None": [
    0.8846153846153846,
    0.5,
    0.5416666666666666,
    0.5,
    0.6153846153846154,
    0.85,
    0.6363636363636364,
    1,
    0.7916666666666666,
    0.8636363636363636,
    0.8181818181818182,
    0.75,
    0.6764705882352942,
    0.8695652173913043,
    0.6956521739130435,
    0.65,
    null,
    0.6666666666666666,
    null,
    0.8666666666666667,
    0.7272727272727273,
    0.21774193548387097,
    0.8571428571428571,
    1,
    0.14634146341463414,
    0.65,
    1,
    0.890625,
    0.968944099378882,
    0.75
  ],
  "InstructionChangeType=ReplaceText": [
    0.11538461538461539,
    0,
    0,
    0.15384615384615385,
    0,
    0.15,
    0,
    0,
    0.16666666666666666,
    0.13636363636363635,
    0.045454545454545456,
    0.07142857142857142,
    0.08823529411764706,
    0,
    0.08695652173913043,
    0.1,
    null,
    0.14814814814814814,
    null,
    0.06666666666666667,
    0,
    0.46774193548387094,
    0,
    0,
    0.8536585365853658,
    0.0125,
    0,
    0.078125,
    0.012422360248447204,
    0.08333333333333333
  ],
  "InstructionChangeType=SpecificLine": [
    0,
    0.4,
    0.2916666666666667,
    0.2692307692307692,
    0.23076923076923078,
    0,
    0.2727272727272727,
    0,
    0,
    0,
    0.13636363636363635,
    0.17857142857142858,
    0.14705882352941177,
    0.13043478260869565,
    0.13043478260869565,
    0.15,
    null,
    0.18518518518518517,
    null,
    0.06666666666666667,
    0.21212121212121213,
    0.20967741935483872,
    0.14285714285714285,
    0,
    0,
    0.275,
    0,
    0.03125,
    0.018633540372670808,
    0.08333333333333333
  ],
  "InstructionChangeType=SpecificLineAll": [
    0,
    0.1,
    0.16666666666666666,
    0.07692307692307693,
    0.15384615384615385,
    0,
    0.09090909090909091,
    0,
    0,
    0,
    0,
    0,
    0.08823529411764706,
    0,
    0.08695652173913043,
    0.1,
    null,
    0,
    null,
    0,
    0.030303030303030304,
    0.10483870967741936,
    0,
    0,
    0,
    0.05,
    0,
    0,
    0,
    0
  ],
  "InstructionChangeType=NoneButReplace": [
    0,
    0,
    0,
    0,
    0,
    0,
    0,
    0,
    0.041666666666666664,
    0,
    0,
    0,
    0,
    0,
    0,
    0,
    null,
    0,
    null,
    0,
    0.030303030303030304,
    0,
    0,
    0,
    0,
    0.0125,
    0,
    0,
    0,
    0.08333333333333333
  ],
  "DataClumpSize": [
    11,
    3,
    4,
    11,
    3,
    4,
    11,
    3,
    4,
    11,
    3,
    4,
    11,
    3,
    11,
    3,
    4,
    11,
    3,
    4,
    11,
    3,
    11,
    3,
    4,
    11,
    3,
    4,
    3,
    3,
    5,
    10,
    3,
    3,
    3,
    3,
    6,
    3,
    3,
    5,
    10,
    3,
    3,
    3,
    3,
    6,
    3,
    3,
    5,
    10,
    3,
    3,
    3,
    5,
    10,
    3,
    3,
    3,
    3,
    3,
    3,
    7,
    3,
    6,
    3,
    3,
    3,
    5,
    10,
    3,
    3,
    3,
    5,
    10,
    3,
    3,
    3,
    3,
    6,
    3,
    3,
    5,
    10,
    3,
    3,
    10,
    3,
    3,
    3,
    3,
    6,
    3,
    25,
    5,
    4,
    7,
    4,
    6,
    5,
    3,
    3,
    25,
    3,
    3,
    5,
    4,
    3,
    3,
    3,
    3,
    3,
    3,
    7,
    4,
    6,
    5,
    25,
    5,
    25,
    5,
    4,
    25,
    5,
    4,
    3,
    7,
    4,
    6,
    25,
    5,
    4,
    3,
    7,
    4,
    6,
    5,
    3,
    3,
    25,
    5,
    25,
    5,
    4,
    3,
    3,
    3,
    25,
    5,
    4,
    3,
    3,
    3,
    25,
    5,
    4,
    3,
    3,
    3
  ],