{
  "mean": 0.3333333333333333,
  "median": 0,
  "variance": 0.22222222222222224,
  "count": 1,
  "groupedCount": {
    "0": 2,
    "1": 1
  }
}