{
  "mean": 0.16,
  "count": 70,
  "sum": 11.18,
  "max": 0.88,
  "min": 0.03,
  "raw": [
    0.0463,
    0.0472,
    0.045880000000000004,
    0.04531,
    0.04546,
    0.04528,
    0.04498,
    0.04657,
    0.0463,
    0.04573,
    0.03063,
    0.03096,
    0.03057,
    0.03003,
    0.03066,
    0.02901,
    0.02943,
    0.02946,
    0.0294,
    0.03,
    0.03316,
    0.0325,
    0.03424,
    0.03352,
    0.03352,
    0.03397,
    0.03331,
    0.03214,
    0.03313,
    0.03328,
    0.07482000000000001,
    0.07425000000000001,
    0.07464000000000001,
    0.07398,
    0.07389000000000001,
    0.07419,
    0.0741,
    0.07428,
    0.07491,
    0.07308,
    0.03563,
    0.03635,
    0.03653,
    0.036500000000000005,
    0.03614,
    0.03587,
    0.035750000000000004,
    0.03629,
    0.03602,
    0.03629,
    0.05242,
    0.05104,
    0.05017,
    0.05098,
    0.05071,
    0.05065,
    0.05095,
    0.05047,
    0.0502,
    0.05104,
    0.8379099999999999,
    0.87829,
    0.83731,
    0.83554,
    0.84046,
    0.86152,
    0.835,
    0.83473,
    0.83482,
    0.87766
  ]
}