{
  "Surety": [
    2.5,
    5,
    3,
    2.5,
    2.25,
    3,
    1,
    1,
    1,
    1,
    1.75,
    0.75,
    0.75,
    3.5,
    2.25,
    5.5,
    3,
    1.75,
    4.5,
    4.5,
    4.75,
    4.5,
    1.75,
    4.75,
    4.5,
    2.75,
    1,
    1,
    4.5,
    2,
    1.75,
    5.5,
    -0.5,
    1.75,
    1,
    -0.5,
    1,
    -0.5,
    1,
    1.75,
    0,
    1,
    1,
    1,
    1
  ],
  "Number data clumps": [
    5,
    6,
    6,
    5,
    5,
    3,
    1,
    1,
    1,
    1,
    2,
    1,
    4,
    4,
    5,
    6,
    3,
    2,
    5,
    5,
    5,
    5,
    5,
    5,
    5,
    3,
    1,
    1,
    5,
    2,
    2,
    6,
    2,
    2,
    1,
    2,
    1,
    2,
    1,
    2,
    0,
    1,
    4,
    1,
    1
  ],
  "OutputFormatCorrectness": [
    0.38235294117647056,
    0,
    0.5441176470588235,
    0.7612293144208038,
    0.5791962174940898,
    0.8448275862068966,
    0.5853658536585366,
    0.5925925925925926,
    0.8292682926829268,
    0.8292682926829268,
    0.5925925925925926,
    0.8292682926829268,
    0.8382352941176471,
    0.5957446808510638,
    0.6012269938650306,
    0,
    0.8256880733944955,
    0,
    0.8248587570621468,
    0.8248587570621468,
    0,
    0.8248587570621468,
    0.8211586901763224,
    0.8248587570621468,
    0.8248587570621468,
    0.8235294117647058,
    0.8235294117647058,
    0.7692307692307693,
    0.5875706214689266,
    0.819672131147541,
    0.5882352941176471,
    0.5841584158415841,
    0.8333333333333334,
    0.8235294117647058,
    0.6,
    0.8518518518518519,
    0.8235294117647058,
    0.8235294117647058,
    0.8148148148148148,
    0.8235294117647058,
    null,
    0.8148148148148148,
    0.6153846153846154,
    0.8,
    0.8148148148148148
  ],
  "ValidJSON": [
    0,
    0,
    0,
    0,
    0,
    1,
    1,
    1,
    1,
    1,
    1,
    1,
    1,
    1,
    1,
    0,
    1,
    0,
    1,
    1,
    0,
    1,
    0,
    1,
    1,
    1,
    1,
    1,
    1,
    1,
    1,
    0,
    1,
    1,
    1,
    1,
    1,
    1,
    1,
    1,
    1,
    1,
    1,
    1,
    1
  ],
  "DataClumpSize": [
    3,
    5,
    11,
    3,
    3,
    5,
    11,
    3,
    3,
    3,
    3,
    5,
    11,
    3,
    3,
    3,
    11,
    3,
    5,
    11,
    3,
    3,
    5,
    11,
    3,
    3,
    3,
    3,
    5,
    11,
    5,
    3,
    5,
    5,
    3,
    3,
    5,
    5,
    11,
    3,
    3,
    5,
    5,
    3,
    3,
    5,
    11,
    3,
    3,
    3,
    3,
    4,
    3,
    4,
    3,
    3,
    3,
    8,
    100,
    4,
    30,
    3,
    4,
    4,
    3,
    3,
    3,
    4,
    4,
    3,
    3,
    3,
    4,
    3,
    4,
    8,
    3,
    4,
    4,
    3,
    3,
    3,
    4,
    4,
    8,
    3,
    3,
    100,
    4,
    100,
    3,
    3,
    4,
    4,
    3,
    3,
    3,
    100,
    4,
    3,
    64,
    3,
    4,
    4,
    3,
    3,
    3,
    8,
    3,
    3,
    3,
    4,
    3,
    4,
    3,
    3,
    4,
    8,
    8,
    3,
    3,
    4,
    3,
    4,
    3,
    4,
    3,
    3,
    3,
    3,
    4,
    4,
    3,
    3,
    3,
    3
  ],
  "DataClumpOccurence": [
    6,
    6,
    6,
    6,
    2,
    6,
    6,
    6,
    2,
    6,
    6,
    6,
    6,
    6,
    2,
    6,
    6,
    6,
    6,
    6,
    6,
    2,
    6,
    6,
    6,
    2,
    6,
    6,
    6,
    0,
    6,
    6,
    6,
    6,
    6,
    36,
    6,
    6,
    0,
    2,
    64,
    6,
    6,
    64,
    64,
    6,
    0,
    56,
    56,
    12,
    12,
    4,
    1592,
    4,
    3,
    1592,
    12,
    3,
    2,
    2,
    2,
    12,
    4,
    4,
    3,
    3,
    12,
    4,
    4,
    3,
    3,
    12,
    4,
    1592,
    4,
    3,
    12,
    4,
    4,
    3,
    3,
    12,
    4,
    4,
    3,
    2,
    12,
    2,
    4,
    2,
    3,
    12,
    4,
    4,
    3,
    3,
    12,
    2,
    4,
    12,
    2,
    12,
    4,
    4,
    3,
    3,
    4,
    3,
    12,
    3,
    12,
    4,
    1592,
    4,
    3,
    1592,
    2,
    3,
    3,
    3,
    13,
    64,
    12,
    2,
    12,
    2,
    12,
    12,
    3,
    12,
    348,
    348,
    1080,
    1080,
    362,
    12
  ],
  "ParametersToParameters": [
    1,
    1,
    1,
    1,
    1,
    1,
    1,
    1,
    1,
    1,
    1,
    1,
    1,
    1,
    1,
    1,
    1,
    1,
    1,
    1,
    1,
    1,
    1,
    1,
    1,
    1,
    1,
    1,
    1,
    0,
    1,
    1,
    1,
    1,
    1,
    1,
    1,
    1,
    0,
    1,
    1,
    1,
    1,
    1,
    1,
    1,
    0,
    1,
    1,
    1,
    1,
    1,
    1,
    1,
    1,
    1,
    1,
    1,
    0,
    1,
    0,
    1,
    1,
    1,
    1,
    1,
    1,
    1,
    1,
    1,
    1,
    1,
    1,
    1,
    1,
    1,
    1,
    1,
    1,
    1,
    1,
    1,
    1,
    1,
    1,
    0,
    1,
    0,
    1,
    0,
    1,
    1,
    1,
    1,
    1,
    1,
    1,
    0,
    1,
    1,
    0,
    1,
    1,
    1,
    1,
    1,
    1,
    1,
    1,
    1,
    1,
    1,
    1,
    1,
    1,
    1,
    1,
    1,
    1,
    1,
    1,
    0,
    1,
    1,
    1,
    1,
    1,
    1,
    1,
    1,
    1,
    1,
    0,
    0,
    1,
    1
  ],
  "FieldToField": [
    0,
    0,
    0,
    0,
    0,
    0,
    0,
    0,
    0,
    0,
    0,
    0,
    0,
    0,
    0,
    0,
    0,
    0,
    0,
    0,
    0,
    0,
    0,
    0,
    0,
    0,
    0,
    0,
    0,
    1,
    0,
    0,
    0,
    0,
    0,
    0,
    0,
    0,
    1,
    0,
    0,
    0,
    0,
    0,
    0,
    0,
    1,
    0,
    0,
    0,
    0,
    0,
    0,
    0,
    0,
    0,
    0,
    0,
    1,
    0,
    1,
    0,
    0,
    0,
    0,
    0,
    0,
    0,
    0,
    0,
    0,
    0,
    0,
    0,
    0,
    0,
    0,
    0,
    0,
    0,
    0,
    0,
    0,
    0,
    0,
    0,
    0,
    1,
    0,
    1,
    0,
    0,
    0,
    0,
    0,
    0,
    0,
    1,
    0,
    0,
    1,
    0,
    0,
    0,
    0,
    0,
    0,
    0,
    0,
    0,
    0,
    0,
    0,
    0,
    0,
    0,
    0,
    0,
    0,
    0,
    0,
    1,
    0,
    0,
    0,
    0,
    0,
    0,
    0,
    0,
    0,
    0,
    1,
    1,
    0,
    0
  ],
  "PreferNonPublic": [
    0,
    0,
    0,
    0,
    0,
    0,
    0,
    0,
    0,
    0,
    0,
    0,
    0,
    0,
    0,
    0,
    0,
    0,
    0,
    0,
    0,
    0,
    0,
    0,
    0,
    0,
    0,
    0,
    0,
    1,
    0,
    0,
    0,
    0,
    0,
    0,
    0,
    0,
    1,
    0,
    0,
    0,
    0,
    0,
    0,
    0,
    1,
    0,
    1,
    0,
    0,
    0,
    0,
    0,
    0,
    0,
    0,
    0,
    0,
    0,
    1,
    0,
    0,
    0,
    0,
    0,
    0,
    0,
    0,
    0,
    0,
    0,
    0,
    0,
    0,
    0,
    0,
    0,
    0,
    0,
    0,
    0,
    0,
    0,
    0,
    0,
    0,
    0,
    0,
    0,
    0,
    0,
    0,
    0,
    0,
    0,
    0,
    0,
    0,
    0,
    0,
    0,
    0,
    0,
    0,
    0,
    0,
    0,
    0,
    0,
    0,
    0,
    0,
    0,
    0,
    0,
    0,
    0,
    0,
    0,
    0,
    1,
    0,
    0,
    0,
    0,
    0,
    0,
    0,
    0,
    0,
    0,
    1,
    1,
    0,
    0
  ],