{
  "mean": 13.279682539682536,
  "count": 60,
  "groupedCount": {
    "0": 1,
    "2": 8,
    "3": 4,
    "4": 3,
    "6": 10,
    "9": 1,
    "21": 1,
    "24": 1,
    "33": 1,
    "34": 2,
    "35": 2,
    "42": 1,
    "13.6": 3,
    "23.333333333333332": 1,
    "40.8": 1,
    "5.333333333333333": 3,
    "17.6": 1,
    "5.2": 2,
    "25.333333333333332": 2,
    "22.8": 1,
    "7.5": 1,
    "36.4": 1,
    "17.714285714285715": 1,
    "34.333333333333336": 1,
    "6.333333333333333": 1,
    "16.8": 1,
    "54.666666666666664": 1,
    "2.6666666666666665": 2,
    "8.8": 1,
    "19.5": 1
  },
  "raw": [
    2,
    2,
    2,
    34,
    2,
    3,
    13.6,
    13.6,
    3,
    3,
    23.333333333333332,
    40.8,
    5.333333333333333,
    35,
    6,
    17.6,
    5.2,
    5.333333333333333,
    25.333333333333332,
    22.8,
    6,
    2,
    2,
    21,
    2,
    6,
    13.6,
    7.5,
    3,
    6,
    5.2,
    36.4,
    4,
    4,
    17.714285714285715,
    34.333333333333336,
    6.333333333333333,
    5.333333333333333,
    16.8,
    25.333333333333332,
    33,
    34,
    0,
    2,
    54.666666666666664,
    6,
    6,
    6,
    2.6666666666666665,
    2.6666666666666665,
    35,
    6,
    8.8,
    6,
    24,
    42,
    19.5,
    9,
    6,
    4
  ]
}