{
  "instanceType": "refactor",
  "instructionType": "noDefinitionBased",
  "temperature": 0.5,
  "inputFormat": "instruction",
  "model": "gpt-4-1106-preview",
  "iteration": 1,
  "projectName": "argoumlrefactor",
  "inputType": "instruction",
  "metrics": {
    "ValidPrograms": 1,
    "RemainingAttemptCount": 3,
    "RemovedDataClumps": -65,
    "GitChanges": 128,
    "CommentOut": 1,
    "ValidJSON": 1,
    "EmptyResponse": 1,
    "InterpretableChanges": 1,
    "RichClass": 0,
    "HarmlessErrorCategory": null,
    "DataClumpSize": [
      4,
      4,
      4,
      4,
      4,
      4,
      4,
      4,
      4,
      4,
      3,
      4,
      4,
      4,
      3,
      4,
      4,
      4,
      4,
      3,
      4,
      4,
      3,
      3,
      4,
      4,
      4
    ],
    "DataClumpOccurence": [
      434,
      434,
      434,
      434,
      434,
      6,
      6,
      434,
      434,
      434,
      12,
      434,
      434,
      434,
      12,
      434,
      434,
      434,
      2,
      2,
      434,
      434,
      2,
      2,
      434,
      434,
      434
    ],
    "ParametersToParameters": [
      1,
      1,
      1,
      1,
      1,
      1,
      1,
      1,
      1,
      1,
      1,
      1,
      1,
      1,
      1,
      1,
      1,
      1,
      1,
      1,
      1,
      1,
      1,
      1,
      1,
      1,
      1
    ],
    "FieldToField": [
      0,
      0,
      0,
      0,
      0,
      0,
      0,
      0,
      0,
      0,
      0,
      0,
      0,
      0,
      0,
      0,
      0,
      0,
      0,
      0,
      0,
      0,
      0,
      0,
      0,
      0,
      0
    ],
    "PreferNonPublic": [
      1,
      1,
      1,
      1,
      1,
      0,
      0,
      1,
      1,
      1,
      0,
      1,
      1,
      1,
      0,
      1,
      1,
      1,
      0,
      1,
      1,
      1,
      0,
      0,
      1,
      1,
      1
    ],
    "PrimitiveTypes": [
      1,
      1,
      1,
      1,
      1,
      0.5,
      0.5,
      1,
      1,
      1,
      0.3333333333333333,
      1,
      1,
      1,
      0.3333333333333333,
      1,
      1,
      1,
      0.75,
      0.3333333333333333,
      1,
      1,
      0.3333333333333333,
      0.3333333333333333,
      1,
      1,
      1
    ],
    "AffectedFiles": [
      41,
      41,
      41,
      41,
      41,
      3,
      3,
      41,
      41,
      41,
      4,
      41,
      41,
      41,
      4,
      41,
      41,
      41,
      1,
      1,
      41,
      41,
      1,
      1,
      41,
      41,
      41
    ]
  }
}