{
  "mean": 0.98,
  "count": 30,
  "sum": 29.46,
  "max": 1,
  "min": 0.75,
  "raw": [
    1,
    1,
    1,
    0.9583333333333334,
    1,
    1,
    1,
    1,
    1,
    1,
    0.75,
    1,
    1,
    1,
    0.7777777777777778,
    1,
    0.9722222222222222,
    1,
    1,
    1,
    1,
    1,
    1,
    1,
    1,
    1,
    1,
    1,
    1,
    1
  ]
}