{
  "mean": {
    "0": 4.96,
    "1": 6.517857142857143,
    "2": 5.976190476190476,
    "3": 4.742857142857143,
    "4": 4.266666666666667,
    "5": 4.277777777777778
  },
  "count": 75,
  "groupedCount": {
    "3": 8,
    "4": 1,
    "5": 7,
    "12": 2,
    "25": 1,
    "3,5,11,3,3,3": 3,
    "5,11,3,3,3,3": 6,
    "5,11": 2,
    "3,5": 6,
    "5,3": 1,
    "3,5,11,3,3": 4,
    "3,5,3,3,3": 2,
    "3,3,3": 2,
    "3,5,3,3": 1,
    "3,5,11,11": 1,
    "5,11,3,3,3,11": 1,
    "5,11,3,3,3": 2,
    "3,5,11": 1,
    "3,3": 1,
    "5,11,3,3": 1,
    "5,5,3,3": 1,
    "3,4,3,3,4,3,4,3": 3,
    "3,4,3,4,3,4,3": 1,
    "3,4,3": 1,
    "3,4,3,3,4,3,3": 1,
    "3,12": 1,
    "3,3,3,12": 1,
    "3,4,12": 1,
    "12,12,3,4,4,5": 1,
    "3,3,3,12,4": 1,
    "3,4,3,4,3,3,3": 1,
    "3,3,3,4,4": 1,
    "3,3,4": 1,
    "3,3,12,12,12": 1,
    "3,6": 2,
    "15,3,15": 1,
    "25,25,25,25,3,15": 1,
    "12,12": 1,
    "15,3,3,3,25": 1
  },
  "raw": [
    [
      3,
      5,
      11,
      3,
      3,
      3
    ],
    [
      5,
      11,
      3,
      3,
      3,
      3
    ],
    [
      5
    ],
    [
      3
    ],
    [
      5,
      11
    ],
    [
      3,
      5
    ],
    [
      5
    ],
    [
      3,
      5
    ],
    [
      5
    ],
    [
      5,
      11
    ],
    [
      3,
      5
    ],
    [
      5,
      3
    ],
    [
      3,
      5
    ],
    [
      4
    ],
    [
      3
    ],
    [
      3,
      5,
      11,
      3,
      3
    ],
    [
      3,
      5,
      11,
      3,
      3
    ],
    [
      5,
      11,
      3,
      3,
      3,
      3
    ],
    [
      3,
      5,
      11,
      3,
      3,
      3
    ],
    [
      3,
      5,
      3,
      3,
      3
    ],
    [
      5,
      11,
      3,
      3,
      3,
      3
    ],
    [
      5,
      11,
      3,
      3,
      3,
      3
    ],
    [
      5,
      11,
      3,
      3,
      3,
      3
    ],
    [
      3,
      5,
      3,
      3,
      3
    ],
    [
      3,
      5,
      11,
      3,
      3,
      3
    ],
    [
      3,
      3,
      3
    ],
    [
      3,
      5,
      3,
      3
    ],
    [
      3,
      5
    ],
    [
      3,
      5
    ],
    [
      3,
      5,
      11,
      11
    ],
    [
      3,
      5,
      11,
      3,
      3
    ],
    [
      5,
      11,
      3,
      3,
      3,
      3
    ],
    [
      5,
      11,
      3,
      3,
      3,
      11
    ],
    [
      3,
      5,
      11,
      3,
      3
    ],
    [
      5,
      11,
      3,
      3,
      3
    ],
    [
      3,
      5,
      11
    ],
    [
      5
    ],
    [
      3
    ],
    [
      5
    ],
    [
      5
    ],
    [
      3,
      3
    ],
    [
      5
    ],
    [
      5,
      11,
      3,
      3
    ],
    [
      5,
      5,
      3,
      3
    ],
    [
      5,
      11,
      3,
      3,
      3
    ],
    [
      3,
      4,
      3,
      3,
      4,
      3,
      4,
      3
    ],
    [
      3,
      4,
      3,
      4,
      3,
      4,
      3
    ],
    [
      3,
      4,
      3
    ],
    [
      3,
      4,
      3,
      3,
      4,
      3,
      4,
      3
    ],
    [
      3,
      4,
      3,
      3,
      4,
      3,
      3
    ],
    [
      3,
      3,
      3
    ],
    [
      3,
      4,
      3,
      3,
      4,
      3,
      4,
      3
    ],
    [
      3,
      12
    ],
    [
      3,
      3,
      3,
      12
    ],
    [
      3,
      4,
      12
    ],
    [
      12,
      12,
      3,
      4,
      4,
      5
    ],
    [
      3,
      3,
      3,
      12,
      4
    ],
    [
      3
    ],
    [
      3,
      4,
      3,
      4,
      3,
      3,
      3
    ],
    [
      3,
      3,
      3,
      4,
      4
    ],
    [
      12
    ],
    [
      3
    ],
    [
      3,
      3,
      4
    ],
    [
      3
    ],
    [
      3,
      3,
      12,
      12,
      12
    ],
    [
      3,
      6
    ],
    [
      15,
      3,
      15
    ],
    [
      3,
      6
    ],
    [
      25,
      25,
      25,
      25,
      3,
      15
    ],
    [
      12,
      12
    ],
    [
      12
    ],
    [
      15,
      3,
      3,
      3,
      25
    ],
    [
      25
    ],
    [
      3
    ],
    [
      3
    ]
  ]
}