{
  "instanceType": "refactor",
  "instructionType": "exampleBased",
  "includeUsages": "withUsages",
  "temperature": 0.9,
  "inputFormat": "instructionSnippet",
  "margin": 2,
  "model": "gpt-4-1106-preview",
  "iteration": 1,
  "projectName": "dolphinscheduler",
  "inputType": "instructionSnippet",
  "metrics": {
    "ValidPrograms": 0,
    "RemainingAttemptCount": 0,
    "RemovedDataClumps": 0,
    "GitChanges": 213,
    "CommentOut": 0.9487179487179487,
    "ValidJSON": 0.8333333333333334,
    "EmptyResponse": 1,
    "InterpretableChanges": 0.65,
    "RichClass": null,
    "HarmlessErrorCategory": 0.8333333333333334,
    "DataClumpSize": [
      10,
      3,
      3,
      3,
      4,
      3,
      3,
      3,
      5,
      3,
      3,
      3,
      13,
      6,
      3,
      3,
      3,
      6,
      3,
      3,
      3
    ],
    "DataClumpOccurence": [
      2,
      2,
      2,
      92,
      2,
      1,
      5,
      4,
      2,
      62,
      15,
      2,
      2,
      2,
      2,
      7,
      14,
      2,
      70,
      70,
      2
    ],
    "ParametersToParameters": [
      1,
      1,
      0,
      1,
      1,
      0,
      1,
      0,
      1,
      1,
      0,
      0,
      0,
      0,
      0,
      1,
      1,
      1,
      0,
      0,
      0
    ],
    "FieldToField": [
      0,
      0,
      0,
      0,
      0,
      0,
      0,
      0,
      0,
      0,
      0,
      0,
      1,
      1,
      0,
      0,
      0,
      0,
      1,
      1,
      1
    ],
    "PreferNonPublic": [
      0,
      0,
      1,
      0,
      0,
      0,
      0,
      0,
      0,
      0,
      0,
      0,
      1,
      1,
      0,
      0,
      0,
      0,
      1,
      1,
      1
    ],
    "PrimitiveTypes": [
      0.6,
      0.6666666666666666,
      0.6666666666666666,
      0.3333333333333333,
      0.25,
      0.6666666666666666,
      0.6666666666666666,
      1,
      0.8,
      0.6666666666666666,
      0.6666666666666666,
      1,
      0.5384615384615384,
      0.5,
      0.3333333333333333,
      0,
      0,
      0,
      0,
      0,
      0.6666666666666666
    ],
    "AffectedFiles": [
      1,
      1,
      2,
      3,
      1,
      2,
      4,
      4,
      1,
      4,
      10,
      3,
      2,
      2,
      3,
      3,
      5,
      2,
      36,
      36,
      2
    ]
  }
}