{
  "mean": 0.78,
  "count": 120,
  "sum": null,
  "max": 0.92,
  "min": 0.57,
  "raw": [
    0.8148148148148148,
    0.8888888888888888,
    0.8888888888888888,
    0.8552631578947368,
    0.8148148148148148,
    0.8148148148148148,
    0.8552631578947368,
    0.5909090909090909,
    0.8552631578947368,
    0.8888888888888888,
    0.8148148148148148,
    0.8210526315789474,
    0.8235294117647058,
    0.8235294117647058,
    0.8235294117647058,
    0.8235294117647058,
    0.8235294117647058,
    0.8235294117647058,
    0.8235294117647058,
    0.8148148148148148,
    0.8148148148148148,
    0.8490566037735849,
    0.6779661016949152,
    0.8181818181818182,
    0.7925925925925926,
    0.8,
    0.8235294117647058,
    0.8081841432225064,
    0.7924528301886793,
    0.8210526315789474,
    0.7979539641943734,
    0.8074866310160428,
    0.8148148148148148,
    0.7979539641943734,
    0.8016085790884718,
    0.8148148148148148,
    0.7979539641943734,
    0.8376068376068376,
    0.8292682926829268,
    0.8333333333333334,
    0.8148148148148148,
    0.8545454545454545,
    0.8888888888888888,
    0.8888888888888888,
    0.8,
    0.5779376498800959,
    0.8,
    0.5783132530120482,
    0.9,
    0.8085106382978723,
    0.8205128205128205,
    0.8235294117647058,
    0.5894736842105263,
    0.6521739130434783,
    0.8518518518518519,
    0.5925925925925926,
    0.8148148148148148,
    0.6666666666666666,
    0.7904509283819628,
    0.8173913043478261,
    0.8210526315789474,
    0.8292682926829268,
    0.5925925925925926,
    0.8333333333333334,
    0.8888888888888888,
    0.6086956521739131,
    0.5925925925925926,
    0.8186666666666667,
    0.8333333333333334,
    0.8235294117647058,
    0.8165680473372781,
    0.8226600985221675,
    0.5925925925925926,
    0.7979539641943734,
    0.704225352112676,
    0.8433734939759037,
    0.8148148148148148,
    0.8181818181818182,
    0.6,
    0.8148148148148148,
    0.8314606741573034,
    0.575,
    0.594059405940594,
    0.8,
    0.8148148148148148,
    0.8888888888888888,
    0.5925925925925926,
    0.9230769230769231,
    0.8397435897435898,
    0.8085106382978723,
    0.8148148148148148,
    0.5901639344262295,
    0.8703703703703703,
    0.8585858585858586,
    0.8148148148148148,
    0.8235294117647058,
    0.8518518518518519,
    0.8888888888888888,
    0.5901639344262295,
    0.8148148148148148,
    0.8235294117647058,
    null,
    0.574585635359116,
    0.6022727272727273,
    0.8217054263565892,
    0.6296296296296297,
    0.5911330049261084,
    0.819672131147541,
    0.8148148148148148,
    0.8235294117647058,
    0.6133333333333333,
    0.8634146341463415,
    0.5901639344262295,
    0.8074534161490683,
    0.8235294117647058,
    0.5797101449275363,
    0.8423645320197044,
    0.8888888888888888,
    0.6,
    0.8148148148148148
  ]
}