{
  "PositionOnGroundTruthMetric": 5.666666666666667,
  "DataClumpSizeMetric": 15.857142857142858,
  "DataClumpSizeOccurence": 1.9047619047619047,
  "FieldsToFieldsMetric": 0.9523809523809523,
  "ParametersToParametersMetric": 0,
  "InvalidJSON": 0.9523809523809523,
  "reason=size": 0.09523809523809523,
  "reason=occurrence": 0.7619047619047619,
  "reason=affected_files": 0,
  "reason=domain": 0.09523809523809523,
  "reason=other": 0
}