{
  "mean": 0.67,
  "count": 35,
  "sum": 23.38,
  "max": 1,
  "min": 0,
  "raw": [
    0.9117647058823529,
    0.9696969696969697,
    0.9285714285714286,
    0.9333333333333333,
    1,
    0.9615384615384616,
    0.9,
    1,
    0.7692307692307692,
    1,
    0.9642857142857143,
    0.9615384615384616,
    0.9583333333333334,
    0.8928571428571429,
    0.8333333333333334,
    0,
    1,
    0,
    0,
    0,
    0,
    0,
    0,
    0,
    0,
    0.8484848484848485,
    0.7741935483870968,
    1,
    0.9647058823529412,
    0.8536585365853658,
    0.7,
    1,
    0.9076923076923077,
    0.9263803680981595,
    0.41666666666666663
  ]
}