{
  "OutputFormatCorrectness": [
    0.6710526315789473,
    0.9868421052631579,
    0.75,
    0.6777777777777778,
    0.75,
    1,
    0.6658163265306123,
    1,
    0.7222222222222222,
    0.6710182767624021,
    1,
    0.7037037037037037,
    1,
    0.9879807692307693,
    0.7619047619047619,
    1,
    0.75,
    1,
    0.75,
    0.6797752808988764,
    1,
    0.75,
    0.75,
    1,
    0.9938271604938271,
    0.75,
    0.8333333333333334,
    0.989159891598916,
    0.7575757575757576,
    1
  ],
  "DataClumpSize": [
    30,
    30,
    100,
    30,
    30,
    30,
    30,
    30,
    30,
    4,
    4,
    4,
    30,
    30,
    8,
    8,
    3,
    100,
    30,
    100,
    30,
    30,
    4,
    30,
    4,
    30,
    30,
    30,
    30,
    30,
    100,
    64,
    8,
    4,
    3,
    30,
    30,
    8,
    4,
    100,
    100,
    100,
    3,
    8,
    30,
    64
  ],
  "DataClumpOccurence": [
    2,
    2,
    2,
    2,
    2,
    2,
    2,
    2,
    2,
    2,
    10,
    8,
    2,
    2,
    3,
    3,
    126,
    2,
    2,
    2,
    2,
    2,
    8,
    2,
    8,
    2,
    2,
    2,
    2,
    2,
    2,
    2,
    3,
    8,
    2,
    2,
    2,
    3,
    8,
    2,
    2,
    2,
    2,
    3,
    2,
    2
  ],
  "ParametersToParameters": [
    0,
    0,
    0,
    0,
    0,
    0,
    0,
    0,
    0,
    1,
    0,
    0,
    0,
    0,
    1,
    1,
    1,
    0,
    0,
    0,
    0,
    0,
    0,
    0,
    0,
    0,
    0,
    0,
    0,
    0,
    0,
    0,
    1,
    0,
    0,
    0,
    0,
    1,
    0,
    0,
    0,
    0,
    1,
    1,
    0,
    0
  ],
  "FieldToField": [
    1,
    1,
    1,
    1,
    1,
    1,
    1,
    1,
    1,
    0,
    1,
    1,
    1,
    1,
    0,
    0,
    0,
    1,
    1,
    1,
    1,
    1,
    1,
    1,
    1,
    1,
    1,
    1,
    1,
    1,
    1,
    1,
    0,
    1,
    0,
    1,
    1,
    0,
    1,
    1,
    1,
    1,
    0,
    0,
    1,
    1
  ],
  "PreferNonPublic": [
    1,
    1,
    0,
    1,
    1,
    1,
    1,
    1,
    1,
    0,
    1,
    1,
    1,
    1,
    0,
    0,
    0,
    0,
    1,
    0,
    1,
    1,
    1,
    1,
    1,
    1,
    1,
    1,
    1,
    1,
    0,
    0,
    0,
    1,
    1,
    1,
    1,
    0,
    1,
    0,
    0,
    0,
    0,
    0,
    1,
    0
  ],
  "PrimitiveTypes": [
    0.7666666666666667,
    0.7666666666666667,
    0.97,
    0.7666666666666667,
    0.7666666666666667,
    0.7666666666666667,
    0.7666666666666667,
    0.7666666666666667,
    0.7666666666666667,
    0.75,
    0,
    0.25,
    0.7666666666666667,
    0.7666666666666667,
    0.75,
    0.875,
    0.3333333333333333,
    0.97,
    0.7666666666666667,
    0.97,
    0.7666666666666667,
    0.7666666666666667,
    0.25,
    0.7666666666666667,
    0.25,
    0.7666666666666667,
    0.7666666666666667,
    0.7666666666666667,
    0.7666666666666667,
    0.7666666666666667,
    0.97,
    1,
    0.75,
    0.25,
    0.6666666666666666,
    0.7666666666666667,
    0.7666666666666667,
    0.75,
    0.25,
    0.97,
    0.97,
    0.97,
    0.3333333333333333,
    0.75,
    0.7666666666666667,
    1
  ],
  "AffectedFiles": [
    2,
    2,
    2,
    2,
    2,
    2,
    2,
    2,
    2,
    1,
    5,
    4,
    2,
    2,
    3,
    3,
    3,
    2,
    2,
    2,
    2,
    2,
    4,
    2,
    4,
    2,
    2,
    2,
    2,
    2,
    2,
    2,
    3,
    4,
    2,
    2,
    2,
    3,
    4,
    2,
    2,
    2,
    2,
    3,
    2,
    2
  ],
  "Time": [
    197.807,
    184.533,
    20.211,
    144.878,
    18.945,
    110.9415,
    172.4855,
    97.006,
    28.324,
    221.366,
    95.476,
    69.766,
    242.411,
    162.293,
    52.526,
    160.652,
    21.982,
    31.957,
    91.337,
    162.7395,
    87.831,
    22.252,
    23.992,
    46.931,
    192.1815,
    29.175,
    18.236,
    101.886,
    55.573,
    71.808
  ],
  "Price": [
    0.42676000000000003,
    0.45826,
    0.30685000000000007,
    0.40774000000000005,
    0.30685000000000007,
    0.44644000000000006,
    0.44317000000000006,
    0.36157000000000006,
    0.31429,
    0.43741,
    0.34936000000000006,
    0.32491000000000003,
    0.32107,
    0.46726,
    0.32005000000000006,
    0.4600000000000001,
    0.30688000000000004,
    0.30658,
    0.35668,
    0.47185,
    0.31435,
    0.30694000000000005,
    0.30619,
    0.30673000000000006,
    0.41284000000000004,
    0.30670000000000003,
    0.29962000000000005,
    0.41488,
    0.34063000000000004,
    0.34825000000000006
  ],
  "Surety": [
    1,
    1.75,
    0.75,
    1,
    -1.25,
    1,
    1,
    1,
    0.75,
    1,
    0.25,
    1,
    0.75,
    1.75,
    1.5,
    1,
    0.75,
    0.75,
    -3,
    2,
    1,
    0.75,
    0.75,
    0.75,
    -0.25,
    0.75,
    0.75,
    1,
    -2.25,
    2.5
  ],
  "Number data clumps": [
    1,
    2,
    1,
    1,
    1,
    1,
    1,
    4,
    1,
    1,
    3,
    1,
    1,
    2,
    2,
    1,
    1,
    1,
    4,
    2,
    1,
    1,
    1,
    1,
    2,
    1,
    1,
    1,
    2,
    3
  ],
  "ValidJSON": [
    0,
    0,
    1,
    1,
    1,
    0,
    0,
    1,
    1,
    0,
    1,
    1,
    1,
    0,
    1,
    0,
    1,
    1,
    1,
    0,
    1,
    1,
    1,
    1,
    0,
    1,
    1,
    0,
    1,
    1
  ]
}