{
  "Surety": [
    2.25,
    2.25,
    1,
    1,
    2.5,
    4.5,
    3.25,
    2,
    2,
    1,
    4.25,
    1,
    1,
    4.5,
    1
  ],
  "OutputFormatCorrectness": [
    0.5791962174940898,
    0.5768321513002365,
    0.8292682926829268,
    0.8292682926829268,
    0.8037825059101655,
    0.8257756563245824,
    0.819672131147541,
    0.8205128205128205,
    0.8387096774193549,
    0.8148148148148148,
    0.5875706214689266,
    0.8433734939759037,
    0.8433734939759037,
    0.8132992327365729,
    0.8292682926829268
  ],
  "ValidJSON": [
    0,
    0,
    1,
    1,
    0,
    0,
    1,
    1,
    1,
    1,
    1,
    1,
    1,
    0,
    1
  ],
  "DataClumpSize_mean": [
    5,
    5,
    5,
    5,
    5,
    6.6,
    3.5,
    3.6,
    8,
    3,
    5,
    11,
    11,
    5,
    5
  ],
  "DataClumpOccurence_mean": [
    5.2,
    5.2,
    6,
    6,
    5.2,
    5.2,
    42.5,
    94,
    6,
    6,
    6.4,
    6,
    6,
    29.2,
    6
  ],
  "FieldToField_mean": [
    0,
    0,
    0,
    0,
    0.16666666666666666,
    0.2,
    0,
    0,
    0,
    0,
    0,
    0,
    0,
    0,
    0
  ],
  "ParametersToParameters_mean": [
    0.8333333333333334,
    0.8333333333333334,
    1,
    1,
    0.8333333333333334,
    0.8,
    1,
    1,
    1,
    1,
    1,
    1,
    1,
    1,
    1
  ],
  "DataClumpSize_count": [
    5,
    5,
    1,
    1,
    5,
    5,
    4,
    5,
    2,
    1,
    5,
    1,
    1,
    5,
    1
  ],
  "DataClumpOccurence_count": [
    5,
    5,
    1,
    1,
    5,
    5,
    4,
    5,
    2,
    1,
    5,
    1,
    1,
    5,
    1
  ],
  "FieldToField_count": [
    6,
    6,
    1,
    1,
    6,
    5,
    4,
    5,
    2,
    1,
    5,
    1,
    1,
    5,
    1
  ],
  "ParametersToParameters_count": [
    6,
    6,
    1,
    1,
    6,
    5,
    4,
    5,
    2,
    1,
    5,
    1,
    1,
    5,
    1
  ],
  "DataClumpSize_sum": [
    25,
    25,
    5,
    5,
    25,
    33,
    14,
    18,
    16,
    3,
    25,
    11,
    11,
    25,
    5
  ],
  "DataClumpOccurence_sum": [
    26,
    26,
    6,
    6,
    26,
    26,
    170,
    470,
    12,
    6,
    32,
    6,
    6,
    146,
    6
  ],
  "FieldToField_sum": [
    0,
    0,
    0,
    0,
    1,
    1,
    0,
    0,
    0,
    0,
    0,
    0,
    0,
    0,
    0
  ],
  "ParametersToParameters_sum": [
    5,
    5,
    1,
    1,
    5,
    4,
    4,
    5,
    2,
    1,
    5,
    1,
    1,
    5,
    1
  ],
  "DataClumpSize_max": [
    11,
    11,
    5,
    5,
    11,
    11,
    5,
    5,
    11,
    3,
    11,
    11,
    11,
    11,
    5
  ],
  "DataClumpOccurence_max": [
    6,
    6,
    6,
    6,
    6,
    12,
    64,
    434,
    6,
    6,
    12,
    6,
    6,
    64,
    6
  ],
  "FieldToField_max": [
    0,
    0,
    0,
    0,
    1,
    1,
    0,
    0,
    0,
    0,
    0,
    0,
    0,
    0,
    0
  ],
  "ParametersToParameters_max": [
    1,
    1,
    1,
    1,
    1,
    1,
    1,
    1,
    1,
    1,
    1,
    1,
    1,
    1,
    1
  ],
  "DataClumpSize_min": [
    3,
    3,
    5,
    5,
    3,
    3,
    3,
    3,
    5,
    3,
    3,
    11,
    11,
    3,
    5
  ],
  "DataClumpOccurence_min": [
    2,
    2,
    6,
    6,
    2,
    0,
    6,
    6,
    6,
    6,
    2,
    6,
    6,
    6,
    6
  ],
  "FieldToField_min": [
    0,
    0,
    0,
    0,
    0,
    0,
    0,
    0,
    0,
    0,
    0,
    0,
    0,
    0,
    0
  ],
  "ParametersToParameters_min": [
    0,
    0,
    1,
    1,
    0,
    0,
    1,
    1,
    1,
    1,
    1,
    1,
    1,
    1,
    1
  ],
  "DataClumpSize_raw": [
    [
      5,
      11,
      3,
      3,
      3
    ],
    [
      5,
      11,
      3,
      3,
      3
    ],
    [
      5
    ],
    [
      5
    ],
    [
      3,
      5,
      11,
      3,
      3
    ],
    [
      3,
      5,
      11,
      3,
      11
    ],
    [
      5,
      3,
      3,
      3
    ],
    [
      5,
      3,
      3,
      3,
      4
    ],
    [
      5,
      11
    ],
    [
      3
    ],
    [
      5,
      11,
      3,
      3,
      3
    ],
    [
      11
    ],
    [
      11
    ],
    [
      3,
      5,
      11,
      3,
      3
    ],
    [
      5
    ]
  ],
  "DataClumpOccurence_raw": [
    [
      6,
      6,
      6,
      2,
      6
    ],
    [
      6,
      6,
      6,
      2,
      6
    ],
    [
      6
    ],
    [
      6
    ],
    [
      6,
      6,
      6,
      6,
      2
    ],
    [
      6,
      6,
      2,
      12,
      0
    ],
    [
      6,
      64,
      64,
      36
    ],
    [
      6,
      12,
      6,
      12,
      434
    ],
    [
      6,
      6
    ],
    [
      6
    ],
    [
      6,
      6,
      12,
      2,
      6
    ],
    [
      6
    ],
    [
      6
    ],
    [
      6,
      6,
      6,
      64,
      64
    ],
    [
      6
    ]
  ],
  "FieldToField_raw": [
    [
      0,
      0,
      0,
      0,
      0,
      0
    ],
    [
      0,
      0,
      0,
      0,
      0,
      0
    ],
    [
      0
    ],
    [
      0
    ],
    [
      0,
      0,
      0,
      0,
      0,
      1
    ],
    [
      0,
      0,
      0,
      0,
      1
    ],
    [
      0,
      0,
      0,
      0
    ],
    [
      0,
      0,
      0,
      0,
      0
    ],
    [
      0,
      0
    ],
    [
      0
    ],
    [
      0,
      0,
      0,
      0,
      0
    ],
    [
      0
    ],
    [
      0
    ],
    [
      0,
      0,
      0,
      0,
      0
    ],
    [
      0
    ]
  ],
  "ParametersToParameters_raw": [
    [
      1,
      1,
      1,
      1,
      1,
      0
    ],
    [
      1,
      1,
      1,
      1,
      1,
      0
    ],
    [
      1
    ],
    [
      1
    ],
    [
      1,
      1,
      1,
      1,
      1,
      0
    ],
    [
      1,
      1,
      1,
      1,
      0
    ],
    [
      1,
      1,
      1,
      1
    ],
    [
      1,
      1,
      1,
      1,
      1
    ],
    [
      1,
      1
    ],
    [
      1
    ],
    [
      1,
      1,
      1,
      1,
      1
    ],
    [
      1
    ],
    [
      1
    ],
    [
      1,
      1,
      1,
      1,
      1
    ],
    [
      1
    ]
  ]
}