{
  "mean": 0.18,
  "count": 30,
  "sum": 5.33,
  "max": 1,
  "min": 0,
  "raw": [
    0.6666666666666666,
    0,
    0.6666666666666666,
    0,
    0,
    0,
    0,
    0.5,
    1,
    0.3333333333333333,
    0,
    0,
    0,
    0,
    0,
    0,
    0,
    0,
    0.3333333333333333,
    0,
    0,
    0,
    0,
    0,
    0,
    0,
    0,
    0,
    0.8333333333333334,
    1
  ]
}