{
  "mean": 0.19,
  "count": 75,
  "sum": 14.12,
  "max": 1,
  "min": 0,
  "raw": [
    0.25,
    1,
    0.3333333333333333,
    0.6,
    0.8,
    0.2,
    1,
    1,
    0.8,
    1,
    0,
    0.8,
    1,
    0.6666666666666666,
    0,
    0,
    0,
    0,
    0,
    0,
    0,
    0,
    0,
    0,
    0,
    0.8333333333333334,
    0,
    0,
    0,
    0,
    0,
    0,
    0,
    0,
    0.5,
    0,
    0,
    0,
    0,
    0,
    0,
    0,
    0,
    0,
    0,
    0,
    0,
    0.5,
    0.5,
    0,
    0.6666666666666666,
    0,
    0,
    0,
    0,
    0,
    0,
    0,
    0,
    0,
    0,
    0.3333333333333333,
    0,
    1,
    0,
    0,
    0,
    0,
    0.3333333333333333,
    0,
    0,
    0,
    0,
    0,
    0
  ]
}