{
  "mean": 0.59,
  "count": 90,
  "sum": 53.28,
  "max": 1,
  "min": 0,
  "raw": [
    1,
    0.6,
    1,
    0.8,
    1,
    0.75,
    0.4,
    0.8,
    1,
    1,
    1,
    0.6,
    1,
    1,
    1,
    0,
    1,
    0.8,
    0.6666666666666666,
    0.6,
    0.8,
    1,
    1,
    0.8,
    0,
    0.2,
    1,
    1,
    0.4,
    0.5,
    1,
    0.2,
    1,
    0.8,
    0.8,
    0,
    0,
    1,
    0.6,
    1,
    1,
    1,
    1,
    1,
    0.8,
    0.8,
    1,
    1,
    1,
    0.8,
    1,
    0,
    1,
    0.6,
    0.8333333333333334,
    0,
    0.3333333333333333,
    0,
    0.8333333333333334,
    0,
    0.3333333333333333,
    0,
    0.3333333333333333,
    0,
    0,
    0,
    1,
    0,
    0.5,
    0,
    0.8333333333333334,
    0,
    0.3333333333333333,
    0.8333333333333334,
    0.5,
    0,
    0,
    1,
    1,
    0,
    1,
    0,
    0,
    0,
    0,
    1,
    0.8333333333333334,
    0,
    0,
    0.6666666666666666
  ]
}