{
  "mean": 0.31,
  "count": 36,
  "sum": 11.17,
  "max": 1,
  "min": 0,
  "raw": [
    0.8333333333333334,
    0,
    0.8333333333333334,
    0,
    0.5,
    0.5,
    0.8333333333333334,
    0,
    0,
    0,
    0,
    0,
    0,
    0,
    0.16666666666666666,
    0,
    0.6666666666666666,
    0,
    1,
    0,
    0.5,
    0,
    0,
    0,
    1,
    1,
    0.3333333333333333,
    0,
    0,
    1,
    1,
    0.8333333333333334,
    0.16666666666666666,
    0,
    0,
    0
  ]
}