{
  "mean": 0.02,
  "count": 30,
  "sum": 0.5,
  "max": 0.33,
  "min": 0,
  "raw": [
    0,
    0,
    0,
    0,
    0,
    0,
    0,
    0,
    0,
    0,
    0,
    0,
    0,
    0,
    0,
    0,
    0,
    0,
    0,
    0,
    0.16666666666666666,
    0,
    0,
    0,
    0.3333333333333333,
    0,
    0,
    0,
    0,
    0
  ]
}