{
  "mean": 0.61,
  "count": 30,
  "sum": 18.17,
  "max": 1,
  "min": 0,
  "raw": [
    1,
    0.5,
    0.3333333333333333,
    0.6666666666666666,
    1,
    0.8333333333333334,
    0.16666666666666666,
    0.5,
    1,
    1,
    1,
    1,
    0,
    0,
    0.8333333333333334,
    0.6666666666666666,
    1,
    0.3333333333333333,
    1,
    0.5,
    0.3333333333333333,
    0.8333333333333334,
    1,
    0.6666666666666666,
    0,
    0.6666666666666666,
    0.6666666666666666,
    0.16666666666666666,
    0.5,
    0
  ]
}