{
  "mean": 0.62,
  "count": 45,
  "sum": 27.77,
  "max": 1,
  "min": 0,
  "raw": [
    0.3333333333333333,
    0.8,
    0.8,
    0.3333333333333333,
    1,
    1,
    1,
    0.4,
    0.6,
    1,
    0.3333333333333333,
    0,
    0.4,
    1,
    0.6,
    0.25,
    1,
    0.3333333333333333,
    0.6,
    0.8,
    0.2,
    1,
    1,
    0.8,
    1,
    0,
    0.8,
    1,
    0.6666666666666666,
    0,
    0.3333333333333333,
    1,
    1,
    1,
    0.8,
    0.4,
    0.8,
    0.25,
    1,
    0.3333333333333333,
    0.6,
    0,
    1,
    0.2,
    0
  ]
}