{
  "mean": 0.38,
  "count": 35,
  "sum": 13.47,
  "max": 1,
  "min": 0,
  "raw": [
    0.8,
    0.8,
    0.4,
    0.8,
    0,
    0.4,
    0,
    0,
    1,
    0,
    0.4,
    0.6,
    0.6,
    1,
    1,
    0,
    0,
    0,
    0,
    0,
    0,
    0,
    0,
    0.8333333333333334,
    1,
    0.6666666666666666,
    0.6666666666666666,
    0,
    0,
    0.16666666666666666,
    0.6666666666666666,
    1,
    0,
    0,
    0.6666666666666666
  ]
}