{
  "mean": 0.6,
  "count": 35,
  "sum": 20.93,
  "max": 1,
  "min": 0,
  "raw": [
    1,
    1,
    1,
    1,
    0,
    0.2,
    1,
    1,
    0,
    1,
    0.4,
    1,
    0.5,
    1,
    1,
    0.8333333333333334,
    1,
    1,
    0.5,
    0,
    0.8333333333333334,
    0,
    0,
    0.3333333333333333,
    1,
    0,
    0,
    1,
    1,
    0,
    1,
    0,
    1,
    0,
    0.3333333333333333
  ]
}