{
  "mean": 0.26,
  "count": 30,
  "sum": 4.6,
  "max": 0.84,
  "min": 0,
  "raw": [
    0.25,
    0,
    0.8387096774193549,
    0.15384615384615385,
    null,
    0.7,
    0.5,
    0.4444444444444444,
    0,
    0,
    0.2,
    null,
    null,
    0,
    null,
    null,
    0,
    null,
    null,
    null,
    null,
    null,
    null,
    0.18181818181818182,
    0.6666666666666666,
    0.21428571428571427,
    0,
    0,
    null,
    0.45
  ]
}