{
  "instanceType= detect": 6.333333333333333,
  "instanceType= detect , model= gpt-4-1106-preview": 6.333333333333333,
  "instanceType= detect , temperature= 0.1": 6.333333333333333,
  "instanceType= detect , temperature= 0.5": 6.166666666666666,
  "instanceType= detect , temperature= 0.9": 6.333333333333333,
  "instanceType= detect , inputFormat= fullFile": 11,
  "instanceType= detect , inputFormat= snippet": 5,
  "instanceType= detect , margin= 0": 7,
  "instanceType= detect , margin= 2": 5.75,
  "instanceType= detect , margin= 5": 4.666666666666667,
  "instanceType= detect , instructionType= definitionBased": 7.75,
  "instanceType= detect , instructionType= exampleBased": 5.583333333333334,
  "instanceType= detect , instructionType= noDefinitionBased": 5,
  "model= gpt-4-1106-preview": 6.333333333333333,
  "model= gpt-4-1106-preview , instanceType= detect": 6.333333333333333,
  "model= gpt-4-1106-preview , temperature= 0.1": 6.333333333333333,
  "model= gpt-4-1106-preview , temperature= 0.5": 6.166666666666666,
  "model= gpt-4-1106-preview , temperature= 0.9": 6.333333333333333,
  "model= gpt-4-1106-preview , inputFormat= fullFile": 11,
  "model= gpt-4-1106-preview , inputFormat= snippet": 5,
  "model= gpt-4-1106-preview , margin= 0": 7,
  "model= gpt-4-1106-preview , margin= 2": 5.75,
  "model= gpt-4-1106-preview , margin= 5": 4.666666666666667,
  "model= gpt-4-1106-preview , instructionType= definitionBased": 7.75,
  "model= gpt-4-1106-preview , instructionType= exampleBased": 5.583333333333334,
  "model= gpt-4-1106-preview , instructionType= noDefinitionBased": 5,
  "temperature= 0.1": 6.333333333333333,
  "temperature= 0.5": 6.166666666666666,
  "temperature= 0.9": 6.333333333333333,
  "temperature= 0.1 , instanceType= detect": 6.333333333333333,
  "temperature= 0.5 , instanceType= detect": 6.166666666666666,
  "temperature= 0.9 , instanceType= detect": 6.333333333333333,
  "temperature= 0.1 , model= gpt-4-1106-preview": 6.333333333333333,
  "temperature= 0.5 , model= gpt-4-1106-preview": 6.166666666666666,
  "temperature= 0.9 , model= gpt-4-1106-preview": 6.333333333333333,
  "temperature= 0.1 , inputFormat= fullFile": 11,
  "temperature= 0.1 , inputFormat= snippet": 5,
  "temperature= 0.5 , inputFormat= fullFile": 11,
  "temperature= 0.5 , inputFormat= snippet": 5,
  "temperature= 0.9 , inputFormat= fullFile": 9.4,
  "temperature= 0.9 , inputFormat= snippet": 5.666666666666667,
  "temperature= 0.1 , margin= 0": 8,
  "temperature= 0.1 , margin= 2": 5,
  "temperature= 0.1 , margin= 5": 4.666666666666667,
  "temperature= 0.5 , margin= 0": 6.333333333333333,
  "temperature= 0.5 , margin= 2": 6.6,
  "temperature= 0.5 , margin= 5": 4.666666666666667,
  "temperature= 0.9 , margin= 0": 6.333333333333333,
  "temperature= 0.9 , margin= 2": 5.5,
  "temperature= 0.9 , margin= 5": 4.5,
  "temperature= 0.1 , instructionType= definitionBased": 7.75,
  "temperature= 0.1 , instructionType= exampleBased": 6.333333333333333,
  "temperature= 0.1 , instructionType= noDefinitionBased": 5,
  "temperature= 0.5 , instructionType= definitionBased": 7.25,
  "temperature= 0.5 , instructionType= exampleBased": 5.583333333333334,
  "temperature= 0.5 , instructionType= noDefinitionBased": 5,
  "temperature= 0.9 , instructionType= definitionBased": 8.5,
  "temperature= 0.9 , instructionType= exampleBased": 5.25,
  "temperature= 0.9 , instructionType= noDefinitionBased": 5.25,
  "iteration= 0": 5.875,
  "iteration= 1": 5,
  "iteration= 2": 5.5,
  "iteration= 3": 6.166666666666666,
  "iteration= 4": 5,
  "iteration= 5": 12,
  "iteration= 6": 10.9,
  "iteration= 7": 15,
  "iteration= 8": 10.125,
  "iteration= 9": 13.5,
  "inputFormat= fullFile": 11,
  "inputFormat= snippet": 5,
  "inputFormat= fullFile , instanceType= detect": 11,
  "inputFormat= snippet , instanceType= detect": 5,
  "inputFormat= fullFile , model= gpt-4-1106-preview": 11,
  "inputFormat= snippet , model= gpt-4-1106-preview": 5,
  "inputFormat= fullFile , temperature= 0.1": 11,
  "inputFormat= fullFile , temperature= 0.5": 11,
  "inputFormat= fullFile , temperature= 0.9": 9.4,
  "inputFormat= snippet , temperature= 0.1": 5,
  "inputFormat= snippet , temperature= 0.5": 5,
  "inputFormat= snippet , temperature= 0.9": 5.666666666666667,
  "inputFormat= snippet , margin= 0": 7,
  "inputFormat= snippet , margin= 2": 5.75,
  "inputFormat= snippet , margin= 5": 4.666666666666667,
  "inputFormat= fullFile , instructionType= definitionBased": 15,
  "inputFormat= fullFile , instructionType= exampleBased": 10.538461538461538,
  "inputFormat= fullFile , instructionType= noDefinitionBased": 7.5,
  "inputFormat= snippet , instructionType= definitionBased": 5.75,
  "inputFormat= snippet , instructionType= exampleBased": 5,
  "inputFormat= snippet , instructionType= noDefinitionBased": 5,
  "margin= 0": 7,
  "margin= 2": 5.75,
  "margin= 5": 4.666666666666667,
  "margin= 0 , instanceType= detect": 7,
  "margin= 2 , instanceType= detect": 5.75,
  "margin= 5 , instanceType= detect": 4.666666666666667,
  "margin= 0 , model= gpt-4-1106-preview": 7,
  "margin= 2 , model= gpt-4-1106-preview": 5.75,
  "margin= 5 , model= gpt-4-1106-preview": 4.666666666666667,
  "margin= 0 , temperature= 0.1": 8,
  "margin= 0 , temperature= 0.5": 6.333333333333333,
  "margin= 0 , temperature= 0.9": 6.333333333333333,
  "margin= 2 , temperature= 0.1": 5,
  "margin= 2 , temperature= 0.5": 6.6,
  "margin= 2 , temperature= 0.9": 5.5,
  "margin= 5 , temperature= 0.1": 4.666666666666667,
  "margin= 5 , temperature= 0.5": 4.666666666666667,
  "margin= 5 , temperature= 0.9": 4.5,
  "margin= 0 , inputFormat= snippet": 7,
  "margin= 2 , inputFormat= snippet": 5.75,
  "margin= 5 , inputFormat= snippet": 4.666666666666667,
  "margin= 0 , instructionType= definitionBased": 7,
  "margin= 0 , instructionType= exampleBased": 6.333333333333333,
  "margin= 0 , instructionType= noDefinitionBased": 7.5,
  "margin= 2 , instructionType= definitionBased": 7.5,
  "margin= 2 , instructionType= exampleBased": 5,
  "margin= 2 , instructionType= noDefinitionBased": 5,
  "margin= 5 , instructionType= definitionBased": 4.5,
  "margin= 5 , instructionType= exampleBased": 4.666666666666667,
  "margin= 5 , instructionType= noDefinitionBased": 5,
  "instructionType= definitionBased": 7.75,
  "instructionType= exampleBased": 5.583333333333334,
  "instructionType= noDefinitionBased": 5,
  "instructionType= definitionBased , instanceType= detect": 7.75,
  "instructionType= exampleBased , instanceType= detect": 5.583333333333334,
  "instructionType= noDefinitionBased , instanceType= detect": 5,
  "instructionType= definitionBased , model= gpt-4-1106-preview": 7.75,
  "instructionType= exampleBased , model= gpt-4-1106-preview": 5.583333333333334,
  "instructionType= noDefinitionBased , model= gpt-4-1106-preview": 5,
  "instructionType= definitionBased , temperature= 0.1": 7.75,
  "instructionType= definitionBased , temperature= 0.5": 7.25,
  "instructionType= definitionBased , temperature= 0.9": 8.5,
  "instructionType= exampleBased , temperature= 0.1": 6.333333333333333,
  "instructionType= exampleBased , temperature= 0.5": 5.583333333333334,
  "instructionType= exampleBased , temperature= 0.9": 5.25,
  "instructionType= noDefinitionBased , temperature= 0.1": 5,
  "instructionType= noDefinitionBased , temperature= 0.5": 5,
  "instructionType= noDefinitionBased , temperature= 0.9": 5.25,
  "instructionType= definitionBased , inputFormat= fullFile": 15,
  "instructionType= definitionBased , inputFormat= snippet": 5.75,
  "instructionType= exampleBased , inputFormat= fullFile": 10.538461538461538,
  "instructionType= exampleBased , inputFormat= snippet": 5,
  "instructionType= noDefinitionBased , inputFormat= fullFile": 7.5,
  "instructionType= noDefinitionBased , inputFormat= snippet": 5,
  "instructionType= definitionBased , margin= 0": 7,
  "instructionType= definitionBased , margin= 2": 7.5,
  "instructionType= definitionBased , margin= 5": 4.5,