{
  "Surety": [
    -5.25,
    -9.75,
    -1,
    -10.5,
    0.75,
    5.5,
    4.75,
    2.75,
    3.75,
    3.25,
    4.5,
    3.25,
    2.5,
    2,
    1,
    3,
    1,
    1,
    1,
    1
  ],
  "OutputFormatCorrectness": [
    0.7692307692307693,
    0.6006006006006006,
    0.7692307692307693,
    0.6125356125356125,
    0.5742574257425742,
    0.8348623853211009,
    0.8428571428571429,
    0.6105263157894737,
    0.6114649681528662,
    0.806146572104019,
    0.8257756563245824,
    0.819672131147541,
    0.8205128205128205,
    0.8387096774193549,
    0.8148148148148148,
    0.8448275862068966,
    0.5853658536585366,
    0.5925925925925926,
    0.8292682926829268,
    0.8292682926829268
  ],
  "InvalidJSON": [
    1,
    0,
    1,
    0,
    1,
    0,
    0,
    1,
    1,
    0,
    0,
    1,
    1,
    1,
    1,
    1,
    1,
    1,
    1,
    1
  ],
  "DataClumpSize_mean": [
    5,
    10.923076923076923,
    0,
    10,
    10,
    6,
    8.2,
    6.333333333333333,
    7.5,
    5,
    6.6,
    3.5,
    3.6,
    8,
    3,
    6.333333333333333,
    5,
    3,
    5,
    5
  ],
  "DataClumpOccurence_mean": [
    39.5,
    6,
    0,
    34,
    6,
    6,
    4.8,
    6,
    2,
    5.2,
    5.2,
    42.5,
    94,
    6,
    6,
    4,
    6,
    6,
    6,
    6
  ],
  "FieldToField_mean": [
    0,
    0,
    0,
    0,
    0,
    0.16666666666666666,
    0.4,
    0.3333333333333333,
    0.5,
    0.16666666666666666,
    0.2,
    0,
    0,
    0,
    0,
    0.3333333333333333,
    0,
    0,
    0,
    0
  ],
  "ParametersToParameters_mean": [
    1,
    1,
    1,
    0.9285714285714286,
    1,
    0.8333333333333334,
    0.6,
    0.6666666666666666,
    0.5,
    0.8333333333333334,
    0.8,
    1,
    1,
    1,
    1,
    0.6666666666666666,
    1,
    1,
    1,
    1
  ],
  "DataClumpSize_count": [
    4,
    13,
    0,
    14,
    1,
    6,
    5,
    3,
    4,
    5,
    5,
    4,
    5,
    2,
    1,
    3,
    1,
    1,
    1,
    1
  ],
  "DataClumpOccurence_count": [
    4,
    13,
    0,
    14,
    1,
    6,
    5,
    3,
    4,
    5,
    5,
    4,
    5,
    2,
    1,
    3,
    1,
    1,
    1,
    1
  ],
  "FieldToField_count": [
    6,
    13,
    1,
    14,
    1,
    6,
    5,
    3,
    4,
    6,
    5,
    4,
    5,
    2,
    1,
    3,
    1,
    1,
    1,
    1
  ],
  "ParametersToParameters_count": [
    6,
    13,
    1,
    14,
    1,
    6,
    5,
    3,
    4,
    6,
    5,
    4,
    5,
    2,
    1,
    3,
    1,
    1,
    1,
    1
  ],
  "DataClumpSize_groupedCount": [
    {
      "3": 3,
      "11": 1
    },
    {
      "10": 1,
      "11": 12
    },
    {},
    {
      "10": 14
    },
    {
      "10": 1
    },
    {
      "3": 3,
      "5": 1,
      "11": 2
    },
    {
      "3": 1,
      "5": 1,
      "11": 3
    },
    {
      "3": 1,
      "5": 1,
      "11": 1
    },
    {
      "3": 1,
      "5": 1,
      "11": 2
    },
    {
      "3": 3,
      "5": 1,
      "11": 1
    },
    {
      "3": 2,
      "5": 1,
      "11": 2
    },
    {
      "3": 3,
      "5": 1
    },
    {
      "3": 3,
      "4": 1,
      "5": 1
    },
    {
      "5": 1,
      "11": 1
    },
    {
      "3": 1
    },
    {
      "3": 1,
      "5": 1,
      "11": 1
    },
    {
      "5": 1
    },
    {
      "3": 1
    },
    {
      "5": 1
    },
    {
      "5": 1
    }
  ],
  "DataClumpOccurence_groupedCount": [
    {
      "2": 1,
      "36": 1,
      "56": 1,
      "64": 1
    },
    {
      "6": 13
    },
    {},
    {
      "34": 14
    },
    {
      "6": 1
    },
    {
      "0": 1,
      "6": 4,
      "12": 1
    },
    {
      "0": 2,
      "6": 2,
      "12": 1
    },
    {
      "0": 1,
      "6": 1,
      "12": 1
    },
    {
      "0": 2,
      "2": 1,
      "6": 1
    },
    {
      "2": 1,
      "6": 4
    },
    {
      "0": 1,
      "2": 1,
      "6": 2,
      "12": 1
    },
    {
      "6": 1,
      "36": 1,
      "64": 2
    },
    {
      "6": 2,
      "12": 2,
      "434": 1
    },
    {
      "6": 2
    },
    {
      "6": 1
    },
    {
      "0": 1,
      "6": 2
    },
    {
      "6": 1
    },
    {
      "6": 1
    },
    {
      "6": 1
    },
    {
      "6": 1
    }
  ],
  "FieldToField_groupedCount": [
    {
      "0": 6
    },
    {
      "0": 13
    },
    {
      "0": 1
    },
    {
      "0": 14
    },
    {
      "0": 1
    },
    {
      "0": 5,
      "1": 1
    },
    {
      "0": 3,
      "1": 2
    },
    {
      "0": 2,
      "1": 1
    },
    {
      "0": 2,
      "1": 2
    },
    {
      "0": 5,
      "1": 1
    },
    {
      "0": 4,
      "1": 1
    },
    {
      "0": 4
    },
    {
      "0": 5
    },
    {
      "0": 2
    },
    {
      "0": 1
    },
    {
      "0": 2,
      "1": 1
    },
    {
      "0": 1
    },
    {
      "0": 1
    },
    {
      "0": 1
    },
    {
      "0": 1
    }
  ],
  "ParametersToParameters_groupedCount": [
    {
      "1": 6
    },
    {
      "1": 13
    },
    {
      "1": 1
    },
    {
      "0": 1,
      "1": 13
    },
    {
      "1": 1
    },
    {
      "0": 1,
      "1": 5
    },
    {
      "0": 2,
      "1": 3
    },
    {
      "0": 1,
      "1": 2
    },
    {
      "0": 2,
      "1": 2
    },
    {
      "0": 1,
      "1": 5
    },
    {
      "0": 1,
      "1": 4
    },
    {
      "1": 4
    },
    {
      "1": 5
    },
    {
      "1": 2
    },
    {
      "1": 1
    },
    {
      "0": 1,
      "1": 2
    },
    {
      "1": 1
    },
    {
      "1": 1
    },
    {
      "1": 1
    },
    {
      "1": 1
    }
  ],
  "DataClumpSize_raw": [
    [
      11,
      3,
      3,
      3
    ],
    [
      11,
      11,
      11,
      10,
      11,
      11,
      11,
      11,
      11,
      11,
      11,
      11,
      11
    ],
    [],
    [
      10,
      10,
      10,
      10,
      10,
      10,
      10,
      10,
      10,
      10,
      10,
      10,
      10,
      10
    ],
    [
      10
    ],
    [
      3,
      5,
      11,
      3,
      3,
      11
    ],
    [
      5,
      11,
      11,
      11,
      3
    ],
    [
      5,
      11,
      3
    ],
    [
      5,
      11,
      11,
      3
    ],
    [
      5,
      11,
      3,
      3,
      3
    ],
    [
      3,
      5,
      11,
      3,
      11
    ],
    [
      5,
      3,
      3,
      3
    ],
    [
      5,
      3,
      3,
      3,
      4
    ],
    [
      5,
      11
    ],
    [
      3
    ],
    [
      3,
      5,
      11
    ],
    [
      5
    ],
    [
      3
    ],
    [
      5
    ],
    [
      5
    ]
  ],
  "DataClumpOccurence_raw": [
    [
      2,
      64,
      36,
      56
    ],
    [
      6,
      6,
      6,
      6,
      6,
      6,
      6,
      6,
      6,
      6,
      6,
      6,
      6
    ],
    [],
    [
      34,
      34,
      34,
      34,
      34,
      34,
      34,
      34,
      34,
      34,
      34,
      34,
      34,
      34
    ],
    [
      6
    ],
    [
      6,
      6,
      6,
      6,
      12,
      0
    ],
    [
      6,
      6,
      0,
      0,
      12
    ],
    [
      6,
      0,
      12
    ],
    [
      6,
      0,
      0,
      2
    ],
    [
      6,
      6,
      6,
      2,
      6
    ],
    [
      6,
      6,
      2,
      12,
      0
    ],
    [
      6,
      64,
      64,
      36
    ],
    [
      6,
      12,
      6,
      12,
      434
    ],
    [
      6,
      6
    ],
    [
      6
    ],
    [
      6,
      6,
      0
    ],
    [
      6
    ],
    [
      6
    ],
    [
      6
    ],
    [
      6
    ]
  ],