{
  "instanceType": "refactor",
  "instructionType": "exampleBased",
  "includeUsages": "withUsages",
  "temperature": 0.1,
  "inputFormat": "instructionSnippet",
  "margin": 1,
  "model": "gpt-4-1106-preview",
  "iteration": 4,
  "projectName": "dolphinscheduler",
  "inputType": "instructionSnippet",
  "metrics": {
    "ValidPrograms": 0,
    "RemainingAttemptCount": 0,
    "RemovedDataClumps": 0,
    "GitChanges": 50,
    "CommentOut": 1,
    "ValidJSON": 0.8333333333333334,
    "EmptyResponse": 0.8333333333333334,
    "InterpretableChanges": 1,
    "RichClass": 0,
    "HarmlessErrorCategory": 0.8333333333333334,
    "DataClumpSize": [
      3,
      3,
      3,
      3,
      5,
      3,
      10,
      7
    ],
    "DataClumpOccurence": [
      2,
      92,
      1,
      2,
      2,
      62,
      2,
      6
    ],
    "ParametersToParameters": [
      0,
      1,
      0,
      1,
      1,
      1,
      1,
      1
    ],
    "FieldToField": [
      1,
      0,
      0,
      0,
      0,
      0,
      0,
      0
    ],
    "PreferNonPublic": [
      1,
      0,
      0,
      0,
      0,
      0,
      0,
      0
    ],
    "PrimitiveTypes": [
      0.6666666666666666,
      0.3333333333333333,
      0.6666666666666666,
      0.6666666666666666,
      0.8,
      0.6666666666666666,
      0.6,
      0.2857142857142857
    ],
    "AffectedFiles": [
      2,
      3,
      2,
      1,
      1,
      4,
      1,
      2
    ]
  }
}