{
  "PositiveComments=true": 0.13888888888888884,
  "PositiveComments=false": 0.13888888888888884,
  "meaningfulComments=true": 0.09876543209876548,
  "meaningfulComments=false": 0.09876543209876547,
  "Readability": 0,
  "Complexity": 0.2469135802469136,
  "ManualChanges": 0.13888888888888887,
  "IntentionalDesignChoice": 0,
  "Performance": 0.05246913580246915,
  "RefactoringNotWorthIt": 0.05246913580246914,
  "LongLines": 0.2006172839506173,
  "NotEnough": 0.05246913580246915,
  "SmallerDataClump": 0.20061728395061734,
  "LargerDataClump": 0.05246913580246915,
  "OverEngineered": 0.05246913580246913,
  "DocumentationIssues": 0,
  "JavaRecordBetter": 0.05246913580246914,
  "ExtractedClassLocation": 0,
  "NoMeaningfulFeedback": 0,
  "LLM_Useful": 0,
  "ClassName": 0,
  "ImportsIssues": 0.05246913580246914,
  "SemanticChanges": 0,
  "SameBaseClass": 0.09876543209876548,
  "ExtractedClassShouldNotBePublic": 0.09876543209876545,
  "StyleAdaption": 0.09876543209876545,
  "LicenseHeaderMissing": 0.13888888888888887,
  "LLM_LegalIssues": 0.05246913580246914,
  "InvalidPR": 0.09876543209876544,
  "ImprovedMaintainability": 0.05246913580246913,
  "IsolatedComponents": 0,
  "DeveloperMustOverseeLLM": 0,
  "Good_Idea": 0,
  "merged=true": 0.17283950617283964,
  "merged=false": 0.17283950617283964,
  "state=open": 0.17283950617283958,
  "state=closed": 0.17283950617283958,
  "category=detectAndRefactor": 0.23765432098765438,
  "category=nameSuggestion": 0.23765432098765432,
  "type=fields_to_fields_data_clump": 0,
  "type=parameters_to_parameters_data_clump": 0,
  "CodeReadability": 0.22222222222222227,
  "Usefulness": 0.22222222222222227,
  "Details": 0.05246913580246914,
  "DataClumpChoice": 0.09876543209876548,
  "ManualWork": 0.20061728395061734,
  "FunctionalImpact": 0,
  "GeneralComments": 0.09876543209876544,
  "size": 24.839506172839506
}