{
  "mean": 0.37,
  "count": 30,
  "sum": 11,
  "max": 1,
  "min": 0,
  "raw": [
    0,
    0.8333333333333334,
    0.6666666666666666,
    0.8333333333333334,
    0.6666666666666666,
    0,
    0.6666666666666666,
    0.5,
    0,
    0.5,
    0,
    0,
    0.6666666666666666,
    0,
    0,
    0.3333333333333333,
    0.5,
    0,
    1,
    0,
    0,
    0.8333333333333334,
    0.3333333333333333,
    0.6666666666666666,
    0,
    0,
    0,
    0.6666666666666666,
    0.6666666666666666,
    0.6666666666666666
  ]
}