{
  "mean": 1.25,
  "count": 30,
  "sum": 37.47,
  "max": 1.57,
  "min": 0.82,
  "raw": [
    1.270807453416149,
    1.5661496350364963,
    1.243097800655124,
    1.4245599329421625,
    1.3951355661881977,
    1.1087858872362504,
    1.330929024812464,
    1.1811546118115461,
    1.3065134099616857,
    0.9872837189910361,
    1.471294559099437,
    1.4459002535925614,
    1.1886695719046398,
    1.2609657206044969,
    1.521797153024911,
    1.184625212947189,
    1.2220362622036263,
    0.8292117465224111,
    1.4693965517241379,
    1.323304562268804,
    1.2103925444789607,
    1.3305978898007034,
    1.5421322863183329,
    1.2624113475177305,
    1.0076514871035418,
    1.0009553379508,
    1.156003937007874,
    1.4108382274426055,
    0.8210437552703083,
    1.001291711517761
  ]
}