{
  "mean": 11.33,
  "count": 30,
  "sum": 317.37,
  "max": 130.57,
  "min": 0,
  "raw": [
    1.8410286382232612,
    1.575836820083682,
    2.212586339217191,
    1.229909301835056,
    1.5715130023640662,
    1.227749006383235,
    2.0973671137605563,
    1.6231825525040389,
    1.3273386731147045,
    1.319241573033708,
    2.3983781044095287,
    2.481540930979133,
    1.4871161857738004,
    2.728543472183394,
    1.3588306573765525,
    1.4765348515156178,
    1.6525942636158557,
    1.4777539122430194,
    3.012976022566996,
    2.3501110288675053,
    14.902766798418972,
    130.57333333333332,
    116.2235294117647,
    1.2912266240791304,
    8.353351955307263,
    null,
    4.528174936921783,
    2.9966121960940613,
    null,
    2.052360219981668
  ]
}