{
  "mean": 0.47,
  "count": 30,
  "sum": 14.05,
  "max": 3.49,
  "min": 0,
  "raw": [
    0,
    0.025086384411217466,
    0,
    0,
    0.025086384411217466,
    0,
    0,
    0.05018857127401333,
    0.025086384411217466,
    0.9261198864528737,
    0,
    1.7727842314368871,
    0,
    1.9682862697467556,
    0.010363389886990149,
    0.020727892979849116,
    0.22825228204862924,
    0,
    0,
    1.9841555099556274,
    0,
    3.49075094828504,
    0.008135460478342793,
    0,
    3.49075094828504,
    0.008135460478342793,
    0,
    0,
    0.008135460478342793,
    0.008135460478342793
  ]
}