{
  "mean": 0.06,
  "count": 90,
  "sum": 5.22,
  "max": 0.09,
  "min": 0.05,
  "raw": [
    0.06094000000000001,
    0.06094000000000001,
    0.06298000000000001,
    0.06094000000000001,
    0.06094000000000001,
    0.06094000000000001,
    0.06427000000000001,
    0.06361,
    0.061840000000000006,
    0.06094000000000001,
    0.06334000000000001,
    0.06511,
    0.06445000000000001,
    0.06334000000000001,
    0.04666,
    0.06298000000000001,
    0.06094000000000001,
    0.06541,
    0.06094000000000001,
    0.06556,
    0.06115000000000001,
    0.06493,
    0.04621,
    0.08008,
    0.08923,
    0.06172,
    0.0472,
    0.06577,
    0.06376,
    0.06094000000000001,
    0.05095,
    0.06766,
    0.04723,
    0.05095,
    0.050620000000000005,
    0.050620000000000005,
    0.05086,
    0.05056,
    0.050620000000000005,
    0.050620000000000005,
    0.05965,
    0.05161,
    0.06499,
    0.05029,
    0.06118,
    0.050530000000000005,
    0.046810000000000004,
    0.05131,
    0.05029,
    0.04687,
    0.05194,
    0.052000000000000005,
    0.05008,
    0.05272,
    0.048100000000000004,
    0.05122,
    0.04834,
    0.05152,
    0.05191,
    0.04711,
    0.058679999999999996,
    0.060419999999999995,
    0.060419999999999995,
    0.060419999999999995,
    0.060419999999999995,
    0.05934,
    0.0603,
    0.060419999999999995,
    0.058679999999999996,
    0.0603,
    0.05832,
    0.059879999999999996,
    0.060419999999999995,
    0.05925,
    0.060419999999999995,
    0.06228,
    0.061259999999999995,
    0.061200000000000004,
    0.059879999999999996,
    0.061200000000000004,
    0.04683,
    0.06294,
    0.06195,
    0.04572,
    0.05946,
    0.060689999999999994,
    0.060719999999999996,
    0.06357,
    0.062009999999999996,
    0.05967
  ]
}