{
  "mean": 7.0006966490299805,
  "count": 135,
  "groupedCount": {
    "0": 1,
    "3": 18,
    "4": 11,
    "5": 13,
    "6": 1,
    "7": 2,
    "8": 6,
    "9": 8,
    "11": 2,
    "12": 9,
    "14": 1,
    "15": 2,
    "25": 6,
    "4.666666666666667": 5,
    "5.4": 1,
    "3.2857142857142856": 3,
    "6.333333333333333": 4,
    "5.666666666666667": 1,
    "7.5": 4,
    "6.6": 1,
    "3.3333333333333335": 5,
    "3.6666666666666665": 1,
    "5.75": 2,
    "4.857142857142857": 1,
    "10.857142857142858": 1,
    "3.375": 3,
    "3.4285714285714284": 1,
    "5.25": 1,
    "3.8": 1,
    "6.666666666666667": 4,
    "9.5": 1,
    "3.5714285714285716": 1,
    "3.5": 2,
    "3.2": 1,
    "13.5": 1,
    "3.4": 1,
    "8.4": 1,
    "14.333333333333334": 1,
    "4.5": 4,
    "4.714285714285714": 1,
    "19.666666666666668": 1,
    "9.8": 1
  },
  "raw": [
    8,
    9,
    9,
    9,
    9,
    9,
    4.666666666666667,
    4.666666666666667,
    5,
    5,
    4.666666666666667,
    4.666666666666667,
    5,
    3,
    8,
    9,
    9,
    8,
    4,
    5.4,
    5,
    4.666666666666667,
    11,
    3.2857142857142856,
    8,
    4,
    5,
    4,
    5,
    8,
    5,
    9,
    8,
    7,
    6.333333333333333,
    5.666666666666667,
    7.5,
    5,
    6.6,
    5,
    4,
    4,
    4,
    4,
    3,
    3,
    3.3333333333333335,
    3,
    3,
    3,
    3,
    3.6666666666666665,
    3,
    4,
    12,
    5.75,
    4,
    3.3333333333333335,
    6,
    4.857142857142857,
    10.857142857142858,
    12,
    12,
    3.3333333333333335,
    6.333333333333333,
    3.375,
    3.4285714285714284,
    3.3333333333333335,
    3.375,
    3.2857142857142856,
    3,
    3.375,
    7.5,
    5.25,
    6.333333333333333,
    3.8,
    5,
    6.666666666666667,
    12,
    9.5,
    3,
    3,
    25,
    3.5714285714285716,
    3.5,
    6.333333333333333,
    12,
    3.2,
    13.5,
    15,
    3,
    7.5,
    7,
    5,
    12,
    6.666666666666667,
    5,
    3,
    3.2857142857142856,
    3.4,
    12,
    3,
    3.3333333333333335,
    3,
    8.4,
    4,
    3.5,
    14,
    14.333333333333334,
    3,
    6.666666666666667,
    4,
    25,
    7.5,
    25,
    4.5,
    0,
    25,
    6.666666666666667,
    5.75,
    25,
    4.714285714285714,
    15,
    5,
    4.5,
    4.5,
    11,
    4.5,
    19.666666666666668,
    12,
    12,
    9.8,
    25,
    3,
    3
  ]
}