{
  "mean": 0.827389770723104,
  "count": 135,
  "groupedCount": {
    "0": 14,
    "1": 91,
    "0.5": 8,
    "0.6666666666666666": 10,
    "0.8571428571428571": 2,
    "0.8333333333333334": 2,
    "0.8": 1,
    "0.875": 6,
    "0.6": 1
  },
  "raw": [
    0.5,
    0.6666666666666666,
    0.6666666666666666,
    0.6666666666666666,
    0.6666666666666666,
    0.6666666666666666,
    0.8571428571428571,
    1,
    0.8333333333333334,
    1,
    1,
    1,
    1,
    1,
    1,
    0.6666666666666666,
    0.6666666666666666,
    0.5,
    1,
    1,
    1,
    1,
    1,
    1,
    1,
    1,
    1,
    1,
    1,
    1,
    1,
    0.6666666666666666,
    0.5,
    0.5,
    0.6666666666666666,
    1,
    1,
    1,
    0.8,
    1,
    1,
    1,
    0.5,
    1,
    1,
    1,
    1,
    1,
    1,
    1,
    1,
    1,
    1,
    1,
    1,
    1,
    0,
    0,
    1,
    0.875,
    0.8571428571428571,
    1,
    1,
    1,
    1,
    0.875,
    1,
    1,
    0.875,
    1,
    1,
    0.875,
    1,
    1,
    1,
    1,
    1,
    1,
    0,
    0.5,
    1,
    1,
    0,
    0.875,
    1,
    1,
    1,
    1,
    1,
    0,
    0,
    1,
    0.8333333333333334,
    1,
    1,
    1,
    1,
    1,
    0.875,
    1,
    1,
    1,
    1,
    1,
    1,
    1,
    1,
    0,
    0,
    1,
    1,
    0,
    0,
    1,
    1,
    1,
    0,
    1,
    0.6666666666666666,
    1,
    0,
    1,
    1,
    0.5,
    1,
    0.5,
    0,
    1,
    1,
    1,
    1,
    0.6,
    0,
    1,
    1
  ]
}