{
  "ValidPrograms": [
    0,
    1,
    0,
    0,
    1,
    1,
    1,
    0,
    1,
    1,
    0,
    0,
    0,
    0,
    0,
    0,
    0,
    0,
    0,
    0,
    0,
    0,
    0,
    0,
    0,
    0,
    0,
    0,
    0,
    0,
    0,
    0,
    0,
    1,
    0,
    0,
    0,
    0,
    1,
    0,
    1,
    0,
    0,
    0,
    0,
    0,
    0,
    1,
    1,
    0,
    0,
    1,
    0,
    1,
    0,
    0,
    0,
    0,
    0,
    1
  ],
  "RemainingAttemptCount": [
    0,
    3,
    0,
    0,
    5,
    5,
    4,
    0,
    5,
    5,
    0,
    0,
    0,
    0,
    0,
    0,
    0,
    0,
    0,
    0,
    0,
    0,
    0,
    0,
    0,
    0,
    0,
    0,
    0,
    0,
    0,
    0,
    0,
    5,
    0,
    0,
    0,
    0,
    4,
    0,
    5,
    0,
    0,
    0,
    0,
    0,
    0,
    5,
    5,
    0,
    0,
    5,
    0,
    5,
    0,
    0,
    0,
    0,
    0,
    5
  ],
  "RemovedDataClumps": [
    0,
    0,
    0,
    0,
    0,
    0,
    0,
    0,
    0,
    0,
    0,
    0,
    0,
    0,
    0,
    0,
    0,
    0,
    0,
    0,
    0,
    0,
    0,
    0,
    0,
    0,
    0,
    0,
    0,
    0,
    0,
    0,
    0,
    0,
    0,
    0,
    0,
    0,
    0,
    0,
    0,
    0,
    0,
    0,
    0,
    0,
    0,
    0,
    0,
    0,
    0,
    0,
    0,
    0,
    0,
    0,
    0,
    0,
    0,
    0
  ],
  "GitChanges": [
    174,
    52,
    56,
    131,
    35,
    18,
    45,
    134,
    0,
    20,
    128,
    282,
    117,
    219,
    56,
    223,
    114,
    186,
    98,
    168,
    234,
    147,
    220,
    189,
    30,
    201,
    132,
    107,
    108,
    167,
    662,
    179,
    172,
    0,
    634,
    171,
    138,
    256,
    27,
    185,
    0,
    268,
    963,
    251,
    115,
    252,
    187,
    0,
    0,
    374,
    143,
    0,
    167,
    0,
    347,
    283,
    279,
    86,
    278,
    0
  ],
  "CommentOut": [
    1,
    0.2222222222222222,
    0.5,
    0.9878048780487805,
    1,
    1,
    0.375,
    0.022222222222222254,
    1,
    1,
    0.8484848484848485,
    0.7741935483870968,
    1,
    0.9647058823529412,
    0.8536585365853658,
    0.7,
    1,
    0.9076923076923077,
    0.9263803680981595,
    0.41666666666666663,
    0.9210526315789473,
    0.6025641025641026,
    1,
    1,
    0.8823529411764706,
    0.9459459459459459,
    0.8,
    0.4666666666666667,
    0.9,
    0.8421052631578947,
    1,
    1,
    0.41666666666666663,
    0,
    1,
    0.41666666666666663,
    0.9473684210526316,
    1,
    1,
    1,
    0,
    0.65,
    0.8292682926829268,
    1,
    0.631578947368421,
    0.5294117647058824,
    1,
    0,
    0,
    0.4285714285714286,
    1,
    0,
    0.3846153846153846,
    0,
    0.5333333333333333,
    0.5882352941176471,
    0.5882352941176471,
    1,
    0.4666666666666667,
    0
  ],
  "ValidJSON": [
    1,
    1,
    1,
    0.8333333333333334,
    1,
    1,
    1,
    1,
    1,
    1,
    1,
    1,
    1,
    0.16666666666666666,
    1,
    1,
    1,
    0.8333333333333334,
    0.6666666666666666,
    1,
    1,
    1,
    1,
    1,
    1,
    1,
    1,
    1,
    1,
    1,
    1,
    1,
    1,
    1,
    1,
    1,
    0.8333333333333334,
    0.8333333333333334,
    0.5,
    0.8333333333333334,
    1,
    1,
    1,
    1,
    1,
    1,
    0.8333333333333334,
    1,
    1,
    0.8333333333333334,
    0.8333333333333334,
    1,
    1,
    1,
    0.8333333333333334,
    1,
    1,
    1,
    1,
    1
  ],
  "EmptyResponse": [
    1,
    1,
    1,
    0.8333333333333334,
    1,
    1,
    1,
    1,
    1,
    1,
    1,
    1,
    1,
    0.6666666666666667,
    1,
    1,
    1,
    1,
    1,
    1,
    1,
    1,
    1,
    1,
    1,
    1,
    1,
    1,
    1,
    1,
    1,
    1,
    1,
    0,
    1,
    1,
    1,
    0.8333333333333334,
    0.5,
    0.8333333333333334,
    0,
    1,
    1,
    1,
    1,
    1,
    0.8333333333333334,
    0,
    0,
    0.8333333333333334,
    0.8333333333333334,
    0,
    1,
    0,
    0.8333333333333334,
    1,
    1,
    1,
    1,
    0
  ],
  "InterpretableChanges": [
    1,
    0,
    0.7692307692307692,
    0.03703703703703709,
    1,
    1,
    0.16666666666666663,
    0.5,
    0,
    1,
    0.19999999999999996,
    0.19999999999999996,
    0,
    0,
    0,
    0,
    0,
    0,
    0,
    0,
    0.2857142857142857,
    0.2857142857142857,
    0.1428571428571429,
    1,
    0.33333333333333337,
    1,
    0.5714285714285714,
    0.2857142857142857,
    0.2857142857142857,
    0.5714285714285714,
    0.7142857142857143,
    0.7142857142857143,
    0.8571428571428572,
    1,
    0.7142857142857143,
    0.8571428571428572,
    0.5,
    1,
    1,
    1,
    1,
    1,
    0.4285714285714286,
    1,
    1,
    1,
    0.2857142857142857,
    1,
    1,
    1,
    1,
    1,
    0.7142857142857143,
    1,
    0.7142857142857143,
    0.7142857142857143,
    0.7142857142857143,
    0.8333333333333334,
    0.7142857142857143,
    1
  ],
  "RichClass": [
    null,
    0,
    0,
    0,
    0,
    0,
    0,
    null,
    null,
    null,
    null,
    0,
    0,
    0,
    null,
    0,
    0,
    0,
    0,
    0,
    0,
    0,
    0,
    0,
    null,
    0,
    1,
    0,
    1,
    1,
    0,
    0,
    null,
    null,
    null,
    null,
    null,
    0,
    0,
    0,
    null,
    null,
    0,
    null,
    null,
    null,
    0,
    null,
    null,
    null,
    0,
    null,
    0,
    null,
    null,
    null,
    null,
    null,
    null,
    null
  ],
  "HarmlessErrorCategory": [
    0.6666666666666666,
    1,
    0.3333333333333333,
    1,
    0,
    0,
    1,
    1,
    0,
    0,
    0,
    0,
    0.8333333333333334,
    1,
    0,
    0,
    1,
    1,
    1,
    0.8333333333333334,
    1,
    1,
    0,
    0,
    0.8333333333333334,
    0.6666666666666666,
    1,
    0.3333333333333333,
    1,
    0.5,
    0,
    0,
    0,
    0,
    0,
    0,
    0.3333333333333333,
    0,
    1,
    0,
    0,
    0,
    0.6666666666666666,
    0,
    0,
    0.16666666666666666,
    1,
    0,
    0,
    0.16666666666666666,
    1,
    0,
    0,
    0,
    0.16666666666666666,
    0,
    0,
    1,
    0,
    0
  ],
  "DataClumpSize": [
    25,
    25,
    25,
    5,
    25,
    25,
    25,
    25,
    25,
    25,
    25,
    25,
    5,
    25,
    5,
    25,
    5,
    25,
    5,
    25,
    5,
    25,
    5,
    25,
    5,
    25,
    5,
    25,
    5,
    25,
    5,
    25,
    5,
    25,
    5,
    25,
    5,
    25,
    5,
    25,
    5,
    25,
    5,
    25,
    5,
    25,
    5,
    25,
    5,
    25,
    5,
    25,
    5,
    25,
    5,
    25,
    5,
    25,
    5,
    25,
    5,
    25,
    5,
    25,
    5,
    25,
    25,
    25,
    5,
    25,
    5,
    25,
    5,
    25,
    5,
    25,
    5,
    25,
    5,
    25,
    5,
    25,
    5,
    25,
    5,
    25,
    5,
    25,
    5,
    25,
    5,
    25,
    5,
    25,
    5
  ],
  "DataClumpOccurence": [
    0,
    0,
    0,
    0,
    0,
    0,
    0,
    0,
    0,
    0,
    0,
    0,
    0,
    0,
    0,
    0,
    0,
    0,
    0,
    0,
    0,
    0,
    0,
    0,
    0,
    0,
    0,
    0,
    0,
    0,
    0,
    0,
    0,
    0,
    0,
    0,
    0,
    0,
    0,
    0,
    0,
    0,
    0,
    0,
    0,
    0,
    0,
    0,
    0,
    0,
    0,
    0,
    0,
    0,
    0,
    0,
    0,
    0,
    0,
    0,
    0,
    0,
    0,
    0,
    0,
    0,
    0,
    0,
    0,
    0,
    0,
    0,
    0,
    0,
    0,
    0,
    0,
    0,
    0,
    0,
    0,
    0,
    0,
    0,
    0,
    0,
    0,
    0,
    0,
    0,
    0,
    0,
    0,
    0,
    0
  ],