{
  "mean": 222.68,
  "count": 30,
  "sum": 6680.25,
  "max": 898.15,
  "min": 1.97,
  "raw": [
    205.292,
    185.558,
    60.6115,
    189.0665,
    202.544,
    147.31099999999998,
    193.756,
    109.78550000000001,
    497.342,
    181.93350000000004,
    898.1545000000001,
    115.10900000000001,
    196.5865,
    129.019,
    198.58350000000002,
    298.78900000000004,
    415.57708333333335,
    237.9595,
    206.14450000000002,
    108.9405,
    178.15200000000004,
    182.05999999999997,
    33.548,
    160.176,
    219.2705,
    1.972,
    157.53300000000002,
    465.673,
    196.27333333333334,
    307.5303333333333
  ]
}