{
  "mean": 0.9178730158730157,
  "count": 75,
  "groupedCount": {
    "0": 2,
    "1": 56,
    "0.5": 3,
    "0.8333333333333334": 5,
    "0.8571428571428571": 1,
    "0.6666666666666666": 1,
    "0.75": 1,
    "0.8": 1,
    "0.875": 4,
    "0.6": 1
  },
  "raw": [
    1,
    1,
    1,
    1,
    1,
    1,
    1,
    1,
    1,
    1,
    1,
    1,
    0.5,
    1,
    1,
    0.8333333333333334,
    1,
    1,
    1,
    1,
    1,
    1,
    1,
    1,
    0.8571428571428571,
    1,
    1,
    0.5,
    1,
    1,
    0.8333333333333334,
    1,
    0.8333333333333334,
    0.8333333333333334,
    0.8333333333333334,
    0.6666666666666666,
    1,
    1,
    1,
    1,
    1,
    1,
    0.75,
    1,
    0.8,
    0.875,
    1,
    1,
    0.875,
    1,
    1,
    0.875,
    1,
    1,
    1,
    1,
    1,
    1,
    0.875,
    1,
    1,
    1,
    1,
    1,
    1,
    0.5,
    0,
    1,
    1,
    1,
    1,
    0.6,
    0,
    1,
    1
  ]
}