{
  "mean": 38.65,
  "count": 30,
  "sum": 1159.6,
  "max": 341.89,
  "min": 2.3,
  "raw": [
    3.662,
    2.297,
    2.589,
    3.865,
    3.319,
    8.319,
    3.276,
    2.708,
    3.311,
    3.117,
    3.193,
    3.356,
    281.3668333333333,
    2.93,
    2.706,
    4.208,
    9.176,
    3.734,
    3.765,
    2.847,
    223.1617142857143,
    2.957,
    3.453,
    341.892,
    3.068,
    2.705,
    215.52499999999998,
    7.131,
    3.352,
    2.607
  ]
}