{
  "ValidPrograms": 0.5333333333333333,
  "RemainingAttemptCount": 2.0444444444444443,
  "RemovedDataClumps": -2.3777777777777778,
  "GitChanges": 179.22222222222223,
  "CommentOut": 0.9398311953064409,
  "InvalidJSON": 0.951851851851852
}