{
  "instanceType": "refactor",
  "instructionType": "exampleBased",
  "includeUsages": "withUsages",
  "temperature": 0.1,
  "inputFormat": "instructionSnippet",
  "margin": 5,
  "model": "gpt-4-1106-preview",
  "iteration": 0,
  "projectName": "dolphinscheduler",
  "inputType": "instructionSnippet",
  "metrics": {
    "ValidPrograms": 0,
    "RemainingAttemptCount": 0,
    "RemovedDataClumps": 0,
    "GitChanges": 235,
    "CommentOut": 1,
    "ValidJSON": 1,
    "EmptyResponse": 1,
    "InterpretableChanges": 0.375,
    "RichClass": 0,
    "HarmlessErrorCategory": 0.6666666666666666,
    "DataClumpSize": [
      3,
      3,
      10,
      3,
      3,
      8,
      3,
      30,
      3,
      13,
      5,
      3,
      7,
      3,
      3,
      3,
      3,
      3,
      3,
      3,
      3,
      3,
      3
    ],
    "DataClumpOccurence": [
      2,
      1,
      2,
      5,
      92,
      4,
      4,
      2,
      2,
      2,
      2,
      62,
      6,
      2,
      2,
      70,
      15,
      2,
      70,
      70,
      2,
      7,
      70
    ],
    "ParametersToParameters": [
      1,
      0,
      1,
      1,
      1,
      0,
      0,
      0,
      0,
      0,
      1,
      1,
      1,
      0,
      0,
      0,
      0,
      0,
      0,
      0,
      0,
      1,
      0
    ],
    "FieldToField": [
      0,
      0,
      0,
      0,
      0,
      1,
      0,
      1,
      1,
      1,
      0,
      0,
      0,
      0,
      0,
      1,
      0,
      0,
      1,
      1,
      1,
      0,
      1
    ],
    "PreferNonPublic": [
      0,
      0,
      0,
      0,
      0,
      1,
      0,
      1,
      1,
      1,
      0,
      0,
      0,
      1,
      0,
      1,
      0,
      0,
      1,
      1,
      1,
      0,
      1
    ],
    "PrimitiveTypes": [
      0.6666666666666666,
      0.6666666666666666,
      0.6,
      0.6666666666666666,
      0.3333333333333333,
      0.75,
      1,
      0.7666666666666667,
      1,
      0.5384615384615384,
      0.8,
      0.6666666666666666,
      0.2857142857142857,
      0.6666666666666666,
      1,
      0,
      0.6666666666666666,
      0.3333333333333333,
      0,
      0,
      0.6666666666666666,
      0,
      0
    ],
    "AffectedFiles": [
      1,
      2,
      1,
      4,
      3,
      3,
      4,
      2,
      2,
      2,
      1,
      4,
      2,
      2,
      3,
      36,
      10,
      3,
      36,
      36,
      2,
      3,
      36
    ]
  }
}