{
  "Surety": 2.566666666666667,
  "OutputFormatCorrectness": 0.7705219882036719,
  "InvalidJSON": 0.7688888888888888,
  "DataClumpSize_mean": 6.479761904761908,
  "DataClumpOccurence_mean": 41.93555555555557,
  "FieldToField_mean": 0.1341957671957672,
  "ParametersToParameters_mean": 0.8239788359788358,
  "DataClumpSize_count": 3.2044444444444444,
  "DataClumpOccurence_count": 3.2044444444444444,
  "FieldToField_count": 3.2933333333333334,
  "ParametersToParameters_count": 3.2933333333333334,
  "DataClumpSize_groupedCount": {
    "5": 1.0151515151515151,
    "11": 1.3010752688172043
  },
  "DataClumpOccurence_groupedCount": {
    "0": 1.150943396226415,
    "6": 1.9932432432432432
  },
  "FieldToField_groupedCount": {
    "0": 3.0046082949308754,
    "1": 1.2361111111111112
  },
  "ParametersToParameters_groupedCount": {
    "0": 1.2795698924731183,
    "1": 2.947867298578199
  },
  "DataClumpSize_raw": {
    "0": 5.821428571428571,
    "1": 7.876470588235295
  },
  "DataClumpOccurence_raw": {
    "0": 36.39732142857143,
    "1": 31.905882352941177
  },
  "FieldToField_raw": {
    "0": 0.049107142857142856,
    "1": 0.19883040935672514
  },
  "ParametersToParameters_raw": {
    "0": 0.9241071428571429,
    "1": 0.7719298245614035
  }
}