{
  "Surety": 2.9722222222222223,
  "OutputFormatCorrectness": 0.7899520631849937,
  "InvalidJSON": 0.6888888888888889,
  "DataClumpSize_mean": 5.513756613756613,
  "DataClumpOccurence_mean": 13.29142857142857,
  "FieldToField_mean": 0.17465608465608465,
  "ParametersToParameters_mean": 0.8036507936507937,
  "DataClumpSize_count": 3.888888888888889,
  "DataClumpOccurence_count": 3.888888888888889,
  "FieldToField_count": 3.977777777777778,
  "ParametersToParameters_count": 3.977777777777778,
  "DataClumpSize_groupedCount": {
    "5": 1,
    "11": 1.2727272727272727
  },
  "DataClumpOccurence_groupedCount": {
    "0": 1.1904761904761905,
    "6": 2.0444444444444443
  },
  "FieldToField_groupedCount": {
    "0": 3.3555555555555556,
    "1": 1.2727272727272727
  },
  "ParametersToParameters_groupedCount": {
    "0": 1.28,
    "1": 3.2666666666666666
  },
  "DataClumpSize_raw": {
    "0": 4.355555555555555,
    "1": 8.069767441860465
  },
  "DataClumpOccurence_raw": {
    "0": 6.133333333333334,
    "1": 7.8604651162790695
  },
  "FieldToField_raw": {
    "0": 0,
    "1": 0.32558139534883723
  },
  "ParametersToParameters_raw": {
    "0": 0.9777777777777777,
    "1": 0.6744186046511628
  }
}