{
  "Surety": 2.3722222222222222,
  "OutputFormatCorrectness": 0.7621106549040707,
  "InvalidJSON": 0.7777777777777778,
  "DataClumpSize_mean": 7.537354497354499,
  "DataClumpOccurence_mean": 19.418306878306883,
  "FieldToField_mean": 0.07706349206349207,
  "ParametersToParameters_mean": 0.8197619047619047,
  "DataClumpSize_count": 3.1777777777777776,
  "DataClumpOccurence_count": 3.1777777777777776,
  "FieldToField_count": 3.2888888888888888,
  "ParametersToParameters_count": 3.2888888888888888,
  "DataClumpSize_groupedCount": {
    "5": 1,
    "11": 1.2727272727272727
  },
  "DataClumpOccurence_groupedCount": {
    "0": 1.3333333333333333,
    "6": 1.8823529411764706
  },
  "FieldToField_groupedCount": {
    "0": 3.3095238095238093,
    "1": 1.125
  },
  "ParametersToParameters_groupedCount": {
    "0": 1.5,
    "1": 3.2564102564102564
  },
  "DataClumpSize_raw": {
    "0": 7.5,
    "1": 8.424242424242424,
    "2": 5.64
  },
  "DataClumpOccurence_raw": {
    "0": 28.045454545454547,
    "1": 16.303030303030305,
    "2": 16.96
  },
  "FieldToField_raw": {
    "0": 0.045454545454545456,
    "1": 0.058823529411764705,
    "2": 0.04
  },
  "ParametersToParameters_raw": {
    "0": 0.8636363636363636,
    "1": 0.8529411764705882,
    "2": 0.88
  }
}