{
  "Surety": 2.8,
  "OutputFormatCorrectness": 0.8,
  "InvalidJSON": 0.73,
  "DataClumpSize_mean": 5.38,
  "DataClumpOccurence_mean": 17.17,
  "FieldToField_mean": 0.18,
  "ParametersToParameters_mean": 0.81,
  "DataClumpSize_count": 3.8,
  "DataClumpOccurence_count": 3.8,
  "FieldToField_count": 3.87,
  "ParametersToParameters_count": 3.87,
  "DataClumpSize_groupedCount": {
    "3": 2.3076923076923075,
    "5": 1,
    "11": 1.2
  },
  "DataClumpOccurence_groupedCount": {
    "0": 1.1428571428571428,
    "6": 1.8666666666666667,
    "64": 1.3333333333333333
  },
  "FieldToField_groupedCount": {
    "0": 3.1333333333333333,
    "1": 1.375
  },
  "ParametersToParameters_groupedCount": {
    "0": 1.3333333333333333,
    "1": 3.066666666666667
  },
  "DataClumpSize_raw": {
    "0": 4.933333333333334,
    "1": 6.857142857142857,
    "2": 6.333333333333333
  },
  "DataClumpOccurence_raw": {
    "0": 6,
    "1": 12.285714285714286,
    "2": 24.666666666666668
  },
  "FieldToField_raw": {
    "0": 0,
    "1": 0.2857142857142857,
    "2": 0.25
  },
  "ParametersToParameters_raw": {
    "0": 1,
    "1": 0.7142857142857143,
    "2": 0.75
  }
}