{
  "Surety": 1.82,
  "OutputFormatCorrectness": 0.78,
  "InvalidJSON": 0.7,
  "DataClumpSize_mean": 7.43,
  "DataClumpOccurence_mean": 47.01,
  "FieldToField_mean": 0.14,
  "ParametersToParameters_mean": 0.81,
  "DataClumpSize_count": 3.55,
  "DataClumpOccurence_count": 3.55,
  "FieldToField_count": 3.63,
  "ParametersToParameters_count": 3.63,
  "DataClumpSize_groupedCount": {
    "11": 3.2941176470588234
  },
  "DataClumpOccurence_groupedCount": {
    "2": 2.225806451612903
  },
  "FieldToField_groupedCount": {
    "0": 3.759259259259259
  },
  "ParametersToParameters_groupedCount": {
    "0": 1.2173913043478262,
    "1": 3.6538461538461537
  },
  "DataClumpSize_raw": {
    "0": 6.733333333333333,
    "1": 7.525,
    "2": 6.371428571428571,
    "3": 6.444444444444445,
    "4": 5.9375,
    "5": 5.5,
    "6": 6,
    "7": 7,
    "8": 11,
    "9": 11,
    "10": 11,
    "11": 11,
    "12": 11,
    "13": 11,
    "14": 11,
    "15": 11,
    "16": 11,
    "17": 11
  },
  "DataClumpOccurence_raw": {
    "0": 57.45,
    "1": 37.65,
    "2": 23.17142857142857,
    "3": 18.5,
    "4": 18,
    "5": 20,
    "6": 17.2,
    "7": 16.666666666666668,
    "8": 4,
    "9": 4,
    "10": 4,
    "11": 4,
    "12": 2,
    "13": 2,
    "14": 2,
    "15": 2,
    "16": 2,
    "17": 2
  },
  "FieldToField_raw": {
    "0": 0.1,
    "1": 0.025,
    "2": 0.14285714285714285,
    "3": 0,
    "4": 0,
    "5": 0,
    "6": 0.09090909090909091,
    "7": 0.14285714285714285,
    "8": 0,
    "9": 0,
    "10": 0,
    "11": 0,
    "12": 0.5,
    "13": 0,
    "14": 0,
    "15": 0,
    "16": 0,
    "17": 0
  },
  "ParametersToParameters_raw": {
    "0": 0.8666666666666667,
    "1": 0.925,
    "2": 0.8,
    "3": 0.9473684210526315,
    "4": 1,
    "5": 0.9333333333333333,
    "6": 0.8181818181818182,
    "7": 0.42857142857142855,
    "8": 1,
    "9": 1,
    "10": 1,
    "11": 1,
    "12": 0.5,
    "13": 1,
    "14": 1,
    "15": 1,
    "16": 1,
    "17": 0
  }
}