{
  "Surety": 1.4541666666666666,
  "OutputFormatCorrectness": 0.7536918947774262,
  "InvalidJSON": 0.9166666666666666,
  "DataClumpSize_mean": 9.357460317460319,
  "DataClumpOccurence_mean": 128.99420634920637,
  "FieldToField_mean": 0.1627777777777778,
  "ParametersToParameters_mean": 0.6997222222222222,
  "DataClumpSize_count": 2.183333333333333,
  "DataClumpOccurence_count": 2.183333333333333,
  "FieldToField_count": 2.216666666666667,
  "ParametersToParameters_count": 2.216666666666667,
  "DataClumpSize_groupedCount": {},
  "DataClumpOccurence_groupedCount": {},
  "FieldToField_groupedCount": {},
  "ParametersToParameters_groupedCount": {},
  "DataClumpSize_raw": {},
  "DataClumpOccurence_raw": {},
  "FieldToField_raw": {},
  "ParametersToParameters_raw": {}
}