{
  "Surety": 1.9791666666666667,
  "OutputFormatCorrectness": 0.788548726669382,
  "InvalidJSON": 0.8333333333333334,
  "DataClumpSize_mean": 13.319444444444443,
  "DataClumpOccurence_mean": 54.666666666666664,
  "FieldToField_mean": 0.34722222222222227,
  "ParametersToParameters_mean": 0.6527777777777778,
  "DataClumpSize_count": 2.1666666666666665,
  "DataClumpOccurence_count": 2.1666666666666665,
  "FieldToField_count": 2.25,
  "ParametersToParameters_count": 2.25,
  "DataClumpSize_groupedCount": {
    "3": 1.6,
    "15": 1
  },
  "DataClumpOccurence_groupedCount": {
    "1": 1,
    "2": 1.6,
    "833": 1
  },
  "FieldToField_groupedCount": {
    "0": 2.75
  },
  "ParametersToParameters_groupedCount": {
    "1": 2.75
  },
  "DataClumpSize_raw": {
    "0": 14,
    "1": 6.8,
    "2": 5.5
  },
  "DataClumpOccurence_raw": {
    "0": 30.416666666666668,
    "1": 189.8,
    "2": 20
  },
  "FieldToField_raw": {
    "0": 0.3333333333333333,
    "1": 0,
    "2": 0
  },
  "ParametersToParameters_raw": {
    "0": 0.6666666666666666,
    "1": 1,
    "2": 1
  }
}