{
  "Surety": 2.78,
  "OutputFormatCorrectness": 0.74,
  "InvalidJSON": 0.69,
  "DataClumpSize_mean": 5.43,
  "DataClumpOccurence_mean": 50.11,
  "FieldToField_mean": 0.05,
  "ParametersToParameters_mean": 0.92,
  "DataClumpSize_count": 3.53,
  "DataClumpOccurence_count": 3.53,
  "FieldToField_count": 3.63,
  "ParametersToParameters_count": 3.63,
  "DataClumpSize_groupedCount": {
    "3": 2.4754098360655736,
    "5": 1.025,
    "11": 1.0952380952380953
  },
  "DataClumpOccurence_groupedCount": {
    "2": 1.411764705882353,
    "6": 2.3773584905660377
  },
  "FieldToField_groupedCount": {
    "0": 3.5616438356164384
  },
  "ParametersToParameters_groupedCount": {
    "1": 3.4246575342465753
  },
  "DataClumpSize_raw": {
    "0": 4.96,
    "1": 6.517857142857143,
    "2": 5.976190476190476,
    "3": 4.742857142857143,
    "4": 4.266666666666667,
    "5": 4.277777777777778
  },
  "DataClumpOccurence_raw": {
    "0": 36,
    "1": 72.82142857142857,
    "2": 20.023809523809526,
    "3": 17.057142857142857,
    "4": 63.2,
    "5": 25.333333333333332
  },
  "FieldToField_raw": {
    "0": 0.04,
    "1": 0.07142857142857142,
    "2": 0.047619047619047616,
    "3": 0,
    "4": 0.03333333333333333,
    "5": 0
  },
  "ParametersToParameters_raw": {
    "0": 0.9466666666666667,
    "1": 0.9107142857142857,
    "2": 0.9523809523809523,
    "3": 1,
    "4": 0.9666666666666667,
    "5": 0.7727272727272727
  }
}