{
  "Surety": 2.82,
  "OutputFormatCorrectness": 0.81,
  "InvalidJSON": 0.82,
  "DataClumpSize_mean": 7.13,
  "DataClumpOccurence_mean": 4.83,
  "FieldToField_mean": 0.33,
  "ParametersToParameters_mean": 0.66,
  "DataClumpSize_count": 3.16,
  "DataClumpOccurence_count": 3.16,
  "FieldToField_count": 3.22,
  "ParametersToParameters_count": 3.22,
  "DataClumpSize_groupedCount": {
    "5": 1.025,
    "11": 1.4761904761904763
  },
  "DataClumpOccurence_groupedCount": {
    "0": 1.1538461538461537,
    "6": 1.6666666666666667
  },
  "FieldToField_groupedCount": {
    "0": 2.2444444444444445,
    "1": 1.1578947368421053
  },
  "ParametersToParameters_groupedCount": {
    "0": 1.1794871794871795,
    "1": 2.2
  },
  "DataClumpSize_raw": {
    "0": 4.644444444444445,
    "1": 10.255813953488373
  },
  "DataClumpOccurence_raw": {
    "0": 6,
    "1": 2.604651162790698
  },
  "FieldToField_raw": {
    "0": 0,
    "1": 0.5116279069767442
  },
  "ParametersToParameters_raw": {
    "0": 1,
    "1": 0.4883720930232558
  }
}