{
  "Surety": 1.3708333333333333,
  "OutputFormatCorrectness": 0.7542419930223546,
  "InvalidJSON": 0.9333333333333333,
  "DataClumpSize_mean": 5.471111111111112,
  "DataClumpOccurence_mean": 28.74333333333334,
  "FieldToField_mean": 0.09777777777777777,
  "ParametersToParameters_mean": 0.8355555555555555,
  "DataClumpSize_count": 2.5833333333333335,
  "DataClumpOccurence_count": 2.5833333333333335,
  "FieldToField_count": 2.783333333333333,
  "ParametersToParameters_count": 2.783333333333333,
  "DataClumpSize_groupedCount": {},
  "DataClumpOccurence_groupedCount": {},
  "FieldToField_groupedCount": {},
  "ParametersToParameters_groupedCount": {},
  "DataClumpSize_raw": {},
  "DataClumpOccurence_raw": {},
  "FieldToField_raw": {},
  "ParametersToParameters_raw": {}
}