{
  "Surety": 2.4722222222222223,
  "OutputFormatCorrectness": 0.7121088141747567,
  "InvalidJSON": 0.6888888888888889,
  "DataClumpSize_mean": 4.65851851851852,
  "DataClumpOccurence_mean": 20.655555555555566,
  "FieldToField_mean": 0.020582010582010583,
  "ParametersToParameters_mean": 0.9386772486772486,
  "DataClumpSize_count": 3.4,
  "DataClumpOccurence_count": 3.4,
  "FieldToField_count": 3.511111111111111,
  "ParametersToParameters_count": 3.511111111111111,
  "DataClumpSize_groupedCount": {
    "3": 2.5428571428571427,
    "5": 1.0256410256410255,
    "11": 1.0952380952380953
  },
  "DataClumpOccurence_groupedCount": {
    "2": 1.0555555555555556,
    "6": 2.409090909090909
  },
  "FieldToField_groupedCount": {
    "0": 3.422222222222222
  },
  "ParametersToParameters_groupedCount": {
    "1": 3.2666666666666666
  },
  "DataClumpSize_raw": {
    "0": 3.9555555555555557,
    "1": 6.9411764705882355,
    "2": 6,
    "3": 3.3636363636363638,
    "4": 3,
    "5": 3.8
  },
  "DataClumpOccurence_raw": {
    "0": 15.644444444444444,
    "1": 8.117647058823529,
    "2": 16.5,
    "3": 17,
    "4": 20.333333333333332,
    "5": 29.2
  },
  "FieldToField_raw": {
    "0": 0,
    "1": 0.058823529411764705,
    "2": 0.041666666666666664,
    "3": 0,
    "4": 0,
    "5": 0
  },
  "ParametersToParameters_raw": {
    "0": 0.9777777777777777,
    "1": 0.9117647058823529,
    "2": 0.9583333333333334,
    "3": 1,
    "4": 1,
    "5": 0.6428571428571429
  }
}