{
  "mean": 0.3,
  "count": 30,
  "sum": 8.96,
  "max": 0.4,
  "min": 0.24,
  "raw": [
    0.33119,
    0.30923,
    0.2924,
    0.32393,
    0.36119,
    0.33119,
    0.31106,
    0.26675,
    0.33119,
    0.31789999999999996,
    0.38996,
    0.30940999999999996,
    0.40151,
    0.25904,
    0.28864999999999996,
    0.27512,
    0.3077,
    0.2588,
    0.28385,
    0.30317,
    0.36064999999999997,
    0.30221,
    0.23978,
    0.24508999999999997,
    0.29875999999999997,
    0.24070999999999998,
    0.24044,
    0.27359,
    0.24839,
    0.25906999999999997
  ]
}