{
  "ValidPrograms": [
    0,
    0,
    0,
    0,
    1,
    0,
    0,
    1,
    0,
    0,
    0,
    0,
    1,
    1,
    0,
    1,
    0,
    0,
    0,
    0,
    1,
    0,
    0,
    1,
    0,
    0,
    0,
    0,
    0,
    0,
    1,
    0,
    1,
    1,
    1
  ],
  "RemainingAttemptCount": [
    0,
    0,
    0,
    0,
    1,
    0,
    0,
    1,
    0,
    0,
    0,
    0,
    1,
    1,
    0,
    5,
    0,
    0,
    0,
    0,
    5,
    0,
    0,
    5,
    0,
    0,
    0,
    0,
    0,
    0,
    5,
    0,
    5,
    5,
    5
  ],
  "RemovedDataClumps": [
    0,
    0,
    0,
    0,
    75,
    0,
    0,
    73,
    0,
    0,
    0,
    0,
    75,
    73,
    0,
    0,
    0,
    0,
    0,
    0,
    0,
    0,
    0,
    0,
    0,
    0,
    0,
    0,
    0,
    0,
    0,
    0,
    0,
    0,
    0
  ],
  "GitChanges": [
    208,
    167,
    227,
    161,
    197,
    155,
    157,
    214,
    163,
    173,
    159,
    181,
    198,
    185,
    167,
    0,
    95,
    46,
    48,
    235,
    0,
    152,
    157,
    0,
    176,
    259,
    263,
    257,
    260,
    205,
    0,
    223,
    0,
    0,
    0
  ],
  "CommentOut": [
    1,
    1,
    1,
    1,
    1,
    1,
    1,
    1,
    1,
    1,
    1,
    1,
    1,
    1,
    1,
    0,
    1,
    1,
    1,
    1,
    0,
    1,
    0.9696969696969697,
    0,
    1,
    0.5294117647058824,
    0.65,
    0.5294117647058824,
    1,
    1,
    0,
    0.5333333333333333,
    0,
    0,
    0
  ],
  "ValidJSON": [
    1,
    1,
    1,
    1,
    1,
    1,
    1,
    1,
    1,
    1,
    1,
    1,
    1,
    1,
    1,
    1,
    0.8333333333333334,
    0.8333333333333334,
    0.8333333333333334,
    0.8333333333333334,
    1,
    0.8333333333333334,
    1,
    1,
    1,
    1,
    1,
    1,
    1,
    1,
    1,
    1,
    1,
    1,
    1
  ],
  "EmptyResponse": [
    1,
    1,
    1,
    1,
    1,
    1,
    1,
    1,
    1,
    1,
    1,
    1,
    1,
    1,
    1,
    1,
    0.8333333333333334,
    0.8333333333333334,
    0.8333333333333334,
    1,
    0,
    0.8333333333333334,
    1,
    1,
    1,
    1,
    1,
    1,
    1,
    1,
    0,
    1,
    0,
    0,
    0
  ],
  "InterpretableChanges": [
    1,
    1,
    1,
    1,
    1,
    1,
    1,
    1,
    1,
    1,
    1,
    1,
    1,
    1,
    1,
    1,
    1,
    1,
    1,
    0.31818181818181823,
    1,
    1,
    0.20833333333333337,
    1,
    0.29166666666666663,
    1,
    1,
    1,
    0.5714285714285714,
    0.7142857142857143,
    1,
    1,
    1,
    1,
    1
  ],
  "RichClass": [
    null,
    null,
    null,
    null,
    null,
    0,
    0,
    0,
    0,
    0,
    null,
    null,
    null,
    null,
    null,
    null,
    0,
    0,
    0,
    null,
    null,
    0,
    0,
    null,
    0,
    null,
    null,
    null,
    0,
    0,
    null,
    null,
    null,
    null,
    null
  ],
  "HarmlessErrorCategory": [
    1,
    1,
    0.8,
    0.6,
    0.75,
    0.8,
    1,
    0.75,
    0.4,
    0.6,
    1,
    1,
    0.75,
    0.75,
    1,
    0,
    0.8333333333333334,
    0.6666666666666666,
    0.8333333333333334,
    0.6666666666666666,
    0,
    0.6666666666666666,
    0.5,
    0,
    0.5,
    0,
    0,
    0,
    1,
    0,
    0,
    0,
    0,
    0,
    0
  ],
  "DataClumpSize": [
    11,
    4,
    3,
    4,
    4,
    11,
    4,
    3,
    4,
    4,
    11,
    4,
    3,
    4,
    4,
    11,
    4,
    3,
    4,
    11,
    4,
    3,
    4,
    11,
    4,
    3,
    4,
    11,
    4,
    3,
    4,
    11,
    4,
    3,
    4,
    11,
    4,
    3,
    4,
    11,
    4,
    3,
    4,
    11,
    4,
    3,
    4,
    11,
    4,
    3,
    4,
    11,
    4,
    3,
    4,
    11,
    4,
    3,
    4,
    11,
    4,
    3,
    4,
    3,
    3,
    3,
    3,
    3,
    10,
    5,
    3,
    10,
    3,
    6,
    3,
    3,
    3,
    3,
    5,
    3,
    7,
    10,
    3,
    6,
    3,
    3,
    3,
    3,
    3,
    3,
    3,
    4,
    10,
    3,
    3,
    5,
    3,
    3,
    3,
    7,
    3,
    4,
    3,
    3,
    3,
    3,
    10,
    3,
    3,
    3,
    3,
    3,
    3,
    3,
    7,
    3,
    3,
    3,
    5,
    3,
    6,
    3,
    3,
    10,
    3,
    7,
    3,
    3,
    3,
    5,
    3,
    6,
    3,
    3,
    25,
    5,
    25,
    5,
    25,
    5,
    25,
    5,
    25,
    5,
    25,
    5
  ],
  "DataClumpOccurence": [
    6,
    78,
    4,
    78,
    78,
    6,
    78,
    4,
    78,
    78,
    6,
    78,
    4,
    78,
    78,
    6,
    78,
    4,
    78,
    6,
    78,
    4,
    78,
    6,
    78,
    4,
    78,
    6,
    78,
    4,
    78,
    6,
    78,
    4,
    78,
    6,
    78,
    4,
    78,
    6,
    78,
    4,
    78,
    6,
    78,
    4,
    78,
    6,
    78,
    4,
    78,
    6,
    78,
    4,
    78,
    6,
    78,
    4,
    78,
    6,
    78,
    4,
    78,
    2,
    92,
    1,
    5,
    15,
    2,
    2,
    62,
    2,
    2,
    2,
    2,
    92,
    1,
    15,
    2,
    62,
    6,
    2,
    2,
    2,
    2,
    92,
    1,
    5,
    15,
    2,
    2,
    2,
    2,
    1,
    5,
    2,
    62,
    92,
    70,
    6,
    2,
    60,
    2,
    92,
    1,
    15,
    2,
    5,
    2,
    70,
    70,
    70,
    70,
    62,
    6,
    2,
    1,
    5,
    2,
    2,
    2,
    2,
    92,
    2,
    62,
    6,
    2,
    1,
    5,
    2,
    2,
    2,
    2,
    92,
    0,
    0,
    0,
    0,
    0,
    0,
    0,
    0,
    0,
    0,
    0,
    0
  ],
  "ParametersToParameters": [
    0,
    1,
    0,
    1,
    1,
    0,
    1,
    0,
    1,
    1,
    0,
    1,
    0,
    1,
    1,
    0,
    1,
    0,
    1,
    0,
    1,
    0,
    1,
    0,
    1,
    0,
    1,
    0,
    1,
    0,
    1,
    0,
    1,
    0,
    1,
    0,
    1,
    0,
    1,
    0,
    1,
    0,
    1,
    0,
    1,
    0,
    1,
    0,
    1,
    0,
    1,
    0,
    1,
    0,
    1,
    0,
    1,
    0,
    1,
    0,
    1,
    0,
    1,
    1,
    1,
    0,
    1,
    0,
    1,
    1,
    1,
    1,
    0,
    0,
    1,
    1,
    0,
    0,
    1,
    1,
    1,
    1,
    0,
    0,
    1,
    1,
    0,
    1,
    0,
    0,
    1,
    1,
    1,
    0,
    1,
    1,
    1,
    1,
    0,
    1,
    0,
    1,
    1,
    1,
    0,
    0,
    1,
    1,
    0,
    0,
    0,
    0,
    0,
    1,
    1,
    1,
    0,
    1,
    1,
    0,
    0,
    0,
    1,
    1,
    1,
    1,
    1,
    0,
    1,
    1,
    0,
    0,
    0,
    1,
    0,
    1,
    0,
    1,
    0,
    1,
    0,
    1,
    0,
    1,
    0,
    1
  ],
  "FieldToField": [
    1,
    0,
    1,
    0,
    0,
    1,
    0,
    1,
    0,
    0,
    1,
    0,
    1,
    0,
    0,
    1,
    0,
    1,
    0,
    1,
    0,
    1,
    0,
    1,
    0,
    1,
    0,
    1,
    0,
    1,
    0,
    1,
    0,
    1,
    0,
    1,
    0,
    1,
    0,
    1,
    0,
    1,
    0,
    1,
    0,
    1,
    0,
    1,
    0,
    1,
    0,
    1,
    0,
    1,
    0,
    1,
    0,
    1,
    0,
    1,
    0,
    1,
    0,
    0,
    0,
    0,
    0,
    0,
    0,
    0,
    0,
    0,
    1,
    1,
    0,
    0,
    0,
    0,
    0,
    0,
    0,
    0,
    1,
    1,
    0,
    0,
    0,
    0,
    0,
    0,
    0,
    0,
    0,
    0,
    0,
    0,
    0,
    0,
    1,
    0,
    1,
    0,
    0,
    0,
    0,
    0,
    0,
    0,
    0,
    1,
    1,
    1,
    1,
    0,
    0,
    0,
    0,
    0,
    0,
    1,
    1,
    1,
    0,
    0,
    0,
    0,
    0,
    0,
    0,
    0,
    1,
    1,
    1,
    0,
    1,
    0,
    1,
    0,
    1,
    0,
    1,
    0,
    1,
    0,
    1,
    0
  ],