{
  "mean": 0.08,
  "count": 450,
  "sum": 35.03,
  "max": 0.16,
  "min": 0.03,
  "raw": [
    0.03063,
    0.03096,
    0.03057,
    0.03003,
    0.03066,
    0.02901,
    0.02943,
    0.02946,
    0.0294,
    0.03,
    0.03316,
    0.0325,
    0.03424,
    0.03352,
    0.03352,
    0.03397,
    0.03331,
    0.03214,
    0.03313,
    0.03328,
    0.07482000000000001,
    0.07425000000000001,
    0.07464000000000001,
    0.07398,
    0.07389000000000001,
    0.07419,
    0.0741,
    0.07428,
    0.07491,
    0.07308,
    0.03563,
    0.03635,
    0.03653,
    0.036500000000000005,
    0.03614,
    0.03587,
    0.035750000000000004,
    0.03629,
    0.03602,
    0.03629,
    0.05242,
    0.05104,
    0.05017,
    0.05098,
    0.05071,
    0.05065,
    0.05095,
    0.05047,
    0.0502,
    0.05104,
    0.02994,
    0.02973,
    0.03048,
    0.02943,
    0.0294,
    0.02991,
    0.03111,
    0.0297,
    0.03144,
    0.03027,
    0.0325,
    0.0322,
    0.03316,
    0.03304,
    0.03268,
    0.03304,
    0.03331,
    0.0334,
    0.03214,
    0.033549999999999996,
    0.07485,
    0.07353000000000001,
    0.07551000000000001,
    0.07272,
    0.07359,
    0.07443000000000001,
    0.07413,
    0.07317,
    0.07362,
    0.07356,
    0.03608,
    0.035660000000000004,
    0.03656,
    0.03578,
    0.03512,
    0.035660000000000004,
    0.03608,
    0.03665,
    0.03536,
    0.0359,
    0.05215,
    0.04981,
    0.05068,
    0.0505,
    0.05059,
    0.0505,
    0.05002,
    0.04999,
    0.05017,
    0.05161,
    0.0312,
    0.028560000000000002,
    0.02958,
    0.02904,
    0.02952,
    0.02898,
    0.02982,
    0.02898,
    0.02952,
    0.02961,
    0.03253,
    0.0346,
    0.0322,
    0.03229,
    0.03193,
    0.03325,
    0.03316,
    0.03382,
    0.03322,
    0.034749999999999996,
    0.07452,
    0.07419,
    0.07455,
    0.07359,
    0.07374,
    0.07404000000000001,
    0.07371000000000001,
    0.07299,
    0.07437,
    0.07353000000000001,
    0.035840000000000004,
    0.03545,
    0.03596,
    0.03611,
    0.03581,
    0.03665,
    0.03674,
    0.035480000000000005,
    0.0353,
    0.03755,
    0.05122,
    0.05068,
    0.05146,
    0.05011,
    0.0514,
    0.05053,
    0.05098,
    0.050320000000000004,
    0.051430000000000003,
    0.05062,
    0.15174,
    0.15180000000000002,
    0.15282,
    0.15147000000000002,
    0.15165000000000003,
    0.15516000000000002,
    0.15168,
    0.15207,
    0.15237000000000003,
    0.15252000000000002,
    0.16159,
    0.16207,
    0.15907000000000002,
    0.16168000000000002,
    0.16159,
    0.1618,
    0.16231,
    0.16141,
    0.16174,
    0.16177,
    0.11595000000000001,
    0.1179,
    0.11772,
    0.11742000000000001,
    0.11949000000000001,
    0.11829,
    0.11691000000000001,
    0.12033,
    0.12096000000000001,
    0.11592000000000001,
    0.09302999999999999,
    0.09681,
    0.09308999999999999,
    0.09560999999999999,
    0.09653999999999999,
    0.09354,
    0.09354,
    0.09759,
    0.09359999999999999,
    0.09374999999999999,
    0.10717,
    0.10237,
    0.10249,
    0.10711000000000001,
    0.10519,
    0.10687,
    0.1027,
    0.10684,
    0.10279,
    0.10684,
    0.15510000000000002,
    0.15279,
    0.15324000000000002,
    0.15135,
    0.15510000000000002,
    0.15168,
    0.15609000000000003,
    0.15555000000000002,
    0.15285,
    0.15504,
    0.15979000000000002,
    0.16192,
    0.16162,
    0.16186,
    0.16156,
    0.16129000000000002,
    0.16039,
    0.16147,
    0.15913,
    0.16171000000000002,
    0.11592000000000001,
    0.1164,
    0.11643,
    0.11685000000000001,
    0.117,
    0.11667000000000001,
    0.12033,
    0.12087,
    0.11766,
    0.11721000000000001,
    0.09194999999999999,
    0.09689999999999999,
    0.09383999999999999,
    0.09405,
    0.09269999999999999,
    0.09336,
    0.09305999999999999,
    0.09312,
    0.09666,
    0.09323999999999999,
    0.10294,
    0.10234,
    0.10597000000000001,
    0.1021,
    0.10504000000000001,
    0.10147,
    0.10225000000000001,
    0.10315,
    0.10171000000000001,
    0.10198,
    0.15186000000000002,
    0.15339000000000003,
    0.15375000000000003,
    0.15156000000000003,
    0.15330000000000002,
    0.15195000000000003,
    0.15225000000000002,
    0.15249000000000001,
    0.15153000000000003,
    0.15180000000000002,
    0.15760000000000002,
    0.15940000000000001,
    0.15877,
    0.15913,
    0.16135,
    0.16123,
    0.16318,
    0.16075,
    0.15925,
    0.15976,
    0.11781000000000001,
    0.11721000000000001,
    0.11763000000000001,
    0.11658,
    0.11577000000000001,
    0.11643,
    0.11931000000000001,
    0.11673,
    0.11664000000000001,
    0.11859,
    0.09317999999999999,
    0.09333,
    0.09315,
    0.09650999999999998,
    0.09599999999999999,
    0.09276,
    0.09395999999999999,
    0.09558,
    0.09521999999999999,
    0.09419999999999999,
    0.10429000000000001,
    0.10267,
    0.10222,
    0.10249,
    0.10162,
    0.10321,
    0.10651000000000001,
    0.10168,
    0.1063,
    0.10447000000000001,
    0.046509999999999996,
    0.047979999999999995,
    0.046,
    0.04525,
    0.045399999999999996,
    0.046599999999999996,
    0.04666,
    0.0451,
    0.045759999999999995,
    0.046509999999999996,
    0.050010000000000006,
    0.046860000000000006,
    0.04782,
    0.04929000000000001,
    0.049530000000000005,
    0.0471,
    0.04932,
    0.04920000000000001,
    0.04875,
    0.04902000000000001,
    0.09255999999999999,
    0.09312999999999999,
    0.09387999999999999,
    0.09253,
    0.09343,
    0.0928,
    0.09391,
    0.09255999999999999,
    0.09364,
    0.09265,
    0.05464,
    0.05506,
    0.05629,
    0.05584,
    0.05611,
    0.05638,
    0.05548,
    0.05602,
    0.05581,
    0.05638,
    0.07136,
    0.07097,
    0.07121000000000001,
    0.07112,
    0.07124,
    0.07250000000000001,
    0.07172,
    0.07133,
    0.07145,
    0.07088,
    0.04582,
    0.0469,
    0.045219999999999996,
    0.04588,
    0.04528,
    0.044469999999999996,
    0.046329999999999996,
    0.04702,
    0.04822,
    0.04585,
    0.046860000000000006,
    0.0471,
    0.05022,
    0.04719,
    0.04827000000000001,
    0.05034,
    0.04938000000000001,
    0.047490000000000004,
    0.049740000000000006,
    0.047880000000000006,
    0.09348999999999999,
    0.09397,
    0.09307,
    0.09384999999999999,
    0.0934,
    0.09262,
    0.09366999999999999,
    0.09387999999999999,
    0.09358,
    0.09348999999999999,
    0.05452,
    0.05491,
    0.05536,
    0.05575,
    0.054669999999999996,
    0.05509,
    0.054669999999999996,
    0.05518,
    0.055029999999999996,
    0.05404,
    0.07064000000000001,
    0.07379000000000001,
    0.07307,
    0.07055,
    0.07223,
    0.07061,
    0.0704,
    0.07151,
    0.0713,
    0.07085,
    0.04537,
    0.04516,
    0.04639,
    0.04489,
    0.04504,
    0.04597,
    0.04507,
    0.04561,
    0.046689999999999995,
    0.045579999999999996,
    0.046770000000000006,
    0.049260000000000005,
    0.047040000000000005,
    0.047790000000000006,
    0.04671,
    0.049260000000000005,
    0.04866,
    0.04827000000000001,
    0.04893,
    0.047610000000000006,
    0.09292,
    0.09439,
    0.09369999999999999,
    0.09384999999999999,
    0.09211,
    0.09240999999999999,
    0.09366999999999999,
    0.09240999999999999,
    0.09537999999999999,
    0.09298,
    0.05629,
    0.0568,
    0.05479,
    0.054849999999999996,
    0.05581,
    0.05374,
    0.05545,
    0.0541,
    0.055779999999999996,
    0.05419,
    0.07073,
    0.07037,
    0.07166,
    0.07034,
    0.07127,
    0.07283,
    0.07013,
    0.07064000000000001,
    0.07322000000000001,
    0.0734
  ]
}