{
  "mean": 3.64,
  "count": 29,
  "sum": 105.67,
  "max": 5.33,
  "min": 0,
  "raw": [
    4.333333333333333,
    4.333333333333333,
    4.333333333333333,
    5.333333333333333,
    3.3333333333333335,
    null,
    5.333333333333333,
    3.3333333333333335,
    3.3333333333333335,
    5.333333333333333,
    5.333333333333333,
    4.333333333333333,
    3.3333333333333335,
    null,
    3.3333333333333335,
    4.333333333333333,
    null,
    4.333333333333333,
    5.333333333333333,
    3.3333333333333335,
    1.3333333333333333,
    3.3333333333333335,
    4.333333333333333,
    3.3333333333333335,
    5.333333333333333,
    3.3333333333333335,
    4.333333333333333,
    3.3333333333333335,
    4.333333333333333
  ]
}