{
  "mean": 3.75,
  "count": 75,
  "sum": 281,
  "max": 4.33,
  "min": 3.33,
  "raw": [
    4,
    4,
    4,
    4,
    4,
    4,
    4,
    4,
    4,
    4,
    4,
    4,
    4,
    4,
    4,
    4,
    4,
    4,
    4,
    4,
    4,
    4,
    4,
    4,
    4,
    4,
    4,
    4,
    4,
    4,
    4,
    4,
    4,
    4,
    4,
    4,
    4,
    4,
    4,
    4,
    4,
    4,
    4,
    4,
    4,
    3.3333333333333335,
    3.3333333333333335,
    3.3333333333333335,
    3.3333333333333335,
    3.3333333333333335,
    3.3333333333333335,
    3.3333333333333335,
    3.3333333333333335,
    3.3333333333333335,
    3.3333333333333335,
    3.3333333333333335,
    3.3333333333333335,
    3.3333333333333335,
    3.3333333333333335,
    3.3333333333333335,
    3.3333333333333335,
    3.3333333333333335,
    3.3333333333333335,
    3.3333333333333335,
    3.3333333333333335,
    3.3333333333333335,
    3.3333333333333335,
    3.3333333333333335,
    3.3333333333333335,
    3.3333333333333335,
    3.3333333333333335,
    3.3333333333333335,
    3.3333333333333335,
    4.333333333333333,
    3.3333333333333335
  ]
}