{
  "mean": 2.3,
  "count": 84,
  "sum": 193,
  "max": 5.33,
  "min": 1.33,
  "raw": [
    4,
    2,
    2,
    2,
    2,
    2,
    4,
    4,
    2,
    2,
    2,
    2,
    2,
    2,
    4,
    2,
    2,
    2,
    2,
    2,
    4,
    4,
    2,
    2,
    2,
    2,
    2,
    2,
    4,
    2,
    2,
    2,
    2,
    2,
    2,
    4,
    2,
    2,
    2,
    2,
    2,
    2,
    4,
    2,
    2,
    2,
    2,
    2,
    4,
    4,
    2,
    2,
    2,
    2,
    2,
    2,
    4,
    2,
    2,
    2,
    2,
    2,
    2,
    3.3333333333333335,
    1.3333333333333333,
    1.3333333333333333,
    1.3333333333333333,
    1.3333333333333333,
    1.3333333333333333,
    4.333333333333333,
    3.3333333333333335,
    1.3333333333333333,
    1.3333333333333333,
    1.3333333333333333,
    1.3333333333333333,
    1.3333333333333333,
    5.333333333333333,
    3.3333333333333335,
    1.3333333333333333,
    1.3333333333333333,
    1.3333333333333333,
    1.3333333333333333,
    1.3333333333333333,
    3.3333333333333335
  ]
}