{
  "mean": 2.73,
  "count": 30,
  "sum": 82,
  "max": 5.33,
  "min": 1.33,
  "raw": [
    1.3333333333333333,
    5.333333333333333,
    1.3333333333333333,
    1.3333333333333333,
    1.3333333333333333,
    5.333333333333333,
    1.3333333333333333,
    1.3333333333333333,
    1.3333333333333333,
    1.3333333333333333,
    3.3333333333333335,
    1.3333333333333333,
    1.3333333333333333,
    3.3333333333333335,
    5.333333333333333,
    3.3333333333333335,
    5.333333333333333,
    1.3333333333333333,
    3.3333333333333335,
    1.3333333333333333,
    5.333333333333333,
    3.3333333333333335,
    3.3333333333333335,
    5.333333333333333,
    1.3333333333333333,
    1.3333333333333333,
    5.333333333333333,
    3.3333333333333335,
    1.3333333333333333,
    1.3333333333333333
  ]
}