{
  "mean": 2.31,
  "count": 524,
  "sum": 1213,
  "max": 12.67,
  "min": 0,
  "raw": [
    4,
    4,
    4,
    4,
    4,
    2,
    2,
    2,
    2,
    2,
    2,
    2,
    2,
    2,
    2,
    2,
    2,
    2,
    2,
    2,
    2,
    2,
    2,
    2,
    2,
    2,
    2,
    2,
    2,
    2,
    4,
    4,
    4,
    4,
    4,
    4,
    4,
    4,
    4,
    4,
    2,
    2,
    2,
    2,
    2,
    2,
    2,
    2,
    2,
    2,
    2,
    2,
    2,
    2,
    2,
    2,
    2,
    2,
    2,
    2,
    2,
    2,
    2,
    2,
    2,
    2,
    2,
    4,
    2,
    4,
    4,
    4,
    4,
    4,
    4,
    2,
    2,
    2,
    2,
    2,
    2,
    2,
    2,
    2,
    2,
    2,
    2,
    2,
    2,
    2,
    2,
    2,
    2,
    2,
    2,
    2,
    2,
    2,
    2,
    2,
    4,
    4,
    4,
    4,
    4,
    4,
    4,
    4,
    4,
    4,
    2,
    2,
    2,
    2,
    2,
    2,
    2,
    2,
    2,
    2,
    2,
    2,
    2,
    2,
    2,
    2,
    2,
    2,
    2,
    2,
    2,
    2,
    2,
    2,
    2,
    2,
    9.333333333333334,
    2,
    7.666666666666667,
    2,
    4,
    4,
    4,
    4,
    4,
    2,
    2,
    2,
    2,
    2,
    2,
    2,
    2,
    2,
    2,
    2,
    2,
    2,
    2,
    2,
    2,
    2,
    2,
    2,
    2,
    2,
    2,
    2,
    2,
    2,
    2,
    12.666666666666666,
    2,
    null,
    7.666666666666667,
    4,
    4,
    4,
    4,
    4,
    2,
    2,
    2,
    2,
    2,
    2,
    2,
    2,
    2,
    2,
    2,
    2,
    2,
    2,
    2,
    2,
    2,
    2,
    2,
    2,
    2,
    2,
    2,
    2,
    2,
    2,
    2,
    2,
    2,
    2,
    4,
    4,
    4,
    4,
    4,
    2,
    2,
    2,
    2,
    2,
    2,
    2,
    2,
    2,
    2,
    2,
    2,
    2,
    2,
    2,
    2,
    2,
    2,
    2,
    2,
    2,
    2,
    2,
    2,
    2,
    4,
    4,
    4,
    4,
    4,
    4,
    4,
    4,
    4,
    4,
    2,
    2,
    2,
    2,
    2,
    2,
    2,
    2,
    2,
    2,
    2,
    2,
    2,
    2,
    2,
    2,
    2,
    2,
    2,
    2,
    2,
    2,
    2,
    2,
    2,
    2,
    2,
    4,
    7.666666666666667,
    9.333333333333334,
    4,
    4,
    4,
    4,
    4,
    2,
    2,
    2,
    2,
    2,
    2,
    2,
    2,
    2,
    2,
    2,
    2,
    2,
    2,
    2,
    2,
    2,
    2,
    2,
    2,
    2,
    2,
    2,
    2,
    2,
    2,
    2,
    4,
    4,
    4,
    3.3333333333333335,
    3.3333333333333335,
    3.3333333333333335,
    3.3333333333333335,
    3.3333333333333335,
    3.3333333333333335,
    3.3333333333333335,
    3.3333333333333335,
    3.3333333333333335,
    3.3333333333333335,
    1.3333333333333333,
    1.3333333333333333,
    1.3333333333333333,
    1.3333333333333333,
    1.3333333333333333,
    1.3333333333333333,
    1.3333333333333333,
    1.3333333333333333,
    1.3333333333333333,
    1.3333333333333333,
    1.3333333333333333,
    1.3333333333333333,
    1.3333333333333333,
    1.3333333333333333,
    1.3333333333333333,
    1.3333333333333333,
    1.3333333333333333,
    1.3333333333333333,
    1.3333333333333333,
    1.3333333333333333,
    1.3333333333333333,
    1.3333333333333333,
    1.3333333333333333,
    1.3333333333333333,
    1.3333333333333333,
    1.3333333333333333,
    1.3333333333333333,
    1.3333333333333333,
    1.3333333333333333,
    1.3333333333333333,
    1.3333333333333333,
    1.3333333333333333,
    1.3333333333333333,
    1.3333333333333333,
    1.3333333333333333,
    1.3333333333333333,
    1.3333333333333333,
    1.3333333333333333,
    1.3333333333333333,
    1.3333333333333333,
    1.3333333333333333,
    1.3333333333333333,
    1.3333333333333333,
    1.3333333333333333,
    1.3333333333333333,
    1.3333333333333333,
    1.3333333333333333,
    1.3333333333333333,
    1.3333333333333333,
    1.3333333333333333,
    4.333333333333333,
    4.333333333333333,
    4.333333333333333,
    5.333333333333333,
    3.3333333333333335,
    null,
    5.333333333333333,
    3.3333333333333335,
    3.3333333333333335,
    3.3333333333333335,
    3.3333333333333335,
    3.3333333333333335,
    3.3333333333333335,
    3.3333333333333335,
    3.3333333333333335,
    3.3333333333333335,
    3.3333333333333335,
    3.3333333333333335,
    3.3333333333333335,
    1.3333333333333333,
    1.3333333333333333,
    1.3333333333333333,
    1.3333333333333333,
    1.3333333333333333,
    1.3333333333333333,
    1.3333333333333333,
    1.3333333333333333,
    1.3333333333333333,
    1.3333333333333333,
    1.3333333333333333,
    1.3333333333333333,
    1.3333333333333333,
    1.3333333333333333,
    1.3333333333333333,
    1.3333333333333333,
    1.3333333333333333,
    1.3333333333333333,
    1.3333333333333333,
    1.3333333333333333,
    1.3333333333333333,
    1.3333333333333333,
    1.3333333333333333,
    1.3333333333333333,
    1.3333333333333333,
    1.3333333333333333,
    1.3333333333333333,
    1.3333333333333333,
    1.3333333333333333,
    1.3333333333333333,
    1.3333333333333333,
    1.3333333333333333,
    1.3333333333333333,
    1.3333333333333333,
    1.3333333333333333,
    1.3333333333333333,
    1.3333333333333333,
    1.3333333333333333,
    1.3333333333333333,
    1.3333333333333333,
    1.3333333333333333,
    1.3333333333333333,
    1.3333333333333333,
    1.3333333333333333,
    1.3333333333333333,
    1.3333333333333333,
    1.3333333333333333,
    1.3333333333333333,
    1.3333333333333333,
    1.3333333333333333,
    5.333333333333333,
    5.333333333333333,
    4.333333333333333,
    3.3333333333333335,
    null,
    3.3333333333333335,
    4.333333333333333,
    null,
    4.333333333333333,
    5.333333333333333,
    3.3333333333333335,
    3.3333333333333335,
    3.3333333333333335,
    3.3333333333333335,
    3.3333333333333335,
    3.3333333333333335,
    3.3333333333333335,
    3.3333333333333335,
    4.333333333333333,
    3.3333333333333335,
    1.3333333333333333,
    1.3333333333333333,
    1.3333333333333333,
    1.3333333333333333,
    1.3333333333333333,
    1.3333333333333333,
    1.3333333333333333,
    1.3333333333333333,
    1.3333333333333333,
    1.3333333333333333,
    1.3333333333333333,
    1.3333333333333333,
    1.3333333333333333,
    1.3333333333333333,
    1.3333333333333333,
    1.3333333333333333,
    1.3333333333333333,
    1.3333333333333333,
    1.3333333333333333,
    1.3333333333333333,
    1.3333333333333333,
    1.3333333333333333,
    1.3333333333333333,
    1.3333333333333333,
    1.3333333333333333,
    1.3333333333333333,
    1.3333333333333333,
    1.3333333333333333,
    1.3333333333333333,
    5.333333333333333,
    1.3333333333333333,
    1.3333333333333333,
    1.3333333333333333,
    1.3333333333333333,
    1.3333333333333333,
    1.3333333333333333,
    1.3333333333333333,
    1.3333333333333333,
    1.3333333333333333,
    1.3333333333333333,
    1.3333333333333333,
    1.3333333333333333,
    1.3333333333333333,
    1.3333333333333333,
    1.3333333333333333,
    1.3333333333333333,
    1.3333333333333333,
    1.3333333333333333,
    1.3333333333333333,
    1.3333333333333333,
    3.3333333333333335,
    1.3333333333333333,
    3.3333333333333335,
    4.333333333333333,
    3.3333333333333335,
    5.333333333333333,
    3.3333333333333335,
    4.333333333333333,
    3.3333333333333335,
    4.333333333333333
  ]
}