{
  "mean": 3.51,
  "count": 30,
  "sum": 105.33,
  "max": 4.67,
  "min": 1.33,
  "raw": [
    4,
    4,
    4,
    4,
    4,
    4,
    4,
    4,
    4,
    4,
    1.6666666666666667,
    4.666666666666667,
    1.6666666666666667,
    1.6666666666666667,
    4.666666666666667,
    1.6666666666666667,
    4.666666666666667,
    4.666666666666667,
    4.666666666666667,
    4.666666666666667,
    3.3333333333333335,
    1.3333333333333333,
    3.3333333333333335,
    3.3333333333333335,
    3.6666666666666665,
    3.3333333333333335,
    4.333333333333333,
    3.3333333333333335,
    1.3333333333333333,
    3.3333333333333335
  ]
}