{
  "mean": 2.8,
  "count": 175,
  "sum": 490.67,
  "max": 12,
  "min": 0,
  "raw": [
    8.666666666666666,
    8.666666666666666,
    8.666666666666666,
    8.666666666666666,
    8.666666666666666,
    2,
    2,
    2,
    2,
    2,
    2,
    2,
    2,
    2,
    2,
    2,
    2,
    2,
    2,
    2,
    2,
    2,
    2,
    2,
    2,
    2,
    2,
    2,
    2,
    2,
    2,
    2,
    8.666666666666666,
    2,
    8.666666666666666,
    8.666666666666666,
    8.666666666666666,
    8.666666666666666,
    8.666666666666666,
    8.666666666666666,
    2,
    2,
    2,
    2,
    2,
    2,
    2,
    2,
    2,
    2,
    2,
    2,
    2,
    2,
    2,
    2,
    2,
    2,
    2,
    2,
    2,
    2,
    2,
    2,
    2,
    2,
    12,
    2,
    null,
    7,
    8.666666666666666,
    8.666666666666666,
    8.666666666666666,
    8.666666666666666,
    8.666666666666666,
    2,
    2,
    2,
    2,
    2,
    2,
    2,
    2,
    2,
    2,
    2,
    2,
    2,
    2,
    2,
    2,
    2,
    2,
    2,
    2,
    2,
    2,
    2,
    2,
    2,
    2,
    2,
    8.666666666666666,
    7,
    9,
    3.3333333333333335,
    3.3333333333333335,
    3.3333333333333335,
    3.3333333333333335,
    3.3333333333333335,
    3.3333333333333335,
    3.3333333333333335,
    3.3333333333333335,
    3.3333333333333335,
    3.3333333333333335,
    1.3333333333333333,
    1.3333333333333333,
    1.3333333333333333,
    1.3333333333333333,
    1.3333333333333333,
    1.3333333333333333,
    1.3333333333333333,
    1.3333333333333333,
    1.3333333333333333,
    1.3333333333333333,
    1.3333333333333333,
    1.3333333333333333,
    1.3333333333333333,
    1.3333333333333333,
    1.3333333333333333,
    1.3333333333333333,
    1.3333333333333333,
    1.3333333333333333,
    1.3333333333333333,
    1.3333333333333333,
    1.3333333333333333,
    1.3333333333333333,
    1.3333333333333333,
    1.3333333333333333,
    1.3333333333333333,
    1.3333333333333333,
    1.3333333333333333,
    1.3333333333333333,
    1.3333333333333333,
    1.3333333333333333,
    1.3333333333333333,
    1.3333333333333333,
    1.3333333333333333,
    1.3333333333333333,
    1.3333333333333333,
    1.3333333333333333,
    1.3333333333333333,
    1.3333333333333333,
    1.3333333333333333,
    1.3333333333333333,
    1.3333333333333333,
    1.3333333333333333,
    1.3333333333333333,
    1.3333333333333333,
    1.3333333333333333,
    1.3333333333333333,
    1.3333333333333333,
    1.3333333333333333,
    1.3333333333333333,
    1.3333333333333333,
    5.333333333333333,
    5.333333333333333,
    4.333333333333333,
    3.3333333333333335,
    null,
    3.3333333333333335,
    4.333333333333333,
    null,
    4.333333333333333,
    5.333333333333333
  ]
}