{
  "fromScratch": {
    "mean": 35.40606982310546,
    "median": 0,
    "std": 41.81633368991017,
    "values": [
      0,
      0,
      0,
      0,
      0,
      0,
      0,
      0,
      0,
      0,
      0,
      0,
      0,
      0,
      0,
      0,
      0,
      0,
      0,
      0,
      0,
      0,
      0,
      0,
      0,
      0,
      0,
      0,
      0,
      0,
      0,
      62.96296296296296,
      62.96296296296296,
      62.96296296296296,
      67.74193548387096,
      67.74193548387096,
      67.74193548387096,
      80,
      80,
      82.3529411764706,
      82.3529411764706,
      82.3529411764706,
      82.3529411764706,
      90.9090909090909,
      93.33333333333333,
      93.33333333333333,
      93.93939393939394,
      93.93939393939394,
      93.93939393939394,
      93.93939393939394,
      93.93939393939394,
      93.93939393939394,
      94.5945945945946,
      94.5945945945946
    ]
  },
  "givenContext": {
    "mean": null,
    "median": null,
    "std": null,
    "values": []
  }
}