{
  "0.1": {
    "mean": 53.87533355907803,
    "median": 65.35244922341695,
    "std": 39.750040022078544,
    "values": [
      0,
      0,
      0,
      0,
      0,
      0,
      62.96296296296296,
      62.96296296296296,
      62.96296296296296,
      67.74193548387096,
      67.74193548387096,
      82.3529411764706,
      93.33333333333333,
      93.93939393939394,
      93.93939393939394,
      93.93939393939394,
      93.93939393939394,
      93.93939393939394
    ]
  },
  "0.5": {
    "mean": 23.14945789329091,
    "median": 0,
    "std": 37.62564460237885,
    "values": [
      0,
      0,
      0,
      0,
      0,
      0,
      0,
      0,
      0,
      0,
      0,
      0,
      0,
      67.74193548387096,
      82.3529411764706,
      82.3529411764706,
      90.9090909090909,
      93.33333333333333
    ]
  },
  "0.9": {
    "mean": 29.193418016947433,
    "median": 0,
    "std": 41.47441614881203,
    "values": [
      0,
      0,
      0,
      0,
      0,
      0,
      0,
      0,
      0,
      0,
      0,
      0,
      80,
      80,
      82.3529411764706,
      93.93939393939394,
      94.5945945945946,
      94.5945945945946
    ]
  }
}