{
  "Surety": {
    "1": 9,
    "2": 1,
    "3": 5,
    "4": 2,
    "5": 2,
    "6": 3,
    "7": 2,
    "1.5": 2,
    "0.75": 6,
    "2.25": 2,
    "2.75": 1,
    "2.5": 1,
    "-0.75": 2,
    "-1.75": 1,
    "5.5": 1
  },
  "OutputFormatCorrectness": {
    "0.8148148148148148": 8,
    "0.8888888888888888": 3,
    "0.8552631578947368": 3,
    "0.5909090909090909": 1,
    "0.8210526315789474": 2,
    "0.8235294117647058": 8,
    "0.8490566037735849": 1,
    "0.6779661016949152": 1,
    "0.8181818181818182": 1,
    "0.7925925925925926": 1,
    "0.8": 1,
    "0.8081841432225064": 1,
    "0.7924528301886793": 1,
    "0.7979539641943734": 3,
    "0.8074866310160428": 1,
    "0.8016085790884718": 1,
    "0.8376068376068376": 1,
    "0.8292682926829268": 1,
    "0.8333333333333334": 1
  },
  "InvalidJSON": {
    "0": 11,
    "1": 29
  },
  "DataClumpSize_mean": {
    "3": 7,
    "4": 2,
    "6": 1,
    "7": 1,
    "12": 3,
    "15": 9,
    "3.3333333333333335": 4,
    "3.6666666666666665": 1,
    "5.75": 1,
    "4.857142857142857": 1,
    "10.857142857142858": 1,
    "6.333333333333333": 2,
    "3.375": 3,
    "3.4285714285714284": 1,
    "3.2857142857142856": 1,
    "7.5": 1,
    "5.25": 1
  },
  "DataClumpOccurence_mean": {
    "2": 12,
    "16": 1,
    "21": 3,
    "22": 1,
    "23": 1,
    "30": 2,
    "47": 1,
    "287": 5,
    "278.6666666666667": 1,
    "121.33333333333333": 1,
    "96.66666666666667": 1,
    "20.25": 1,
    "2.3333333333333335": 1,
    "16.666666666666668": 1,
    "20.666666666666668": 1,
    "25.428571428571427": 1,
    "13.428571428571429": 1,
    "293.6666666666667": 1,
    "12.666666666666666": 2,
    "19.714285714285715": 1,
    "23.142857142857142": 1
  },
  "FieldToField_mean": {
    "0": 33,
    "1": 6,
    "0.125": 1
  },
  "ParametersToParameters_mean": {
    "0": 8,
    "1": 27,
    "0.875": 4,
    "0.8571428571428571": 1
  },
  "DataClumpSize_count": {
    "1": 15,
    "2": 3,
    "3": 12,
    "4": 2,
    "5": 1,
    "7": 4,
    "8": 3
  },
  "DataClumpOccurence_count": {
    "1": 15,
    "2": 3,
    "3": 12,
    "4": 2,
    "5": 1,
    "7": 4,
    "8": 3
  },
  "FieldToField_count": {
    "1": 15,
    "2": 3,
    "3": 11,
    "4": 3,
    "5": 1,
    "7": 3,
    "8": 4
  },
  "ParametersToParameters_count": {
    "1": 15,
    "2": 3,
    "3": 11,
    "4": 3,
    "5": 1,
    "7": 3,
    "8": 4
  },
  "DataClumpSize_groupedCount": {
    "[object Object]": 40
  },
  "DataClumpOccurence_groupedCount": {
    "[object Object]": 40
  },
  "FieldToField_groupedCount": {
    "[object Object]": 40
  },
  "ParametersToParameters_groupedCount": {
    "[object Object]": 40
  },
  "DataClumpSize_raw": {
    "3": 5,
    "4": 1,
    "12": 2,
    "15": 7,
    "15,15": 2,
    "15,3,3": 1,
    "3,3,4": 1,
    "3,3,3": 2,
    "3,5,3": 1,
    "12,4,3,4": 1,
    "3,6,3": 1,
    "3,4,3": 3,
    "3,3,12": 1,
    "3,3,3,12,4,4,5": 1,
    "12,12,12,12,12,12,4": 1,
    "12,12,12,12,12": 1,
    "3,4,12": 2,
    "3,4,3,3,4,3,4,3": 3,
    "3,4,3,4,3,4,3": 1,
    "3,4,3,3,4,3,3": 1,
    "3,12": 1,
    "3,3,3,12": 1
  },
  "DataClumpOccurence_raw": {
    "2": 9,
    "30": 1,
    "47": 1,
    "287": 4,
    "2,2": 2,
    "2,833,1": 1,
    "287,30,47": 1,
    "287,287,287": 1,
    "287,2,1": 1,
    "2,2,30,47": 1,
    "2,4,1": 1,
    "2,47,1": 1,
    "30,30,2": 1,
    "30,30,30,2,82,2,2": 1,
    "2,2,2,2,2,2,82": 1,
    "2,2,2,2,2": 1,
    "833,47,1": 1,
    "30,6,2": 2,
    "30,6,30,30,6,30,6,30": 3,
    "30,6,30,6,30,6,30": 1,
    "30,6,30": 1,
    "30,6,30,30,6,30,30": 1,
    "30,30,30": 1,
    "30,2": 1,
    "30,30,30,2": 1
  },
  "FieldToField_raw": {
    "0": 9,
    "1": 6,
    "0,0": 3,
    "0,0,0": 11,
    "0,0,0,0": 3,
    "0,0,0,0,0,0,0,1": 1,
    "0,0,0,0,0,0,0": 3,
    "0,0,0,0,0": 1,
    "0,0,0,0,0,0,0,0": 3
  },
  "ParametersToParameters_raw": {
    "0": 6,
    "1": 9,
    "1,1": 3,
    "1,1,1": 10,
    "1,1,1,1": 2,
    "0,0,0": 1,
    "0,0,0,0": 1,
    "1,1,1,1,1,1,1,0": 4,
    "1,1,1,1,1,1,0": 1,
    "1,1,1,1,1": 1,
    "1,1,1,1,1,1,1": 2
  }
}