{
  "instanceType": "refactor",
  "instructionType": "exampleBased",
  "includeUsages": "withUsages",
  "temperature": 0.1,
  "inputFormat": "instruction",
  "model": "gpt-4-1106-preview",
  "iteration": 6,
  "projectName": "dolphinscheduler",
  "inputType": "instruction",
  "metrics": {
    "ValidPrograms": 0,
    "RemainingAttemptCount": 0,
    "RemovedDataClumps": 0,
    "GitChanges": 236,
    "CommentOut": 0.7916666666666666,
    "ValidJSON": 1,
    "EmptyResponse": 1,
    "ResponseSizeDecrease": 0.9448462318350794,
    "RichClass": 0,
    "HarmlessErrorCategory": 0.8333333333333334,
    "DataClumpSize": [
      3,
      10,
      5,
      4,
      3,
      3,
      3,
      5,
      7,
      3,
      3,
      3,
      3,
      3,
      3,
      3
    ],
    "DataClumpOccurence": [
      2,
      2,
      12,
      60,
      11,
      1,
      5,
      2,
      6,
      2,
      15,
      2,
      70,
      70,
      2,
      70
    ],
    "ParametersToParameters": [
      1,
      1,
      1,
      1,
      1,
      0,
      1,
      1,
      1,
      0,
      0,
      0,
      0,
      0,
      0,
      0
    ],
    "FieldToField": [
      0,
      0,
      0,
      0,
      0,
      0,
      0,
      0,
      0,
      1,
      0,
      0,
      1,
      1,
      0,
      1
    ],
    "PreferNonPublic": [
      0,
      0,
      0,
      0,
      0,
      0,
      0,
      0,
      0,
      1,
      0,
      1,
      1,
      1,
      0,
      1
    ],
    "PrimitiveTypes": [
      0.6666666666666666,
      0.6,
      0.4,
      0.25,
      1,
      0.6666666666666666,
      0.6666666666666666,
      0.8,
      0.2857142857142857,
      0.6666666666666666,
      0.6666666666666666,
      0.6666666666666666,
      0,
      0,
      1,
      0
    ],
    "AffectedFiles": [
      1,
      1,
      5,
      15,
      8,
      2,
      4,
      1,
      2,
      2,
      10,
      2,
      36,
      36,
      3,
      36
    ],
    "ChangeType=None": 0,
    "ChangeType=ReplaceText": 0,
    "ChangeType=SpecificLine": 0,
    "ChangeType=SpecificLineAll": 0
  }
}