{
  "mean": 0.75,
  "count": 54,
  "sum": 31.33,
  "max": 1,
  "min": 0,
  "raw": [
    0.9285714285714286,
    1,
    1,
    1,
    1,
    0.875,
    0.8235294117647058,
    0.9583333333333334,
    1,
    1,
    1,
    0.875,
    0.95,
    0.9,
    1,
    1,
    0.75,
    1,
    0.2666666666666667,
    0.9166666666666666,
    null,
    null,
    0.8918918918918919,
    null,
    1,
    null,
    0.875,
    null,
    0.9166666666666666,
    1,
    0.26086956521739135,
    0.736842105263158,
    0.935483870967742,
    null,
    1,
    null,
    0.07407407407407407,
    0,
    0.3529411764705882,
    null,
    null,
    0.5294117647058824,
    0.19999999999999996,
    0.9263803680981595,
    0.9,
    1,
    null,
    0.4666666666666667,
    0,
    0.16666666666666663,
    0.85,
    null,
    0,
    null
  ]
}