{
  "mean": 0.95,
  "count": 18,
  "groupedCount": {
    "1": 16,
    "0.6666666666666666": 1,
    "0.5": 1
  },
  "raw": [
    1,
    1,
    1,
    1,
    1,
    1,
    1,
    0.6666666666666666,
    1,
    0.5,
    1,
    1,
    1,
    1,
    1,
    1,
    1,
    1
  ]
}