{
  "mean": 0.86,
  "count": 35,
  "sum": 29.96,
  "max": 1,
  "min": 0,
  "raw": [
    1,
    1,
    1,
    1,
    1,
    1,
    1,
    0.8181818181818181,
    1,
    1,
    0.6190476190476191,
    1,
    1,
    1,
    1,
    1,
    0.36,
    1,
    0.9714285714285714,
    0,
    1,
    0,
    1,
    0.8,
    1,
    0.5833333333333333,
    0.9047619047619048,
    0.9130434782608696,
    0.782608695652174,
    0.5882352941176471,
    0.8846153846153846,
    0.8846153846153846,
    1,
    0.85,
    1
  ]
}