{
  "mean": 0.03,
  "count": 30,
  "sum": 0.96,
  "max": 0.18,
  "min": 0,
  "raw": [
    0,
    0,
    0.18181818181818182,
    0,
    0,
    0.1,
    0,
    0.0273972602739726,
    0,
    0,
    0.06666666666666667,
    0,
    null,
    0,
    0.07142857142857142,
    0,
    0.04878048780487805,
    0,
    0.1,
    0,
    0,
    0.047619047619047616,
    0,
    0,
    0.17647058823529413,
    0.038461538461538464,
    0,
    0,
    0.1,
    0
  ]
}