{
  "mean": 0.79,
  "count": 30,
  "sum": 23,
  "max": 1,
  "min": 0,
  "raw": [
    0.971830985915493,
    0.967741935483871,
    0.7272727272727273,
    1,
    0.9444444444444444,
    0.9,
    1,
    0.9452054794520548,
    0.9117647058823529,
    0.975,
    0.6,
    0.8064516129032258,
    null,
    1,
    0.21428571428571427,
    1,
    0.9024390243902439,
    0.8947368421052632,
    0.8,
    0.9,
    0.8333333333333334,
    0.8571428571428571,
    0.30434782608695654,
    0.782608695652174,
    0.23529411764705882,
    0.5,
    0.38461538461538464,
    0.7931034482758621,
    0.85,
    1
  ]
}