{
  "mean": 0.73,
  "count": 35,
  "sum": 25.56,
  "max": 1,
  "min": 0,
  "raw": [
    1,
    1,
    1,
    1,
    1,
    1,
    1,
    1,
    1,
    1,
    1,
    1,
    1,
    1,
    1,
    1,
    1,
    0.23529411764705888,
    0.19999999999999996,
    1,
    0,
    1,
    0.45833333333333337,
    1,
    0.13043478260869568,
    0.25,
    1,
    0.33333333333333337,
    0.2857142857142857,
    0.1428571428571429,
    0.2857142857142857,
    0.2857142857142857,
    1,
    0.2857142857142857,
    0.6666666666666667
  ]
}