{
  "mean": 11.88,
  "count": 25,
  "sum": 296.89,
  "max": 15,
  "min": 5.67,
  "raw": [
    11,
    11,
    10.333333333333334,
    11,
    11,
    11,
    11,
    8,
    5.666666666666667,
    11,
    10.555555555555555,
    10.333333333333334,
    11,
    11,
    11,
    15,
    15,
    15,
    15,
    15,
    15,
    15,
    7,
    15,
    15
  ]
}