{
  "mean": 7.847464387464387,
  "count": 15,
  "groupedCount": {
    "0": 3,
    "5": 1,
    "10": 2,
    "11": 4,
    "10.555555555555555": 1,
    "10.333333333333334": 1,
    "10.923076923076923": 1,
    "7.5": 1,
    "9.4": 1
  },
  "raw": [
    10.555555555555555,
    10.333333333333334,
    11,
    11,
    11,
    5,
    10.923076923076923,
    0,
    10,
    10,
    7.5,
    11,
    0,
    9.4,
    0
  ]
}