{
  "mean": 10.95,
  "count": 75,
  "sum": 821.29,
  "max": 25,
  "min": 0,
  "raw": [
    11,
    11,
    10.333333333333334,
    11,
    11,
    3.6666666666666665,
    11,
    10.333333333333334,
    5,
    3.6666666666666665,
    null,
    null,
    4,
    null,
    11,
    11,
    11,
    8,
    5.666666666666667,
    11,
    10.538461538461538,
    11,
    11,
    7,
    11,
    7,
    10,
    null,
    11,
    3,
    10.555555555555555,
    10.333333333333334,
    11,
    11,
    11,
    5,
    10.923076923076923,
    null,
    10,
    10,
    7.5,
    11,
    null,
    9.4,
    null,
    15,
    15,
    15,
    15,
    15,
    15,
    15,
    7,
    15,
    15,
    25,
    25,
    15,
    25,
    3,
    22.625,
    15,
    15,
    15,
    15,
    25,
    25,
    3.25,
    15,
    3,
    15,
    25,
    15,
    19.5,
    9
  ]
}