{
  "mean": 6.3,
  "count": 60,
  "sum": 378.12,
  "max": 11,
  "min": 0,
  "raw": [
    11,
    11,
    10.333333333333334,
    11,
    11,
    8,
    9,
    9,
    9,
    9,
    9,
    4.666666666666667,
    4.666666666666667,
    5,
    5,
    4.666666666666667,
    4.666666666666667,
    5,
    3,
    8,
    3.6666666666666665,
    11,
    10.333333333333334,
    5,
    3.6666666666666665,
    9,
    9,
    8,
    4,
    5.4,
    5,
    4.666666666666667,
    11,
    3.2857142857142856,
    8,
    4,
    5,
    4,
    5,
    8,
    null,
    null,
    4,
    null,
    11,
    5,
    9,
    8,
    7,
    6.333333333333333,
    5.666666666666667,
    7.5,
    5,
    6.6,
    5,
    4,
    4,
    4,
    4,
    3
  ]
}