{
  "mean": 8.84,
  "count": 12,
  "sum": 106.06,
  "max": 25,
  "min": 3,
  "raw": [
    15,
    3.6666666666666665,
    12,
    3.375,
    15,
    3,
    7.5,
    3,
    25,
    4,
    4.714285714285714,
    9.8
  ]
}