{
  "mean": 13.32,
  "count": 12,
  "groupedCount": {
    "3": 1,
    "7": 2,
    "12": 1,
    "15": 3,
    "25": 3,
    "7.5": 1,
    "3.3333333333333335": 1
  },
  "raw": [
    7,
    3,
    12,
    7.5,
    15,
    25,
    7,
    3.3333333333333335,
    15,
    25,
    15,
    25
  ]
}