{
  "mean": 4.94,
  "count": 25,
  "sum": 123.49,
  "max": 12,
  "min": 3,
  "raw": [
    4,
    5,
    4,
    5,
    8,
    4.666666666666667,
    4.666666666666667,
    4.666666666666667,
    3.4,
    4.666666666666667,
    6.333333333333333,
    5,
    3,
    5,
    5,
    6.666666666666667,
    5,
    3,
    3.2857142857142856,
    3.4,
    12,
    3,
    3.3333333333333335,
    3,
    8.4
  ]
}