{
  "mean": 7.25,
  "count": 75,
  "sum": 543.9,
  "max": 25,
  "min": 3,
  "raw": [
    8,
    9,
    9,
    9,
    9,
    9,
    9,
    8,
    4,
    5.4,
    5,
    9,
    8,
    7,
    6.333333333333333,
    8,
    8.2,
    8.2,
    8,
    8,
    6.333333333333333,
    8.2,
    5.5,
    7,
    5.666666666666667,
    6.333333333333333,
    3,
    5.5,
    6.333333333333333,
    6.333333333333333,
    8,
    5,
    8,
    8,
    8,
    6,
    8.2,
    6.333333333333333,
    7.5,
    5,
    8,
    6.333333333333333,
    7.5,
    9,
    4.666666666666667,
    3,
    3.3333333333333335,
    3,
    3,
    3,
    3,
    3.6666666666666665,
    3,
    4,
    12,
    3.8,
    5,
    6.666666666666667,
    12,
    9.5,
    3,
    3,
    25,
    3.5714285714285716,
    3.5,
    4,
    3.5,
    14,
    14.333333333333334,
    3,
    6.666666666666667,
    4,
    25,
    7.5,
    25
  ]
}