{
  "mean": 4.45,
  "count": 15,
  "sum": 66.8,
  "max": 7.5,
  "min": 3,
  "raw": [
    5,
    5,
    4.666666666666667,
    4.666666666666667,
    3.4,
    4.666666666666667,
    4.666666666666667,
    4.666666666666667,
    3.4,
    4.666666666666667,
    3,
    3.5,
    4,
    4,
    7.5
  ]
}