{
  "mean": 7.55,
  "count": 25,
  "sum": 188.66,
  "max": 25,
  "min": 0,
  "raw": [
    5.666666666666667,
    7.5,
    5,
    6.6,
    5,
    4,
    5.5,
    7.6,
    5,
    3.6666666666666665,
    5,
    11,
    11,
    5,
    5,
    4.5,
    null,
    25,
    6.666666666666667,
    5.75,
    25,
    4.714285714285714,
    15,
    5,
    4.5
  ]
}