{
  "mean": 7.43,
  "count": 30,
  "sum": 223.04,
  "max": 25,
  "min": 3,
  "raw": [
    3,
    3.3333333333333335,
    3,
    3,
    3,
    3,
    3.6666666666666665,
    3,
    4,
    12,
    3.8,
    5,
    6.666666666666667,
    12,
    9.5,
    3,
    3,
    25,
    3.5714285714285716,
    3.5,
    4,
    3.5,
    14,
    14.333333333333334,
    3,
    6.666666666666667,
    4,
    25,
    7.5,
    25
  ]
}