{
  "mean": 7.54,
  "count": 45,
  "sum": 339.18,
  "max": 25,
  "min": 0,
  "raw": [
    9,
    4.666666666666667,
    4.666666666666667,
    5,
    5,
    5,
    4.666666666666667,
    11,
    3.2857142857142856,
    8,
    5.666666666666667,
    7.5,
    5,
    6.6,
    5,
    5.75,
    4,
    3.3333333333333335,
    6,
    4.857142857142857,
    10.857142857142858,
    12,
    12,
    3.3333333333333335,
    6.333333333333333,
    6.333333333333333,
    12,
    3.2,
    13.5,
    15,
    3,
    7.5,
    7,
    5,
    12,
    4.5,
    null,
    25,
    6.666666666666667,
    5.75,
    25,
    4.714285714285714,
    15,
    5,
    4.5
  ]
}