{
  "mean": 7.130370370370371,
  "count": 45,
  "groupedCount": {
    "3": 1,
    "4": 1,
    "5": 3,
    "6": 1,
    "7": 2,
    "8": 11,
    "9": 8,
    "5.4": 1,
    "6.333333333333333": 7,
    "8.2": 4,
    "5.5": 2,
    "5.666666666666667": 1,
    "7.5": 2,
    "4.666666666666667": 1
  },
  "raw": [
    8,
    9,
    9,
    9,
    9,
    9,
    9,
    8,
    4,
    5.4,
    5,
    9,
    8,
    7,
    6.333333333333333,
    8,
    8.2,
    8.2,
    8,
    8,
    6.333333333333333,
    8.2,
    5.5,
    7,
    5.666666666666667,
    6.333333333333333,
    3,
    5.5,
    6.333333333333333,
    6.333333333333333,
    8,
    5,
    8,
    8,
    8,
    6,
    8.2,
    6.333333333333333,
    7.5,
    5,
    8,
    6.333333333333333,
    7.5,
    9,
    4.666666666666667
  ]
}