{
  "mean": 5.93,
  "count": 25,
  "groupedCount": {
    "4": 2,
    "5": 8,
    "6": 1,
    "9": 1,
    "12": 2,
    "4.666666666666667": 3,
    "6.333333333333333": 3,
    "5.75": 1,
    "3.3333333333333335": 2,
    "4.857142857142857": 1,
    "10.857142857142858": 1
  },
  "raw": [
    9,
    4.666666666666667,
    4.666666666666667,
    5,
    5,
    6.333333333333333,
    5,
    4.666666666666667,
    4,
    6.333333333333333,
    5,
    5,
    5,
    5,
    5,
    5.75,
    4,
    3.3333333333333335,
    6,
    4.857142857142857,
    10.857142857142858,
    12,
    12,
    3.3333333333333335,
    6.333333333333333
  ]
}