{
  "mean": 6.718666666666667,
  "count": 25,
  "groupedCount": {
    "3": 5,
    "4": 7,
    "5": 2,
    "11": 1,
    "12": 2,
    "25": 1,
    "3.5": 1,
    "7.5": 1,
    "5.5": 1,
    "4.5": 2,
    "19.666666666666668": 1,
    "9.8": 1
  },
  "raw": [
    4,
    4,
    4,
    4,
    3,
    3,
    3.5,
    4,
    4,
    7.5,
    3,
    5,
    5.5,
    4,
    5,
    4.5,
    11,
    4.5,
    19.666666666666668,
    12,
    12,
    9.8,
    25,
    3,
    3
  ]
}