{
  "mean": 4.639571428571428,
  "count": 25,
  "groupedCount": {
    "3": 2,
    "5": 6,
    "6": 1,
    "8": 1,
    "4.666666666666667": 5,
    "3.4": 1,
    "3.375": 3,
    "3.4285714285714284": 1,
    "3.3333333333333335": 1,
    "3.2857142857142856": 1,
    "7.5": 1,
    "5.25": 1,
    "6.333333333333333": 1
  },
  "raw": [
    4.666666666666667,
    4.666666666666667,
    5,
    3,
    8,
    5,
    5,
    4.666666666666667,
    4.666666666666667,
    3.4,
    5,
    4.666666666666667,
    6,
    5,
    5,
    3.375,
    3.4285714285714284,
    3.3333333333333335,
    3.375,
    3.2857142857142856,
    3,
    3.375,
    7.5,
    5.25,
    6.333333333333333
  ]
}