{
  "mean": 5.06,
  "count": 30,
  "groupedCount": {
    "3": 7,
    "4": 2,
    "6": 1,
    "12": 3,
    "3.3333333333333335": 4,
    "3.6666666666666665": 1,
    "5.75": 1,
    "4.857142857142857": 1,
    "10.857142857142858": 1,
    "6.333333333333333": 2,
    "3.375": 3,
    "3.4285714285714284": 1,
    "3.2857142857142856": 1,
    "7.5": 1,
    "5.25": 1
  },
  "raw": [
    3,
    3.3333333333333335,
    3,
    3,
    3,
    3,
    3.6666666666666665,
    3,
    4,
    12,
    5.75,
    4,
    3.3333333333333335,
    6,
    4.857142857142857,
    10.857142857142858,
    12,
    12,
    3.3333333333333335,
    6.333333333333333,
    3.375,
    3.4285714285714284,
    3.3333333333333335,
    3.375,
    3.2857142857142856,
    3,
    3.375,
    7.5,
    5.25,
    6.333333333333333
  ]
}