{
  "mean": 7.65,
  "count": 100,
  "groupedCount": {
    "0": 1,
    "3": 9,
    "4": 3,
    "5": 14,
    "6": 1,
    "7": 3,
    "8": 4,
    "9": 3,
    "10": 2,
    "11": 5,
    "12": 4,
    "15": 6,
    "25": 4,
    "3.6666666666666665": 2,
    "10.333333333333334": 1,
    "5.4": 1,
    "4.666666666666667": 5,
    "3.2857142857142856": 3,
    "10.538461538461538": 1,
    "6.333333333333333": 5,
    "8.2": 2,
    "5.5": 1,
    "5.666666666666667": 1,
    "3.4": 2,
    "10.923076923076923": 1,
    "7.5": 2,
    "6.6": 1,
    "3.5": 2,
    "3.6": 1,
    "22.625": 1,
    "3.8": 1,
    "6.666666666666667": 2,
    "9.5": 1,
    "3.5714285714285716": 1,
    "3.2": 1,
    "13.5": 1,
    "3.3333333333333335": 1,
    "8.4": 1
  },
  "raw": [
    3.6666666666666665,
    11,
    10.333333333333334,
    5,
    3.6666666666666665,
    9,
    9,
    8,
    4,
    5.4,
    5,
    4.666666666666667,
    11,
    3.2857142857142856,
    8,
    4,
    5,
    4,
    5,
    8,
    10.538461538461538,
    11,
    11,
    7,
    11,
    6.333333333333333,
    8.2,
    5.5,
    7,
    5.666666666666667,
    5,
    5,
    9,
    6.333333333333333,
    3.2857142857142856,
    4.666666666666667,
    4.666666666666667,
    4.666666666666667,
    3.4,
    4.666666666666667,
    5,
    10.923076923076923,
    0,
    10,
    10,
    6,
    8.2,
    6.333333333333333,
    7.5,
    5,
    6.6,
    3.5,
    3.6,
    8,
    3,
    6.333333333333333,
    5,
    3,
    5,
    5,
    25,
    25,
    15,
    25,
    3,
    22.625,
    15,
    15,
    15,
    15,
    3.8,
    5,
    6.666666666666667,
    12,
    9.5,
    3,
    3,
    25,
    3.5714285714285716,
    3.5,
    6.333333333333333,
    12,
    3.2,
    13.5,
    15,
    3,
    7.5,
    7,
    5,
    12,
    6.666666666666667,
    5,
    3,
    3.2857142857142856,
    3.4,
    12,
    3,
    3.3333333333333335,
    3,
    8.4
  ]
}