{
  "mean": 6.32,
  "count": 60,
  "sum": 378.93,
  "max": 11,
  "min": 0,
  "raw": [
    3.6666666666666665,
    11,
    10.333333333333334,
    5,
    3.6666666666666665,
    9,
    9,
    8,
    4,
    5.4,
    5,
    4.666666666666667,
    11,
    3.2857142857142856,
    8,
    4,
    5,
    4,
    5,
    8,
    10.538461538461538,
    11,
    11,
    7,
    11,
    6.333333333333333,
    8.2,
    5.5,
    7,
    5.666666666666667,
    5,
    5,
    9,
    6.333333333333333,
    3.2857142857142856,
    4.666666666666667,
    4.666666666666667,
    4.666666666666667,
    3.4,
    4.666666666666667,
    5,
    10.923076923076923,
    null,
    10,
    10,
    6,
    8.2,
    6.333333333333333,
    7.5,
    5,
    6.6,
    3.5,
    3.6,
    8,
    3,
    6.333333333333333,
    5,
    3,
    5,
    5
  ]
}