{
  "instanceType": "refactor",
  "instructionType": "exampleBased",
  "includeUsages": "withUsages",
  "temperature": 0.1,
  "inputFormat": "instructionSnippet",
  "margin": 1,
  "model": "gpt-4-1106-preview",
  "iteration": 3,
  "projectName": "dolphinscheduler",
  "inputType": "instructionSnippet",
  "metrics": {
    "ValidPrograms": 0,
    "RemainingAttemptCount": 0,
    "RemovedDataClumps": 0,
    "GitChanges": 118,
    "CommentOut": 1,
    "ValidJSON": 1,
    "EmptyResponse": 1,
    "ResponseSizeDecrease": 0.3974849094567404,
    "RichClass": 0,
    "HarmlessErrorCategory": 0.5,
    "DataClumpSize": [
      3,
      10,
      3,
      3,
      5,
      3,
      7,
      3,
      3,
      3
    ],
    "DataClumpOccurence": [
      2,
      2,
      1,
      5,
      2,
      62,
      6,
      2,
      92,
      15
    ],
    "ParametersToParameters": [
      1,
      1,
      0,
      1,
      1,
      1,
      1,
      0,
      1,
      0
    ],
    "FieldToField": [
      0,
      0,
      0,
      0,
      0,
      0,
      0,
      1,
      0,
      0
    ],
    "PreferNonPublic": [
      0,
      0,
      0,
      0,
      0,
      0,
      0,
      1,
      0,
      0
    ],
    "PrimitiveTypes": [
      0.6666666666666666,
      0.6,
      0.6666666666666666,
      0.6666666666666666,
      0.8,
      0.6666666666666666,
      0.2857142857142857,
      0.6666666666666666,
      0.3333333333333333,
      0.6666666666666666
    ],
    "AffectedFiles": [
      1,
      1,
      2,
      4,
      1,
      4,
      2,
      2,
      3,
      10
    ],
    "ChangeType=None": 0,
    "ChangeType=ReplaceText": 0.08333333333333333,
    "ChangeType=SpecificLine": 0.9166666666666666,
    "ChangeType=SpecificLineAll": 0
  }
}