{
  "Surety": {
    "0": 1,
    "1": 37,
    "2": 30,
    "3": 20,
    "4": 7,
    "5": 7,
    "6": 5,
    "7": 2,
    "3.25": 11,
    "3.75": 6,
    "3.5": 16,
    "1.5": 4,
    "4.25": 7,
    "0.75": 16,
    "5.75": 2,
    "2.75": 10,
    "1.75": 10,
    "2.5": 6,
    "4.5": 5,
    "-0.75": 4,
    "4.75": 3,
    "5.25": 3,
    "2.25": 4,
    "0.5": 1,
    "-0.25": 2,
    "5.5": 4,
    "-1.75": 1,
    "1.25": 1
  },
  "OutputFormatCorrectness": {
    "0.8524590163934426": 2,
    "0.8448275862068966": 4,
    "0.8472222222222222": 2,
    "0.8502415458937198": 2,
    "0.8484848484848485": 1,
    "0.7980997624703088": 1,
    "0.8246445497630331": 1,
    "0.5770171149144254": 2,
    "0.5853658536585366": 4,
    "0.7577937649880095": 1,
    "0.5827338129496403": 1,
    "0.5925925925925926": 9,
    "0.8376068376068376": 2,
    "0.6078431372549019": 1,
    "0.819672131147541": 4,
    "0.588957055214724": 1,
    "0.8292682926829268": 11,
    "0.8194444444444444": 3,
    "0.5882352941176471": 2,
    "0.8029925187032418": 1,
    "0.8363636363636363": 1,
    "0.5648148148148148": 1,
    "0.8148148148148148": 19,
    "0.5901639344262295": 5,
    "0.5806451612903226": 1,
    "0.8235294117647058": 18,
    "0.8256880733944955": 3,
    "0.8529411764705882": 7,
    "0.6296296296296297": 2,
    "0.8395061728395061": 2,
    "0.8307692307692308": 1,
    "0.8173913043478261": 2,
    "0.8187919463087249": 1,
    "0.8299776286353467": 1,
    "0.8333333333333334": 4,
    "0.835920177383592": 1,
    "0.8351409978308026": 1,
    "0.8539325842696629": 2,
    "0.8548387096774194": 1,
    "0.8409090909090909": 2,
    "0.5812807881773399": 1,
    "0.814385150812065": 3,
    "0.8169014084507042": 1,
    "0.8421052631578947": 1,
    "0.837037037037037": 1,
    "0.8360655737704918": 1,
    "0.8037825059101655": 2,
    "0.8352941176470589": 1,
    "0.847682119205298": 1,
    "0.589041095890411": 1,
    "0.8275862068965517": 1,
    "0.5906040268456376": 1,
    "0.8077753779697624": 1,
    "0.8297872340425532": 1,
    "0.8455284552845529": 1,
    "0.8626760563380281": 1,
    "0.591304347826087": 1,
    "0.7213114754098361": 1,
    "0.7707006369426752": 1,
    "0.8132387706855791": 1,
    "0.5791962174940898": 3,
    "0.5768321513002365": 1,
    "0.8203309692671394": 1,
    "0.7612293144208038": 1,
    "0.8348623853211009": 1,
    "0.8428571428571429": 1,
    "0.6105263157894737": 1,
    "0.6114649681528662": 1,
    "0.806146572104019": 1,
    "0.8257756563245824": 1,
    "0.8205128205128205": 2,
    "0.8387096774193549": 1,
    "0.8260869565217391": 1,
    "0.8372093023255814": 1,
    "0.8527131782945736": 1,
    "0.8081534772182254": 1,
    "0.5875706214689266": 1,
    "0.8433734939759037": 3,
    "0.8132992327365729": 1,
    "0.8382352941176471": 1,
    "0.5957446808510638": 1,
    "0.6012269938650306": 1,
    "0.8210526315789474": 3,
    "0.8490566037735849": 1,
    "0.6779661016949152": 1,
    "0.8181818181818182": 2,
    "0.7925925925925926": 1,
    "0.8": 1,
    "0.8081841432225064": 1,
    "0.7924528301886793": 1,
    "0.7979539641943734": 4,
    "0.8074866310160428": 1,
    "0.8016085790884718": 1,
    "0.5894736842105263": 1,
    "0.6521739130434783": 1,
    "0.8518518518518519": 2,
    "0.6666666666666666": 1,
    "0.7904509283819628": 1,
    "0.8888888888888888": 3,
    "0.6086956521739131": 1,
    "0.8186666666666667": 1,
    "0.8165680473372781": 1,
    "0.8226600985221675": 1,
    "0.704225352112676": 1,
    "0.6": 2,
    "0.8703703703703703": 1,
    "0.8585858585858586": 1,
    "NaN": 1,
    "0.574585635359116": 1,
    "0.6022727272727273": 1,
    "0.8217054263565892": 1,
    "0.5911330049261084": 1,
    "0.6133333333333333": 1,
    "0.8634146341463415": 1,
    "0.8074534161490683": 1,
    "0.5797101449275363": 1,
    "0.8423645320197044": 1
  },
  "InvalidJSON": {
    "0": 52,
    "1": 173
  },
  "DataClumpSize_mean": {
    "0": 1,
    "3": 23,
    "4": 16,
    "5": 37,
    "6": 3,
    "7": 3,
    "8": 15,
    "9": 10,
    "11": 4,
    "12": 9,
    "14": 1,
    "15": 2,
    "25": 6,
    "4.666666666666667": 14,
    "5.4": 1,
    "3.2857142857142856": 4,
    "6.333333333333333": 14,
    "5.666666666666667": 2,
    "7.5": 7,
    "6.6": 2,
    "8.2": 4,
    "3.4": 3,
    "5.5": 4,
    "7.6": 1,
    "3.6666666666666665": 2,
    "3.5": 4,
    "3.6": 1,
    "3.3333333333333335": 5,
    "5.75": 2,
    "4.857142857142857": 1,
    "10.857142857142858": 1,
    "3.375": 3,
    "3.4285714285714284": 1,
    "5.25": 1,
    "3.8": 1,
    "6.666666666666667": 4,
    "9.5": 1,
    "3.5714285714285716": 1,
    "3.2": 1,
    "13.5": 1,
    "8.4": 1,
    "14.333333333333334": 1,
    "4.5": 4,
    "4.714285714285714": 1,
    "19.666666666666668": 1,
    "9.8": 1
  },
  "DataClumpOccurence_mean": {
    "0": 1,
    "1": 1,
    "2": 25,
    "3": 13,
    "4": 14,
    "6": 43,
    "8": 2,
    "9": 1,
    "15": 1,
    "16": 4,
    "17": 1,
    "18": 1,
    "21": 5,
    "22": 1,
    "23": 1,
    "24": 1,
    "26": 1,
    "30": 6,
    "35": 3,
    "42": 1,
    "47": 1,
    "94": 1,
    "97": 1,
    "241": 1,
    "279": 1,
    "287": 5,
    "434": 1,
    "833": 1,
    "1436": 1,
    "44.666666666666664": 1,
    "6.333333333333333": 3,
    "40.8": 2,
    "5.333333333333333": 7,
    "4.8": 2,
    "31.714285714285715": 1,
    "2.6666666666666665": 4,
    "25.333333333333332": 3,
    "15.5": 1,
    "26.4": 1,
    "13.6": 3,
    "23.333333333333332": 1,
    "17.6": 1,
    "5.2": 10,
    "22.8": 1,
    "7.5": 1,
    "36.4": 1,
    "17.714285714285715": 1,
    "34.333333333333336": 1,
    "16.8": 1,
    "8.8": 1,
    "19.5": 1,
    "7.2": 1,
    "42.5": 1,
    "6.4": 1,
    "29.2": 1,
    "121.33333333333333": 1,
    "96.66666666666667": 1,
    "20.25": 1,
    "2.3333333333333335": 1,
    "16.666666666666668": 1,
    "20.666666666666668": 1,
    "25.428571428571427": 1,
    "13.428571428571429": 1,
    "293.6666666666667": 1,
    "12.666666666666666": 2,
    "19.714285714285715": 1,
    "23.142857142857142": 2,
    "73.6": 1,
    "14.833333333333334": 1,
    "1.75": 1,
    "541.4285714285714": 1,
    "380.75": 1,
    "26.333333333333332": 1,
    "27.6": 1,
    "24.666666666666668": 1,
    "18.8": 2,
    "27.8": 1,
    "35.666666666666664": 1,
    "718.8": 1,
    "38.5": 1,
    "1.5": 2,
    "26.5": 1,
    "8.75": 1,
    "20.285714285714285": 1,
    "24.5": 1
  },
  "FieldToField_mean": {
    "0": 153,
    "1": 7,
    "0.5": 19,
    "0.3333333333333333": 21,
    "0.14285714285714285": 2,
    "0.2": 4,
    "0.4": 4,
    "0.25": 5,
    "0.16666666666666666": 5,
    "0.8": 1,
    "0.125": 3,
    "0.75": 1
  },
  "ParametersToParameters_mean": {
    "0": 14,
    "1": 131,
    "0.5": 21,
    "0.6666666666666666": 21,
    "0.8571428571428571": 4,
    "0.8333333333333334": 14,
    "0.8": 4,
    "0.6": 4,
    "0.75": 5,
    "0.2": 1,
    "0.875": 6
  },
  "DataClumpSize_count": {
    "0": 1,
    "1": 54,
    "2": 43,
    "3": 42,
    "4": 17,
    "5": 36,
    "6": 20,
    "7": 9,
    "8": 3
  },
  "DataClumpOccurence_count": {
    "0": 1,
    "1": 54,
    "2": 43,
    "3": 42,
    "4": 17,
    "5": 36,
    "6": 20,
    "7": 9,
    "8": 3
  },
  "FieldToField_count": {
    "0": 1,
    "1": 53,
    "2": 44,
    "3": 41,
    "4": 18,
    "5": 24,
    "6": 29,
    "7": 9,
    "8": 6
  },
  "ParametersToParameters_count": {
    "0": 1,
    "1": 53,
    "2": 44,
    "3": 41,
    "4": 18,
    "5": 24,
    "6": 29,
    "7": 9,
    "8": 6
  },
  "DataClumpSize_groupedCount": {
    "[object Object]": 225
  },
  "DataClumpOccurence_groupedCount": {
    "[object Object]": 225
  },
  "FieldToField_groupedCount": {
    "[object Object]": 225
  },
  "ParametersToParameters_groupedCount": {
    "[object Object]": 225
  },
  "DataClumpSize_raw": {
    "3": 18,
    "4": 4,
    "5": 17,
    "11": 3,
    "12": 6,
    "15": 1,
    "25": 5,
    "5,11": 15,
    "5,11,11": 9,
    "5,11,3,3,3,3": 9,
    "5,11,3,3,3": 11,
    "3,5,11,3,3,3": 5,
    "5,3": 4,
    "5,5,3,3,11": 1,
    "5,3,3,3,3,3,3": 2,
    "3,5": 6,
    "3,11": 2,