{
  "mean": 0.91,
  "count": 25,
  "sum": 22.71,
  "max": 1,
  "min": 0,
  "raw": [
    1,
    1,
    1,
    1,
    1,
    1,
    1,
    1,
    1,
    1,
    1,
    0.875,
    1,
    1,
    1,
    1,
    1,
    0.41666666666666663,
    0,
    1,
    0.41666666666666663,
    1,
    1,
    1,
    1
  ]
}