{
  "mean": 0.15074074074074073,
  "count": 60,
  "groupedCount": {
    "0": 44,
    "1": 6,
    "0.1": 1,
    "0.3333333333333333": 2,
    "0.5": 2,
    "0.1111111111111111": 1,
    "0.75": 1,
    "0.125": 2,
    "0.16666666666666666": 1
  },
  "raw": [
    0,
    0,
    0.1,
    0,
    0,
    0.3333333333333333,
    0.3333333333333333,
    0.5,
    0,
    0,
    0,
    0,
    0,
    0,
    0,
    0,
    0,
    0,
    0,
    0,
    0,
    0,
    1,
    1,
    0,
    0.1111111111111111,
    0,
    0,
    1,
    0,
    0,
    0,
    0,
    0.75,
    0.5,
    0,
    0,
    1,
    0.125,
    0,
    0,
    0,
    0,
    0,
    1,
    1,
    0,
    0.16666666666666666,
    0,
    0,
    0,
    0,
    0,
    0.125,
    0,
    0,
    0,
    0,
    0,
    0
  ]
}