{
  "mean": 0.72,
  "count": 119,
  "sum": 85.33,
  "max": 1,
  "min": 0,
  "raw": [
    0.6,
    0.3333333333333333,
    0.6666666666666666,
    0,
    0.3333333333333333,
    0.3333333333333333,
    0.6666666666666666,
    0,
    0.2,
    0,
    0,
    0.2,
    0.18181818181818182,
    0,
    0.2,
    0.18181818181818182,
    0,
    0.2,
    0,
    0.6,
    0.3333333333333333,
    0.2,
    0.6,
    0.3333333333333333,
    0.3333333333333333,
    0,
    0.6,
    0.18181818181818182,
    0.2,
    0.18181818181818182,
    0.3333333333333333,
    0.2,
    0.2,
    0.3333333333333333,
    0.2,
    0.2,
    0.2,
    0.18181818181818182,
    1,
    1,
    1,
    1,
    1,
    1,
    1,
    1,
    1,
    1,
    1,
    1,
    1,
    1,
    1,
    0.8,
    1,
    1,
    0.8,
    1,
    1,
    1,
    1,
    0.75,
    0.75,
    1,
    1,
    1,
    1,
    1,
    1,
    1,
    1,
    1,
    1,
    1,
    1,
    1,
    1,
    0.6666666666666666,
    1,
    1,
    0.75,
    0.75,
    1,
    1,
    1,
    1,
    1,
    0.75,
    1,
    1,
    1,
    0,
    1,
    0.75,
    1,
    0.75,
    0.75,
    0.75,
    1,
    1,
    1,
    0.8,
    1,
    1,
    1,
    1,
    1,
    1,
    0.75,
    1,
    1,
    1,
    1,
    1,
    1,
    1,
    0.75,
    0.75,
    0.75
  ]
}