{
  "mean": 8.837996031746032,
  "count": 12,
  "groupedCount": {
    "3": 2,
    "4": 1,
    "12": 1,
    "15": 2,
    "25": 1,
    "3.6666666666666665": 1,
    "3.375": 1,
    "7.5": 1,
    "4.714285714285714": 1,
    "9.8": 1
  },
  "raw": [
    15,
    3.6666666666666665,
    12,
    3.375,
    15,
    3,
    7.5,
    3,
    25,
    4,
    4.714285714285714,
    9.8
  ]
}