{
  "mean": 0.76,
  "count": 12,
  "sum": null,
  "max": 0.85,
  "min": 0.59,
  "raw": [
    null,
    0.8235294117647058,
    0.8235294117647058,
    null,
    0.8,
    0.8148148148148148,
    0.5925925925925926,
    0.8148148148148148,
    0.5925925925925926,
    0.8518518518518519,
    null,
    null
  ]
}