{
  "mean": 1.38,
  "count": 60,
  "sum": 82.56,
  "max": 4.38,
  "min": 0.05,
  "raw": [
    3.62482,
    0.97119,
    2.8229800000000003,
    4.3751999999999995,
    0.20503,
    0.2215,
    0.49693,
    3.2580500000000003,
    0.18349000000000001,
    0.18847,
    0.85999,
    2.01154,
    1.5332100000000002,
    3.2957099999999997,
    1.9262200000000003,
    1.91955,
    1.9122499999999998,
    2.16291,
    3.5169000000000006,
    1.84314,
    2.44248,
    2.20426,
    1.21922,
    1.04972,
    0.6401,
    1.01773,
    0.6913,
    1.1173600000000001,
    2.3990400000000003,
    0.69894,
    1.8716599999999999,
    0.76615,
    0.78915,
    0.059140000000000005,
    1.83156,
    0.7896799999999999,
    2.09651,
    1.7659600000000002,
    0.37617,
    0.85809,
    0.04757000000000001,
    1.13116,
    1.51873,
    1.11654,
    0.64353,
    1.1469399999999998,
    2.2849,
    0.04757000000000001,
    0.04757000000000001,
    1.36049,
    2.16041,
    0.05129,
    0.74314,
    0.05129,
    1.6592799999999999,
    1.1681300000000001,
    1.17886,
    2.98321,
    1.15823,
    0.05129
  ]
}