{
  "PositionOnGroundTruthMetric": 19.64,
  "DataClumpSizeMetric": 14.186666666666667,
  "DataClumpSizeOccurence": 36.24,
  "FieldsToFieldsMetric": 0.8,
  "ParametersToParametersMetric": 0.2,
  "InvalidJSON": 1,
  "reason=size": 0.5733333333333334,
  "reason=occurrence": 0.02666666666666667,
  "reason=affected_files": 0.02666666666666667,
  "reason=domain": 0.37333333333333335,
  "reason=other": 0
}