{
  "PositionOnGroundTruthMetric": 8.892857142857142,
  "DataClumpSizeMetric": 8.035714285714286,
  "DataClumpSizeOccurence": 264.1666666666667,
  "FieldsToFieldsMetric": 0.35714285714285715,
  "ParametersToParametersMetric": 0.6428571428571429,
  "InvalidJSON": 1,
  "reason=size": 0.10714285714285714,
  "reason=occurrence": 0.6904761904761905,
  "reason=affected_files": 0.09523809523809523,
  "reason=domain": 0.10714285714285714,
  "reason=other": 0
}