{
  "PositionOnGroundTruthMetric": 8.688931297709924,
  "DataClumpSizeMetric": 9.908396946564885,
  "DataClumpSizeOccurence": 195.23473282442748,
  "FieldsToFieldsMetric": 0.4732824427480916,
  "ParametersToParametersMetric": 0.5209923664122137,
  "InvalidJSON": 0.9942748091603053,
  "reason=size": 0.11068702290076336,
  "reason=occurrence": 0.6908396946564885,
  "reason=affected_files": 0.07442748091603053,
  "reason=domain": 0.11641221374045801,
  "reason=other": 0
}