{
  "PositionOnGroundTruthMetric": 10.931034482758621,
  "DataClumpSizeMetric": 14.931034482758621,
  "DataClumpSizeOccurence": 154.86206896551724,
  "FieldsToFieldsMetric": 0.8275862068965517,
  "ParametersToParametersMetric": 0.06896551724137931,
  "InvalidJSON": 0.896551724137931,
  "reason=size": 0.1724137931034483,
  "reason=occurrence": 0.06896551724137931,
  "reason=affected_files": 0.034482758620689655,
  "reason=domain": 0.6206896551724138,
  "reason=other": 0
}