{
  "PositionOnGroundTruthMetric": 7.942857142857143,
  "DataClumpSizeMetric": 13.076190476190476,
  "DataClumpSizeOccurence": 122.8952380952381,
  "FieldsToFieldsMetric": 0.7047619047619048,
  "ParametersToParametersMetric": 0.29523809523809524,
  "InvalidJSON": 1,
  "reason=size": 0.11428571428571428,
  "reason=occurrence": 0.7047619047619048,
  "reason=affected_files": 0.09523809523809523,
  "reason=domain": 0.08571428571428572,
  "reason=other": 0
}