{
  "mean": 0.02,
  "count": 30,
  "sum": 0.53,
  "max": 0.1,
  "min": 0,
  "raw": [
    0,
    0,
    0,
    0.05172413793103448,
    0.020833333333333332,
    0.0136986301369863,
    0,
    0.012987012987012988,
    0.0136986301369863,
    0.05333333333333334,
    0.030303030303030304,
    0.10483870967741936,
    0,
    0,
    0,
    0.05,
    0,
    0,
    0,
    0,
    0.014705882352941176,
    0,
    0.09090909090909091,
    0,
    0.07575757575757576,
    null,
    0,
    0,
    0,
    0
  ]
}