{
  "mean": 0.93,
  "count": 30,
  "sum": 28,
  "max": 1,
  "min": 0,
  "raw": [
    1,
    1,
    1,
    1,
    1,
    1,
    0.33333333333333337,
    1,
    1,
    1,
    1,
    1,
    1,
    0.6666666666666667,
    1,
    1,
    1,
    1,
    1,
    1,
    1,
    1,
    1,
    1,
    1,
    0,
    1,
    1,
    1,
    1
  ]
}