{
  "instanceType": "refactor",
  "instructionType": "exampleBased",
  "temperature": 0.5,
  "inputFormat": "instructionSnippet",
  "margin": 10,
  "model": "gpt-4-1106-preview",
  "iteration": 6,
  "projectName": "rocketmq_refactor",
  "metrics": {
    "ValidPrograms": 0,
    "RemainingAttemptCount": 0,
    "RemovedDataClumps": null,
    "GitChanges": 138,
    "CommentOut": 0.9473684210526316,
    "ValidJSON": 0.8333333333333334,
    "EmptyResponse": 1,
    "ResponseSizeDecrease": 0.4334599470935359,
    "RichClass": null,
    "HarmlessErrorCategory": 0.3333333333333333,
    "DataClumpSize": [
      25,
      5,
      4,
      3,
      3,
      3,
      3,
      3,
      3,
      7,
      3,
      4
    ],
    "DataClumpOccurence": [
      2,
      8,
      4,
      126,
      608,
      608,
      608,
      608,
      608,
      2,
      16,
      8
    ],
    "ParametersToParameters": [
      0,
      1,
      1,
      1,
      1,
      1,
      1,
      0,
      1,
      1,
      1,
      1
    ],
    "FieldToField": [
      1,
      0,
      0,
      0,
      0,
      0,
      0,
      0,
      0,
      0,
      0,
      0
    ],
    "PreferNonPublic": [
      0,
      0,
      0,
      0,
      0,
      0,
      1,
      0,
      0,
      0,
      0,
      0
    ],
    "PrimitiveTypes": [
      1,
      1,
      1,
      1,
      1,
      1,
      1,
      1,
      1,
      0.8571428571428571,
      1,
      1
    ],
    "AffectedFiles": [
      2,
      1,
      2,
      2,
      32,
      32,
      32,
      32,
      32,
      1,
      1,
      1
    ],
    "ChangeType=None": 0.3333333333333333,
    "ChangeType=ReplaceText": 0.05555555555555555,
    "ChangeType=SpecificLine": 0.6111111111111112,
    "ChangeType=SpecificLineAll": 0,
    "ChangeType=NoneButReplace": 0
  }
}