{
  "Surety": 2.672222222222222,
  "OutputFormatCorrectness": 0.765788228484592,
  "InvalidJSON": 0.6666666666666666,
  "DataClumpSize_mean": 5.882962962962964,
  "DataClumpOccurence_mean": 10.163703703703703,
  "FieldToField_mean": 0.13999999999999999,
  "ParametersToParameters_mean": 0.8340740740740741,
  "DataClumpSize_count": 3.3777777777777778,
  "DataClumpOccurence_count": 3.3777777777777778,
  "FieldToField_count": 3.5555555555555554,
  "ParametersToParameters_count": 3.5555555555555554,
  "DataClumpSize_groupedCount": {
    "5": 1.0256410256410255,
    "11": 1.28125
  },
  "DataClumpOccurence_groupedCount": {
    "0": 1.1875,
    "6": 2.111111111111111
  },
  "FieldToField_groupedCount": {
    "0": 3.088888888888889,
    "1": 1.1666666666666667
  },
  "ParametersToParameters_groupedCount": {
    "0": 1.12,
    "1": 2.933333333333333
  },
  "DataClumpSize_raw": {
    "0": 4.733333333333333,
    "1": 8.705882352941176
  },
  "DataClumpOccurence_raw": {
    "0": 6,
    "1": 6.882352941176471
  },
  "FieldToField_raw": {
    "0": 0,
    "1": 0.29411764705882354
  },
  "ParametersToParameters_raw": {
    "0": 1,
    "1": 0.7058823529411765
  }
}