{
  "mean": {
    "0": 4.733333333333333,
    "1": 8.705882352941176
  },
  "count": 45,
  "groupedCount": {
    "3": 2,
    "5": 7,
    "11": 2,
    "5,11": 6,
    "5,11,3,3,3": 7,
    "3,5,11,3,3": 4,
    "5,11,3,3,3,3": 1,
    "5,11,3,3,3,11": 1,
    "3,5,11,3,3,11": 1,
    "5,11,11,11,3": 1,
    "5,11,3": 2,
    "5,11,11,3": 2,
    "3,5,11,3,11": 1,
    "5,3,3,3": 1,
    "5,3,3,3,4": 1,
    "3,5,11": 1,
    "3,11,11,11": 1,
    "3,5,11,3,3,3": 1,
    "3,3": 1,
    "5,11,3,3": 1,
    "5,5,3,3": 1
  },
  "raw": [
    [
      5,
      11
    ],
    [
      5,
      11,
      3,
      3,
      3
    ],
    [
      5,
      11
    ],
    [
      5,
      11
    ],
    [
      5,
      11
    ],
    [
      5,
      11,
      3,
      3,
      3
    ],
    [
      5,
      11,
      3,
      3,
      3
    ],
    [
      5
    ],
    [
      5
    ],
    [
      3,
      5,
      11,
      3,
      3
    ],
    [
      3,
      5,
      11,
      3,
      3
    ],
    [
      5,
      11,
      3,
      3,
      3,
      3
    ],
    [
      5,
      11,
      3,
      3,
      3,
      11
    ],
    [
      3,
      5,
      11,
      3,
      3
    ],
    [
      5,
      11,
      3,
      3,
      3
    ],
    [
      3,
      5,
      11,
      3,
      3,
      11
    ],
    [
      5,
      11,
      11,
      11,
      3
    ],
    [
      5,
      11,
      3
    ],
    [
      5,
      11,
      11,
      3
    ],
    [
      5,
      11,
      3,
      3,
      3
    ],
    [
      3,
      5,
      11,
      3,
      11
    ],
    [
      5,
      3,
      3,
      3
    ],
    [
      5,
      3,
      3,
      3,
      4
    ],
    [
      5,
      11
    ],
    [
      3
    ],
    [
      3,
      5,
      11
    ],
    [
      5
    ],
    [
      3
    ],
    [
      5
    ],
    [
      5
    ],
    [
      5,
      11
    ],
    [
      5,
      11,
      3
    ],
    [
      5,
      11,
      11,
      3
    ],
    [
      3,
      11,
      11,
      11
    ],
    [
      3,
      5,
      11,
      3,
      3,
      3
    ],
    [
      5,
      11,
      3,
      3,
      3
    ],
    [
      11
    ],
    [
      11
    ],
    [
      3,
      5,
      11,
      3,
      3
    ],
    [
      5
    ],
    [
      3,
      3
    ],
    [
      5
    ],
    [
      5,
      11,
      3,
      3
    ],
    [
      5,
      5,
      3,
      3
    ],
    [
      5,
      11,
      3,
      3,
      3
    ]
  ]
}