{
  "mean": 0.13999999999999999,
  "count": 45,
  "groupedCount": {
    "0": 27,
    "0.5": 7,
    "0.16666666666666666": 3,
    "0.4": 1,
    "0.3333333333333333": 3,
    "0.2": 2,
    "0.25": 2
  },
  "raw": [
    0.5,
    0,
    0.5,
    0.5,
    0.5,
    0,
    0,
    0,
    0,
    0.16666666666666666,
    0,
    0,
    0,
    0,
    0,
    0.16666666666666666,
    0.4,
    0.3333333333333333,
    0.5,
    0.16666666666666666,
    0.2,
    0,
    0,
    0,
    0,
    0.3333333333333333,
    0,
    0,
    0,
    0,
    0.5,
    0.3333333333333333,
    0.25,
    0.5,
    0,
    0,
    0,
    0,
    0,
    0,
    0,
    0,
    0.25,
    0,
    0.2
  ]
}