{
  "ValidJSON": [
    1,
    1,
    1,
    1,
    1,
    1,
    1,
    1,
    1,
    1,
    1,
    1,
    1,
    1,
    1,
    1,
    1,
    1,
    1,
    1,
    1,
    1,
    1,
    1,
    1,
    1,
    1,
    1,
    1,
    1
  ],
  "Surety": [
    1,
    1,
    1,
    1,
    1,
    1,
    1,
    1,
    1,
    1,
    1,
    1,
    1,
    1,
    1,
    1,
    1,
    1,
    1,
    1,
    1,
    1,
    1,
    1,
    1,
    1,
    1,
    1,
    1,
    1
  ],
  "reason=size": [
    1,
    1,
    1,
    1,
    1,
    1,
    1,
    1,
    1,
    0,
    0,
    0,
    0,
    0,
    0,
    0,
    0,
    0,
    1,
    0,
    1,
    1,
    1,
    1,
    1,
    1,
    1,
    0,
    1,
    1
  ],
  "reason=occurrence": [
    0,
    0,
    0,
    0,
    0,
    0,
    0,
    0,
    0,
    0,
    0,
    1,
    0,
    0,
    0,
    0,
    0,
    1,
    0,
    1,
    0,
    0,
    0,
    0,
    0,
    0,
    0,
    0,
    0,
    0
  ],
  "reason=affected_files": [
    0,
    0,
    0,
    0,
    0,
    0,
    0,
    0,
    0,
    0,
    1,
    0,
    0,
    1,
    1,
    0,
    0,
    0,
    0,
    0,
    0,
    0,
    0,
    0,
    0,
    0,
    0,
    1,
    0,
    0
  ],
  "reason=domain": [
    0,
    0,
    0,
    0,
    0,
    0,
    0,
    0,
    0,
    1,
    0,
    0,
    1,
    0,
    0,
    1,
    1,
    0,
    0,
    0,
    0,
    0,
    0,
    0,
    0,
    0,
    0,
    0,
    0,
    0
  ],
  "reason=other": [
    0,
    0,
    0,
    0,
    0,
    0,
    0,
    0,
    0,
    0,
    0,
    0,
    0,
    0,
    0,
    0,
    0,
    0,
    0,
    0,
    0,
    0,
    0,
    0,
    0,
    0,
    0,
    0,
    0,
    0
  ],
  "PositionOnGroundTruthMetric_mean": [
    4,
    4,
    4,
    4,
    4,
    4,
    4,
    4,
    4,
    4,
    4.666666666666667,
    1.6666666666666667,
    4.666666666666667,
    4.666666666666667,
    4.666666666666667,
    4.666666666666667,
    4.666666666666667,
    1.6666666666666667,
    4.666666666666667,
    1.6666666666666667,
    3.3333333333333335,
    3.3333333333333335,
    3.3333333333333335,
    3.3333333333333335,
    3.3333333333333335,
    3.3333333333333335,
    3.3333333333333335,
    4.333333333333333,
    3.3333333333333335,
    3.3333333333333335
  ],
  "PositionOnGroundTruthMetric_count": [
    3,
    3,
    3,
    3,
    3,
    3,
    3,
    3,
    3,
    3,
    3,
    3,
    3,
    3,
    3,
    3,
    3,
    3,
    3,
    3,
    3,
    3,
    3,
    3,
    3,
    3,
    3,
    3,
    3,
    3
  ],
  "PositionOnGroundTruthMetric_sum": [
    12,
    12,
    12,
    12,
    12,
    12,
    12,
    12,
    12,
    12,
    14,
    5,
    14,
    14,
    14,
    14,
    14,
    5,
    14,
    5,
    10,
    10,
    10,
    10,
    10,
    10,
    10,
    13,
    10,
    10
  ],
  "PositionOnGroundTruthMetric_max": [
    9,
    9,
    9,
    9,
    9,
    9,
    9,
    9,
    9,
    9,
    6,
    5,
    6,
    6,
    6,
    6,
    6,
    5,
    6,
    5,
    5,
    5,
    5,
    5,
    5,
    5,
    5,
    6,
    5,
    5
  ],
  "PositionOnGroundTruthMetric_min": [
    0,
    0,
    0,
    0,
    0,
    0,
    0,
    0,
    0,
    0,
    2,
    0,
    2,
    2,
    2,
    2,
    2,
    0,
    2,
    0,
    0,
    0,
    0,
    0,
    0,
    0,
    0,
    1,
    0,
    0
  ],
  "PositionOnGroundTruthMetric_raw": [
    0,
    9,
    3,
    0,
    9,
    3,
    0,
    9,
    3,
    0,
    9,
    3,
    0,
    9,
    3,
    0,
    9,
    3,
    0,
    9,
    3,
    0,
    9,
    3,
    0,
    9,
    3,
    0,
    9,
    3,
    2,
    6,
    6,
    5,
    0,
    0,
    2,
    6,
    6,
    2,
    6,
    6,
    2,
    6,
    6,
    2,
    6,
    6,
    2,
    6,
    6,
    5,
    0,
    0,
    2,
    6,
    6,
    5,
    0,
    0,
    0,
    5,
    5,
    0,
    5,
    5,
    0,
    5,
    5,
    0,
    5,
    5,
    0,
    5,
    5,
    0,
    5,
    5,
    0,
    5,
    5,
    1,
    6,
    6,
    0,
    5,
    5,
    0,
    5,
    5
  ],
  "DataClumpSize": [
    11,
    11,
    11,
    4,
    11,
    11,
    4,
    4,
    11,
    11,
    100,
    100,
    100,
    100,
    100,
    100,
    100,
    100,
    100,
    100,
    15,
    15,
    25,
    15,
    25,
    25,
    25,
    15,
    25,
    25
  ],
  "DataClumpOccurence": [
    6,
    6,
    6,
    434,
    6,
    6,
    434,
    434,
    6,
    6,
    2,
    2,
    2,
    2,
    2,
    2,
    2,
    2,
    2,
    2,
    2,
    2,
    2,
    2,
    2,
    2,
    2,
    2,
    2,
    2
  ],
  "ParametersToParameters": [
    0,
    0,
    0,
    1,
    0,
    0,
    1,
    1,
    0,
    1,
    0,
    0,
    0,
    0,
    0,
    0,
    0,
    0,
    0,
    0,
    0,
    0,
    0,
    0,
    0,
    0,
    0,
    0,
    0,
    0
  ],
  "FieldToField": [
    1,
    1,
    1,
    0,
    1,
    1,
    0,
    0,
    1,
    0,
    1,
    1,
    1,
    1,
    1,
    1,
    1,
    1,
    1,
    1,
    1,
    1,
    1,
    1,
    1,
    1,
    1,
    1,
    1,
    1
  ],
  "PreferNonPublic": [
    1,
    1,
    1,
    1,
    1,
    1,
    1,
    1,
    1,
    0,
    0,
    0,
    0,
    0,
    0,
    0,
    0,
    0,
    0,
    0,
    1,
    1,
    0,
    1,
    0,
    0,
    0,
    1,
    0,
    0
  ],
  "PrimitiveTypes": [
    0,
    0,
    0,
    1,
    0,
    0,
    1,
    1,
    0,
    0.18181818181818182,
    0.97,
    0.97,
    0.97,
    0.97,
    0.97,
    0.97,
    0.97,
    0.97,
    0.97,
    0.97,
    1,
    1,
    1,
    1,
    1,
    1,
    1,
    1,
    1,
    1
  ],
  "AffectedFiles": [
    3,
    3,
    3,
    41,
    3,
    3,
    41,
    41,
    3,
    3,
    2,
    2,
    2,
    2,
    2,
    2,
    2,
    2,
    2,
    2,
    2,
    2,
    2,
    2,
    2,
    2,
    2,
    2,
    2,
    2
  ]
}