{
  "DataClumpSizeMetric": [
    11,
    11,
    11,
    11,
    11,
    4,
    4,
    4,
    11,
    4,
    11,
    11,
    11,
    11,
    11,
    16,
    16,
    16,
    15,
    25,
    null,
    15,
    3,
    25
  ],
  "DataClumpOccurence": [
    0,
    0,
    0,
    0,
    0,
    434,
    12,
    434,
    2,
    434,
    0,
    0,
    0,
    0,
    0,
    2,
    2,
    2,
    2,
    2,
    null,
    2,
    833,
    2
  ],
  "FieldsToFieldsMetric": [
    1,
    1,
    1,
    1,
    1,
    0,
    0,
    0,
    0,
    0,
    1,
    1,
    1,
    1,
    1,
    1,
    1,
    1,
    1,
    1,
    null,
    1,
    0,
    1
  ],
  "ParametersToParametersMetric": [
    0,
    0,
    0,
    0,
    0,
    1,
    1,
    1,
    1,
    1,
    0,
    0,
    0,
    0,
    0,
    0,
    0,
    0,
    0,
    0,
    null,
    0,
    1,
    0
  ],
  "ValidJSON": [
    1,
    1,
    1,
    1,
    1,
    1,
    1,
    1,
    1,
    1,
    1,
    1,
    1,
    1,
    1,
    1,
    1,
    1,
    1,
    1,
    0,
    1,
    1,
    1
  ],
  "Surety": [
    1,
    1,
    1,
    1,
    1,
    1,
    1,
    1,
    1,
    1,
    1,
    1,
    1,
    1,
    1,
    1,
    1,
    1,
    1,
    1,
    null,
    1,
    1,
    1
  ],
  "reason=size": [
    0,
    0,
    0,
    0,
    0,
    0,
    1,
    0,
    1,
    0,
    1,
    0,
    0,
    0,
    0,
    0,
    0,
    0,
    0,
    0,
    0,
    0,
    1,
    0
  ],
  "reason=occurrence": [
    0,
    0,
    0,
    0,
    0,
    0,
    0,
    0,
    0,
    0,
    0,
    0,
    0,
    0,
    0,
    0,
    0,
    0,
    0,
    0,
    0,
    0,
    0,
    1
  ],
  "reason=affected_files": [
    0,
    0,
    0,
    0,
    0,
    1,
    0,
    1,
    0,
    1,
    0,
    0,
    1,
    0,
    0,
    0,
    0,
    0,
    0,
    0,
    0,
    0,
    0,
    0
  ],
  "reason=domain": [
    1,
    1,
    1,
    1,
    1,
    0,
    0,
    0,
    0,
    0,
    0,
    1,
    0,
    1,
    1,
    1,
    1,
    1,
    1,
    1,
    0,
    1,
    0,
    0
  ],
  "reason=other": [
    0,
    0,
    0,
    0,
    0,
    0,
    0,
    0,
    0,
    0,
    0,
    0,
    0,
    0,
    0,
    0,
    0,
    0,
    0,
    0,
    0,
    0,
    0,
    0
  ],
  "PositionOnGroundTruthMetric_mean": [
    8.666666666666666,
    8.666666666666666,
    8.666666666666666,
    8.666666666666666,
    8.666666666666666,
    2,
    9,
    2,
    7,
    2,
    8.666666666666666,
    8.666666666666666,
    8.666666666666666,
    8.666666666666666,
    8.666666666666666,
    4.333333333333333,
    4.333333333333333,
    4.333333333333333,
    5.333333333333333,
    3.3333333333333335,
    null,
    5.333333333333333,
    3.3333333333333335,
    3.3333333333333335
  ],
  "PositionOnGroundTruthMetric_count": [
    3,
    3,
    3,
    3,
    3,
    3,
    3,
    3,
    3,
    3,
    3,
    3,
    3,
    3,
    3,
    3,
    3,
    3,
    3,
    3,
    null,
    3,
    3,
    3
  ],
  "PositionOnGroundTruthMetric_sum": [
    26,
    26,
    26,
    26,
    26,
    6,
    27,
    6,
    21,
    6,
    26,
    26,
    26,
    26,
    26,
    13,
    13,
    13,
    16,
    10,
    null,
    16,
    10,
    10
  ],
  "PositionOnGroundTruthMetric_max": [
    13,
    13,
    13,
    13,
    13,
    6,
    12,
    6,
    11,
    6,
    13,
    13,
    13,
    13,
    13,
    6,
    6,
    6,
    7,
    5,
    null,
    7,
    6,
    5
  ],
  "PositionOnGroundTruthMetric_min": [
    0,
    0,
    0,
    0,
    0,
    0,
    7,
    0,
    1,
    0,
    0,
    0,
    0,
    0,
    0,
    1,
    1,
    1,
    2,
    0,
    null,
    2,
    2,
    0
  ],
  "PositionOnGroundTruthMetric_raw": [
    [
      0,
      13,
      13
    ],
    [
      0,
      13,
      13
    ],
    [
      0,
      13,
      13
    ],
    [
      0,
      13,
      13
    ],
    [
      0,
      13,
      13
    ],
    [
      6,
      0,
      0
    ],
    [
      8,
      7,
      12
    ],
    [
      6,
      0,
      0
    ],
    [
      1,
      11,
      9
    ],
    [
      6,
      0,
      0
    ],
    [
      0,
      13,
      13
    ],
    [
      0,
      13,
      13
    ],
    [
      0,
      13,
      13
    ],
    [
      0,
      13,
      13
    ],
    [
      0,
      13,
      13
    ],
    [
      1,
      6,
      6
    ],
    [
      1,
      6,
      6
    ],
    [
      1,
      6,
      6
    ],
    [
      2,
      7,
      7
    ],
    [
      0,
      5,
      5
    ],
    null,
    [
      2,
      7,
      7
    ],
    [
      6,
      2,
      2
    ],
    [
      0,
      5,
      5
    ]
  ]
}