{
  "ValidJSON": [
    0,
    1,
    1,
    1,
    1,
    1,
    1,
    1,
    1,
    0,
    1,
    1,
    1,
    1,
    1,
    1,
    1,
    1,
    1,
    1,
    1,
    1,
    1,
    1,
    1,
    1,
    1,
    1,
    1,
    1
  ],
  "Surety": [
    null,
    1,
    1,
    1,
    1,
    1,
    1,
    1,
    1,
    null,
    1,
    1,
    1,
    1,
    1,
    1,
    1,
    1,
    1,
    1,
    1,
    1,
    1,
    1,
    1,
    1,
    1,
    1,
    1,
    1
  ],
  "reason=size": [
    0,
    0,
    1,
    1,
    0,
    0,
    1,
    0,
    0,
    1,
    1,
    1,
    0,
    0,
    0,
    1,
    0,
    0,
    1,
    1,
    1,
    1,
    1,
    0,
    0,
    0,
    0,
    1,
    0,
    0
  ],
  "reason=occurrence": [
    0,
    0,
    0,
    0,
    0,
    0,
    0,
    1,
    1,
    0,
    0,
    0,
    0,
    0,
    0,
    0,
    0,
    0,
    0,
    0,
    0,
    0,
    0,
    1,
    1,
    0,
    1,
    0,
    0,
    1
  ],
  "reason=affected_files": [
    0,
    0,
    0,
    0,
    0,
    0,
    0,
    0,
    0,
    0,
    0,
    0,
    0,
    0,
    0,
    0,
    0,
    0,
    0,
    0,
    0,
    0,
    0,
    0,
    0,
    0,
    0,
    0,
    0,
    0
  ],
  "reason=domain": [
    0,
    1,
    0,
    0,
    1,
    1,
    0,
    0,
    0,
    0,
    0,
    0,
    1,
    1,
    1,
    0,
    1,
    1,
    0,
    0,
    0,
    0,
    0,
    0,
    0,
    1,
    0,
    0,
    1,
    0
  ],
  "reason=other": [
    0,
    0,
    0,
    0,
    0,
    0,
    0,
    0,
    0,
    0,
    0,
    0,
    0,
    0,
    0,
    0,
    0,
    0,
    0,
    0,
    0,
    0,
    0,
    0,
    0,
    0,
    0,
    0,
    0,
    0
  ],
  "PositionOnGroundTruthMetric_mean": [
    null,
    5.333333333333333,
    3.3333333333333335,
    3.3333333333333335,
    5.333333333333333,
    5.333333333333333,
    3.3333333333333335,
    5.333333333333333,
    5.333333333333333,
    null,
    3.3333333333333335,
    5.333333333333333,
    4.333333333333333,
    1.3333333333333333,
    5.333333333333333,
    3.3333333333333335,
    5.333333333333333,
    5.333333333333333,
    4.333333333333333,
    3.3333333333333335,
    4.333333333333333,
    4.333333333333333,
    3.3333333333333335,
    5.333333333333333,
    3.3333333333333335,
    3.3333333333333335,
    5.333333333333333,
    4.333333333333333,
    3.3333333333333335,
    2.3333333333333335
  ],
  "PositionOnGroundTruthMetric_count": [
    null,
    3,
    3,
    3,
    3,
    3,
    3,
    3,
    3,
    null,
    3,
    3,
    3,
    3,
    3,
    3,
    3,
    3,
    3,
    3,
    3,
    3,
    3,
    3,
    3,
    3,
    3,
    3,
    3,
    3
  ],
  "PositionOnGroundTruthMetric_sum": [
    null,
    16,
    10,
    10,
    16,
    16,
    10,
    16,
    16,
    null,
    10,
    16,
    13,
    4,
    16,
    10,
    16,
    16,
    13,
    10,
    13,
    13,
    10,
    16,
    10,
    10,
    16,
    13,
    10,
    7
  ],
  "PositionOnGroundTruthMetric_max": [
    null,
    7,
    5,
    5,
    7,
    7,
    5,
    7,
    7,
    null,
    5,
    7,
    6,
    4,
    7,
    5,
    7,
    7,
    6,
    5,
    7,
    6,
    5,
    7,
    5,
    5,
    7,
    6,
    5,
    5
  ],
  "PositionOnGroundTruthMetric_min": [
    null,
    2,
    0,
    0,
    2,
    2,
    0,
    2,
    2,
    null,
    0,
    2,
    1,
    0,
    2,
    0,
    2,
    2,
    1,
    0,
    3,
    1,
    0,
    2,
    0,
    0,
    2,
    1,
    0,
    1
  ],
  "PositionOnGroundTruthMetric_raw": [
    null,
    2,
    7,
    7,
    0,
    5,
    5,
    0,
    5,
    5,
    2,
    7,
    7,
    2,
    7,
    7,
    0,
    5,
    5,
    2,
    7,
    7,
    2,
    7,
    7,
    null,
    0,
    5,
    5,
    2,
    7,
    7,
    1,
    6,
    6,
    4,
    0,
    0,
    2,
    7,
    7,
    0,
    5,
    5,
    2,
    7,
    7,
    2,
    7,
    7,
    1,
    6,
    6,
    0,
    5,
    5,
    7,
    3,
    3,
    1,
    6,
    6,
    0,
    5,
    5,
    2,
    7,
    7,
    0,
    5,
    5,
    0,
    5,
    5,
    2,
    7,
    7,
    1,
    6,
    6,
    0,
    5,
    5,
    5,
    1,
    1
  ],
  "DataClumpSize": [
    15,
    16,
    25,
    15,
    15,
    25,
    15,
    15,
    25,
    15,
    16,
    3,
    15,
    16,
    15,
    15,
    16,
    25,
    3,
    16,
    25,
    15,
    25,
    25,
    15,
    16,
    25,
    3
  ],
  "DataClumpOccurence": [
    2,
    2,
    2,
    2,
    2,
    2,
    2,
    2,
    2,
    2,
    2,
    3558,
    2,
    2,
    2,
    2,
    2,
    2,
    54,
    2,
    2,
    2,
    2,
    2,
    2,
    2,
    2,
    1436
  ],
  "ParametersToParameters": [
    0,
    0,
    0,
    0,
    0,
    0,
    0,
    0,
    0,
    0,
    0,
    1,
    0,
    0,
    0,
    0,
    0,
    0,
    0,
    0,
    0,
    0,
    0,
    0,
    0,
    0,
    0,
    1
  ],
  "FieldToField": [
    1,
    1,
    1,
    1,
    1,
    1,
    1,
    1,
    1,
    1,
    1,
    0,
    1,
    1,
    1,
    1,
    1,
    1,
    1,
    1,
    1,
    1,
    1,
    1,
    1,
    1,
    1,
    0
  ],
  "PreferNonPublic": [
    1,
    1,
    0,
    1,
    1,
    0,
    1,
    1,
    0,
    1,
    1,
    0,
    1,
    1,
    1,
    1,
    1,
    0,
    0,
    1,
    0,
    1,
    0,
    0,
    1,
    1,
    0,
    0
  ],
  "PrimitiveTypes": [
    1,
    0.4375,
    1,
    1,
    1,
    1,
    1,
    1,
    1,
    1,
    0.4375,
    1,
    1,
    0.4375,
    1,
    1,
    0.4375,
    1,
    1,
    0.4375,
    1,
    1,
    1,
    1,
    1,
    0.4375,
    1,
    0.6666666666666666
  ],
  "AffectedFiles": [
    2,
    2,
    2,
    2,
    2,
    2,
    2,
    2,
    2,
    2,
    2,
    32,
    2,
    2,
    2,
    2,
    2,
    2,
    8,
    2,
    2,
    2,
    2,
    2,
    2,
    2,
    2,
    29
  ]
}