{
  "ValidJSON": [
    1,
    1,
    1,
    1,
    1,
    1,
    1,
    1,
    1,
    1,
    1,
    1,
    1,
    1,
    1,
    1,
    1,
    1,
    1,
    1,
    1,
    1,
    1,
    1,
    1
  ],
  "Surety": [
    1,
    1,
    1,
    1,
    1,
    1,
    1,
    1,
    1,
    1,
    1,
    1,
    1,
    1,
    1,
    1,
    1,
    1,
    1,
    1,
    1,
    1,
    1,
    1,
    1
  ],
  "reason=size": [
    1,
    0,
    0,
    0,
    0,
    0,
    0,
    1,
    0,
    0,
    0,
    0,
    0,
    1,
    0,
    0,
    0,
    1,
    0,
    0,
    0,
    1,
    0,
    0,
    1
  ],
  "reason=occurrence": [
    0,
    0,
    0,
    0,
    0,
    0,
    1,
    0,
    0,
    0,
    0,
    0,
    0,
    0,
    1,
    1,
    0,
    0,
    0,
    0,
    0,
    0,
    0,
    0,
    0
  ],
  "reason=affected_files": [
    0,
    1,
    1,
    1,
    1,
    0,
    0,
    0,
    1,
    1,
    1,
    1,
    1,
    0,
    0,
    0,
    0,
    0,
    0,
    0,
    0,
    0,
    0,
    0,
    0
  ],
  "reason=domain": [
    0,
    0,
    0,
    0,
    0,
    1,
    0,
    0,
    0,
    0,
    0,
    0,
    0,
    0,
    0,
    0,
    1,
    0,
    1,
    1,
    1,
    0,
    1,
    1,
    0
  ],
  "reason=other": [
    0,
    0,
    0,
    0,
    0,
    0,
    0,
    0,
    0,
    0,
    0,
    0,
    0,
    0,
    0,
    0,
    0,
    0,
    0,
    0,
    0,
    0,
    0,
    0,
    0
  ],
  "PositionOnGroundTruthMetric_mean": [
    4,
    4,
    4,
    4,
    4,
    2,
    2,
    2,
    2,
    2,
    2,
    2,
    4,
    4,
    4,
    3.3333333333333335,
    1.3333333333333333,
    3.3333333333333335,
    4.333333333333333,
    3.3333333333333335,
    5.333333333333333,
    3.3333333333333335,
    4.333333333333333,
    3.3333333333333335,
    4.333333333333333
  ],
  "PositionOnGroundTruthMetric_count": [
    3,
    3,
    3,
    3,
    3,
    3,
    3,
    3,
    3,
    3,
    3,
    3,
    3,
    3,
    3,
    3,
    3,
    3,
    3,
    3,
    3,
    3,
    3,
    3,
    3
  ],
  "PositionOnGroundTruthMetric_sum": [
    12,
    12,
    12,
    12,
    12,
    6,
    6,
    6,
    6,
    6,
    6,
    6,
    12,
    12,
    12,
    10,
    4,
    10,
    13,
    10,
    16,
    10,
    13,
    10,
    13
  ],
  "PositionOnGroundTruthMetric_max": [
    9,
    9,
    9,
    9,
    9,
    6,
    6,
    6,
    6,
    6,
    6,
    6,
    9,
    9,
    9,
    5,
    4,
    5,
    6,
    5,
    7,
    5,
    6,
    5,
    7
  ],
  "PositionOnGroundTruthMetric_min": [
    0,
    0,
    0,
    0,
    0,
    0,
    0,
    0,
    0,
    0,
    0,
    0,
    0,
    0,
    0,
    0,
    0,
    0,
    1,
    0,
    2,
    0,
    1,
    0,
    3
  ],
  "PositionOnGroundTruthMetric_raw": [
    0,
    9,
    3,
    0,
    9,
    3,
    0,
    9,
    3,
    0,
    9,
    3,
    0,
    9,
    3,
    6,
    0,
    0,
    6,
    0,
    0,
    6,
    0,
    0,
    6,
    0,
    0,
    6,
    0,
    0,
    6,
    0,
    0,
    6,
    0,
    0,
    0,
    9,
    3,
    0,
    9,
    3,
    0,
    9,
    3,
    0,
    5,
    5,
    4,
    0,
    0,
    0,
    5,
    5,
    1,
    6,
    6,
    0,
    5,
    5,
    2,
    7,
    7,
    0,
    5,
    5,
    1,
    6,
    6,
    0,
    5,
    5,
    7,
    3,
    3
  ],
  "DataClumpSize": [
    11,
    11,
    4,
    11,
    4,
    4,
    4,
    4,
    4,
    4,
    4,
    4,
    11,
    11,
    4,
    15,
    3,
    25,
    16,
    16,
    15,
    25,
    16,
    25,
    3
  ],
  "DataClumpOccurence": [
    6,
    6,
    434,
    6,
    434,
    434,
    434,
    434,
    434,
    434,
    434,
    434,
    2,
    6,
    434,
    2,
    3558,
    2,
    2,
    2,
    2,
    2,
    2,
    2,
    54
  ],
  "ParametersToParameters": [
    0,
    0,
    1,
    0,
    1,
    1,
    1,
    1,
    1,
    1,
    1,
    1,
    1,
    0,
    1,
    0,
    1,
    0,
    0,
    0,
    0,
    0,
    0,
    0,
    0
  ],
  "FieldToField": [
    1,
    1,
    0,
    1,
    0,
    0,
    0,
    0,
    0,
    0,
    0,
    0,
    0,
    1,
    0,
    1,
    0,
    1,
    1,
    1,
    1,
    1,
    1,
    1,
    1
  ],
  "PreferNonPublic": [
    1,
    1,
    1,
    1,
    1,
    1,
    1,
    1,
    1,
    1,
    1,
    1,
    0,
    1,
    1,
    1,
    0,
    0,
    1,
    1,
    1,
    0,
    1,
    0,
    0
  ],
  "PrimitiveTypes": [
    0,
    0,
    1,
    0,
    1,
    1,
    1,
    1,
    1,
    1,
    1,
    1,
    0.18181818181818182,
    0,
    1,
    1,
    1,
    1,
    0.4375,
    0.4375,
    1,
    1,
    0.4375,
    1,
    1
  ],
  "AffectedFiles": [
    3,
    3,
    41,
    3,
    41,
    41,
    41,
    41,
    41,
    41,
    41,
    41,
    2,
    3,
    41,
    2,
    32,
    2,
    2,
    2,
    2,
    2,
    2,
    2,
    8
  ]
}