{
  "mean": 0.72,
  "count": 25,
  "groupedCount": {
    "0.5925925925925926": 3,
    "0.819672131147541": 1,
    "0.8333333333333334": 1,
    "0.8148148148148148": 3,
    "0.591304347826087": 1,
    "0.7213114754098361": 1,
    "0.5901639344262295": 2,
    "0.7707006369426752": 1,
    "0.8292682926829268": 1,
    "0.8382352941176471": 1,
    "0.5957446808510638": 1,
    "0.6012269938650306": 1,
    "0.6133333333333333": 1,
    "0.8634146341463415": 1,
    "0.8074534161490683": 1,
    "0.8235294117647058": 1,
    "0.5797101449275363": 1,
    "0.8423645320197044": 1,
    "0.8888888888888888": 1,
    "0.6": 1
  },
  "raw": [
    0.5925925925925926,
    0.819672131147541,
    0.8333333333333334,
    0.8148148148148148,
    0.5925925925925926,
    0.8148148148148148,
    0.591304347826087,
    0.7213114754098361,
    0.5901639344262295,
    0.7707006369426752,
    0.5925925925925926,
    0.8292682926829268,
    0.8382352941176471,
    0.5957446808510638,
    0.6012269938650306,
    0.6133333333333333,
    0.8634146341463415,
    0.5901639344262295,
    0.8074534161490683,
    0.8235294117647058,
    0.5797101449275363,
    0.8423645320197044,
    0.8888888888888888,
    0.6,
    0.8148148148148148
  ]
}