{
  "mean": 0.83,
  "count": 30,
  "sum": 24.91,
  "max": 1,
  "min": 0,
  "raw": [
    1,
    0,
    1,
    1,
    1,
    1,
    1,
    1,
    1,
    1,
    0.3333333333333333,
    0.3333333333333333,
    0.3333333333333333,
    0.97,
    0.3333333333333333,
    0.97,
    0.7666666666666667,
    0.7666666666666667,
    0.3333333333333333,
    0.7666666666666667,
    1,
    1,
    1,
    1,
    1,
    1,
    1,
    1,
    1,
    1
  ]
}