{
  "mean": 23.94,
  "count": 48,
  "sum": 1149.17,
  "max": 434,
  "min": 0,
  "raw": [
    6,
    4,
    6.333333333333333,
    6,
    6,
    3,
    6,
    6,
    434,
    3,
    16,
    6,
    2,
    13.6,
    5.333333333333333,
    5.333333333333333,
    2,
    7.5,
    4,
    5.333333333333333,
    null,
    6,
    8.8,
    9,
    2,
    3,
    6,
    5.333333333333333,
    null,
    6,
    94,
    6,
    null,
    6,
    6,
    18,
    2,
    287,
    16.666666666666668,
    22,
    2,
    14.833333333333334,
    27.6,
    30,
    3,
    1.5,
    2,
    17
  ]
}