{
  "mean": 0.7,
  "count": 84,
  "sum": null,
  "max": 0.89,
  "min": 0,
  "raw": [
    0.5949008498583569,
    0.8472222222222222,
    0.8246445497630331,
    0.5853658536585366,
    0.42592592592592593,
    0.8524590163934426,
    0.5882352941176471,
    0.5901639344262295,
    0.5740740740740741,
    0.8529411764705882,
    0.8187919463087249,
    0.8333333333333334,
    0.5742574257425742,
    0.8351409978308026,
    0.823394495412844,
    0.8171296296296297,
    0.7855227882037533,
    0.8360655737704918,
    0.847682119205298,
    0.8171296296296297,
    0.6153846153846154,
    0.8297872340425532,
    0.8626760563380281,
    0.7213114754098361,
    0,
    0.8529411764705882,
    0.8292682926829268,
    0.5441176470588235,
    0.7692307692307693,
    0.6105263157894737,
    0.8205128205128205,
    0.5925925925925926,
    0.6153846153846154,
    0.8372093023255814,
    0.8433734939759037,
    0.8382352941176471,
    0.6666666666666666,
    0.5901639344262295,
    0,
    0.5925925925925926,
    0.8727272727272727,
    0.819672131147541,
    0.5925925925925926,
    null,
    0.5925925925925926,
    0.8187919463087249,
    0.8235294117647058,
    0.5925925925925926,
    0,
    0.5882352941176471,
    0.8344370860927153,
    0.5882352941176471,
    0.8386363636363636,
    0.8148148148148148,
    0.819672131147541,
    0.5882352941176471,
    null,
    0.7924528301886793,
    0.8350515463917526,
    0.8409090909090909,
    0.865979381443299,
    0.8266666666666667,
    0.8615384615384616,
    0,
    0.8666666666666667,
    0.8085106382978723,
    0.8235294117647058,
    0.7692307692307693,
    0.7029702970297029,
    0.5777777777777777,
    0.8148148148148148,
    0.8235294117647058,
    0.8888888888888888,
    0.8235294117647058,
    0.6779661016949152,
    0.8148148148148148,
    0.8888888888888888,
    0.5894736842105263,
    0.5925925925925926,
    0.5925925925925926,
    0.594059405940594,
    0.8703703703703703,
    0.574585635359116,
    0.5901639344262295
  ]
}