{
  "mean": 0.74,
  "count": 48,
  "sum": null,
  "max": 0.89,
  "min": 0.57,
  "raw": [
    null,
    0.8472222222222222,
    0.8246445497630331,
    0.5853658536585366,
    null,
    0.8524590163934426,
    0.5882352941176471,
    0.5901639344262295,
    0.5740740740740741,
    0.8529411764705882,
    0.8187919463087249,
    0.8333333333333334,
    0.5742574257425742,
    null,
    null,
    null,
    null,
    0.8360655737704918,
    0.847682119205298,
    null,
    0.6153846153846154,
    0.8297872340425532,
    0.8626760563380281,
    0.7213114754098361,
    null,
    0.8529411764705882,
    0.8292682926829268,
    null,
    0.7692307692307693,
    0.6105263157894737,
    0.8205128205128205,
    0.5925925925925926,
    0.6153846153846154,
    0.8372093023255814,
    0.8433734939759037,
    0.8382352941176471,
    0.8888888888888888,
    0.8235294117647058,
    0.6779661016949152,
    0.8148148148148148,
    0.8888888888888888,
    0.5894736842105263,
    0.5925925925925926,
    0.5925925925925926,
    0.594059405940594,
    0.8703703703703703,
    0.574585635359116,
    0.5901639344262295
  ]
}