{
  "mean": 0.16,
  "count": 70,
  "sum": 11.34,
  "max": 0.44,
  "min": 0.08,
  "raw": [
    0.07651000000000001,
    0.07756,
    0.07753,
    0.07543000000000001,
    0.07567,
    0.07549,
    0.07702,
    0.07651000000000001,
    0.07579000000000001,
    0.07612000000000001,
    0.15510000000000002,
    0.15279,
    0.15324000000000002,
    0.15135,
    0.15510000000000002,
    0.15168,
    0.15609000000000003,
    0.15555000000000002,
    0.15285,
    0.15504,
    0.15979000000000002,
    0.16192,
    0.16162,
    0.16186,
    0.16156,
    0.16129000000000002,
    0.16039,
    0.16147,
    0.15913,
    0.16171000000000002,
    0.11592000000000001,
    0.1164,
    0.11643,
    0.11685000000000001,
    0.117,
    0.11667000000000001,
    0.12033,
    0.12087,
    0.11766,
    0.11721000000000001,
    0.09194999999999999,
    0.09689999999999999,
    0.09383999999999999,
    0.09405,
    0.09269999999999999,
    0.09336,
    0.09305999999999999,
    0.09312,
    0.09666,
    0.09323999999999999,
    0.10294,
    0.10234,
    0.10597000000000001,
    0.1021,
    0.10504000000000001,
    0.10147,
    0.10225000000000001,
    0.10315,
    0.10171000000000001,
    0.10198,
    0.42874000000000007,
    0.43534000000000006,
    0.42460000000000003,
    0.42265,
    0.43441,
    0.42712000000000006,
    0.42925,
    0.42388000000000003,
    0.42367000000000005,
    0.42925
  ]
}