{
  "mean": 0.16,
  "count": 70,
  "sum": 11.08,
  "max": 0.84,
  "min": 0.03,
  "raw": [
    0.04483,
    0.04603,
    0.046900000000000004,
    0.04657,
    0.04525,
    0.04696,
    0.04654,
    0.04633,
    0.04669,
    0.0466,
    0.0312,
    0.028560000000000002,
    0.02958,
    0.02904,
    0.02952,
    0.02898,
    0.02982,
    0.02898,
    0.02952,
    0.02961,
    0.03253,
    0.0346,
    0.0322,
    0.03229,
    0.03193,
    0.03325,
    0.03316,
    0.03382,
    0.03322,
    0.034749999999999996,
    0.07452,
    0.07419,
    0.07455,
    0.07359,
    0.07374,
    0.07404000000000001,
    0.07371000000000001,
    0.07299,
    0.07437,
    0.07353000000000001,
    0.035840000000000004,
    0.03545,
    0.03596,
    0.03611,
    0.03581,
    0.03665,
    0.03674,
    0.035480000000000005,
    0.0353,
    0.03755,
    0.05122,
    0.05068,
    0.05146,
    0.05011,
    0.0514,
    0.05053,
    0.05098,
    0.050320000000000004,
    0.051430000000000003,
    0.05062,
    0.83554,
    0.83995,
    0.83488,
    0.83695,
    0.84142,
    0.83746,
    0.8368,
    0.83554,
    0.8439399999999999,
    0.83599
  ]
}