{
  "mean": 0.08,
  "count": 150,
  "sum": 11.65,
  "max": 0.16,
  "min": 0.03,
  "raw": [
    0.0312,
    0.028560000000000002,
    0.02958,
    0.02904,
    0.02952,
    0.02898,
    0.02982,
    0.02898,
    0.02952,
    0.02961,
    0.03253,
    0.0346,
    0.0322,
    0.03229,
    0.03193,
    0.03325,
    0.03316,
    0.03382,
    0.03322,
    0.034749999999999996,
    0.07452,
    0.07419,
    0.07455,
    0.07359,
    0.07374,
    0.07404000000000001,
    0.07371000000000001,
    0.07299,
    0.07437,
    0.07353000000000001,
    0.035840000000000004,
    0.03545,
    0.03596,
    0.03611,
    0.03581,
    0.03665,
    0.03674,
    0.035480000000000005,
    0.0353,
    0.03755,
    0.05122,
    0.05068,
    0.05146,
    0.05011,
    0.0514,
    0.05053,
    0.05098,
    0.050320000000000004,
    0.051430000000000003,
    0.05062,
    0.15186000000000002,
    0.15339000000000003,
    0.15375000000000003,
    0.15156000000000003,
    0.15330000000000002,
    0.15195000000000003,
    0.15225000000000002,
    0.15249000000000001,
    0.15153000000000003,
    0.15180000000000002,
    0.15760000000000002,
    0.15940000000000001,
    0.15877,
    0.15913,
    0.16135,
    0.16123,
    0.16318,
    0.16075,
    0.15925,
    0.15976,
    0.11781000000000001,
    0.11721000000000001,
    0.11763000000000001,
    0.11658,
    0.11577000000000001,
    0.11643,
    0.11931000000000001,
    0.11673,
    0.11664000000000001,
    0.11859,
    0.09317999999999999,
    0.09333,
    0.09315,
    0.09650999999999998,
    0.09599999999999999,
    0.09276,
    0.09395999999999999,
    0.09558,
    0.09521999999999999,
    0.09419999999999999,
    0.10429000000000001,
    0.10267,
    0.10222,
    0.10249,
    0.10162,
    0.10321,
    0.10651000000000001,
    0.10168,
    0.1063,
    0.10447000000000001,
    0.04537,
    0.04516,
    0.04639,
    0.04489,
    0.04504,
    0.04597,
    0.04507,
    0.04561,
    0.046689999999999995,
    0.045579999999999996,
    0.046770000000000006,
    0.049260000000000005,
    0.047040000000000005,
    0.047790000000000006,
    0.04671,
    0.049260000000000005,
    0.04866,
    0.04827000000000001,
    0.04893,
    0.047610000000000006,
    0.09292,
    0.09439,
    0.09369999999999999,
    0.09384999999999999,
    0.09211,
    0.09240999999999999,
    0.09366999999999999,
    0.09240999999999999,
    0.09537999999999999,
    0.09298,
    0.05629,
    0.0568,
    0.05479,
    0.054849999999999996,
    0.05581,
    0.05374,
    0.05545,
    0.0541,
    0.055779999999999996,
    0.05419,
    0.07073,
    0.07037,
    0.07166,
    0.07034,
    0.07127,
    0.07283,
    0.07013,
    0.07064000000000001,
    0.07322000000000001,
    0.0734
  ]
}