{
  "mean": 0.08,
  "count": 30,
  "sum": 2.41,
  "max": 0.16,
  "min": 0.03,
  "raw": [
    0.03253,
    0.0346,
    0.0322,
    0.03229,
    0.03193,
    0.03325,
    0.03316,
    0.03382,
    0.03322,
    0.034749999999999996,
    0.15760000000000002,
    0.15940000000000001,
    0.15877,
    0.15913,
    0.16135,
    0.16123,
    0.16318,
    0.16075,
    0.15925,
    0.15976,
    0.046770000000000006,
    0.049260000000000005,
    0.047040000000000005,
    0.047790000000000006,
    0.04671,
    0.049260000000000005,
    0.04866,
    0.04827000000000001,
    0.04893,
    0.047610000000000006
  ]
}