{
  "mean": 0.06,
  "count": 30,
  "sum": 1.66,
  "max": 0.06,
  "min": 0.05,
  "raw": [
    0.05464,
    0.05506,
    0.05629,
    0.05584,
    0.05611,
    0.05638,
    0.05548,
    0.05602,
    0.05581,
    0.05638,
    0.05452,
    0.05491,
    0.05536,
    0.05575,
    0.054669999999999996,
    0.05509,
    0.054669999999999996,
    0.05518,
    0.055029999999999996,
    0.05404,
    0.05629,
    0.0568,
    0.05479,
    0.054849999999999996,
    0.05581,
    0.05374,
    0.05545,
    0.0541,
    0.055779999999999996,
    0.05419
  ]
}