{
  "mean": 0.09,
  "count": 30,
  "sum": 2.83,
  "max": 0.1,
  "min": 0.09,
  "raw": [
    0.09302999999999999,
    0.09681,
    0.09308999999999999,
    0.09560999999999999,
    0.09653999999999999,
    0.09354,
    0.09354,
    0.09759,
    0.09359999999999999,
    0.09374999999999999,
    0.09194999999999999,
    0.09689999999999999,
    0.09383999999999999,
    0.09405,
    0.09269999999999999,
    0.09336,
    0.09305999999999999,
    0.09312,
    0.09666,
    0.09323999999999999,
    0.09317999999999999,
    0.09333,
    0.09315,
    0.09650999999999998,
    0.09599999999999999,
    0.09276,
    0.09395999999999999,
    0.09558,
    0.09521999999999999,
    0.09419999999999999
  ]
}