{
  "mean": 0.09,
  "count": 30,
  "sum": 2.85,
  "max": 0.12,
  "min": 0.07,
  "raw": [
    0.07485,
    0.07353000000000001,
    0.07551000000000001,
    0.07272,
    0.07359,
    0.07443000000000001,
    0.07413,
    0.07317,
    0.07362,
    0.07356,
    0.11592000000000001,
    0.1164,
    0.11643,
    0.11685000000000001,
    0.117,
    0.11667000000000001,
    0.12033,
    0.12087,
    0.11766,
    0.11721000000000001,
    0.09348999999999999,
    0.09397,
    0.09307,
    0.09384999999999999,
    0.0934,
    0.09262,
    0.09366999999999999,
    0.09387999999999999,
    0.09358,
    0.09348999999999999
  ]
}