{
  "mean": 0.15,
  "count": 30,
  "sum": 4.59,
  "max": 0.16,
  "min": 0.15,
  "raw": [
    0.15174,
    0.15180000000000002,
    0.15282,
    0.15147000000000002,
    0.15165000000000003,
    0.15516000000000002,
    0.15168,
    0.15207,
    0.15237000000000003,
    0.15252000000000002,
    0.15510000000000002,
    0.15279,
    0.15324000000000002,
    0.15135,
    0.15510000000000002,
    0.15168,
    0.15609000000000003,
    0.15555000000000002,
    0.15285,
    0.15504,
    0.15186000000000002,
    0.15339000000000003,
    0.15375000000000003,
    0.15156000000000003,
    0.15330000000000002,
    0.15195000000000003,
    0.15225000000000002,
    0.15249000000000001,
    0.15153000000000003,
    0.15180000000000002
  ]
}