{
  "mean": 0.16,
  "count": 210,
  "sum": 34.15,
  "max": 0.48,
  "min": 0.08,
  "raw": [
    0.07615000000000001,
    0.07627,
    0.07699,
    0.07606,
    0.07687000000000001,
    0.07558000000000001,
    0.07564000000000001,
    0.07552,
    0.07639000000000001,
    0.07603000000000001,
    0.15174,
    0.15180000000000002,
    0.15282,
    0.15147000000000002,
    0.15165000000000003,
    0.15516000000000002,
    0.15168,
    0.15207,
    0.15237000000000003,
    0.15252000000000002,
    0.16159,
    0.16207,
    0.15907000000000002,
    0.16168000000000002,
    0.16159,
    0.1618,
    0.16231,
    0.16141,
    0.16174,
    0.16177,
    0.11595000000000001,
    0.1179,
    0.11772,
    0.11742000000000001,
    0.11949000000000001,
    0.11829,
    0.11691000000000001,
    0.12033,
    0.12096000000000001,
    0.11592000000000001,
    0.09302999999999999,
    0.09681,
    0.09308999999999999,
    0.09560999999999999,
    0.09653999999999999,
    0.09354,
    0.09354,
    0.09759,
    0.09359999999999999,
    0.09374999999999999,
    0.10717,
    0.10237,
    0.10249,
    0.10711000000000001,
    0.10519,
    0.10687,
    0.1027,
    0.10684,
    0.10279,
    0.10684,
    0.43987000000000004,
    0.44173000000000007,
    0.44032000000000004,
    0.44413,
    0.42451000000000005,
    0.44395000000000007,
    0.42961000000000005,
    0.47695000000000004,
    0.44365000000000004,
    0.44365000000000004,
    0.07651000000000001,
    0.07756,
    0.07753,
    0.07543000000000001,
    0.07567,
    0.07549,
    0.07702,
    0.07651000000000001,
    0.07579000000000001,
    0.07612000000000001,
    0.15510000000000002,
    0.15279,
    0.15324000000000002,
    0.15135,
    0.15510000000000002,
    0.15168,
    0.15609000000000003,
    0.15555000000000002,
    0.15285,
    0.15504,
    0.15979000000000002,
    0.16192,
    0.16162,
    0.16186,
    0.16156,
    0.16129000000000002,
    0.16039,
    0.16147,
    0.15913,
    0.16171000000000002,
    0.11592000000000001,
    0.1164,
    0.11643,
    0.11685000000000001,
    0.117,
    0.11667000000000001,
    0.12033,
    0.12087,
    0.11766,
    0.11721000000000001,
    0.09194999999999999,
    0.09689999999999999,
    0.09383999999999999,
    0.09405,
    0.09269999999999999,
    0.09336,
    0.09305999999999999,
    0.09312,
    0.09666,
    0.09323999999999999,
    0.10294,
    0.10234,
    0.10597000000000001,
    0.1021,
    0.10504000000000001,
    0.10147,
    0.10225000000000001,
    0.10315,
    0.10171000000000001,
    0.10198,
    0.42874000000000007,
    0.43534000000000006,
    0.42460000000000003,
    0.42265,
    0.43441,
    0.42712000000000006,
    0.42925,
    0.42388000000000003,
    0.42367000000000005,
    0.42925,
    0.0763,
    0.0757,
    0.07723000000000001,
    0.07735,
    0.07696,
    0.07525000000000001,
    0.07666,
    0.07678,
    0.07717,
    0.07627,
    0.15186000000000002,
    0.15339000000000003,
    0.15375000000000003,
    0.15156000000000003,
    0.15330000000000002,
    0.15195000000000003,
    0.15225000000000002,
    0.15249000000000001,
    0.15153000000000003,
    0.15180000000000002,
    0.15760000000000002,
    0.15940000000000001,
    0.15877,
    0.15913,
    0.16135,
    0.16123,
    0.16318,
    0.16075,
    0.15925,
    0.15976,
    0.11781000000000001,
    0.11721000000000001,
    0.11763000000000001,
    0.11658,
    0.11577000000000001,
    0.11643,
    0.11931000000000001,
    0.11673,
    0.11664000000000001,
    0.11859,
    0.09317999999999999,
    0.09333,
    0.09315,
    0.09650999999999998,
    0.09599999999999999,
    0.09276,
    0.09395999999999999,
    0.09558,
    0.09521999999999999,
    0.09419999999999999,
    0.10429000000000001,
    0.10267,
    0.10222,
    0.10249,
    0.10162,
    0.10321,
    0.10651000000000001,
    0.10168,
    0.1063,
    0.10447000000000001,
    0.43513,
    0.4237,
    0.42538000000000004,
    0.42409,
    0.42283000000000004,
    0.42316000000000004,
    0.42511000000000004,
    0.42367000000000005,
    0.43159000000000003,
    0.42694000000000004
  ]
}