{
  "mean": 0.03,
  "count": 30,
  "sum": 0.9,
  "max": 0.03,
  "min": 0.03,
  "raw": [
    0.03063,
    0.03096,
    0.03057,
    0.03003,
    0.03066,
    0.02901,
    0.02943,
    0.02946,
    0.0294,
    0.03,
    0.02994,
    0.02973,
    0.03048,
    0.02943,
    0.0294,
    0.02991,
    0.03111,
    0.0297,
    0.03144,
    0.03027,
    0.0312,
    0.028560000000000002,
    0.02958,
    0.02904,
    0.02952,
    0.02898,
    0.02982,
    0.02898,
    0.02952,
    0.02961
  ]
}