{
  "mean": 0.17,
  "count": 210,
  "sum": 35.26,
  "max": 0.96,
  "min": 0.03,
  "raw": [
    0.04648,
    0.04672,
    0.04624,
    0.04672,
    0.046060000000000004,
    0.04687,
    0.04558,
    0.04558,
    0.04636,
    0.04585,
    0.02994,
    0.02973,
    0.03048,
    0.02943,
    0.0294,
    0.02991,
    0.03111,
    0.0297,
    0.03144,
    0.03027,
    0.0325,
    0.0322,
    0.03316,
    0.03304,
    0.03268,
    0.03304,
    0.03331,
    0.0334,
    0.03214,
    0.033549999999999996,
    0.07485,
    0.07353000000000001,
    0.07551000000000001,
    0.07272,
    0.07359,
    0.07443000000000001,
    0.07413,
    0.07317,
    0.07362,
    0.07356,
    0.03608,
    0.035660000000000004,
    0.03656,
    0.03578,
    0.03512,
    0.035660000000000004,
    0.03608,
    0.03665,
    0.03536,
    0.0359,
    0.05215,
    0.04981,
    0.05068,
    0.0505,
    0.05059,
    0.0505,
    0.05002,
    0.04999,
    0.05017,
    0.05161,
    0.8388399999999999,
    0.8452299999999999,
    0.84031,
    0.8346699999999999,
    0.8359,
    0.84046,
    0.8398,
    0.83461,
    0.83548,
    0.83692,
    0.07651000000000001,
    0.07756,
    0.07753,
    0.07543000000000001,
    0.07567,
    0.07549,
    0.07702,
    0.07651000000000001,
    0.07579000000000001,
    0.07612000000000001,
    0.15510000000000002,
    0.15279,
    0.15324000000000002,
    0.15135,
    0.15510000000000002,
    0.15168,
    0.15609000000000003,
    0.15555000000000002,
    0.15285,
    0.15504,
    0.15979000000000002,
    0.16192,
    0.16162,
    0.16186,
    0.16156,
    0.16129000000000002,
    0.16039,
    0.16147,
    0.15913,
    0.16171000000000002,
    0.11592000000000001,
    0.1164,
    0.11643,
    0.11685000000000001,
    0.117,
    0.11667000000000001,
    0.12033,
    0.12087,
    0.11766,
    0.11721000000000001,
    0.09194999999999999,
    0.09689999999999999,
    0.09383999999999999,
    0.09405,
    0.09269999999999999,
    0.09336,
    0.09305999999999999,
    0.09312,
    0.09666,
    0.09323999999999999,
    0.10294,
    0.10234,
    0.10597000000000001,
    0.1021,
    0.10504000000000001,
    0.10147,
    0.10225000000000001,
    0.10315,
    0.10171000000000001,
    0.10198,
    0.42874000000000007,
    0.43534000000000006,
    0.42460000000000003,
    0.42265,
    0.43441,
    0.42712000000000006,
    0.42925,
    0.42388000000000003,
    0.42367000000000005,
    0.42925,
    0.035480000000000005,
    0.03626,
    0.0362,
    0.03623,
    0.03617,
    0.03653,
    0.03662,
    0.0371,
    0.03644,
    0.03689,
    0.04582,
    0.0469,
    0.045219999999999996,
    0.04588,
    0.04528,
    0.044469999999999996,
    0.046329999999999996,
    0.04702,
    0.04822,
    0.04585,
    0.046860000000000006,
    0.0471,
    0.05022,
    0.04719,
    0.04827000000000001,
    0.05034,
    0.04938000000000001,
    0.047490000000000004,
    0.049740000000000006,
    0.047880000000000006,
    0.09348999999999999,
    0.09397,
    0.09307,
    0.09384999999999999,
    0.0934,
    0.09262,
    0.09366999999999999,
    0.09387999999999999,
    0.09358,
    0.09348999999999999,
    0.05452,
    0.05491,
    0.05536,
    0.05575,
    0.054669999999999996,
    0.05509,
    0.054669999999999996,
    0.05518,
    0.055029999999999996,
    0.05404,
    0.07064000000000001,
    0.07379000000000001,
    0.07307,
    0.07055,
    0.07223,
    0.07061,
    0.0704,
    0.07151,
    0.0713,
    0.07085,
    0.9415899999999999,
    0.9317799999999999,
    0.9330999999999999,
    0.92407,
    0.92452,
    0.9376899999999999,
    0.9234399999999999,
    0.93058,
    0.9265599999999999,
    0.9617199999999999
  ]
}