{
  "mean": 0.16,
  "count": 70,
  "sum": 11.3,
  "max": 0.44,
  "min": 0.08,
  "raw": [
    0.0763,
    0.0757,
    0.07723000000000001,
    0.07735,
    0.07696,
    0.07525000000000001,
    0.07666,
    0.07678,
    0.07717,
    0.07627,
    0.15186000000000002,
    0.15339000000000003,
    0.15375000000000003,
    0.15156000000000003,
    0.15330000000000002,
    0.15195000000000003,
    0.15225000000000002,
    0.15249000000000001,
    0.15153000000000003,
    0.15180000000000002,
    0.15760000000000002,
    0.15940000000000001,
    0.15877,
    0.15913,
    0.16135,
    0.16123,
    0.16318,
    0.16075,
    0.15925,
    0.15976,
    0.11781000000000001,
    0.11721000000000001,
    0.11763000000000001,
    0.11658,
    0.11577000000000001,
    0.11643,
    0.11931000000000001,
    0.11673,
    0.11664000000000001,
    0.11859,
    0.09317999999999999,
    0.09333,
    0.09315,
    0.09650999999999998,
    0.09599999999999999,
    0.09276,
    0.09395999999999999,
    0.09558,
    0.09521999999999999,
    0.09419999999999999,
    0.10429000000000001,
    0.10267,
    0.10222,
    0.10249,
    0.10162,
    0.10321,
    0.10651000000000001,
    0.10168,
    0.1063,
    0.10447000000000001,
    0.43513,
    0.4237,
    0.42538000000000004,
    0.42409,
    0.42283000000000004,
    0.42316000000000004,
    0.42511000000000004,
    0.42367000000000005,
    0.43159000000000003,
    0.42694000000000004
  ]
}