{
  "mean": 0.76,
  "count": 20,
  "sum": null,
  "max": 0.86,
  "min": 0.59,
  "raw": [
    null,
    0.7878787878787878,
    0.6153846153846154,
    0.7764705882352941,
    0.7964601769911505,
    0.8256880733944955,
    0.8148148148148148,
    0.8297872340425532,
    0.8409090909090909,
    0.8455284552845529,
    0.8235294117647058,
    0.5882352941176471,
    0.8626760563380281,
    0.8235294117647058,
    0.8148148148148148,
    0.8148148148148148,
    0.591304347826087,
    0.7213114754098361,
    0.5901639344262295,
    0.7707006369426752
  ]
}