{
  "PositiveComments=true": 0.09876543209876545,
  "PositiveComments=false": 0.09876543209876547,
  "meaningfulComments=true": 0,
  "meaningfulComments=false": 0,
  "Readability": 0,
  "Complexity": 0.22222222222222227,
  "ManualChanges": 0.1728395061728395,
  "IntentionalDesignChoice": 0,
  "Performance": 0.09876543209876548,
  "RefactoringNotWorthIt": 0.09876543209876548,
  "LongLines": 0,
  "NotEnough": 0,
  "SmallerDataClump": 0,
  "LargerDataClump": 0,
  "OverEngineered": 0.09876543209876543,
  "DocumentationIssues": 0,
  "JavaRecordBetter": 0.09876543209876548,
  "ExtractedClassLocation": 0,
  "NoMeaningfulFeedback": 0,
  "LLM_Useful": 0,
  "ClassName": 0.1728395061728395,
  "ImportsIssues": 0.1728395061728395,
  "SemanticChanges": 0,
  "SameBaseClass": 0,
  "ExtractedClassShouldNotBePublic": 0,
  "StyleAdaption": 0,
  "LicenseHeaderMissing": 0.09876543209876543,
  "LLM_LegalIssues": 0,
  "InvalidPR": 0.09876543209876545,
  "ImprovedMaintainability": 0,
  "IsolatedComponents": 0.09876543209876548,
  "DeveloperMustOverseeLLM": 0,
  "Good_Idea": 0,
  "merged=true": 0,
  "merged=false": 0,
  "state=open": 0.09876543209876543,
  "state=closed": 0.09876543209876544,
  "category=detectAndRefactor": 0.2469135802469136,
  "category=nameSuggestion": 0.2469135802469136,
  "type=fields_to_fields_data_clump": 0.2469135802469136,
  "type=parameters_to_parameters_data_clump": 0.2469135802469136,
  "CodeReadability": 0.2469135802469136,
  "Usefulness": 0,
  "Details": 0,
  "DataClumpChoice": 0.09876543209876543,
  "ManualWork": 0.09876543209876543,
  "FunctionalImpact": 0.09876543209876548,
  "GeneralComments": 0.1728395061728395,
  "size": 26.444444444444443
}