{
  "mean": 6.301984126984126,
  "count": 60,
  "groupedCount": {
    "0": 3,
    "3": 2,
    "4": 8,
    "5": 10,
    "7": 1,
    "8": 6,
    "9": 8,
    "11": 7,
    "10.333333333333334": 2,
    "4.666666666666667": 5,
    "3.6666666666666665": 2,
    "5.4": 1,
    "3.2857142857142856": 1,
    "6.333333333333333": 1,
    "5.666666666666667": 1,
    "7.5": 1,
    "6.6": 1
  },
  "raw": [
    11,
    11,
    10.333333333333334,
    11,
    11,
    8,
    9,
    9,
    9,
    9,
    9,
    4.666666666666667,
    4.666666666666667,
    5,
    5,
    4.666666666666667,
    4.666666666666667,
    5,
    3,
    8,
    3.6666666666666665,
    11,
    10.333333333333334,
    5,
    3.6666666666666665,
    9,
    9,
    8,
    4,
    5.4,
    5,
    4.666666666666667,
    11,
    3.2857142857142856,
    8,
    4,
    5,
    4,
    5,
    8,
    0,
    0,
    4,
    0,
    11,
    5,
    9,
    8,
    7,
    6.333333333333333,
    5.666666666666667,
    7.5,
    5,
    6.6,
    5,
    4,
    4,
    4,
    4,
    3
  ]
}