{
  "mean": 1.31,
  "count": 54,
  "sum": 70.8,
  "max": 6.37,
  "min": 0,
  "raw": [
    0,
    0.8876266955179162,
    0.8748040747537686,
    0.7595896435378791,
    0.9261198864528737,
    0.7595896435378791,
    1.093365215423134,
    0.9261198864528737,
    0.9518031626966419,
    0.797956709593926,
    0.8235556952204988,
    0.8748040747537686,
    0.025086384411217466,
    0.7212601738499842,
    0.025086384411217466,
    0.8748040747537686,
    0.9004535349436154,
    0.9518031626966419,
    0,
    2.333955411502984,
    0.7699211043239842,
    0,
    0,
    0,
    0.010363389886990149,
    3.128473852618953,
    1.1047845128239828,
    0.010363389886990149,
    0,
    0,
    0.010363389886990149,
    3.2570830469982326,
    0,
    0,
    0,
    0,
    0.008135460478342793,
    1.0252420394937047,
    3.49075094828504,
    6.372321688286249,
    5.79460499957294,
    0,
    2.403032031014476,
    1.0334459293925136,
    4.46177592838265,
    5.79460499957294,
    6.372321688286249,
    5.79460499957294,
    0.008135460478342793,
    1.9971430035012503,
    2.4196279699435905,
    0,
    0.028476467866454414,
    0
  ]
}