{
  "mean": 0.76,
  "count": 30,
  "sum": 22.95,
  "max": 6.37,
  "min": 0,
  "raw": [
    0.8491714725780568,
    0,
    0.9518031626966419,
    0.4920667397233345,
    0.8235556952204988,
    0.22634887155575,
    0,
    0.025086384411217466,
    0,
    0.05018857127401333,
    0,
    0,
    0,
    0,
    0,
    0,
    0,
    0.3737859289352201,
    0,
    0,
    0,
    3.49075094828504,
    0,
    0,
    6.372321688286249,
    3.49075094828504,
    0.008135460478342793,
    0,
    0,
    5.79460499957294
  ]
}