{
  "mean": 3.17,
  "count": 30,
  "sum": 95.19,
  "max": 6.37,
  "min": 0,
  "raw": [
    5.79460499957294,
    5.79460499957294,
    5.79460499957294,
    1.8979491141365514,
    5.79460499957294,
    0,
    5.79460499957294,
    0,
    0,
    0,
    0,
    5.79460499957294,
    6.372321688286249,
    5.79460499957294,
    5.79460499957294,
    5.79460499957294,
    0,
    0,
    0,
    5.79460499957294,
    5.79460499957294,
    0,
    0.028476467866454414,
    5.768994824354152,
    5.79460499957294,
    0,
    0,
    5.79460499957294,
    0,
    5.79460499957294
  ]
}