{
  "mean": 1.4,
  "count": 30,
  "sum": 42.14,
  "max": 5.79,
  "min": 0,
  "raw": [
    0.20113522499902103,
    0.8748040747537686,
    0.797956709593926,
    0.7340324931919184,
    0.8491714725780568,
    0,
    0.025086384411217466,
    0,
    0.22634887155575,
    0.17593759219535343,
    0,
    0,
    0.010363389886990149,
    0,
    0,
    0,
    0,
    0,
    0,
    0,
    5.79460499957294,
    5.79460499957294,
    5.79460499957294,
    0,
    5.79460499957294,
    5.79460499957294,
    5.79460499957294,
    3.482378275624839,
    0,
    0
  ]
}