{
  "mean": 0.64,
  "count": 30,
  "sum": 19.35,
  "max": 2.89,
  "min": 0,
  "raw": [
    0,
    1.7727842314368871,
    0,
    1.9682862697467556,
    0.010363389886990149,
    0.020727892979849116,
    0.22825228204862924,
    0,
    0,
    1.9841555099556274,
    0,
    1.7516730387470716,
    0.010363389886990149,
    0.010363389886990149,
    1.5724174628243759,
    0,
    2.8931492638260607,
    0.031093509637386774,
    0.031093509637386774,
    0.010363389886990149,
    0.9633708769051452,
    0,
    0.010363389886990149,
    2.7223750185171127,
    0.020727892979849116,
    1.0890615360161036,
    0.020727892979849116,
    0,
    2.1747946422634357,
    0.051828085082661346
  ]
}