{
  "mean": 1.3,
  "count": 30,
  "sum": 38.9,
  "max": 5.79,
  "min": 0,
  "raw": [
    0.9004535349436154,
    0.9004535349436154,
    0.9004535349436154,
    0.7851635033696382,
    0.9903598843066064,
    0.22634887155575,
    0.025086384411217466,
    0.05018857127401333,
    0.025086384411217466,
    0.025086384411217466,
    1.0052493813952452,
    0.8012647723566033,
    0,
    0,
    0.30099158398864745,
    0,
    0,
    2.4030086849366086,
    0,
    0.5872871902770953,
    5.79460499957294,
    0,
    0.028476467866454414,
    5.768994824354152,
    5.79460499957294,
    0,
    0,
    5.79460499957294,
    0,
    5.79460499957294
  ]
}