{
  "ValidPrograms": 0.17777777777777778,
  "RemainingAttemptCount": 0.3333333333333333,
  "RemovedDataClumps": 4.977777777777778,
  "GitChanges": 115.88888888888889,
  "CommentOut": 0.9993055555555556,
  "InvalidJSON": 1
}