{
  "mean": 0.03225806451612903,
  "median": 0,
  "variance": 0.031217481789802333,
  "count": 1,
  "groupedCount": {
    "0": 30,
    "1": 1
  }
}