{
  "mean": 0.22580645161290322,
  "median": 0,
  "variance": 0.17481789802289285,
  "count": 7,
  "groupedCount": {
    "0": 24,
    "1": 7
  }
}