{
  "mean": 0.79,
  "count": 25,
  "groupedCount": {
    "0": 2,
    "1": 16,
    "0.7083333333333333": 1,
    "0.6923076923076923": 1,
    "0.41666666666666663": 4,
    "0.7037037037037037": 1
  },
  "raw": [
    1,
    1,
    1,
    1,
    1,
    1,
    1,
    1,
    1,
    1,
    1,
    1,
    1,
    1,
    1,
    0,
    1,
    0.7083333333333333,
    0.6923076923076923,
    0.41666666666666663,
    0.7037037037037037,
    0.41666666666666663,
    0.41666666666666663,
    0,
    0.41666666666666663
  ]
}