{
  "Surety": 2.15,
  "OutputFormatCorrectness": 0.73,
  "InvalidJSON": 0.88,
  "DataClumpSize_mean": 7.55,
  "DataClumpOccurence_mean": 13.27,
  "FieldToField_mean": 0.07,
  "ParametersToParameters_mean": 0.84,
  "DataClumpSize_count": 2.8,
  "DataClumpOccurence_count": 2.8,
  "FieldToField_count": 2.84,
  "ParametersToParameters_count": 2.84,
  "DataClumpSize_groupedCount": {
    "3": 2.0714285714285716,
    "11": 1.3
  },
  "DataClumpOccurence_groupedCount": {
    "6": 1.5,
    "64": 1.1666666666666667
  },
  "FieldToField_groupedCount": {
    "0": 2.6666666666666665
  },
  "ParametersToParameters_groupedCount": {
    "1": 2.652173913043478
  },
  "DataClumpSize_raw": {
    "0": 8,
    "1": 8.294117647058824,
    "2": 5.416666666666667
  },
  "DataClumpOccurence_raw": {
    "0": 7.333333333333333,
    "1": 15.411764705882353,
    "2": 18.416666666666668
  },
  "FieldToField_raw": {
    "0": 0,
    "1": 0.1111111111111111,
    "2": 0.08333333333333333
  },
  "ParametersToParameters_raw": {
    "0": 0.9166666666666666,
    "1": 0.8333333333333334,
    "2": 0.9166666666666666
  }
}