{
  "OutputFormatCorrectness": [
    1,
    1,
    1,
    0.9872448979591837,
    0.7222222222222222,
    1,
    0.7380952380952381,
    0.7037037037037037,
    1,
    0.7333333333333333,
    1,
    1,
    1,
    0.7222222222222222,
    1,
    0.75,
    1,
    0.7160493827160493,
    1,
    0.7272727272727273,
    1,
    0,
    0.6794871794871795,
    0.7435897435897436,
    1,
    0.75,
    0.7419354838709677,
    1,
    1,
    1
  ],
  "DataClumpSize": [
    11,
    3,
    3,
    5,
    11,
    11,
    3,
    5,
    11,
    3,
    3,
    3,
    5,
    11,
    3,
    11,
    3,
    5,
    10,
    5,
    3,
    3,
    5,
    11,
    5,
    3,
    5,
    3,
    3,
    4,
    3,
    4,
    4,
    3,
    30,
    30,
    4,
    8,
    3,
    100,
    4,
    8,
    64,
    100,
    4,
    30,
    30,
    3,
    5,
    4,
    25,
    3,
    12,
    5,
    3,
    12,
    5,
    3,
    25,
    25,
    12,
    5,
    4,
    3,
    3,
    3,
    3,
    15,
    3,
    15,
    5,
    4
  ],
  "DataClumpOccurence": [
    6,
    6,
    4,
    6,
    6,
    6,
    10,
    6,
    6,
    6,
    2,
    34,
    6,
    6,
    6,
    6,
    2,
    6,
    34,
    6,
    2,
    2,
    6,
    6,
    6,
    6,
    6,
    4,
    12,
    4,
    12,
    4,
    4,
    11,
    2,
    2,
    96,
    3,
    12,
    2,
    4,
    3,
    2,
    2,
    2,
    2,
    2,
    12,
    6,
    43,
    2,
    2,
    2,
    2,
    30,
    2,
    2,
    1,
    2,
    2,
    2,
    2,
    43,
    30,
    30,
    30,
    1,
    2,
    28,
    2,
    2,
    43
  ],
  "ParametersToParameters": [
    1,
    1,
    1,
    1,
    0,
    0,
    1,
    1,
    1,
    1,
    1,
    1,
    1,
    1,
    1,
    0,
    1,
    1,
    1,
    1,
    1,
    1,
    1,
    1,
    1,
    1,
    1,
    1,
    1,
    1,
    1,
    1,
    1,
    1,
    0,
    0,
    1,
    1,
    1,
    0,
    1,
    1,
    0,
    0,
    1,
    0,
    0,
    1,
    1,
    1,
    0,
    0,
    1,
    1,
    1,
    1,
    1,
    0,
    0,
    0,
    1,
    1,
    1,
    1,
    1,
    1,
    0,
    0,
    1,
    0,
    1,
    1
  ],
  "FieldToField": [
    0,
    0,
    0,
    0,
    1,
    1,
    0,
    0,
    0,
    0,
    0,
    0,
    0,
    0,
    0,
    1,
    0,
    0,
    0,
    0,
    0,
    0,
    0,
    0,
    0,
    0,
    0,
    0,
    0,
    0,
    0,
    0,
    0,
    0,
    1,
    1,
    0,
    0,
    0,
    1,
    0,
    0,
    1,
    1,
    0,
    1,
    1,
    0,
    0,
    0,
    1,
    1,
    0,
    0,
    0,
    0,
    0,
    0,
    1,
    1,
    0,
    0,
    0,
    0,
    0,
    0,
    0,
    1,
    0,
    1,
    0,
    0
  ],
  "PreferNonPublic": [
    0,
    0,
    0,
    0,
    1,
    1,
    0,
    0,
    0,
    0,
    0,
    0,
    0,
    0,
    0,
    1,
    0,
    0,
    0,
    0,
    0,
    0,
    0,
    0,
    0,
    0,
    0,
    0,
    0,
    0,
    0,
    0,
    0,
    0,
    1,
    1,
    0,
    0,
    0,
    0,
    0,
    0,
    0,
    0,
    0,
    1,
    1,
    0,
    0,
    0,
    0,
    1,
    0,
    0,
    0,
    0,
    0,
    1,
    0,
    0,
    0,
    0,
    1,
    0,
    0,
    0,
    1,
    1,
    0,
    1,
    0,
    1
  ],
  "PrimitiveTypes": [
    0.18181818181818182,
    0.3333333333333333,
    0,
    0.6,
    0,
    0,
    0,
    0.2,
    0.18181818181818182,
    0.3333333333333333,
    0,
    0.3333333333333333,
    0.2,
    0.18181818181818182,
    0.3333333333333333,
    0,
    0,
    0.2,
    0.2,
    0.2,
    0.3333333333333333,
    0,
    0.2,
    0.18181818181818182,
    0.2,
    0.3333333333333333,
    0.6,
    0.6666666666666666,
    1,
    1,
    1,
    1,
    1,
    1,
    0.7666666666666667,
    0.7666666666666667,
    0.25,
    0.75,
    1,
    0.97,
    1,
    0.75,
    1,
    0.97,
    0.75,
    0.7666666666666667,
    0.7666666666666667,
    1,
    0.8,
    1,
    1,
    0,
    0.75,
    0.8,
    1,
    0.75,
    1,
    1,
    1,
    1,
    0.75,
    1,
    1,
    1,
    1,
    1,
    1,
    1,
    1,
    1,
    1,
    1
  ],
  "AffectedFiles": [
    3,
    4,
    3,
    3,
    3,
    3,
    3,
    3,
    3,
    3,
    1,
    5,
    3,
    3,
    4,
    3,
    1,
    3,
    3,
    3,
    2,
    1,
    3,
    3,
    3,
    3,
    3,
    1,
    3,
    3,
    3,
    3,
    3,
    5,
    2,
    2,
    18,
    3,
    3,
    2,
    3,
    3,
    2,
    2,
    1,
    2,
    2,
    3,
    1,
    5,
    2,
    2,
    1,
    1,
    1,
    1,
    1,
    2,
    2,
    2,
    1,
    1,
    5,
    1,
    1,
    1,
    2,
    2,
    2,
    2,
    1,
    5
  ],
  "Time": [
    99.852,
    85.873,
    126.413,
    92.489,
    27.559,
    14.06,
    53.375,
    57.144,
    26.727,
    40.773,
    58.447,
    59.383,
    23.248,
    35.018,
    22.106,
    20.412,
    27.689,
    115.753,
    88.42,
    49.338,
    51.564,
    11.617,
    130.877,
    68.143,
    127.508,
    36.434,
    143.626,
    62.113,
    46.521,
    48.976
  ],
  "Price": [
    0.17937999999999998,
    0.18577,
    0.20157999999999998,
    0.26335,
    0.13306,
    0.11209,
    0.15619,
    0.16735,
    0.12004,
    0.13788999999999998,
    0.25171,
    0.25720000000000004,
    0.22435000000000002,
    0.22846000000000002,
    0.22381,
    0.22186000000000003,
    0.22618000000000002,
    0.31918,
    0.26017,
    0.24910000000000002,
    0.29729,
    0.25355,
    0.36092,
    0.30959000000000003,
    0.33233,
    0.28979,
    0.43577,
    0.29237,
    0.28853,
    0.29336
  ],
  "Surety": [
    2.5,
    3.25,
    4.75,
    4.5,
    1,
    0.75,
    2.75,
    2,
    1,
    2,
    3,
    2.75,
    1,
    1,
    0.75,
    0.75,
    1,
    3.75,
    -1,
    1.5,
    2,
    0,
    1,
    0,
    3.5,
    2,
    4.75,
    -1.25,
    -0.5,
    2
  ],
  "Number data clumps": [
    3,
    4,
    5,
    5,
    1,
    1,
    3,
    2,
    1,
    2,
    3,
    3,
    1,
    1,
    1,
    1,
    1,
    4,
    4,
    2,
    2,
    0,
    1,
    3,
    4,
    2,
    7,
    1,
    2,
    2
  ],
  "ValidJSON": [
    1,
    1,
    1,
    0,
    1,
    1,
    1,
    1,
    1,
    1,
    1,
    1,
    1,
    1,
    1,
    1,
    1,
    1,
    1,
    1,
    1,
    1,
    1,
    1,
    1,
    1,
    0,
    1,
    1,
    1
  ]
}