{
  "ValidPrograms": 0.26666666666666666,
  "RemainingAttemptCount": 1.3,
  "RemovedDataClumps": -56.46666666666667,
  "GitChanges": 236.5,
  "CommentOut": 0.6145892687559354,
  "InvalidJSON": 0.9333333333333332
}