{
  "temperature": {
    "0": 29,
    "1": 180,
    "0.9444444444444444": 2,
    "0.9230769230769231": 2,
    "0.5": 21,
    "0.6666666666666666": 21,
    "0.8571428571428571": 5,
    "0.8333333333333334": 14,
    "0.9": 2,
    "0.8": 4,
    "0.6": 4,
    "0.75": 5,
    "0.2": 1,
    "0.875": 7,
    "0.9285714285714286": 1,
    "0.8888888888888888": 1,
    "0.08333333333333333": 1
  },
  "iteration": {
    "0": 29,
    "1": 180,
    "0.9444444444444444": 2,
    "0.9230769230769231": 2,
    "0.5": 21,
    "0.6666666666666666": 21,
    "0.8571428571428571": 5,
    "0.8333333333333334": 14,
    "0.9": 2,
    "0.8": 4,
    "0.6": 4,
    "0.75": 5,
    "0.2": 1,
    "0.875": 7,
    "0.9285714285714286": 1,
    "0.8888888888888888": 1,
    "0.08333333333333333": 1
  },
  "margin": {
    "0": 29,
    "1": 180,
    "0.9444444444444444": 2,
    "0.9230769230769231": 2,
    "0.5": 21,
    "0.6666666666666666": 21,
    "0.8571428571428571": 5,
    "0.8333333333333334": 14,
    "0.9": 2,
    "0.8": 4,
    "0.6": 4,
    "0.75": 5,
    "0.2": 1,
    "0.875": 7,
    "0.9285714285714286": 1,
    "0.8888888888888888": 1,
    "0.08333333333333333": 1
  }
}