{
  "mean": 0.71875,
  "median": 1,
  "variance": 0.2021484375,
  "count": 23,
  "groupedCount": {
    "0": 9,
    "1": 23
  }
}