{
  "mean": 0.7727272727272727,
  "median": 1,
  "variance": 0.17561983471074388,
  "count": 17,
  "groupedCount": {
    "0": 5,
    "1": 17
  }
}