{
  "mean": 0.88,
  "count": 75,
  "sum": 65.67,
  "max": 1,
  "min": 0,
  "raw": [
    1,
    1,
    1,
    1,
    1,
    1,
    1,
    1,
    1,
    1,
    1,
    1,
    1,
    1,
    1,
    1,
    1,
    0.8333333333333334,
    1,
    0.8333333333333334,
    0.8333333333333334,
    1,
    0.8333333333333334,
    0.8333333333333334,
    0.16666666666666663,
    0.8333333333333334,
    0.8333333333333334,
    0,
    0,
    0.8333333333333334,
    0.8333333333333334,
    1,
    0,
    0,
    0.6666666666666667,
    0.8333333333333334,
    0.8333333333333334,
    0.8333333333333334,
    1,
    0,
    1,
    0,
    1,
    0.8333333333333334,
    1,
    1,
    1,
    1,
    1,
    1,
    1,
    1,
    1,
    1,
    1,
    1,
    1,
    1,
    1,
    1,
    1,
    1,
    1,
    1,
    1,
    1,
    1,
    1,
    1,
    1,
    1,
    1,
    1,
    1,
    1
  ]
}