{
  "mean": 0.77,
  "count": 30,
  "sum": 22.47,
  "max": 1,
  "min": 0,
  "raw": [
    1,
    0.8888888888888888,
    0.8181818181818182,
    1,
    0.8,
    0.8571428571428571,
    0.625,
    1,
    1,
    0.8571428571428571,
    0.9090909090909091,
    0.10526315789473684,
    1,
    1,
    1,
    1,
    0.8,
    0.8,
    0.7,
    1,
    0.625,
    1,
    0.0967741935483871,
    0.8461538461538461,
    null,
    0.3,
    0,
    0.4444444444444444,
    1,
    1
  ]
}