{
  "mean": 0.74,
  "count": 30,
  "sum": 21.52,
  "max": 1,
  "min": 0,
  "raw": [
    0.25,
    1,
    0.3333333333333333,
    0.6,
    0.8,
    1,
    1,
    0.6666666666666666,
    0.8333333333333334,
    1,
    0.2,
    1,
    1,
    0.8,
    1,
    0.8333333333333334,
    1,
    1,
    0.5,
    0.4,
    0,
    0.8,
    1,
    0.6666666666666666,
    null,
    1,
    0,
    0.8333333333333334,
    1,
    1
  ]
}