{
  "Surety": [
    1.5,
    1,
    3.25,
    0.75,
    0.75,
    1,
    -2.5,
    1,
    -1,
    -1.25,
    -1.25,
    2,
    2,
    null,
    0.75,
    2.5,
    0.75,
    1,
    1.75,
    0.75,
    2,
    0,
    1,
    0,
    3.5,
    2,
    null,
    -1.25,
    1.5,
    2,
    1.5,
    null,
    2,
    -0.25,
    2,
    1,
    null,
    1,
    0.75,
    0.75
  ],
  "Number data clumps": [
    2,
    1,
    4,
    1,
    1,
    1,
    2,
    1,
    12,
    2,
    1,
    2,
    2,
    0,
    1,
    3,
    1,
    1,
    2,
    1,
    2,
    0,
    1,
    3,
    4,
    2,
    0,
    1,
    2,
    2,
    2,
    0,
    2,
    6,
    2,
    1,
    0,
    1,
    1,
    1
  ],
  "OutputFormatCorrectness": [
    0.8314606741573034,
    0.575,
    0.594059405940594,
    0.8,
    0.8148148148148148,
    0.8888888888888888,
    0.5925925925925926,
    0.9230769230769231,
    0.8397435897435898,
    0.8085106382978723,
    0.8148148148148148,
    0.5901639344262295,
    0.8703703703703703,
    null,
    0.8148148148148148,
    0.8235294117647058,
    0.8518518518518519,
    0.8888888888888888,
    0.5901639344262295,
    0.8148148148148148,
    0.8235294117647058,
    null,
    0.574585635359116,
    0.6022727272727273,
    0.8217054263565892,
    0.6296296296296297,
    null,
    0.819672131147541,
    0.8148148148148148,
    0.8235294117647058,
    0.6133333333333333,
    null,
    0.5901639344262295,
    0.8074534161490683,
    0.8235294117647058,
    0.5797101449275363,
    null,
    0.8888888888888888,
    0.6,
    0.8148148148148148
  ],
  "ValidJSON": [
    1,
    1,
    1,
    1,
    1,
    1,
    1,
    1,
    1,
    1,
    1,
    1,
    1,
    0,
    1,
    1,
    1,
    1,
    1,
    1,
    1,
    1,
    1,
    1,
    1,
    1,
    0,
    1,
    1,
    1,
    1,
    0,
    1,
    1,
    1,
    1,
    0,
    1,
    1,
    1
  ],
  "DataClumpSize": [
    25,
    25,
    25,
    3,
    4,
    3,
    3,
    15,
    3,
    15,
    25,
    25,
    15,
    25,
    25,
    25,
    25,
    25,
    25,
    3,
    3,
    25,
    25,
    25,
    3,
    15,
    3,
    4,
    4,
    3,
    25,
    3,
    3,
    3,
    12,
    5,
    4,
    25,
    3,
    12,
    25,
    5,
    4,
    25,
    3,
    12,
    5,
    3,
    12,
    5,
    3,
    25,
    25,
    15,
    3,
    7,
    5,
    4,
    3,
    6,
    3,
    6,
    25,
    25,
    25,
    25,
    3,
    15,
    12,
    12,
    12,
    25,
    3,
    3
  ],
  "DataClumpOccurence": [
    2,
    2,
    2,
    2,
    2,
    6,
    2,
    2,
    3558,
    2,
    2,
    2,
    2,
    2,
    2,
    2,
    2,
    2,
    2,
    287,
    287,
    2,
    2,
    2,
    1,
    2,
    2,
    2,
    47,
    30,
    2,
    1,
    833,
    287,
    2,
    2,
    8,
    2,
    30,
    2,
    2,
    6,
    47,
    2,
    2,
    2,
    2,
    30,
    2,
    2,
    1,
    2,
    2,
    2,
    38,
    4,
    2,
    47,
    1,
    2,
    30,
    4,
    2,
    2,
    2,
    2,
    1436,
    2,
    2,
    2,
    2,
    2,
    1436,
    1
  ],
  "ParametersToParameters": [
    0,
    0,
    0,
    1,
    1,
    1,
    1,
    0,
    1,
    0,
    0,
    0,
    0,
    0,
    0,
    0,
    0,
    0,
    0,
    0,
    0,
    0,
    0,
    0,
    0,
    0,
    1,
    1,
    1,
    1,
    0,
    0,
    1,
    1,
    1,
    1,
    1,
    0,
    1,
    1,
    0,
    1,
    1,
    0,
    0,
    1,
    1,
    1,
    1,
    1,
    0,
    0,
    0,
    0,
    1,
    1,
    1,
    1,
    0,
    1,
    1,
    1,
    0,
    0,
    0,
    0,
    1,
    0,
    1,
    1,
    1,
    0,
    1,
    0
  ],
  "FieldToField": [
    1,
    1,
    1,
    0,
    0,
    0,
    0,
    1,
    0,
    1,
    1,
    1,
    1,
    1,
    1,
    1,
    1,
    1,
    1,
    0,
    0,
    1,
    1,
    1,
    0,
    1,
    0,
    0,
    0,
    0,
    1,
    0,
    0,
    0,
    0,
    0,
    0,
    1,
    0,
    0,
    1,
    0,
    0,
    1,
    1,
    0,
    0,
    0,
    0,
    0,
    0,
    1,
    1,
    1,
    0,
    0,
    0,
    0,
    0,
    0,
    0,
    0,
    1,
    1,
    1,
    1,
    0,
    1,
    0,
    0,
    0,
    1,
    0,
    0
  ],
  "PreferNonPublic": [
    0,
    0,
    0,
    0,
    0,
    0,
    0,
    1,
    0,
    1,
    0,
    0,
    1,
    0,
    0,
    0,
    0,
    0,
    0,
    0,
    0,
    0,
    0,
    0,
    1,
    1,
    0,
    0,
    0,
    0,
    0,
    1,
    0,
    0,
    0,
    0,
    0,
    0,
    0,
    0,
    0,
    0,
    0,
    0,
    1,
    0,
    0,
    0,
    0,
    0,
    1,
    0,
    0,
    1,
    0,
    0,
    0,
    1,
    1,
    0,
    0,
    0,
    0,
    0,
    0,
    0,
    0,
    1,
    0,
    0,
    0,
    0,
    0,
    1
  ],
  "PrimitiveTypes": [
    1,
    1,
    1,
    1,
    0.75,
    0.3333333333333333,
    1,
    1,
    1,
    1,
    1,
    1,
    1,
    1,
    1,
    1,
    1,
    1,
    1,
    1,
    1,
    1,
    1,
    1,
    1,
    1,
    0.6666666666666666,
    0.75,
    1,
    1,
    1,
    1,
    1,
    1,
    0.75,
    1,
    1,
    1,
    1,
    0.75,
    1,
    0.8,
    1,
    1,
    0,
    0.75,
    0.8,
    1,
    0.75,
    1,
    1,
    1,
    1,
    1,
    1,
    0.7142857142857143,
    1,
    1,
    1,
    0.5,
    1,
    0.8333333333333334,
    1,
    1,
    1,
    1,
    0.6666666666666666,
    1,
    0.75,
    0.75,
    0.75,
    1,
    0.6666666666666666,
    1
  ],
  "AffectedFiles": [
    2,
    2,
    2,
    1,
    1,
    5,
    2,
    2,
    32,
    2,
    2,
    2,
    2,
    2,
    2,
    2,
    2,
    2,
    2,
    17,
    17,
    2,
    2,
    2,
    2,
    2,
    2,
    1,
    5,
    1,
    2,
    2,
    26,
    17,
    1,
    1,
    2,
    2,
    1,
    1,
    2,
    1,
    5,
    2,
    2,
    1,
    1,
    1,
    1,
    1,
    2,
    2,
    2,
    2,
    2,
    2,
    1,
    5,
    2,
    1,
    1,
    1,
    2,
    2,
    2,
    2,
    29,
    2,
    1,
    1,
    1,
    2,
    29,
    2
  ]
}