{
  "instanceType= detect": 27.135368690174808,
  "instanceType= detect , model= gpt-4-1106-preview": 27.135368690174808,
  "instanceType= detect , temperature= 0.1": 12.885514123336643,
  "instanceType= detect , temperature= 0.5": 27.118234641464237,
  "instanceType= detect , temperature= 0.9": 41.060633770408145,
  "instanceType= detect , inputFormat= fullFile": 44.30229623767126,
  "instanceType= detect , inputFormat= snippet": 17.310598426303855,
  "instanceType= detect , margin= 0": 19.676249568153185,
  "instanceType= detect , margin= 2": 17.753265029982362,
  "instanceType= detect , margin= 5": 12.660351726883347,
  "instanceType= detect , projectName= argoumlrefactor": 7.207038860962197,
  "instanceType= detect , projectName= rocketmq_refactor": 50.02988109056121,
  "instanceType= detect , instructionType= definitionBased": 38.61891221198472,
  "instanceType= detect , instructionType= exampleBased": 6.4675859083563285,
  "instanceType= detect , instructionType= noDefinitionBased": 7.05169013010612,
  "instanceType= detect , includeUsages= noUsages": 27.135368690174808,
  "model= gpt-4-1106-preview": 27.135368690174808,
  "model= gpt-4-1106-preview , instanceType= detect": 27.135368690174808,
  "model= gpt-4-1106-preview , temperature= 0.1": 12.885514123336643,
  "model= gpt-4-1106-preview , temperature= 0.5": 27.118234641464237,
  "model= gpt-4-1106-preview , temperature= 0.9": 41.060633770408145,
  "model= gpt-4-1106-preview , inputFormat= fullFile": 44.30229623767126,
  "model= gpt-4-1106-preview , inputFormat= snippet": 17.310598426303855,
  "model= gpt-4-1106-preview , margin= 0": 19.676249568153185,
  "model= gpt-4-1106-preview , margin= 2": 17.753265029982362,
  "model= gpt-4-1106-preview , margin= 5": 12.660351726883347,
  "model= gpt-4-1106-preview , projectName= argoumlrefactor": 7.207038860962197,
  "model= gpt-4-1106-preview , projectName= rocketmq_refactor": 50.02988109056121,
  "model= gpt-4-1106-preview , instructionType= definitionBased": 38.61891221198472,
  "model= gpt-4-1106-preview , instructionType= exampleBased": 6.4675859083563285,
  "model= gpt-4-1106-preview , instructionType= noDefinitionBased": 7.05169013010612,
  "model= gpt-4-1106-preview , includeUsages= noUsages": 27.135368690174808,
  "temperature= 0.1": 12.885514123336643,
  "temperature= 0.5": 27.118234641464237,
  "temperature= 0.9": 41.060633770408145,
  "temperature= 0.1 , instanceType= detect": 12.885514123336643,
  "temperature= 0.5 , instanceType= detect": 27.118234641464237,
  "temperature= 0.9 , instanceType= detect": 41.060633770408145,
  "temperature= 0.1 , model= gpt-4-1106-preview": 12.885514123336643,
  "temperature= 0.5 , model= gpt-4-1106-preview": 27.118234641464237,
  "temperature= 0.9 , model= gpt-4-1106-preview": 41.060633770408145,
  "temperature= 0.1 , inputFormat= fullFile": 11.139766260839847,
  "temperature= 0.1 , inputFormat= snippet": 5.426374327034516,
  "temperature= 0.5 , inputFormat= fullFile": 54.1026804102564,
  "temperature= 0.5 , inputFormat= snippet": 12.351671276392036,
  "temperature= 0.9 , inputFormat= fullFile": 64.847584,
  "temperature= 0.9 , inputFormat= snippet": 32.42900725623583,
  "temperature= 0.1 , margin= 0": 7.074104888888888,
  "temperature= 0.1 , margin= 2": 5.697324263038548,
  "temperature= 0.1 , margin= 5": 1.5919019818594102,
  "temperature= 0.5 , margin= 0": 18.366319600907033,
  "temperature= 0.5 , margin= 2": 11.910222004535147,
  "temperature= 0.5 , margin= 5": 4.13219323356009,
  "temperature= 0.9 , margin= 0": 32.01671111111111,
  "temperature= 0.9 , margin= 2": 34.313539265306126,
  "temperature= 0.9 , margin= 5": 29.754869333333332,
  "temperature= 0.1 , projectName= argoumlrefactor": 5.831703602217335,
  "temperature= 0.1 , projectName= rocketmq_refactor": 23.334723440157305,
  "temperature= 0.5 , projectName= argoumlrefactor": 6.403742875442968,
  "temperature= 0.5 , projectName= rocketmq_refactor": 50.15013523154052,
  "temperature= 0.9 , projectName= argoumlrefactor": 8.341597145061728,
  "temperature= 0.9 , projectName= rocketmq_refactor": 67.6904394982993,
  "temperature= 0.1 , instructionType= definitionBased": 17.80519876591326,
  "temperature= 0.1 , instructionType= exampleBased": 5.269544444444444,
  "temperature= 0.1 , instructionType= noDefinitionBased": 4.715882479762059,
  "temperature= 0.5 , instructionType= definitionBased": 38.43588459427753,
  "temperature= 0.5 , instructionType= exampleBased": 6.614627182371962,
  "temperature= 0.5 , instructionType= noDefinitionBased": 6.3813550295858,
  "temperature= 0.9 , instructionType= definitionBased": 57.77239814184933,
  "temperature= 0.9 , instructionType= exampleBased": 6.2953777777777775,
  "temperature= 0.9 , instructionType= noDefinitionBased": 9.720513194444443,
  "temperature= 0.1 , includeUsages= noUsages": 12.885514123336643,
  "temperature= 0.5 , includeUsages= noUsages": 27.118234641464237,
  "temperature= 0.9 , includeUsages= noUsages": 41.060633770408145,
  "iteration= 0": 21.061469822256125,
  "iteration= 1": 23.83807226603848,
  "iteration= 2": 19.552463541916968,
  "iteration= 3": 21.58803597940189,
  "iteration= 4": 10.668966460282029,
  "iteration= 5": 53.323202819901105,
  "iteration= 6": 42.918956079538304,
  "iteration= 7": 61.62249228395061,
  "iteration= 8": 29.962312413391285,
  "iteration= 9": 36.24570987654321,
  "inputFormat= fullFile": 44.30229623767126,
  "inputFormat= snippet": 17.310598426303855,
  "inputFormat= fullFile , instanceType= detect": 44.30229623767126,
  "inputFormat= snippet , instanceType= detect": 17.310598426303855,
  "inputFormat= fullFile , model= gpt-4-1106-preview": 44.30229623767126,
  "inputFormat= snippet , model= gpt-4-1106-preview": 17.310598426303855,
  "inputFormat= fullFile , temperature= 0.1": 11.139766260839847,
  "inputFormat= fullFile , temperature= 0.5": 54.1026804102564,
  "inputFormat= fullFile , temperature= 0.9": 64.847584,
  "inputFormat= snippet , temperature= 0.1": 5.426374327034516,
  "inputFormat= snippet , temperature= 0.5": 12.351671276392036,
  "inputFormat= snippet , temperature= 0.9": 32.42900725623583,
  "inputFormat= snippet , margin= 0": 19.676249568153185,
  "inputFormat= snippet , margin= 2": 17.753265029982362,
  "inputFormat= snippet , margin= 5": 12.660351726883347,
  "inputFormat= fullFile , projectName= argoumlrefactor": 16.966940986522708,
  "inputFormat= fullFile , projectName= rocketmq_refactor": 39.5921701388889,
  "inputFormat= snippet , projectName= argoumlrefactor": 3.583425396825394,
  "inputFormat= snippet , projectName= rocketmq_refactor": 36.27970071334089,
  "inputFormat= fullFile , instructionType= definitionBased": 52.779260021338196,
  "inputFormat= fullFile , instructionType= exampleBased": 12.205467163415882,
  "inputFormat= fullFile , instructionType= noDefinitionBased": 17.27656429161011,
  "inputFormat= snippet , instructionType= definitionBased": 26.106476646479347,
  "inputFormat= snippet , instructionType= exampleBased": 2.5207537974860728,
  "inputFormat= snippet , instructionType= noDefinitionBased": 3.536735802469137,
  "inputFormat= fullFile , includeUsages= noUsages": 44.30229623767126,
  "inputFormat= snippet , includeUsages= noUsages": 17.310598426303855,
  "margin= 0": 19.676249568153185,
  "margin= 2": 17.753265029982362,
  "margin= 5": 12.660351726883347,
  "margin= 0 , instanceType= detect": 19.676249568153185,
  "margin= 2 , instanceType= detect": 17.753265029982362,
  "margin= 5 , instanceType= detect": 12.660351726883347,
  "margin= 0 , model= gpt-4-1106-preview": 19.676249568153185,
  "margin= 2 , model= gpt-4-1106-preview": 17.753265029982362,
  "margin= 5 , model= gpt-4-1106-preview": 12.660351726883347,
  "margin= 0 , temperature= 0.1": 7.074104888888888,
  "margin= 0 , temperature= 0.5": 18.366319600907033,
  "margin= 0 , temperature= 0.9": 32.01671111111111,
  "margin= 2 , temperature= 0.1": 5.697324263038548,
  "margin= 2 , temperature= 0.5": 11.910222004535147,