{
  "instanceType= detect": 10762549.7331679,
  "instanceType= detect , model= gpt-4-1106-preview": 10762549.7331679,
  "instanceType= detect , temperature= 0.1": 11304639.653156945,
  "instanceType= detect , temperature= 0.5": 8559972.426495127,
  "instanceType= detect , temperature= 0.9": 12492425.654894954,
  "instanceType= detect , inputFormat= fullFile": 18201860.808867723,
  "instanceType= detect , inputFormat= snippet": 8369191.305963882,
  "instanceType= detect , margin= 0": 6325539.80954643,
  "instanceType= detect , margin= 2": 14443628.054774754,
  "instanceType= detect , margin= 5": 3983912.8800190864,
  "instanceType= detect , instructionType= definitionBased": 17069444.154368695,
  "instanceType= detect , instructionType= exampleBased": 29.374833102664514,
  "instanceType= detect , instructionType= noDefinitionBased": 25.314588451216462,
  "model= gpt-4-1106-preview": 10762549.7331679,
  "model= gpt-4-1106-preview , instanceType= detect": 10762549.7331679,
  "model= gpt-4-1106-preview , temperature= 0.1": 11304639.653156945,
  "model= gpt-4-1106-preview , temperature= 0.5": 8559972.426495127,
  "model= gpt-4-1106-preview , temperature= 0.9": 12492425.654894954,
  "model= gpt-4-1106-preview , inputFormat= fullFile": 18201860.808867723,
  "model= gpt-4-1106-preview , inputFormat= snippet": 8369191.305963882,
  "model= gpt-4-1106-preview , margin= 0": 6325539.80954643,
  "model= gpt-4-1106-preview , margin= 2": 14443628.054774754,
  "model= gpt-4-1106-preview , margin= 5": 3983912.8800190864,
  "model= gpt-4-1106-preview , instructionType= definitionBased": 17069444.154368695,
  "model= gpt-4-1106-preview , instructionType= exampleBased": 29.374833102664514,
  "model= gpt-4-1106-preview , instructionType= noDefinitionBased": 25.314588451216462,
  "temperature= 0.1": 11304639.653156945,
  "temperature= 0.5": 8559972.426495127,
  "temperature= 0.9": 12492425.654894954,
  "temperature= 0.1 , instanceType= detect": 11304639.653156945,
  "temperature= 0.5 , instanceType= detect": 8559972.426495127,
  "temperature= 0.9 , instanceType= detect": 12492425.654894954,
  "temperature= 0.1 , model= gpt-4-1106-preview": 11304639.653156945,
  "temperature= 0.5 , model= gpt-4-1106-preview": 8559972.426495127,
  "temperature= 0.9 , model= gpt-4-1106-preview": 12492425.654894954,
  "temperature= 0.1 , inputFormat= fullFile": 16028072.18635093,
  "temperature= 0.1 , inputFormat= snippet": 9681891.729665032,
  "temperature= 0.5 , inputFormat= fullFile": 24733824.61456877,
  "temperature= 0.5 , inputFormat= snippet": 2473010.5249301684,
  "temperature= 0.9 , inputFormat= fullFile": 11588813.441304328,
  "temperature= 0.9 , inputFormat= snippet": 12714613.70273512,
  "temperature= 0.1 , margin= 0": 8396203.86831752,
  "temperature= 0.1 , margin= 2": 19308118.876169525,
  "temperature= 0.1 , margin= 5": 32.98847266664274,
  "temperature= 0.5 , margin= 0": 2912034.2153009647,
  "temperature= 0.5 , margin= 2": 4401784.677084004,
  "temperature= 0.5 , margin= 5": 32.67108934939331,
  "temperature= 0.9 , margin= 0": 7632747.561025927,
  "temperature= 0.9 , margin= 2": 18890523.03134965,
  "temperature= 0.9 , margin= 5": 11361986.226536404,
  "temperature= 0.1 , instructionType= definitionBased": 18047104.581257224,
  "temperature= 0.1 , instructionType= exampleBased": 23.88163160493827,
  "temperature= 0.1 , instructionType= noDefinitionBased": 15.296732627228565,
  "temperature= 0.5 , instructionType= definitionBased": 13554070.70658511,
  "temperature= 0.5 , instructionType= exampleBased": 26.242844308126415,
  "temperature= 0.5 , instructionType= noDefinitionBased": 33.04423509094984,
  "temperature= 0.9 , instructionType= definitionBased": 19696663.08859707,
  "temperature= 0.9 , instructionType= exampleBased": 36.33595194418797,
  "temperature= 0.9 , instructionType= noDefinitionBased": 26.373086709581234,
  "iteration= 0": 5079766.634544272,
  "iteration= 1": 4299899.279863688,
  "iteration= 2": 6942156.147719729,
  "iteration= 3": 8498075.340664096,
  "iteration= 4": 14083642.358484406,
  "iteration= 5": 21500514.926177774,
  "iteration= 6": 20028471.85786215,
  "iteration= 7": 15499440.76150442,
  "iteration= 8": 15432718.59180042,
  "iteration= 9": 30778559.733962417,
  "inputFormat= fullFile": 18201860.808867723,
  "inputFormat= snippet": 8369191.305963882,
  "inputFormat= fullFile , instanceType= detect": 18201860.808867723,
  "inputFormat= snippet , instanceType= detect": 8369191.305963882,
  "inputFormat= fullFile , model= gpt-4-1106-preview": 18201860.808867723,
  "inputFormat= snippet , model= gpt-4-1106-preview": 8369191.305963882,
  "inputFormat= fullFile , temperature= 0.1": 16028072.18635093,
  "inputFormat= fullFile , temperature= 0.5": 24733824.61456877,
  "inputFormat= fullFile , temperature= 0.9": 11588813.441304328,
  "inputFormat= snippet , temperature= 0.1": 9681891.729665032,
  "inputFormat= snippet , temperature= 0.5": 2473010.5249301684,
  "inputFormat= snippet , temperature= 0.9": 12714613.70273512,
  "inputFormat= snippet , margin= 0": 6325539.80954643,
  "inputFormat= snippet , margin= 2": 14443628.054774754,
  "inputFormat= snippet , margin= 5": 3983912.8800190864,
  "inputFormat= fullFile , instructionType= definitionBased": 27405703.81560593,
  "inputFormat= fullFile , instructionType= exampleBased": 27.450504753900077,
  "inputFormat= fullFile , instructionType= noDefinitionBased": 30.3389950914676,
  "inputFormat= snippet , instructionType= definitionBased": 13486250.922964897,
  "inputFormat= snippet , instructionType= exampleBased": 22.63315436077421,
  "inputFormat= snippet , instructionType= noDefinitionBased": 23.512654950617293,
  "margin= 0": 6325539.80954643,
  "margin= 2": 14443628.054774754,
  "margin= 5": 3983912.8800190864,
  "margin= 0 , instanceType= detect": 6325539.80954643,
  "margin= 2 , instanceType= detect": 14443628.054774754,
  "margin= 5 , instanceType= detect": 3983912.8800190864,
  "margin= 0 , model= gpt-4-1106-preview": 6325539.80954643,
  "margin= 2 , model= gpt-4-1106-preview": 14443628.054774754,
  "margin= 5 , model= gpt-4-1106-preview": 3983912.8800190864,
  "margin= 0 , temperature= 0.1": 8396203.86831752,
  "margin= 0 , temperature= 0.5": 2912034.2153009647,
  "margin= 0 , temperature= 0.9": 7632747.561025927,
  "margin= 2 , temperature= 0.1": 19308118.876169525,
  "margin= 2 , temperature= 0.5": 4401784.677084004,
  "margin= 2 , temperature= 0.9": 18890523.03134965,
  "margin= 5 , temperature= 0.1": 32.98847266664274,
  "margin= 5 , temperature= 0.5": 32.67108934939331,
  "margin= 5 , temperature= 0.9": 11361986.226536404,
  "margin= 0 , inputFormat= snippet": 6325539.80954643,
  "margin= 2 , inputFormat= snippet": 14443628.054774754,
  "margin= 5 , inputFormat= snippet": 3983912.8800190864,
  "margin= 0 , instructionType= definitionBased": 10264322.515086722,
  "margin= 0 , instructionType= exampleBased": 12.036787851851852,
  "margin= 0 , instructionType= noDefinitionBased": 2.565297179012346,
  "margin= 2 , instructionType= definitionBased": 22630908.907492254,
  "margin= 2 , instructionType= exampleBased": 23.493399900690672,
  "margin= 2 , instructionType= noDefinitionBased": 24.693571500685866,
  "margin= 5 , instructionType= definitionBased": 6530765.6490222085,
  "margin= 5 , instructionType= exampleBased": 18.747211555555555,
  "margin= 5 , instructionType= noDefinitionBased": 22.315113031550073,
  "instructionType= definitionBased": 17069444.154368695,
  "instructionType= exampleBased": 29.374833102664514,
  "instructionType= noDefinitionBased": 25.314588451216462,
  "instructionType= definitionBased , instanceType= detect": 17069444.154368695,
  "instructionType= exampleBased , instanceType= detect": 29.374833102664514,
  "instructionType= noDefinitionBased , instanceType= detect": 25.314588451216462,
  "instructionType= definitionBased , model= gpt-4-1106-preview": 17069444.154368695,