{
  "instanceType= detect": 8.514622222222199,
  "instanceType= detect , model= gpt-4-1106-preview": 8.514622222222199,
  "instanceType= detect , temperature= 0.1": 12.912400000000012,
  "instanceType= detect , temperature= 0.5": 7.4899000000000004,
  "instanceType= detect , temperature= 0.9": 3.5290999999999983,
  "instanceType= detect , inputFormat= fullFile": 22.491733333333332,
  "instanceType= detect , inputFormat= snippet": 3.7195061728395085,
  "instanceType= detect , margin= 0": 2.2666666666666666,
  "instanceType= detect , margin= 2": 3.7859555555555553,
  "instanceType= detect , margin= 5": 4.806400000000001,
  "instanceType= detect , projectName= argoumlrefactor": 10.479135802469134,
  "instanceType= detect , projectName= rocketmq_refactor": 4.812222222222222,
  "instanceType= detect , instructionType= definitionBased": 6.29617283950616,
  "instanceType= detect , instructionType= exampleBased": 7.24888888888889,
  "instanceType= detect , instructionType= noDefinitionBased": 14.328888888888896,
  "instanceType= detect , includeUsages= noUsages": 8.514622222222199,
  "model= gpt-4-1106-preview": 8.514622222222199,
  "model= gpt-4-1106-preview , instanceType= detect": 8.514622222222199,
  "model= gpt-4-1106-preview , temperature= 0.1": 12.912400000000012,
  "model= gpt-4-1106-preview , temperature= 0.5": 7.4899000000000004,
  "model= gpt-4-1106-preview , temperature= 0.9": 3.5290999999999983,
  "model= gpt-4-1106-preview , inputFormat= fullFile": 22.491733333333332,
  "model= gpt-4-1106-preview , inputFormat= snippet": 3.7195061728395085,
  "model= gpt-4-1106-preview , margin= 0": 2.2666666666666666,
  "model= gpt-4-1106-preview , margin= 2": 3.7859555555555553,
  "model= gpt-4-1106-preview , margin= 5": 4.806400000000001,
  "model= gpt-4-1106-preview , projectName= argoumlrefactor": 10.479135802469134,
  "model= gpt-4-1106-preview , projectName= rocketmq_refactor": 4.812222222222222,
  "model= gpt-4-1106-preview , instructionType= definitionBased": 6.29617283950616,
  "model= gpt-4-1106-preview , instructionType= exampleBased": 7.24888888888889,
  "model= gpt-4-1106-preview , instructionType= noDefinitionBased": 14.328888888888896,
  "model= gpt-4-1106-preview , includeUsages= noUsages": 8.514622222222199,
  "temperature= 0.1": 12.912400000000012,
  "temperature= 0.5": 7.4899000000000004,
  "temperature= 0.9": 3.5290999999999983,
  "temperature= 0.1 , instanceType= detect": 12.912400000000012,
  "temperature= 0.5 , instanceType= detect": 7.4899000000000004,
  "temperature= 0.9 , instanceType= detect": 3.5290999999999983,
  "temperature= 0.1 , model= gpt-4-1106-preview": 12.912400000000012,
  "temperature= 0.5 , model= gpt-4-1106-preview": 7.4899000000000004,
  "temperature= 0.9 , model= gpt-4-1106-preview": 3.5290999999999983,
  "temperature= 0.1 , inputFormat= fullFile": 35.782399999999996,
  "temperature= 0.1 , inputFormat= snippet": 4.289066666666666,
  "temperature= 0.5 , inputFormat= fullFile": 18,
  "temperature= 0.5 , inputFormat= snippet": 3.8709333333333316,
  "temperature= 0.9 , inputFormat= fullFile": 7.0656,
  "temperature= 0.9 , inputFormat= snippet": 2.295822222222221,
  "temperature= 0.1 , margin= 0": 1.7600000000000002,
  "temperature= 0.1 , margin= 2": 3.4655999999999993,
  "temperature= 0.1 , margin= 5": 4.24,
  "temperature= 0.5 , margin= 0": 2.6464000000000003,
  "temperature= 0.5 , margin= 2": 4.102399999999999,
  "temperature= 0.5 , margin= 5": 4.774399999999999,
  "temperature= 0.9 , margin= 0": 1.5263999999999998,
  "temperature= 0.9 , margin= 2": 3.2,
  "temperature= 0.9 , margin= 5": 2.0896,
  "temperature= 0.1 , projectName= argoumlrefactor": 16.428888888888885,
  "temperature= 0.1 , projectName= rocketmq_refactor": 5.1975,
  "temperature= 0.5 , projectName= argoumlrefactor": 9.043055555555554,
  "temperature= 0.5 , projectName= rocketmq_refactor": 4.477500000000001,
  "temperature= 0.9 , projectName= argoumlrefactor": 2.8763888888888896,
  "temperature= 0.9 , projectName= rocketmq_refactor": 4.459999999999999,
  "temperature= 0.1 , instructionType= definitionBased": 9.714166666666667,
  "temperature= 0.1 , instructionType= exampleBased": 9.727500000000001,
  "temperature= 0.1 , instructionType= noDefinitionBased": 21,
  "temperature= 0.5 , instructionType= definitionBased": 4.523333333333338,
  "temperature= 0.5 , instructionType= exampleBased": 7.6875,
  "temperature= 0.5 , instructionType= noDefinitionBased": 13.3,
  "temperature= 0.9 , instructionType= definitionBased": 3.7163888888888867,
  "temperature= 0.9 , instructionType= exampleBased": 2.4,
  "temperature= 0.9 , instructionType= noDefinitionBased": 3.460000000000001,
  "temperature= 0.1 , includeUsages= noUsages": 12.912400000000012,
  "temperature= 0.5 , includeUsages= noUsages": 7.4899000000000004,
  "temperature= 0.9 , includeUsages= noUsages": 3.5290999999999983,
  "iteration= 0": 14.748263888888888,
  "iteration= 1": 7.4565972222222205,
  "iteration= 2": 10.329427083333334,
  "iteration= 3": 6.037760416666667,
  "iteration= 4": 6.412760416666667,
  "iteration= 5": 5.583333333333333,
  "iteration= 6": 5.576388888888888,
  "iteration= 7": 2.805555555555556,
  "iteration= 8": 10.333333333333334,
  "iteration= 9": 1.638888888888889,
  "inputFormat= fullFile": 22.491733333333332,
  "inputFormat= snippet": 3.7195061728395085,
  "inputFormat= fullFile , instanceType= detect": 22.491733333333332,
  "inputFormat= snippet , instanceType= detect": 3.7195061728395085,
  "inputFormat= fullFile , model= gpt-4-1106-preview": 22.491733333333332,
  "inputFormat= snippet , model= gpt-4-1106-preview": 3.7195061728395085,
  "inputFormat= fullFile , temperature= 0.1": 35.782399999999996,
  "inputFormat= fullFile , temperature= 0.5": 18,
  "inputFormat= fullFile , temperature= 0.9": 7.0656,
  "inputFormat= snippet , temperature= 0.1": 4.289066666666666,
  "inputFormat= snippet , temperature= 0.5": 3.8709333333333316,
  "inputFormat= snippet , temperature= 0.9": 2.295822222222221,
  "inputFormat= snippet , margin= 0": 2.2666666666666666,
  "inputFormat= snippet , margin= 2": 3.7859555555555553,
  "inputFormat= snippet , margin= 5": 4.806400000000001,
  "inputFormat= fullFile , projectName= argoumlrefactor": 29.950617283950614,
  "inputFormat= fullFile , projectName= rocketmq_refactor": 5.328888888888889,
  "inputFormat= snippet , projectName= argoumlrefactor": 3.1585185185185174,
  "inputFormat= snippet , projectName= rocketmq_refactor": 4.442469135802469,
  "inputFormat= fullFile , instructionType= definitionBased": 13.295802469135797,
  "inputFormat= fullFile , instructionType= exampleBased": 20.959999999999994,
  "inputFormat= fullFile , instructionType= noDefinitionBased": 38.86222222222222,
  "inputFormat= snippet , instructionType= definitionBased": 3.956323731138545,
  "inputFormat= snippet , instructionType= exampleBased": 2.4809876543209866,
  "inputFormat= snippet , instructionType= noDefinitionBased": 3.446913580246912,
  "inputFormat= fullFile , includeUsages= noUsages": 22.491733333333332,
  "inputFormat= snippet , includeUsages= noUsages": 3.7195061728395085,
  "margin= 0": 2.2666666666666666,
  "margin= 2": 3.7859555555555553,
  "margin= 5": 4.806400000000001,
  "margin= 0 , instanceType= detect": 2.2666666666666666,
  "margin= 2 , instanceType= detect": 3.7859555555555553,
  "margin= 5 , instanceType= detect": 4.806400000000001,
  "margin= 0 , model= gpt-4-1106-preview": 2.2666666666666666,
  "margin= 2 , model= gpt-4-1106-preview": 3.7859555555555553,
  "margin= 5 , model= gpt-4-1106-preview": 4.806400000000001,
  "margin= 0 , temperature= 0.1": 1.7600000000000002,
  "margin= 0 , temperature= 0.5": 2.6464000000000003,
  "margin= 0 , temperature= 0.9": 1.5263999999999998,
  "margin= 2 , temperature= 0.1": 3.4655999999999993,
  "margin= 2 , temperature= 0.5": 4.102399999999999,
  "margin= 2 , temperature= 0.9": 3.2,
  "margin= 5 , temperature= 0.1": 4.24,
  "margin= 5 , temperature= 0.5": 4.774399999999999,
  "margin= 5 , temperature= 0.9": 2.0896,