{
  "instanceType= detect": 0.07368231829802785,
  "instanceType= detect , model= gpt-4-1106-preview": 0.07368231829802785,
  "instanceType= detect , temperature= 0.1": 0.06999999999999995,
  "instanceType= detect , temperature= 0.5": 0.07189999999999996,
  "instanceType= detect , temperature= 0.9": 0.07918294270833333,
  "instanceType= detect , inputFormat= fullFile": 0.12943672839506176,
  "instanceType= detect , inputFormat= snippet": 0.054562938456632695,
  "instanceType= detect , margin= 0": 0.08222222222222218,
  "instanceType= detect , margin= 2": 0.04168188458729003,
  "instanceType= detect , margin= 5": 0.028888888888888895,
  "instanceType= detect , instructionType= definitionBased": 0.10224044421487588,
  "instanceType= detect , instructionType= exampleBased": 0.03083333333333329,
  "instanceType= detect , instructionType= noDefinitionBased": 0.025763888888888926,
  "model= gpt-4-1106-preview": 0.07368231829802785,
  "model= gpt-4-1106-preview , instanceType= detect": 0.07368231829802785,
  "model= gpt-4-1106-preview , temperature= 0.1": 0.06999999999999995,
  "model= gpt-4-1106-preview , temperature= 0.5": 0.07189999999999996,
  "model= gpt-4-1106-preview , temperature= 0.9": 0.07918294270833333,
  "model= gpt-4-1106-preview , inputFormat= fullFile": 0.12943672839506176,
  "model= gpt-4-1106-preview , inputFormat= snippet": 0.054562938456632695,
  "model= gpt-4-1106-preview , margin= 0": 0.08222222222222218,
  "model= gpt-4-1106-preview , margin= 2": 0.04168188458729003,
  "model= gpt-4-1106-preview , margin= 5": 0.028888888888888895,
  "model= gpt-4-1106-preview , instructionType= definitionBased": 0.10224044421487588,
  "model= gpt-4-1106-preview , instructionType= exampleBased": 0.03083333333333329,
  "model= gpt-4-1106-preview , instructionType= noDefinitionBased": 0.025763888888888926,
  "temperature= 0.1": 0.06999999999999995,
  "temperature= 0.5": 0.07189999999999996,
  "temperature= 0.9": 0.07918294270833333,
  "temperature= 0.1 , instanceType= detect": 0.06999999999999995,
  "temperature= 0.5 , instanceType= detect": 0.07189999999999996,
  "temperature= 0.9 , instanceType= detect": 0.07918294270833333,
  "temperature= 0.1 , model= gpt-4-1106-preview": 0.06999999999999995,
  "temperature= 0.5 , model= gpt-4-1106-preview": 0.07189999999999996,
  "temperature= 0.9 , model= gpt-4-1106-preview": 0.07918294270833333,
  "temperature= 0.1 , inputFormat= fullFile": 0.18239999999999998,
  "temperature= 0.1 , inputFormat= snippet": 0.023822222222222217,
  "temperature= 0.5 , inputFormat= fullFile": 0.10559999999999999,
  "temperature= 0.5 , inputFormat= snippet": 0.06026666666666671,
  "temperature= 0.9 , inputFormat= fullFile": 0.08264462809917354,
  "temperature= 0.9 , inputFormat= snippet": 0.07802227903579254,
  "temperature= 0.1 , margin= 0": 0.05440000000000001,
  "temperature= 0.1 , margin= 2": 0,
  "temperature= 0.1 , margin= 5": 0,
  "temperature= 0.5 , margin= 0": 0.09439999999999998,
  "temperature= 0.5 , margin= 2": 0.0736,
  "temperature= 0.5 , margin= 5": 0,
  "temperature= 0.9 , margin= 0": 0.09759999999999999,
  "temperature= 0.9 , margin= 2": 0.048177083333333336,
  "temperature= 0.9 , margin= 5": 0.08,
  "temperature= 0.1 , instructionType= definitionBased": 0.0924305555555557,
  "temperature= 0.1 , instructionType= exampleBased": 0.031874999999999994,
  "temperature= 0.1 , instructionType= noDefinitionBased": 0.040000000000000015,
  "temperature= 0.5 , instructionType= definitionBased": 0.1072222222222223,
  "temperature= 0.5 , instructionType= exampleBased": 0.011874999999999993,
  "temperature= 0.5 , instructionType= noDefinitionBased": 0.011874999999999993,
  "temperature= 0.9 , instructionType= definitionBased": 0.10642538265306124,
  "temperature= 0.9 , instructionType= exampleBased": 0.04749999999999998,
  "temperature= 0.9 , instructionType= noDefinitionBased": 0.022500000000000003,
  "iteration= 0": 0.02376641014033498,
  "iteration= 1": 0.04158790170132326,
  "iteration= 2": 0.07248263888888891,
  "iteration= 3": 0.09483929379809866,
  "iteration= 4": 0.03374565972222223,
  "iteration= 5": 0.13888888888888887,
  "iteration= 6": 0.07638888888888885,
  "iteration= 7": 0.2222222222222223,
  "iteration= 8": 0.14409722222222215,
  "iteration= 9": 0.07638888888888885,
  "inputFormat= fullFile": 0.12943672839506176,
  "inputFormat= snippet": 0.054562938456632695,
  "inputFormat= fullFile , instanceType= detect": 0.12943672839506176,
  "inputFormat= snippet , instanceType= detect": 0.054562938456632695,
  "inputFormat= fullFile , model= gpt-4-1106-preview": 0.12943672839506176,
  "inputFormat= snippet , model= gpt-4-1106-preview": 0.054562938456632695,
  "inputFormat= fullFile , temperature= 0.1": 0.18239999999999998,
  "inputFormat= fullFile , temperature= 0.5": 0.10559999999999999,
  "inputFormat= fullFile , temperature= 0.9": 0.08264462809917354,
  "inputFormat= snippet , temperature= 0.1": 0.023822222222222217,
  "inputFormat= snippet , temperature= 0.5": 0.06026666666666671,
  "inputFormat= snippet , temperature= 0.9": 0.07802227903579254,
  "inputFormat= snippet , margin= 0": 0.08222222222222218,
  "inputFormat= snippet , margin= 2": 0.04168188458729003,
  "inputFormat= snippet , margin= 5": 0.028888888888888895,
  "inputFormat= fullFile , instructionType= definitionBased": 0.1933106575963721,
  "inputFormat= fullFile , instructionType= exampleBased": 0,
  "inputFormat= fullFile , instructionType= noDefinitionBased": 0,
  "inputFormat= snippet , instructionType= definitionBased": 0.06660726219648026,
  "inputFormat= snippet , instructionType= exampleBased": 0.04000000000000003,
  "inputFormat= snippet , instructionType= noDefinitionBased": 0.032839506172839546,
  "margin= 0": 0.08222222222222218,
  "margin= 2": 0.04168188458729003,
  "margin= 5": 0.028888888888888895,
  "margin= 0 , instanceType= detect": 0.08222222222222218,
  "margin= 2 , instanceType= detect": 0.04168188458729003,
  "margin= 5 , instanceType= detect": 0.028888888888888895,
  "margin= 0 , model= gpt-4-1106-preview": 0.08222222222222218,
  "margin= 2 , model= gpt-4-1106-preview": 0.04168188458729003,
  "margin= 5 , model= gpt-4-1106-preview": 0.028888888888888895,
  "margin= 0 , temperature= 0.1": 0.05440000000000001,
  "margin= 0 , temperature= 0.5": 0.09439999999999998,
  "margin= 0 , temperature= 0.9": 0.09759999999999999,
  "margin= 2 , temperature= 0.1": 0,
  "margin= 2 , temperature= 0.5": 0.0736,
  "margin= 2 , temperature= 0.9": 0.048177083333333336,
  "margin= 5 , temperature= 0.1": 0,
  "margin= 5 , temperature= 0.5": 0,
  "margin= 5 , temperature= 0.9": 0.08,
  "margin= 0 , inputFormat= snippet": 0.08222222222222218,
  "margin= 2 , inputFormat= snippet": 0.04168188458729003,
  "margin= 5 , inputFormat= snippet": 0.028888888888888895,
  "margin= 0 , instructionType= definitionBased": 0.0980246913580247,
  "margin= 0 , instructionType= exampleBased": 0.0488888888888889,
  "margin= 0 , instructionType= noDefinitionBased": 0.062222222222222213,
  "margin= 2 , instructionType= definitionBased": 0.04790805785123966,
  "margin= 2 , instructionType= exampleBased": 0.06222222222222223,
  "margin= 2 , instructionType= noDefinitionBased": 0,
  "margin= 5 , instructionType= definitionBased": 0.04691358024691357,
  "margin= 5 , instructionType= exampleBased": 0,
  "margin= 5 , instructionType= noDefinitionBased": 0,
  "instructionType= definitionBased": 0.10224044421487588,
  "instructionType= exampleBased": 0.03083333333333329,
  "instructionType= noDefinitionBased": 0.025763888888888926,
  "instructionType= definitionBased , instanceType= detect": 0.10224044421487588,
  "instructionType= exampleBased , instanceType= detect": 0.03083333333333329,
  "instructionType= noDefinitionBased , instanceType= detect": 0.025763888888888926,
  "instructionType= definitionBased , model= gpt-4-1106-preview": 0.10224044421487588,