{
  "instanceType= detect": 0.007888021482344557,
  "instanceType= detect , model= gpt-4-1106-preview": 0.007888021482344557,
  "instanceType= detect , temperature= 0.1": 0.00807486355319446,
  "instanceType= detect , temperature= 0.5": 0.007618644249778276,
  "instanceType= detect , temperature= 0.9": 0.007958721814986299,
  "instanceType= detect , inputFormat= fullFile": 0.0005566537650589076,
  "instanceType= detect , inputFormat= snippet": 0.009527816063784392,
  "instanceType= detect , margin= 0": 0.01305206895233195,
  "instanceType= detect , margin= 2": 0.005716548587086793,
  "instanceType= detect , margin= 5": 0.003132725174113695,
  "instanceType= detect , projectName= argoumlrefactor": 0.010022239736649069,
  "instanceType= detect , projectName= rocketmq_refactor": 0.003145392740749037,
  "instanceType= detect , instructionType= definitionBased": 0.005613216265944908,
  "instanceType= detect , instructionType= exampleBased": 0.01063799346527606,
  "instanceType= detect , instructionType= noDefinitionBased": 0.009755360905756868,
  "instanceType= detect , includeUsages= noUsages": 0.007888021482344557,
  "model= gpt-4-1106-preview": 0.007888021482344557,
  "model= gpt-4-1106-preview , instanceType= detect": 0.007888021482344557,
  "model= gpt-4-1106-preview , temperature= 0.1": 0.00807486355319446,
  "model= gpt-4-1106-preview , temperature= 0.5": 0.007618644249778276,
  "model= gpt-4-1106-preview , temperature= 0.9": 0.007958721814986299,
  "model= gpt-4-1106-preview , inputFormat= fullFile": 0.0005566537650589076,
  "model= gpt-4-1106-preview , inputFormat= snippet": 0.009527816063784392,
  "model= gpt-4-1106-preview , margin= 0": 0.01305206895233195,
  "model= gpt-4-1106-preview , margin= 2": 0.005716548587086793,
  "model= gpt-4-1106-preview , margin= 5": 0.003132725174113695,
  "model= gpt-4-1106-preview , projectName= argoumlrefactor": 0.010022239736649069,
  "model= gpt-4-1106-preview , projectName= rocketmq_refactor": 0.003145392740749037,
  "model= gpt-4-1106-preview , instructionType= definitionBased": 0.005613216265944908,
  "model= gpt-4-1106-preview , instructionType= exampleBased": 0.01063799346527606,
  "model= gpt-4-1106-preview , instructionType= noDefinitionBased": 0.009755360905756868,
  "model= gpt-4-1106-preview , includeUsages= noUsages": 0.007888021482344557,
  "temperature= 0.1": 0.00807486355319446,
  "temperature= 0.5": 0.007618644249778276,
  "temperature= 0.9": 0.007958721814986299,
  "temperature= 0.1 , instanceType= detect": 0.00807486355319446,
  "temperature= 0.5 , instanceType= detect": 0.007618644249778276,
  "temperature= 0.9 , instanceType= detect": 0.007958721814986299,
  "temperature= 0.1 , model= gpt-4-1106-preview": 0.00807486355319446,
  "temperature= 0.5 , model= gpt-4-1106-preview": 0.007618644249778276,
  "temperature= 0.9 , model= gpt-4-1106-preview": 0.007958721814986299,
  "temperature= 0.1 , inputFormat= fullFile": 0.0008911940905077586,
  "temperature= 0.1 , inputFormat= snippet": 0.009894984351768303,
  "temperature= 0.5 , inputFormat= fullFile": 0.0006571726017375399,
  "temperature= 0.5 , inputFormat= snippet": 0.009123752098051986,
  "temperature= 0.9 , inputFormat= fullFile": 0,
  "temperature= 0.9 , inputFormat= snippet": 0.009539797567838123,
  "temperature= 0.1 , margin= 0": 0.014212630123456794,
  "temperature= 0.1 , margin= 2": 0.006053946513412619,
  "temperature= 0.1 , margin= 5": 0,
  "temperature= 0.5 , margin= 0": 0.011327762777777781,
  "temperature= 0.5 , margin= 2": 0.005803863703703706,
  "temperature= 0.5 , margin= 5": 0.002723721645687753,
  "temperature= 0.9 , margin= 0": 0.013210956790123452,
  "temperature= 0.9 , margin= 2": 0.005206152343750001,
  "temperature= 0.9 , margin= 5": 0.006112000000000002,
  "temperature= 0.1 , projectName= argoumlrefactor": 0.011132582001854211,
  "temperature= 0.1 , projectName= rocketmq_refactor": 0.0002915954589843751,
  "temperature= 0.5 , projectName= argoumlrefactor": 0.00964692478580991,
  "temperature= 0.5 , projectName= rocketmq_refactor": 0.003266253547685901,
  "temperature= 0.9 , projectName= argoumlrefactor": 0.009096422165984596,
  "temperature= 0.9 , projectName= rocketmq_refactor": 0.00564023668639053,
  "temperature= 0.1 , instructionType= definitionBased": 0.00492111781865403,
  "temperature= 0.1 , instructionType= exampleBased": 0.012452368028728632,
  "temperature= 0.1 , instructionType= noDefinitionBased": 0.010236760756834856,
  "temperature= 0.5 , instructionType= definitionBased": 0.004550743684601463,
  "temperature= 0.5 , instructionType= exampleBased": 0.010755905357962343,
  "temperature= 0.5 , instructionType= noDefinitionBased": 0.009444799382716052,
  "temperature= 0.9 , instructionType= definitionBased": 0.007430920493197271,
  "temperature= 0.9 , instructionType= exampleBased": 0.007335618055555555,
  "temperature= 0.9 , instructionType= noDefinitionBased": 0.009563241512345685,
  "temperature= 0.1 , includeUsages= noUsages": 0.00807486355319446,
  "temperature= 0.5 , includeUsages= noUsages": 0.007618644249778276,
  "temperature= 0.9 , includeUsages= noUsages": 0.007958721814986299,
  "iteration= 0": 0.009646708995712112,
  "iteration= 1": 0.007511226896791764,
  "iteration= 2": 0.009383240202986594,
  "iteration= 3": 0.009583523909164147,
  "iteration= 4": 0.008169233921856636,
  "iteration= 5": 0.0007451438635709324,
  "iteration= 6": 0.004400000000000001,
  "iteration= 7": 0.0014735510973936912,
  "iteration= 8": 0.005308363172743056,
  "iteration= 9": 0,
  "inputFormat= fullFile": 0.0005566537650589076,
  "inputFormat= snippet": 0.009527816063784392,
  "inputFormat= fullFile , instanceType= detect": 0.0005566537650589076,
  "inputFormat= snippet , instanceType= detect": 0.009527816063784392,
  "inputFormat= fullFile , model= gpt-4-1106-preview": 0.0005566537650589076,
  "inputFormat= snippet , model= gpt-4-1106-preview": 0.009527816063784392,
  "inputFormat= fullFile , temperature= 0.1": 0.0008911940905077586,
  "inputFormat= fullFile , temperature= 0.5": 0.0006571726017375399,
  "inputFormat= fullFile , temperature= 0.9": 0,
  "inputFormat= snippet , temperature= 0.1": 0.009894984351768303,
  "inputFormat= snippet , temperature= 0.5": 0.009123752098051986,
  "inputFormat= snippet , temperature= 0.9": 0.009539797567838123,
  "inputFormat= snippet , margin= 0": 0.01305206895233195,
  "inputFormat= snippet , margin= 2": 0.005716548587086793,
  "inputFormat= snippet , margin= 5": 0.003132725174113695,
  "inputFormat= fullFile , projectName= argoumlrefactor": 0.0007187129952117186,
  "inputFormat= fullFile , projectName= rocketmq_refactor": 0.0003143152297244659,
  "inputFormat= snippet , projectName= argoumlrefactor": 0.011471560616702816,
  "inputFormat= snippet , projectName= rocketmq_refactor": 0.0040180578410978956,
  "inputFormat= fullFile , instructionType= definitionBased": 0.0005068989692615161,
  "inputFormat= fullFile , instructionType= exampleBased": 0.0003137145057946153,
  "inputFormat= fullFile , instructionType= noDefinitionBased": 0.0009329446064139949,
  "inputFormat= snippet , instructionType= definitionBased": 0.0069624342803074075,
  "inputFormat= snippet , instructionType= exampleBased": 0.011677526685776731,
  "inputFormat= snippet , instructionType= noDefinitionBased": 0.011268177640603574,
  "inputFormat= fullFile , includeUsages= noUsages": 0.0005566537650589076,
  "inputFormat= snippet , includeUsages= noUsages": 0.009527816063784392,
  "margin= 0": 0.01305206895233195,
  "margin= 2": 0.005716548587086793,
  "margin= 5": 0.003132725174113695,
  "margin= 0 , instanceType= detect": 0.01305206895233195,
  "margin= 2 , instanceType= detect": 0.005716548587086793,
  "margin= 5 , instanceType= detect": 0.003132725174113695,
  "margin= 0 , model= gpt-4-1106-preview": 0.01305206895233195,
  "margin= 2 , model= gpt-4-1106-preview": 0.005716548587086793,
  "margin= 5 , model= gpt-4-1106-preview": 0.003132725174113695,
  "margin= 0 , temperature= 0.1": 0.014212630123456794,