{
  "instanceType= detect": 0.07294228018510762,
  "instanceType= detect , model= gpt-4-1106-preview": 0.07294228018510762,
  "instanceType= detect , temperature= 0.1": 0.07241123587043291,
  "instanceType= detect , temperature= 0.5": 0.07100370880574447,
  "instanceType= detect , temperature= 0.9": 0.07540344444444443,
  "instanceType= detect , inputFormat= fullFile": 0.12385143461166573,
  "instanceType= detect , inputFormat= snippet": 0.05588000072786327,
  "instanceType= detect , margin= 0": 0.0675357283950617,
  "instanceType= detect , margin= 2": 0.04225790224237846,
  "instanceType= detect , margin= 5": 0.032686473670949866,
  "instanceType= detect , instructionType= definitionBased": 0.09854710200115616,
  "instanceType= detect , instructionType= exampleBased": 0.03653027690749761,
  "instanceType= detect , instructionType= noDefinitionBased": 0.03100391156462581,
  "model= gpt-4-1106-preview": 0.07294228018510762,
  "model= gpt-4-1106-preview , instanceType= detect": 0.07294228018510762,
  "model= gpt-4-1106-preview , temperature= 0.1": 0.07241123587043291,
  "model= gpt-4-1106-preview , temperature= 0.5": 0.07100370880574447,
  "model= gpt-4-1106-preview , temperature= 0.9": 0.07540344444444443,
  "model= gpt-4-1106-preview , inputFormat= fullFile": 0.12385143461166573,
  "model= gpt-4-1106-preview , inputFormat= snippet": 0.05588000072786327,
  "model= gpt-4-1106-preview , margin= 0": 0.0675357283950617,
  "model= gpt-4-1106-preview , margin= 2": 0.04225790224237846,
  "model= gpt-4-1106-preview , margin= 5": 0.032686473670949866,
  "model= gpt-4-1106-preview , instructionType= definitionBased": 0.09854710200115616,
  "model= gpt-4-1106-preview , instructionType= exampleBased": 0.03653027690749761,
  "model= gpt-4-1106-preview , instructionType= noDefinitionBased": 0.03100391156462581,
  "temperature= 0.1": 0.07241123587043291,
  "temperature= 0.5": 0.07100370880574447,
  "temperature= 0.9": 0.07540344444444443,
  "temperature= 0.1 , instanceType= detect": 0.07241123587043291,
  "temperature= 0.5 , instanceType= detect": 0.07100370880574447,
  "temperature= 0.9 , instanceType= detect": 0.07540344444444443,
  "temperature= 0.1 , model= gpt-4-1106-preview": 0.07241123587043291,
  "temperature= 0.5 , model= gpt-4-1106-preview": 0.07100370880574447,
  "temperature= 0.9 , model= gpt-4-1106-preview": 0.07540344444444443,
  "temperature= 0.1 , inputFormat= fullFile": 0.17785214346093464,
  "temperature= 0.1 , inputFormat= snippet": 0.031499489543965635,
  "temperature= 0.5 , inputFormat= fullFile": 0.10439585185185185,
  "temperature= 0.5 , inputFormat= snippet": 0.05979870647518266,
  "temperature= 0.9 , inputFormat= fullFile": 0.0736,
  "temperature= 0.9 , inputFormat= snippet": 0.07452661728395063,
  "temperature= 0.1 , margin= 0": 0.0497351111111111,
  "temperature= 0.1 , margin= 2": 0.012593197278911556,
  "temperature= 0.1 , margin= 5": 0,
  "temperature= 0.5 , margin= 0": 0.06614044444444445,
  "temperature= 0.5 , margin= 2": 0.07581511111111112,
  "temperature= 0.5 , margin= 5": 0.005307482993197279,
  "temperature= 0.9 , margin= 0": 0.08611111111111112,
  "temperature= 0.9 , margin= 2": 0.034800000000000005,
  "temperature= 0.9 , margin= 5": 0.082544,
  "temperature= 0.1 , instructionType= definitionBased": 0.09400156239284539,
  "temperature= 0.1 , instructionType= exampleBased": 0.040307347140039446,
  "temperature= 0.1 , instructionType= noDefinitionBased": 0.03907454648526075,
  "temperature= 0.5 , instructionType= definitionBased": 0.10004549039780519,
  "temperature= 0.5 , instructionType= exampleBased": 0.027863534580498867,
  "temperature= 0.5 , instructionType= noDefinitionBased": 0.02536388888888889,
  "temperature= 0.9 , instructionType= definitionBased": 0.10137376543209882,
  "temperature= 0.9 , instructionType= exampleBased": 0.03969166666666665,
  "temperature= 0.9 , instructionType= noDefinitionBased": 0.028469444444444436,
  "iteration= 0": 0.02982567835031776,
  "iteration= 1": 0.05135741203310026,
  "iteration= 2": 0.06803169686883632,
  "iteration= 3": 0.08468594436472504,
  "iteration= 4": 0.04006220511207955,
  "iteration= 5": 0.13674554183813445,
  "iteration= 6": 0.08305555555555556,
  "iteration= 7": 0.21508487654320985,
  "iteration= 8": 0.14095052083333334,
  "iteration= 9": 0.07638888888888885,
  "inputFormat= fullFile": 0.12385143461166573,
  "inputFormat= snippet": 0.05588000072786327,
  "inputFormat= fullFile , instanceType= detect": 0.12385143461166573,
  "inputFormat= snippet , instanceType= detect": 0.05588000072786327,
  "inputFormat= fullFile , model= gpt-4-1106-preview": 0.12385143461166573,
  "inputFormat= snippet , model= gpt-4-1106-preview": 0.05588000072786327,
  "inputFormat= fullFile , temperature= 0.1": 0.17785214346093464,
  "inputFormat= fullFile , temperature= 0.5": 0.10439585185185185,
  "inputFormat= fullFile , temperature= 0.9": 0.0736,
  "inputFormat= snippet , temperature= 0.1": 0.031499489543965635,
  "inputFormat= snippet , temperature= 0.5": 0.05979870647518266,
  "inputFormat= snippet , temperature= 0.9": 0.07452661728395063,
  "inputFormat= snippet , margin= 0": 0.0675357283950617,
  "inputFormat= snippet , margin= 2": 0.04225790224237846,
  "inputFormat= snippet , margin= 5": 0.032686473670949866,
  "inputFormat= fullFile , instructionType= definitionBased": 0.18214919106897579,
  "inputFormat= fullFile , instructionType= exampleBased": 0.0003681788297172917,
  "inputFormat= fullFile , instructionType= noDefinitionBased": 0.0012698412698412685,
  "inputFormat= snippet , instructionType= definitionBased": 0.06631905477325818,
  "inputFormat= snippet , instructionType= exampleBased": 0.04139938411578626,
  "inputFormat= snippet , instructionType= noDefinitionBased": 0.036659259259259266,
  "margin= 0": 0.0675357283950617,
  "margin= 2": 0.04225790224237846,
  "margin= 5": 0.032686473670949866,
  "margin= 0 , instanceType= detect": 0.0675357283950617,
  "margin= 2 , instanceType= detect": 0.04225790224237846,
  "margin= 5 , instanceType= detect": 0.032686473670949866,
  "margin= 0 , model= gpt-4-1106-preview": 0.0675357283950617,
  "margin= 2 , model= gpt-4-1106-preview": 0.04225790224237846,
  "margin= 5 , model= gpt-4-1106-preview": 0.032686473670949866,
  "margin= 0 , temperature= 0.1": 0.0497351111111111,
  "margin= 0 , temperature= 0.5": 0.06614044444444445,
  "margin= 0 , temperature= 0.9": 0.08611111111111112,
  "margin= 2 , temperature= 0.1": 0.012593197278911556,
  "margin= 2 , temperature= 0.5": 0.07581511111111112,
  "margin= 2 , temperature= 0.9": 0.034800000000000005,
  "margin= 5 , temperature= 0.1": 0,
  "margin= 5 , temperature= 0.5": 0.005307482993197279,
  "margin= 5 , temperature= 0.9": 0.082544,
  "margin= 0 , inputFormat= snippet": 0.0675357283950617,
  "margin= 2 , inputFormat= snippet": 0.04225790224237846,
  "margin= 5 , inputFormat= snippet": 0.032686473670949866,
  "margin= 0 , instructionType= definitionBased": 0.08764060356652953,
  "margin= 0 , instructionType= exampleBased": 0.0237358024691358,
  "margin= 0 , instructionType= noDefinitionBased": 0.032140740740740734,
  "margin= 2 , instructionType= definitionBased": 0.04883726379440665,
  "margin= 2 , instructionType= exampleBased": 0.047370370370370375,
  "margin= 2 , instructionType= noDefinitionBased": 0.003920987654320989,
  "margin= 5 , instructionType= definitionBased": 0.04938395061728396,
  "margin= 5 , instructionType= exampleBased": 0.0012698412698412692,
  "margin= 5 , instructionType= noDefinitionBased": 0.011513580246913579,
  "instructionType= definitionBased": 0.09854710200115616,
  "instructionType= exampleBased": 0.03653027690749761,
  "instructionType= noDefinitionBased": 0.03100391156462581,
  "instructionType= definitionBased , instanceType= detect": 0.09854710200115616,
  "instructionType= exampleBased , instanceType= detect": 0.03653027690749761,
  "instructionType= noDefinitionBased , instanceType= detect": 0.03100391156462581,