{
  "instanceType= detect": 9.095066666666652,
  "instanceType= detect , model= gpt-4-1106-preview": 9.095066666666652,
  "instanceType= detect , temperature= 0.1": 13.559999999999988,
  "instanceType= detect , temperature= 0.5": 8.117899999999997,
  "instanceType= detect , temperature= 0.9": 3.9979,
  "instanceType= detect , inputFormat= fullFile": 23.454933333333315,
  "instanceType= detect , inputFormat= snippet": 4.065066666666668,
  "instanceType= detect , margin= 0": 2.5344,
  "instanceType= detect , margin= 2": 4.1624888888888885,
  "instanceType= detect , margin= 5": 5.167288888888889,
  "instanceType= detect , projectName= argoumlrefactor": 11.070709876543187,
  "instanceType= detect , projectName= rocketmq_refactor": 5.19826388888889,
  "instanceType= detect , instructionType= definitionBased": 6.8141666666666705,
  "instanceType= detect , instructionType= exampleBased": 7.720833333333333,
  "instanceType= detect , instructionType= noDefinitionBased": 14.639999999999999,
  "instanceType= detect , includeUsages= noUsages": 9.095066666666652,
  "model= gpt-4-1106-preview": 9.095066666666652,
  "model= gpt-4-1106-preview , instanceType= detect": 9.095066666666652,
  "model= gpt-4-1106-preview , temperature= 0.1": 13.559999999999988,
  "model= gpt-4-1106-preview , temperature= 0.5": 8.117899999999997,
  "model= gpt-4-1106-preview , temperature= 0.9": 3.9979,
  "model= gpt-4-1106-preview , inputFormat= fullFile": 23.454933333333315,
  "model= gpt-4-1106-preview , inputFormat= snippet": 4.065066666666668,
  "model= gpt-4-1106-preview , margin= 0": 2.5344,
  "model= gpt-4-1106-preview , margin= 2": 4.1624888888888885,
  "model= gpt-4-1106-preview , margin= 5": 5.167288888888889,
  "model= gpt-4-1106-preview , projectName= argoumlrefactor": 11.070709876543187,
  "model= gpt-4-1106-preview , projectName= rocketmq_refactor": 5.19826388888889,
  "model= gpt-4-1106-preview , instructionType= definitionBased": 6.8141666666666705,
  "model= gpt-4-1106-preview , instructionType= exampleBased": 7.720833333333333,
  "model= gpt-4-1106-preview , instructionType= noDefinitionBased": 14.639999999999999,
  "model= gpt-4-1106-preview , includeUsages= noUsages": 9.095066666666652,
  "temperature= 0.1": 13.559999999999988,
  "temperature= 0.5": 8.117899999999997,
  "temperature= 0.9": 3.9979,
  "temperature= 0.1 , instanceType= detect": 13.559999999999988,
  "temperature= 0.5 , instanceType= detect": 8.117899999999997,
  "temperature= 0.9 , instanceType= detect": 3.9979,
  "temperature= 0.1 , model= gpt-4-1106-preview": 13.559999999999988,
  "temperature= 0.5 , model= gpt-4-1106-preview": 8.117899999999997,
  "temperature= 0.9 , model= gpt-4-1106-preview": 3.9979,
  "temperature= 0.1 , inputFormat= fullFile": 36.838399999999986,
  "temperature= 0.1 , inputFormat= snippet": 4.718933333333334,
  "temperature= 0.5 , inputFormat= fullFile": 19.001599999999993,
  "temperature= 0.5 , inputFormat= snippet": 4.290488888888891,
  "temperature= 0.9 , inputFormat= fullFile": 8.880000000000003,
  "temperature= 0.9 , inputFormat= snippet": 2.370488888888889,
  "temperature= 0.1 , margin= 0": 2.0063999999999993,
  "temperature= 0.1 , margin= 2": 4.2656,
  "temperature= 0.1 , margin= 5": 4.313600000000001,
  "temperature= 0.5 , margin= 0": 3.1104,
  "temperature= 0.5 , margin= 2": 4.281600000000001,
  "temperature= 0.5 , margin= 5": 5.3824000000000005,
  "temperature= 0.9 , margin= 0": 1.5263999999999998,
  "temperature= 0.9 , margin= 2": 3.0943999999999994,
  "temperature= 0.9 , margin= 5": 2.4063999999999997,
  "temperature= 0.1 , projectName= argoumlrefactor": 17.095555555555567,
  "temperature= 0.1 , projectName= rocketmq_refactor": 5.440000000000001,
  "temperature= 0.5 , projectName= argoumlrefactor": 9.528888888888885,
  "temperature= 0.5 , projectName= rocketmq_refactor": 5.219374999999999,
  "temperature= 0.9 , projectName= argoumlrefactor": 3.5030555555555565,
  "temperature= 0.9 , projectName= rocketmq_refactor": 4.627500000000001,
  "temperature= 0.1 , instructionType= definitionBased": 10.298888888888898,
  "temperature= 0.1 , instructionType= exampleBased": 10.459999999999999,
  "temperature= 0.1 , instructionType= noDefinitionBased": 20.90999999999999,
  "temperature= 0.5 , instructionType= definitionBased": 5.3,
  "temperature= 0.5 , instructionType= exampleBased": 8.390000000000004,
  "temperature= 0.5 , instructionType= noDefinitionBased": 13.227500000000001,
  "temperature= 0.9 , instructionType= definitionBased": 3.8363888888888917,
  "temperature= 0.9 , instructionType= exampleBased": 2.1475,
  "temperature= 0.9 , instructionType= noDefinitionBased": 5.1275,
  "temperature= 0.1 , includeUsages= noUsages": 13.559999999999988,
  "temperature= 0.5 , includeUsages= noUsages": 8.117899999999997,
  "temperature= 0.9 , includeUsages= noUsages": 3.9979,
  "iteration= 0": 15.248263888888888,
  "iteration= 1": 7.749565972222221,
  "iteration= 2": 11.426649305555559,
  "iteration= 3": 6.62109375,
  "iteration= 4": 6.94748263888889,
  "iteration= 5": 6.576388888888887,
  "iteration= 6": 5.576388888888888,
  "iteration= 7": 2.6875,
  "iteration= 8": 11.076388888888886,
  "iteration= 9": 1.638888888888889,
  "inputFormat= fullFile": 23.454933333333315,
  "inputFormat= snippet": 4.065066666666668,
  "inputFormat= fullFile , instanceType= detect": 23.454933333333315,
  "inputFormat= snippet , instanceType= detect": 4.065066666666668,
  "inputFormat= fullFile , model= gpt-4-1106-preview": 23.454933333333315,
  "inputFormat= snippet , model= gpt-4-1106-preview": 4.065066666666668,
  "inputFormat= fullFile , temperature= 0.1": 36.838399999999986,
  "inputFormat= fullFile , temperature= 0.5": 19.001599999999993,
  "inputFormat= fullFile , temperature= 0.9": 8.880000000000003,
  "inputFormat= snippet , temperature= 0.1": 4.718933333333334,
  "inputFormat= snippet , temperature= 0.5": 4.290488888888891,
  "inputFormat= snippet , temperature= 0.9": 2.370488888888889,
  "inputFormat= snippet , margin= 0": 2.5344,
  "inputFormat= snippet , margin= 2": 4.1624888888888885,
  "inputFormat= snippet , margin= 5": 5.167288888888889,
  "inputFormat= fullFile , projectName= argoumlrefactor": 29.973333333333326,
  "inputFormat= fullFile , projectName= rocketmq_refactor": 5.756666666666666,
  "inputFormat= snippet , projectName= argoumlrefactor": 3.4937722908093276,
  "inputFormat= snippet , projectName= rocketmq_refactor": 4.799506172839508,
  "inputFormat= fullFile , instructionType= definitionBased": 14.382222222222207,
  "inputFormat= fullFile , instructionType= exampleBased": 21.795555555555556,
  "inputFormat= fullFile , instructionType= noDefinitionBased": 33.79555555555556,
  "inputFormat= snippet , instructionType= definitionBased": 4.288395061728393,
  "inputFormat= snippet , instructionType= exampleBased": 2.73283950617284,
  "inputFormat= snippet , instructionType= noDefinitionBased": 3.8913580246913564,
  "inputFormat= fullFile , includeUsages= noUsages": 23.454933333333315,
  "inputFormat= snippet , includeUsages= noUsages": 4.065066666666668,
  "margin= 0": 2.5344,
  "margin= 2": 4.1624888888888885,
  "margin= 5": 5.167288888888889,
  "margin= 0 , instanceType= detect": 2.5344,
  "margin= 2 , instanceType= detect": 4.1624888888888885,
  "margin= 5 , instanceType= detect": 5.167288888888889,
  "margin= 0 , model= gpt-4-1106-preview": 2.5344,
  "margin= 2 , model= gpt-4-1106-preview": 4.1624888888888885,
  "margin= 5 , model= gpt-4-1106-preview": 5.167288888888889,
  "margin= 0 , temperature= 0.1": 2.0063999999999993,
  "margin= 0 , temperature= 0.5": 3.1104,
  "margin= 0 , temperature= 0.9": 1.5263999999999998,
  "margin= 2 , temperature= 0.1": 4.2656,
  "margin= 2 , temperature= 0.5": 4.281600000000001,
  "margin= 2 , temperature= 0.9": 3.0943999999999994,
  "margin= 5 , temperature= 0.1": 4.313600000000001,
  "margin= 5 , temperature= 0.5": 5.3824000000000005,
  "margin= 5 , temperature= 0.9": 2.4063999999999997,
  "margin= 0 , inputFormat= snippet": 2.5344,