{
  "instanceType= detect": 0.008218820375421645,
  "instanceType= detect , model= gpt-4-1106-preview": 0.008218820375421645,
  "instanceType= detect , temperature= 0.1": 0.008440440900962043,
  "instanceType= detect , temperature= 0.5": 0.007449203601115925,
  "instanceType= detect , temperature= 0.9": 0.00863664720741975,
  "instanceType= detect , inputFormat= fullFile": 0.0009372090479306051,
  "instanceType= detect , inputFormat= snippet": 0.009752132461248482,
  "instanceType= detect , margin= 0": 0.013078128108710577,
  "instanceType= detect , margin= 2": 0.006512738898971063,
  "instanceType= detect , margin= 5": 0.005452599202171425,
  "instanceType= detect , projectName= argoumlrefactor": 0.010128992803920638,
  "instanceType= detect , projectName= rocketmq_refactor": 0.003121747214601225,
  "instanceType= detect , instructionType= definitionBased": 0.005858906411603426,
  "instanceType= detect , instructionType= exampleBased": 0.010853850059634462,
  "instanceType= detect , instructionType= noDefinitionBased": 0.009329494376706061,
  "instanceType= detect , includeUsages= noUsages": 0.008218820375421645,
  "model= gpt-4-1106-preview": 0.008218820375421645,
  "model= gpt-4-1106-preview , instanceType= detect": 0.008218820375421645,
  "model= gpt-4-1106-preview , temperature= 0.1": 0.008440440900962043,
  "model= gpt-4-1106-preview , temperature= 0.5": 0.007449203601115925,
  "model= gpt-4-1106-preview , temperature= 0.9": 0.00863664720741975,
  "model= gpt-4-1106-preview , inputFormat= fullFile": 0.0009372090479306051,
  "model= gpt-4-1106-preview , inputFormat= snippet": 0.009752132461248482,
  "model= gpt-4-1106-preview , margin= 0": 0.013078128108710577,
  "model= gpt-4-1106-preview , margin= 2": 0.006512738898971063,
  "model= gpt-4-1106-preview , margin= 5": 0.005452599202171425,
  "model= gpt-4-1106-preview , projectName= argoumlrefactor": 0.010128992803920638,
  "model= gpt-4-1106-preview , projectName= rocketmq_refactor": 0.003121747214601225,
  "model= gpt-4-1106-preview , instructionType= definitionBased": 0.005858906411603426,
  "model= gpt-4-1106-preview , instructionType= exampleBased": 0.010853850059634462,
  "model= gpt-4-1106-preview , instructionType= noDefinitionBased": 0.009329494376706061,
  "model= gpt-4-1106-preview , includeUsages= noUsages": 0.008218820375421645,
  "temperature= 0.1": 0.008440440900962043,
  "temperature= 0.5": 0.007449203601115925,
  "temperature= 0.9": 0.00863664720741975,
  "temperature= 0.1 , instanceType= detect": 0.008440440900962043,
  "temperature= 0.5 , instanceType= detect": 0.007449203601115925,
  "temperature= 0.9 , instanceType= detect": 0.00863664720741975,
  "temperature= 0.1 , model= gpt-4-1106-preview": 0.008440440900962043,
  "temperature= 0.5 , model= gpt-4-1106-preview": 0.007449203601115925,
  "temperature= 0.9 , model= gpt-4-1106-preview": 0.00863664720741975,
  "temperature= 0.1 , inputFormat= fullFile": 0.001335094367868698,
  "temperature= 0.1 , inputFormat= snippet": 0.009835233352116958,
  "temperature= 0.5 , inputFormat= fullFile": 0.0010236112292641368,
  "temperature= 0.5 , inputFormat= snippet": 0.00896633256221044,
  "temperature= 0.9 , inputFormat= fullFile": 0.0002531828703703703,
  "temperature= 0.9 , inputFormat= snippet": 0.010264018410302195,
  "temperature= 0.1 , margin= 0": 0.01367722271604938,
  "temperature= 0.1 , margin= 2": 0.0067138222210653,
  "temperature= 0.1 , margin= 5": 0.003620534336419752,
  "temperature= 0.5 , margin= 0": 0.011877221111111108,
  "temperature= 0.5 , margin= 2": 0.0059712428512811,
  "temperature= 0.5 , margin= 5": 0.002723721645687752,
  "temperature= 0.9 , margin= 0": 0.012799845679012349,
  "temperature= 0.9 , margin= 2": 0.006593540889703359,
  "temperature= 0.9 , margin= 5": 0.009372000000000005,
  "temperature= 0.1 , projectName= argoumlrefactor": 0.010151093982456349,
  "temperature= 0.1 , projectName= rocketmq_refactor": 0.0013751685902358396,
  "temperature= 0.5 , projectName= argoumlrefactor": 0.009441688982569496,
  "temperature= 0.5 , projectName= rocketmq_refactor": 0.002574883466667379,
  "temperature= 0.9 , projectName= argoumlrefactor": 0.010184107265673384,
  "temperature= 0.9 , projectName= rocketmq_refactor": 0.005388683837793525,
  "temperature= 0.1 , instructionType= definitionBased": 0.0054286686015174185,
  "temperature= 0.1 , instructionType= exampleBased": 0.01256356680146587,
  "temperature= 0.1 , instructionType= noDefinitionBased": 0.007356628533813014,
  "temperature= 0.5 , instructionType= definitionBased": 0.004129868556000634,
  "temperature= 0.5 , instructionType= exampleBased": 0.009686303959239593,
  "temperature= 0.5 , instructionType= noDefinitionBased": 0.00919868809806614,
  "temperature= 0.9 , instructionType= definitionBased": 0.007989654367244574,
  "temperature= 0.9 , instructionType= exampleBased": 0.009080062499999998,
  "temperature= 0.9 , instructionType= noDefinitionBased": 0.009563241512345685,
  "temperature= 0.1 , includeUsages= noUsages": 0.008440440900962043,
  "temperature= 0.5 , includeUsages= noUsages": 0.007449203601115925,
  "temperature= 0.9 , includeUsages= noUsages": 0.00863664720741975,
  "iteration= 0": 0.00942992241765084,
  "iteration= 1": 0.007995719099119714,
  "iteration= 2": 0.009918588609122706,
  "iteration= 3": 0.009733546438908466,
  "iteration= 4": 0.008258678850878134,
  "iteration= 5": 0.0017225315432585799,
  "iteration= 6": 0.004949248589409725,
  "iteration= 7": 0.0014735510973936906,
  "iteration= 8": 0.005372831033254029,
  "iteration= 9": 0,
  "inputFormat= fullFile": 0.0009372090479306051,
  "inputFormat= snippet": 0.009752132461248482,
  "inputFormat= fullFile , instanceType= detect": 0.0009372090479306051,
  "inputFormat= snippet , instanceType= detect": 0.009752132461248482,
  "inputFormat= fullFile , model= gpt-4-1106-preview": 0.0009372090479306051,
  "inputFormat= snippet , model= gpt-4-1106-preview": 0.009752132461248482,
  "inputFormat= fullFile , temperature= 0.1": 0.001335094367868698,
  "inputFormat= fullFile , temperature= 0.5": 0.0010236112292641368,
  "inputFormat= fullFile , temperature= 0.9": 0.0002531828703703703,
  "inputFormat= snippet , temperature= 0.1": 0.009835233352116958,
  "inputFormat= snippet , temperature= 0.5": 0.00896633256221044,
  "inputFormat= snippet , temperature= 0.9": 0.010264018410302195,
  "inputFormat= snippet , margin= 0": 0.013078128108710577,
  "inputFormat= snippet , margin= 2": 0.006512738898971063,
  "inputFormat= snippet , margin= 5": 0.005452599202171425,
  "inputFormat= fullFile , projectName= argoumlrefactor": 0.001205409476494695,
  "inputFormat= fullFile , projectName= rocketmq_refactor": 0.00048557461282155523,
  "inputFormat= snippet , projectName= argoumlrefactor": 0.011259092957095491,
  "inputFormat= snippet , projectName= rocketmq_refactor": 0.0039278272022489095,
  "inputFormat= fullFile , instructionType= definitionBased": 0.0006640167759596271,
  "inputFormat= fullFile , instructionType= exampleBased": 0.0007609097720668047,
  "inputFormat= fullFile , instructionType= noDefinitionBased": 0.0017275502016853195,
  "inputFormat= snippet , instructionType= definitionBased": 0.007210657424168957,
  "inputFormat= snippet , instructionType= exampleBased": 0.011514237717436105,
  "inputFormat= snippet , instructionType= noDefinitionBased": 0.010183663084895597,
  "inputFormat= fullFile , includeUsages= noUsages": 0.0009372090479306051,
  "inputFormat= snippet , includeUsages= noUsages": 0.009752132461248482,
  "margin= 0": 0.013078128108710577,
  "margin= 2": 0.006512738898971063,
  "margin= 5": 0.005452599202171425,
  "margin= 0 , instanceType= detect": 0.013078128108710577,
  "margin= 2 , instanceType= detect": 0.006512738898971063,
  "margin= 5 , instanceType= detect": 0.005452599202171425,
  "margin= 0 , model= gpt-4-1106-preview": 0.013078128108710577,
  "margin= 2 , model= gpt-4-1106-preview": 0.006512738898971063,
  "margin= 5 , model= gpt-4-1106-preview": 0.005452599202171425,