{
  "instanceType= detect": 3.1183638888888865,
  "instanceType= detect , model= gpt-4-1106-preview": 3.1183638888888865,
  "instanceType= detect , temperature= 0.1": 2.079118749999999,
  "instanceType= detect , temperature= 0.5": 3.300818750000001,
  "instanceType= detect , temperature= 0.9": 3.83875,
  "instanceType= detect , inputFormat= fullFile": 3.4158222222222205,
  "instanceType= detect , inputFormat= snippet": 2.258439506172842,
  "instanceType= detect , margin= 0": 1.8338888888888891,
  "instanceType= detect , margin= 2": 2.402222222222224,
  "instanceType= detect , margin= 5": 2.379955555555555,
  "instanceType= detect , instructionType= definitionBased": 2.0986111111111065,
  "model= gpt-4-1106-preview": 3.1183638888888865,
  "model= gpt-4-1106-preview , instanceType= detect": 3.1183638888888865,
  "model= gpt-4-1106-preview , temperature= 0.1": 2.079118749999999,
  "model= gpt-4-1106-preview , temperature= 0.5": 3.300818750000001,
  "model= gpt-4-1106-preview , temperature= 0.9": 3.83875,
  "model= gpt-4-1106-preview , inputFormat= fullFile": 3.4158222222222205,
  "model= gpt-4-1106-preview , inputFormat= snippet": 2.258439506172842,
  "model= gpt-4-1106-preview , margin= 0": 1.8338888888888891,
  "model= gpt-4-1106-preview , margin= 2": 2.402222222222224,
  "model= gpt-4-1106-preview , margin= 5": 2.379955555555555,
  "model= gpt-4-1106-preview , instructionType= definitionBased": 2.0986111111111065,
  "temperature= 0.1": 2.079118749999999,
  "temperature= 0.5": 3.300818750000001,
  "temperature= 0.9": 3.83875,
  "temperature= 0.1 , instanceType= detect": 2.079118749999999,
  "temperature= 0.5 , instanceType= detect": 3.300818750000001,
  "temperature= 0.9 , instanceType= detect": 3.83875,
  "temperature= 0.1 , model= gpt-4-1106-preview": 2.079118749999999,
  "temperature= 0.5 , model= gpt-4-1106-preview": 3.300818750000001,
  "temperature= 0.9 , model= gpt-4-1106-preview": 3.83875,
  "temperature= 0.1 , inputFormat= fullFile": 1.0254,
  "temperature= 0.1 , inputFormat= snippet": 2.1186222222222217,
  "temperature= 0.5 , inputFormat= fullFile": 2.0246,
  "temperature= 0.5 , inputFormat= snippet": 2.742822222222223,
  "temperature= 0.9 , inputFormat= fullFile": 7.085000000000001,
  "temperature= 0.9 , inputFormat= snippet": 1.618888888888889,
  "temperature= 0.1 , margin= 0": 0.9449999999999997,
  "temperature= 0.1 , margin= 2": 3.0844,
  "temperature= 0.1 , margin= 5": 2.0464000000000007,
  "temperature= 0.5 , margin= 0": 2.6905999999999994,
  "temperature= 0.5 , margin= 2": 1.8354,
  "temperature= 0.5 , margin= 5": 3.4094000000000007,
  "temperature= 0.9 , margin= 0": 1.6026000000000002,
  "temperature= 0.9 , margin= 2": 2.045,
  "temperature= 0.9 , margin= 5": 1.1735999999999998,
  "temperature= 0.1 , instructionType= definitionBased": 2.182013888888889,
  "temperature= 0.5 , instructionType= definitionBased": 2.7097222222222226,
  "temperature= 0.9 , instructionType= definitionBased": 1.3097916666666656,
  "iteration= 0": 3.299370659722223,
  "iteration= 1": 2.4235026041666665,
  "iteration= 2": 5.708089192708333,
  "iteration= 3": 3.001708984375,
  "iteration= 4": 3.1899956597222237,
  "iteration= 5": 0.765190972222222,
  "iteration= 6": 1.4253472222222223,
  "iteration= 7": 0.8450520833333334,
  "iteration= 8": 1.2756076388888893,
  "iteration= 9": 2.369357638888889,
  "inputFormat= fullFile": 3.4158222222222205,
  "inputFormat= snippet": 2.258439506172842,
  "inputFormat= fullFile , instanceType= detect": 3.4158222222222205,
  "inputFormat= snippet , instanceType= detect": 2.258439506172842,
  "inputFormat= fullFile , model= gpt-4-1106-preview": 3.4158222222222205,
  "inputFormat= snippet , model= gpt-4-1106-preview": 2.258439506172842,
  "inputFormat= fullFile , temperature= 0.1": 1.0254,
  "inputFormat= fullFile , temperature= 0.5": 2.0246,
  "inputFormat= fullFile , temperature= 0.9": 7.085000000000001,
  "inputFormat= snippet , temperature= 0.1": 2.1186222222222217,
  "inputFormat= snippet , temperature= 0.5": 2.742822222222223,
  "inputFormat= snippet , temperature= 0.9": 1.618888888888889,
  "inputFormat= snippet , margin= 0": 1.8338888888888891,
  "inputFormat= snippet , margin= 2": 2.402222222222224,
  "inputFormat= snippet , margin= 5": 2.379955555555555,
  "inputFormat= fullFile , instructionType= definitionBased": 1.048333333333333,
  "inputFormat= snippet , instructionType= definitionBased": 2.1275925925925936,
  "margin= 0": 1.8338888888888891,
  "margin= 2": 2.402222222222224,
  "margin= 5": 2.379955555555555,
  "margin= 0 , instanceType= detect": 1.8338888888888891,
  "margin= 2 , instanceType= detect": 2.402222222222224,
  "margin= 5 , instanceType= detect": 2.379955555555555,
  "margin= 0 , model= gpt-4-1106-preview": 1.8338888888888891,
  "margin= 2 , model= gpt-4-1106-preview": 2.402222222222224,
  "margin= 5 , model= gpt-4-1106-preview": 2.379955555555555,
  "margin= 0 , temperature= 0.1": 0.9449999999999997,
  "margin= 0 , temperature= 0.5": 2.6905999999999994,
  "margin= 0 , temperature= 0.9": 1.6026000000000002,
  "margin= 2 , temperature= 0.1": 3.0844,
  "margin= 2 , temperature= 0.5": 1.8354,
  "margin= 2 , temperature= 0.9": 2.045,
  "margin= 5 , temperature= 0.1": 2.0464000000000007,
  "margin= 5 , temperature= 0.5": 3.4094000000000007,
  "margin= 5 , temperature= 0.9": 1.1735999999999998,
  "margin= 0 , inputFormat= snippet": 1.8338888888888891,
  "margin= 2 , inputFormat= snippet": 2.402222222222224,
  "margin= 5 , inputFormat= snippet": 2.379955555555555,
  "margin= 0 , instructionType= definitionBased": 1.7748765432098768,
  "margin= 2 , instructionType= definitionBased": 2.434876543209877,
  "margin= 5 , instructionType= definitionBased": 1.9555555555555555,
  "instructionType= definitionBased": 2.0986111111111065,
  "instructionType= definitionBased , instanceType= detect": 2.0986111111111065,
  "instructionType= definitionBased , model= gpt-4-1106-preview": 2.0986111111111065,
  "instructionType= definitionBased , temperature= 0.1": 2.182013888888889,
  "instructionType= definitionBased , temperature= 0.5": 2.7097222222222226,
  "instructionType= definitionBased , temperature= 0.9": 1.3097916666666656,
  "instructionType= definitionBased , inputFormat= fullFile": 1.048333333333333,
  "instructionType= definitionBased , inputFormat= snippet": 2.1275925925925936,
  "instructionType= definitionBased , margin= 0": 1.7748765432098768,
  "instructionType= definitionBased , margin= 2": 2.434876543209877,
  "instructionType= definitionBased , margin= 5": 1.9555555555555555
}