{
  "instanceType= detect": 9.369235416666687,
  "instanceType= detect , model= gpt-4-1106-preview": 9.369235416666687,
  "instanceType= detect , temperature= 0.1": 13.889218749999992,
  "instanceType= detect , temperature= 0.5": 9.649975000000001,
  "instanceType= detect , temperature= 0.9": 4.468600000000002,
  "instanceType= detect , inputFormat= fullFile": 15.657622222222232,
  "instanceType= detect , inputFormat= snippet": 2.8933876543209864,
  "instanceType= detect , margin= 0": 2.0551555555555567,
  "instanceType= detect , margin= 2": 2.747955555555557,
  "instanceType= detect , margin= 5": 3.7389555555555565,
  "instanceType= detect , instructionType= definitionBased": 5.6814409722222114,
  "instanceType= detect , instructionType= exampleBased": 11.861041666666667,
  "instanceType= detect , instructionType= noDefinitionBased": 17.71729166666667,
  "model= gpt-4-1106-preview": 9.369235416666687,
  "model= gpt-4-1106-preview , instanceType= detect": 9.369235416666687,
  "model= gpt-4-1106-preview , temperature= 0.1": 13.889218749999992,
  "model= gpt-4-1106-preview , temperature= 0.5": 9.649975000000001,
  "model= gpt-4-1106-preview , temperature= 0.9": 4.468600000000002,
  "model= gpt-4-1106-preview , inputFormat= fullFile": 15.657622222222232,
  "model= gpt-4-1106-preview , inputFormat= snippet": 2.8933876543209864,
  "model= gpt-4-1106-preview , margin= 0": 2.0551555555555567,
  "model= gpt-4-1106-preview , margin= 2": 2.747955555555557,
  "model= gpt-4-1106-preview , margin= 5": 3.7389555555555565,
  "model= gpt-4-1106-preview , instructionType= definitionBased": 5.6814409722222114,
  "model= gpt-4-1106-preview , instructionType= exampleBased": 11.861041666666667,
  "model= gpt-4-1106-preview , instructionType= noDefinitionBased": 17.71729166666667,
  "temperature= 0.1": 13.889218749999992,
  "temperature= 0.5": 9.649975000000001,
  "temperature= 0.9": 4.468600000000002,
  "temperature= 0.1 , instanceType= detect": 13.889218749999992,
  "temperature= 0.5 , instanceType= detect": 9.649975000000001,
  "temperature= 0.9 , instanceType= detect": 4.468600000000002,
  "temperature= 0.1 , model= gpt-4-1106-preview": 13.889218749999992,
  "temperature= 0.5 , model= gpt-4-1106-preview": 9.649975000000001,
  "temperature= 0.9 , model= gpt-4-1106-preview": 4.468600000000002,
  "temperature= 0.1 , inputFormat= fullFile": 23.311600000000002,
  "temperature= 0.1 , inputFormat= snippet": 2.9363999999999995,
  "temperature= 0.5 , inputFormat= fullFile": 14.343599999999997,
  "temperature= 0.5 , inputFormat= snippet": 3.142222222222223,
  "temperature= 0.9 , inputFormat= fullFile": 7.376400000000002,
  "temperature= 0.9 , inputFormat= snippet": 1.9117333333333328,
  "temperature= 0.1 , margin= 0": 1.1586,
  "temperature= 0.1 , margin= 2": 2.195,
  "temperature= 0.1 , margin= 5": 2.9444000000000004,
  "temperature= 0.5 , margin= 0": 2.15,
  "temperature= 0.5 , margin= 2": 3.1866,
  "temperature= 0.5 , margin= 5": 3.9696000000000002,
  "temperature= 0.9 , margin= 0": 1.9024000000000003,
  "temperature= 0.9 , margin= 2": 2.405,
  "temperature= 0.9 , margin= 5": 1.3423999999999996,
  "temperature= 0.1 , instructionType= definitionBased": 9.959722222222215,
  "temperature= 0.1 , instructionType= exampleBased": 15.45921875,
  "temperature= 0.1 , instructionType= noDefinitionBased": 23.803749999999994,
  "temperature= 0.5 , instructionType= definitionBased": 5.096857638888893,
  "temperature= 0.5 , instructionType= exampleBased": 13.62171875,
  "temperature= 0.5 , instructionType= noDefinitionBased": 18.111875000000005,
  "temperature= 0.9 , instructionType= definitionBased": 1.8010416666666667,
  "temperature= 0.9 , instructionType= exampleBased": 5.824375,
  "temperature= 0.9 , instructionType= noDefinitionBased": 10.934999999999999,
  "iteration= 0": 16.309461805555557,
  "iteration= 1": 7.393202039930553,
  "iteration= 2": 15.177490234375,
  "iteration= 3": 7.574625651041667,
  "iteration= 4": 8.09697808159722,
  "iteration= 5": 2.3541666666666665,
  "iteration= 6": 4.489583333333333,
  "iteration= 7": 3.140190972222222,
  "iteration= 8": 1.9735243055555554,
  "iteration= 9": 1.6818576388888886,
  "inputFormat= fullFile": 15.657622222222232,
  "inputFormat= snippet": 2.8933876543209864,
  "inputFormat= fullFile , instanceType= detect": 15.657622222222232,
  "inputFormat= snippet , instanceType= detect": 2.8933876543209864,
  "inputFormat= fullFile , model= gpt-4-1106-preview": 15.657622222222232,
  "inputFormat= snippet , model= gpt-4-1106-preview": 2.8933876543209864,
  "inputFormat= fullFile , temperature= 0.1": 23.311600000000002,
  "inputFormat= fullFile , temperature= 0.5": 14.343599999999997,
  "inputFormat= fullFile , temperature= 0.9": 7.376400000000002,
  "inputFormat= snippet , temperature= 0.1": 2.9363999999999995,
  "inputFormat= snippet , temperature= 0.5": 3.142222222222223,
  "inputFormat= snippet , temperature= 0.9": 1.9117333333333328,
  "inputFormat= snippet , margin= 0": 2.0551555555555567,
  "inputFormat= snippet , margin= 2": 2.747955555555557,
  "inputFormat= snippet , margin= 5": 3.7389555555555565,
  "inputFormat= fullFile , instructionType= definitionBased": 8.569320987654331,
  "inputFormat= fullFile , instructionType= exampleBased": 9.312222222222223,
  "inputFormat= fullFile , instructionType= noDefinitionBased": 29.55555555555555,
  "inputFormat= snippet , instructionType= definitionBased": 3.0599657064471866,
  "inputFormat= snippet , instructionType= exampleBased": 2.0758024691358026,
  "inputFormat= snippet , instructionType= noDefinitionBased": 2.6230246913580246,
  "margin= 0": 2.0551555555555567,
  "margin= 2": 2.747955555555557,
  "margin= 5": 3.7389555555555565,
  "margin= 0 , instanceType= detect": 2.0551555555555567,
  "margin= 2 , instanceType= detect": 2.747955555555557,
  "margin= 5 , instanceType= detect": 3.7389555555555565,
  "margin= 0 , model= gpt-4-1106-preview": 2.0551555555555567,
  "margin= 2 , model= gpt-4-1106-preview": 2.747955555555557,
  "margin= 5 , model= gpt-4-1106-preview": 3.7389555555555565,
  "margin= 0 , temperature= 0.1": 1.1586,
  "margin= 0 , temperature= 0.5": 2.15,
  "margin= 0 , temperature= 0.9": 1.9024000000000003,
  "margin= 2 , temperature= 0.1": 2.195,
  "margin= 2 , temperature= 0.5": 3.1866,
  "margin= 2 , temperature= 0.9": 2.405,
  "margin= 5 , temperature= 0.1": 2.9444000000000004,
  "margin= 5 , temperature= 0.5": 3.9696000000000002,
  "margin= 5 , temperature= 0.9": 1.3423999999999996,
  "margin= 0 , inputFormat= snippet": 2.0551555555555567,
  "margin= 2 , inputFormat= snippet": 2.747955555555557,
  "margin= 5 , inputFormat= snippet": 3.7389555555555565,
  "margin= 0 , instructionType= definitionBased": 1.8893209876543207,
  "margin= 0 , instructionType= exampleBased": 1.1788888888888889,
  "margin= 0 , instructionType= noDefinitionBased": 1.837222222222222,
  "margin= 2 , instructionType= definitionBased": 3.0822839506172834,
  "margin= 2 , instructionType= exampleBased": 1.6455555555555554,
  "margin= 2 , instructionType= noDefinitionBased": 2.713888888888889,
  "margin= 5 , instructionType= definitionBased": 3.8987654320987657,
  "margin= 5 , instructionType= exampleBased": 2.7238888888888884,
  "margin= 5 , instructionType= noDefinitionBased": 3.0455555555555565,
  "instructionType= definitionBased": 5.6814409722222114,
  "instructionType= exampleBased": 11.861041666666667,
  "instructionType= noDefinitionBased": 17.71729166666667,
  "instructionType= definitionBased , instanceType= detect": 5.6814409722222114,
  "instructionType= exampleBased , instanceType= detect": 11.861041666666667,
  "instructionType= noDefinitionBased , instanceType= detect": 17.71729166666667,
  "instructionType= definitionBased , model= gpt-4-1106-preview": 5.6814409722222114,
  "instructionType= exampleBased , model= gpt-4-1106-preview": 11.861041666666667,
  "instructionType= noDefinitionBased , model= gpt-4-1106-preview": 17.71729166666667,