{
  "mean": 0.75,
  "count": 54,
  "sum": 35.06,
  "max": 1,
  "min": 0,
  "raw": [
    0.8695652173913043,
    0.7857142857142857,
    0.9444444444444444,
    1,
    1,
    0.7857142857142857,
    0.8260869565217391,
    0.9090909090909091,
    1,
    1,
    1,
    0.9444444444444444,
    1,
    0.9642857142857143,
    1,
    1,
    1,
    1,
    0.7604166666666666,
    0.9615384615384616,
    0.9722222222222222,
    null,
    1,
    null,
    0.9884169884169884,
    null,
    0.9375,
    null,
    0.2962962962962963,
    null,
    1,
    0.3214285714285714,
    0.9512195121951219,
    1,
    1,
    null,
    0.19354838709677424,
    0.4736842105263158,
    0.48888888888888893,
    0.41666666666666663,
    0.4,
    0.65,
    0.375,
    0.736842105263158,
    0.7333333333333334,
    0.5789473684210527,
    1,
    0.3529411764705882,
    0,
    0,
    0.7307692307692308,
    0.6,
    null,
    0.11111111111111116
  ]
}