{
  "mean": 0.49,
  "count": 54,
  "sum": 23.23,
  "max": 1,
  "min": 0,
  "raw": [
    0,
    0,
    0.8888888888888888,
    0.625,
    0.8823529411764706,
    1,
    0,
    0.2727272727272727,
    1,
    0.8,
    0.8823529411764706,
    0.7222222222222222,
    0.6666666666666666,
    0.25,
    1,
    0,
    0.7272727272727273,
    0.7777777777777778,
    0.0625,
    0.3076923076923077,
    0.9428571428571428,
    null,
    0.21428571428571427,
    null,
    0.015444015444015444,
    null,
    0.8387096774193549,
    null,
    0.2839506172839506,
    null,
    1,
    0.17857142857142858,
    0.9024390243902439,
    0.75,
    1,
    null,
    0.12903225806451613,
    0.10526315789473684,
    0.7333333333333333,
    0.5,
    0.7333333333333333,
    0.45,
    0,
    0,
    0.8666666666666667,
    0.7222222222222222,
    0.8695652173913043,
    0.4117647058823529,
    0,
    0,
    0.38461538461538464,
    0,
    null,
    0.3333333333333333
  ]
}