{
  "mean": 0.76,
  "count": 759,
  "sum": 579.36,
  "max": 1,
  "min": 0,
  "raw": [
    0.6666666666666666,
    0.6,
    0.6666666666666666,
    0.6666666666666666,
    0.6666666666666666,
    0.6666666666666666,
    0.6666666666666666,
    0.6666666666666666,
    0.6666666666666666,
    0.6666666666666666,
    0.6666666666666666,
    0.6666666666666666,
    0.6666666666666666,
    0.6666666666666666,
    0.6666666666666666,
    0.6666666666666666,
    0.6666666666666666,
    0.6666666666666666,
    0.6666666666666666,
    0.6666666666666666,
    0.6666666666666666,
    0.6666666666666666,
    0.6666666666666666,
    0.6666666666666666,
    0.6666666666666666,
    0.6666666666666666,
    0.6666666666666666,
    0.6666666666666666,
    0.6666666666666666,
    0.6666666666666666,
    0.6666666666666666,
    0.6666666666666666,
    0.3333333333333333,
    1,
    0.6,
    0.6666666666666666,
    0.6666666666666666,
    0.75,
    1,
    0.6666666666666666,
    0.75,
    0.75,
    0.6,
    0.6666666666666666,
    0.6666666666666666,
    0.3333333333333333,
    0.3333333333333333,
    1,
    0.3333333333333333,
    0.3333333333333333,
    1,
    0.3333333333333333,
    1,
    1,
    1,
    1,
    1,
    1,
    1,
    0.6666666666666666,
    1,
    1,
    1,
    1,
    0.3333333333333333,
    0.6666666666666666,
    1,
    0.75,
    0.6666666666666666,
    0.75,
    0.75,
    1,
    1,
    0.6666666666666666,
    0.6666666666666666,
    1,
    0.3333333333333333,
    0.6666666666666666,
    1,
    0.3333333333333333,
    1,
    1,
    1,
    1,
    1,
    1,
    1,
    0.6666666666666666,
    1,
    1,
    1,
    1,
    0.6666666666666666,
    0.6666666666666666,
    0.6666666666666666,
    0.6666666666666666,
    0.6666666666666666,
    0.6666666666666666,
    0.6666666666666666,
    0.6666666666666666,
    0.6666666666666666,
    0.6666666666666666,
    0.6666666666666666,
    0.6666666666666666,
    0.6666666666666666,
    0.6666666666666666,
    0.6666666666666666,
    0.6666666666666666,
    0.6666666666666666,
    0.6666666666666666,
    0.6666666666666666,
    0.6666666666666666,
    0.6666666666666666,
    0.6666666666666666,
    0.6666666666666666,
    0.6666666666666666,
    0.6666666666666666,
    0.6666666666666666,
    0.6666666666666666,
    0.6666666666666666,
    0.6666666666666666,
    0.6666666666666666,
    0.3333333333333333,
    0.6666666666666666,
    0.3333333333333333,
    0.6666666666666666,
    0.6666666666666666,
    0.6666666666666666,
    0.6666666666666666,
    0.6666666666666666,
    0.6666666666666666,
    0.6666666666666666,
    0.6666666666666666,
    0.6666666666666666,
    1,
    0.6666666666666666,
    0.6666666666666666,
    0.6666666666666666,
    0.6666666666666666,
    0.6666666666666666,
    0.6666666666666666,
    0.42857142857142855,
    0.6666666666666666,
    0.75,
    0.75,
    0.6,
    0.6666666666666666,
    1,
    0.6666666666666666,
    1,
    0.6666666666666666,
    0.6666666666666666,
    0.6666666666666666,
    0.6666666666666666,
    0.6666666666666666,
    0.6666666666666666,
    0.6666666666666666,
    0.25,
    0.6666666666666666,
    0.6666666666666666,
    0.42857142857142855,
    0.42857142857142855,
    0.6666666666666666,
    0.6666666666666666,
    0.6666666666666666,
    0.6666666666666666,
    0.6666666666666666,
    0.8,
    0.6666666666666666,
    0.6666666666666666,
    0.6666666666666666,
    0.6666666666666666,
    0.6666666666666666,
    0.6666666666666666,
    0.6666666666666666,
    0.6666666666666666,
    0.6666666666666666,
    0.6666666666666666,
    0.6,
    0.6666666666666666,
    0.6,
    0.6666666666666666,
    0.6666666666666666,
    0.25,
    0.6666666666666666,
    0.6,
    0.25,
    0.6666666666666666,
    0.6666666666666666,
    0.6666666666666666,
    0.3333333333333333,
    0.3333333333333333,
    0.3333333333333333,
    0.6666666666666666,
    0.25,
    0.6,
    0.25,
    0.6666666666666666,
    0.6666666666666666,
    0.6666666666666666,
    0.6666666666666666,
    0.42857142857142855,
    0.6666666666666666,
    0.6666666666666666,
    0.6666666666666666,
    0.6666666666666666,
    0.42857142857142855,
    0.6666666666666666,
    0.6,
    0.6666666666666666,
    0.6,
    0.7777777777777778,
    0.6666666666666666,
    0.42857142857142855,
    0.6666666666666666,
    0.6,
    0.3333333333333333,
    0.6666666666666666,
    0.42857142857142855,
    0.6666666666666666,
    0.6,
    0.6,
    0.6666666666666666,
    0.6666666666666666,
    0.42857142857142855,
    0,
    0.6666666666666666,
    0.6,
    0.6666666666666666,
    0.6666666666666666,
    0.6666666666666666,
    0.6666666666666666,
    0.6666666666666666,
    0.6666666666666666,
    0.6,
    0.6666666666666666,
    0.42857142857142855,
    0.42857142857142855,
    0.42857142857142855,
    0.6666666666666666,
    0,
    0.6666666666666666,
    0.42857142857142855,
    0.6666666666666666,
    1,
    0,
    0.6666666666666666,
    0.6666666666666666,
    0.6666666666666666,
    0.6666666666666666,
    0.6666666666666666,
    0.6666666666666666,
    0.6,
    0.6666666666666666,
    0.42857142857142855,
    0.6666666666666666,
    0.6666666666666666,
    0.6666666666666666,
    0.42857142857142855,
    0.42857142857142855,
    0.6666666666666666,
    0.6666666666666666,
    0.6666666666666666,
    0.6666666666666666,
    0.7777777777777778,
    0.42857142857142855,
    0.42857142857142855,
    0.6666666666666666,
    0.6666666666666666,
    0.3333333333333333,
    0.42857142857142855,
    0.42857142857142855,
    0.6666666666666666,
    0.6666666666666666,
    0.6666666666666666,
    0.6666666666666666,
    0.42857142857142855,
    0.42857142857142855,
    0,
    0.6666666666666666,
    0.6666666666666666,
    0.6666666666666666,
    0.6666666666666666,
    0.6666666666666666,
    0.6666666666666666,
    0.6666666666666666,
    0.6666666666666666,
    0.6666666666666666,
    0.6666666666666666,
    0.42857142857142855,
    0.42857142857142855,
    0.42857142857142855,
    0.6666666666666666,
    0,
    0.42857142857142855,
    0.42857142857142855,
    0.6666666666666666,
    1,
    0,
    0.6666666666666666,
    0.6666666666666666,
    0.25,
    0.6666666666666666,
    0.6666666666666666,
    0.25,
    0.25,
    0.6666666666666666,
    0.6666666666666666,
    0.42857142857142855,
    0.42857142857142855,
    0.6666666666666666,
    0.6666666666666666,
    0.6666666666666666,
    0.42857142857142855,
    0.42857142857142855,
    0.6666666666666666,
    0.6666666666666666,
    0.6666666666666666,
    0.6666666666666666,
    0.7777777777777778,
    0.42857142857142855,
    0.42857142857142855,
    0.6666666666666666,
    0.6666666666666666,
    0.3333333333333333,
    0.42857142857142855,
    0.42857142857142855,
    0.6666666666666666,
    0.6666666666666666,
    0.6666666666666666,
    0.6666666666666666,
    0.42857142857142855,
    0.42857142857142855,
    0,
    0.6666666666666666,
    0.6666666666666666,
    0.6666666666666666,
    0.6666666666666666,
    0.6666666666666666,
    0.6666666666666666,
    0.6666666666666666,
    0.6666666666666666,
    0.6666666666666666,
    0.6666666666666666,
    0.42857142857142855,
    0.42857142857142855,
    0.42857142857142855,
    0.6666666666666666,
    0,
    0.42857142857142855,
    0.42857142857142855,
    0.6666666666666666,
    1,
    0,
    0.6666666666666666,
    0.6666666666666666,
    0.25,
    0.6,
    0.6666666666666666,
    0.6666666666666666,
    0.25,
    0.25,
    0.6666666666666666,
    0.6666666666666666,
    0.42857142857142855,
    0.6666666666666666,
    0.6666666666666666,
    0.6666666666666666,
    0.6666666666666666,
    0.42857142857142855,
    0.6666666666666666,
    0.6,
    0.6666666666666666,
    0.6,
    0.7777777777777778,
    0.6666666666666666,
    0.42857142857142855,
    0.6666666666666666,
    0.6,
    0.3333333333333333,
    0.6666666666666666,
    0.42857142857142855,
    0.6666666666666666,
    0.6,
    0.6,
