{
  "mean": 0.06,
  "count": 30,
  "sum": 1.85,
  "max": 0.1,
  "min": 0.04,
  "raw": [
    0.03608,
    0.035660000000000004,
    0.03656,
    0.03578,
    0.03512,
    0.035660000000000004,
    0.03608,
    0.03665,
    0.03536,
    0.0359,
    0.09194999999999999,
    0.09689999999999999,
    0.09383999999999999,
    0.09405,
    0.09269999999999999,
    0.09336,
    0.09305999999999999,
    0.09312,
    0.09666,
    0.09323999999999999,
    0.05452,
    0.05491,
    0.05536,
    0.05575,
    0.054669999999999996,
    0.05509,
    0.054669999999999996,
    0.05518,
    0.055029999999999996,
    0.05404
  ]
}