{
  "mean": 0.75,
  "count": 30,
  "sum": 22.62,
  "max": 1,
  "min": 0,
  "raw": [
    0.7307692307692307,
    0.782608695652174,
    0.7619047619047619,
    0.6956521739130435,
    0.8666666666666667,
    0.875,
    1,
    0.7391304347826086,
    0.75,
    0.8461538461538461,
    0.9090909090909091,
    0.8461538461538461,
    0.75,
    0.6666666666666666,
    0.7894736842105263,
    1,
    0.7222222222222222,
    0.8571428571428571,
    0.75,
    1,
    0.8947368421052632,
    0,
    0.7142857142857143,
    0.625,
    0.6666666666666666,
    0.7692307692307693,
    0.7777777777777778,
    0.9,
    0.7058823529411765,
    0.23076923076923078
  ]
}