{
  "mean": 0.06,
  "count": 30,
  "sum": 1.87,
  "max": 0.1,
  "min": 0.04,
  "raw": [
    0.03563,
    0.03635,
    0.03653,
    0.036500000000000005,
    0.03614,
    0.03587,
    0.035750000000000004,
    0.03629,
    0.03602,
    0.03629,
    0.09302999999999999,
    0.09681,
    0.09308999999999999,
    0.09560999999999999,
    0.09653999999999999,
    0.09354,
    0.09354,
    0.09759,
    0.09359999999999999,
    0.09374999999999999,
    0.05464,
    0.05506,
    0.05629,
    0.05584,
    0.05611,
    0.05638,
    0.05548,
    0.05602,
    0.05581,
    0.05638
  ]
}