{
  "mean": 0.12903225806451613,
  "median": 0,
  "variance": 0.11238293444328819,
  "count": 4,
  "groupedCount": {
    "0": 27,
    "1": 4
  }
}