{
  "mean": 0.25806451612903225,
  "median": 0,
  "variance": 0.19146722164412075,
  "count": 8,
  "groupedCount": {
    "0": 23,
    "1": 8
  }
}