{
  "mean": 0.5161290322580645,
  "median": 1,
  "variance": 0.2497398543184184,
  "count": 16,
  "groupedCount": {
    "0": 15,
    "1": 16
  }
}