{
  "mean": 0.79,
  "count": 55,
  "sum": 43.4,
  "max": 0.85,
  "min": 0.58,
  "raw": [
    0.8524590163934426,
    0.8448275862068966,
    0.8472222222222222,
    0.8472222222222222,
    0.8502415458937198,
    0.8529411764705882,
    0.835920177383592,
    0.8351409978308026,
    0.8539325842696629,
    0.8548387096774194,
    0.8529411764705882,
    0.8156028368794326,
    0.8529411764705882,
    0.8529411764705882,
    0.8529411764705882,
    0.591304347826087,
    0.8148148148148148,
    0.5901639344262295,
    0.5901639344262295,
    0.8235294117647058,
    0.8148148148148148,
    0.5907928388746803,
    0.7037037037037037,
    0.5925925925925926,
    0.8148148148148148,
    0.8148148148148148,
    0.8235294117647058,
    0.5882352941176471,
    0.8181818181818182,
    0.819672131147541,
    0.8349514563106796,
    0.8194774346793349,
    0.5925925925925926,
    0.8292682926829268,
    0.8210526315789474,
    0.8235294117647058,
    0.8444444444444444,
    0.8266666666666667,
    0.8210526315789474,
    0.5882352941176471,
    0.8235294117647058,
    0.8433734939759037,
    0.8210526315789474,
    0.5783132530120482,
    0.8235294117647058,
    0.8148148148148148,
    0.8210526315789474,
    0.8235294117647058,
    0.8235294117647058,
    0.8235294117647058,
    0.8235294117647058,
    0.8235294117647058,
    0.8235294117647058,
    0.8235294117647058,
    0.8148148148148148
  ]
}