{
  "mean": 0.06,
  "count": 30,
  "sum": 1.79,
  "max": 0.06,
  "min": 0.05,
  "raw": [
    0.058679999999999996,
    0.060419999999999995,
    0.060419999999999995,
    0.060419999999999995,
    0.060419999999999995,
    0.05934,
    0.0603,
    0.060419999999999995,
    0.058679999999999996,
    0.0603,
    0.05832,
    0.059879999999999996,
    0.060419999999999995,
    0.05925,
    0.060419999999999995,
    0.06228,
    0.061259999999999995,
    0.061200000000000004,
    0.059879999999999996,
    0.061200000000000004,
    0.04683,
    0.06294,
    0.06195,
    0.04572,
    0.05946,
    0.060689999999999994,
    0.060719999999999996,
    0.06357,
    0.062009999999999996,
    0.05967
  ]
}