{
  "mean": 2.04,
  "count": 30,
  "sum": 61.33,
  "max": 5,
  "min": 0,
  "raw": [
    0,
    2.3389699999999998,
    2.3674299999999997,
    3.00752,
    2.3846999999999996,
    0.21489,
    4.33253,
    2.1413499999999996,
    0.22599,
    5.00087,
    2.6283600000000003,
    2.05715,
    1.9957099999999999,
    2.05484,
    4.78253,
    0.21594,
    2.9519600000000006,
    2.33949,
    0.22128,
    3.0224699999999998,
    2.00427,
    1.51854,
    0.47597,
    2.4069700000000003,
    0.21705,
    3.48576,
    0.20664,
    0.22791,
    2.53945,
    3.96162
  ]
}