{
  "mean": 1.36,
  "count": 90,
  "sum": 122.46,
  "max": 3.52,
  "min": 0.05,
  "raw": [
    0.59548,
    0.58689,
    0.55067,
    1.0886,
    0.5835199999999999,
    3.3791600000000006,
    1.44119,
    1.36824,
    3.17448,
    3.4680600000000004,
    0.57384,
    0.97985,
    1.09855,
    1.16592,
    0.53391,
    1.27122,
    2.25414,
    2.46524,
    1.36457,
    1.40835,
    0.61745,
    0.9023200000000001,
    0.72452,
    0.8069599999999999,
    0.60421,
    1.95309,
    2.6178999999999997,
    1.6948999999999999,
    1.51674,
    1.37473,
    0.93292,
    0.9090900000000001,
    1.043,
    0.95318,
    0.98814,
    0.9641700000000001,
    1.12809,
    1.0318,
    0.9604699999999999,
    0.95259,
    0.9367199999999999,
    0.97305,
    0.9812700000000001,
    1.8302800000000001,
    0.82767,
    0.87884,
    0.07280999999999999,
    0.8686999999999999,
    0.20984999999999998,
    1.16758,
    0.91791,
    2.1447000000000003,
    0.9637300000000001,
    0.82236,
    0.80651,
    0.98519,
    1.6288500000000001,
    1.4743399999999998,
    0.81407,
    1.04189,
    2.0721100000000003,
    1.5411599999999999,
    1.54904,
    2.14853,
    1.6375199999999999,
    1.27311,
    2.8171800000000005,
    1.5320500000000001,
    1.30711,
    1.74366,
    0.85999,
    2.01154,
    1.5332100000000002,
    3.2957099999999997,
    1.9262200000000003,
    1.91955,
    1.9122499999999998,
    2.16291,
    3.5169000000000006,
    1.84314,
    1.2714400000000001,
    0.16563000000000003,
    0.56938,
    1.7705400000000002,
    1.89844,
    0.04619000000000001,
    1.6673300000000002,
    1.2794,
    1.55616,
    1.2603900000000001
  ]
}