{
  "mean": 1.46,
  "count": 90,
  "sum": 131.45,
  "max": 3.5,
  "min": 0.08,
  "raw": [
    1.02524,
    0.84145,
    1.5085899999999999,
    1.31256,
    1.29316,
    1.9781199999999999,
    2.02818,
    2.89567,
    3.49591,
    2.04089,
    1.2233899999999998,
    1.0341500000000001,
    1.34275,
    1.3121299999999998,
    0.74868,
    3.18083,
    3.01647,
    2.4286499999999998,
    3.01647,
    2.25444,
    1.4998200000000002,
    1.32264,
    1.2383400000000002,
    0.9381200000000001,
    0.9768,
    2.4399299999999995,
    3.00429,
    2.90278,
    2.3578400000000004,
    2.01129,
    1.1271300000000002,
    0.32321999999999995,
    1.05298,
    0.9811700000000001,
    1.39913,
    1.07855,
    1.06048,
    1.08283,
    0.07884,
    1.0557400000000001,
    1.16495,
    1.64322,
    1.1490099999999999,
    1.3736100000000002,
    1.12036,
    1.06856,
    1.01316,
    1.37354,
    1.12277,
    0.08712,
    0.96912,
    1.04872,
    0.07884,
    1.03812,
    0.86781,
    1.08629,
    1.1096,
    0.9271400000000001,
    1.13721,
    1.1255899999999999,
    2.14071,
    1.7296500000000001,
    2.43242,
    0.6858,
    0.76168,
    0.6633800000000001,
    1.88674,
    2.06952,
    1.05929,
    2.17753,
    2.44248,
    2.20426,
    1.21922,
    1.04972,
    0.6401,
    1.01773,
    0.6913,
    1.1173600000000001,
    2.3990400000000003,
    0.69894,
    1.11989,
    1.34552,
    0.88072,
    1.8277300000000003,
    1.79203,
    2.0372,
    2.04281,
    1.90286,
    1.6125099999999999,
    1.3836
  ]
}