{
  "mean": 2.02,
  "count": 90,
  "sum": 181.81,
  "max": 5,
  "min": 0,
  "raw": [
    0.61638,
    1.03125,
    1.6355199999999999,
    0.1913,
    0.37212,
    3.85001,
    3.58423,
    2.91766,
    3.6426499999999997,
    3.8135000000000003,
    1.4912500000000002,
    0.18742999999999999,
    1.61762,
    0.34326,
    0.33919,
    3.8242800000000003,
    3.63828,
    3.3018799999999997,
    0.18007,
    3.39897,
    1.6807900000000002,
    0.30004,
    0.53838,
    0.40617000000000003,
    1.4774900000000002,
    2.02284,
    0.13801,
    1.2307700000000001,
    4.29591,
    2.0276899999999998,
    0,
    2.3389699999999998,
    2.3674299999999997,
    3.00752,
    2.3846999999999996,
    0.21489,
    4.33253,
    2.1413499999999996,
    0.22599,
    5.00087,
    2.6283600000000003,
    2.05715,
    1.9957099999999999,
    2.05484,
    4.78253,
    0.21594,
    2.9519600000000006,
    2.33949,
    0.22128,
    3.0224699999999998,
    2.00427,
    1.51854,
    0.47597,
    2.4069700000000003,
    0.21705,
    3.48576,
    0.20664,
    0.22791,
    2.53945,
    3.96162,
    3.9954599999999996,
    3.25279,
    0.50369,
    4.072080000000001,
    3.0815900000000003,
    4.48446,
    4.41206,
    3.6969700000000003,
    0.49611000000000005,
    4.152430000000001,
    3.62482,
    0.97119,
    2.8229800000000003,
    4.3751999999999995,
    0.20503,
    0.2215,
    0.49693,
    3.2580500000000003,
    0.18349000000000001,
    0.18847,
    0.20401,
    0.17155,
    3.7812799999999998,
    3.7402499999999996,
    0.19444,
    2.9261,
    0.19699,
    3.61484,
    0.18835000000000002,
    2.8723600000000005
  ]
}