{
  "mean": 1.79,
  "count": 54,
  "sum": 96.69,
  "max": 3.9,
  "min": 0.05,
  "raw": [
    2.91766,
    1.36824,
    2.89567,
    3.5645100000000003,
    3.88773,
    2.93567,
    3.3018799999999997,
    2.46524,
    2.4286499999999998,
    1.4392099999999999,
    3.8980499999999996,
    1.0781,
    1.2307700000000001,
    1.6948999999999999,
    2.90278,
    2.88819,
    3.14916,
    3.75094,
    2.1413499999999996,
    1.0318,
    1.08283,
    0.11333,
    1.09002,
    0.09518,
    2.33949,
    0.8686999999999999,
    1.37354,
    0.11333,
    1.3761999999999999,
    1.51823,
    0.22791,
    1.4743399999999998,
    0.9271400000000001,
    0.11333,
    1.90405,
    1.5706699999999998,
    3.6969700000000003,
    1.5320500000000001,
    2.06952,
    0.7877799999999999,
    0.04757000000000001,
    1.47999,
    3.2580500000000003,
    2.16291,
    1.1173600000000001,
    1.7659600000000002,
    0.04757000000000001,
    2.98321,
    3.61484,
    1.2794,
    1.90286,
    0.6176400000000001,
    1.1165100000000001,
    0.05129
  ]
}