{
  "mean": 1.42,
  "count": 54,
  "sum": 76.69,
  "max": 4.3,
  "min": 0.05,
  "raw": [
    3.6426499999999997,
    3.17448,
    3.49591,
    3.6014099999999996,
    3.4720699999999995,
    2.98384,
    0.18007,
    1.36457,
    3.01647,
    0.72034,
    3.39184,
    3.247,
    4.29591,
    1.51674,
    2.3578400000000004,
    1.81836,
    2.7307,
    3.0551500000000003,
    0.22599,
    0.9604699999999999,
    0.07884,
    0.11333,
    1.27674,
    0.09518,
    0.22128,
    0.20984999999999998,
    1.12277,
    0.11333,
    1.2663399999999998,
    1.56793,
    2.53945,
    0.81407,
    1.13721,
    0.11333,
    1.32013,
    0.09518,
    0.49611000000000005,
    1.30711,
    1.05929,
    0.059140000000000005,
    0.04757000000000001,
    1.152,
    0.18349000000000001,
    3.5169000000000006,
    2.3990400000000003,
    0.37617,
    0.04757000000000001,
    1.15823,
    0.18835000000000002,
    1.55616,
    1.6125099999999999,
    0.08083,
    0.06176000000000001,
    0.05129
  ]
}