{
  "mean": 1.98,
  "count": 30,
  "sum": 59.44,
  "max": 3.9,
  "min": 0.7,
  "raw": [
    1.38184,
    1.41553,
    0.6974800000000001,
    0.9389700000000001,
    1.4575199999999997,
    3.40411,
    2.12941,
    3.88773,
    3.4720699999999995,
    2.14261,
    1.38247,
    0.8024000000000001,
    1.03823,
    0.70259,
    0.81244,
    2.7316000000000003,
    2.185,
    3.8980499999999996,
    3.39184,
    2.18982,
    1.0004,
    1.6801300000000001,
    1.19888,
    0.8209399999999999,
    1.0293999999999999,
    1.5672699999999997,
    2.94896,
    3.14916,
    2.7307,
    3.2508
  ]
}