{
  "mean": 1.47,
  "count": 30,
  "sum": 44.03,
  "max": 3,
  "min": 0.08,
  "raw": [
    1.4998200000000002,
    1.32264,
    1.2383400000000002,
    0.9381200000000001,
    0.9768,
    2.4399299999999995,
    3.00429,
    2.90278,
    2.3578400000000004,
    2.01129,
    0.96912,
    1.04872,
    0.07884,
    1.03812,
    0.86781,
    1.08629,
    1.1096,
    0.9271400000000001,
    1.13721,
    1.1255899999999999,
    1.11989,
    1.34552,
    0.88072,
    1.8277300000000003,
    1.79203,
    2.0372,
    2.04281,
    1.90286,
    1.6125099999999999,
    1.3836
  ]
}