{
  "mean": 1,
  "count": 30,
  "sum": 30.05,
  "max": 2.66,
  "min": 0.06,
  "raw": [
    0.059140000000000005,
    1.3456599999999999,
    2.6606500000000004,
    2.31809,
    0.78904,
    1.9941900000000001,
    0.78688,
    0.7877799999999999,
    0.059140000000000005,
    0.7892000000000001,
    1.8716599999999999,
    0.76615,
    0.78915,
    0.059140000000000005,
    1.83156,
    0.7896799999999999,
    2.09651,
    1.7659600000000002,
    0.37617,
    0.85809,
    0.059140000000000005,
    0.059140000000000005,
    0.059140000000000005,
    2.19535,
    0.55016,
    1.28054,
    1.1594300000000002,
    0.6176400000000001,
    0.08083,
    1.19329
  ]
}