{
  "mean": 0.99,
  "count": 30,
  "sum": 29.74,
  "max": 1.64,
  "min": 0.08,
  "raw": [
    1.1271300000000002,
    0.32321999999999995,
    1.05298,
    0.9811700000000001,
    1.39913,
    1.07855,
    1.06048,
    1.08283,
    0.07884,
    1.0557400000000001,
    1.16495,
    1.64322,
    1.1490099999999999,
    1.3736100000000002,
    1.12036,
    1.06856,
    1.01316,
    1.37354,
    1.12277,
    0.08712,
    0.96912,
    1.04872,
    0.07884,
    1.03812,
    0.86781,
    1.08629,
    1.1096,
    0.9271400000000001,
    1.13721,
    1.1255899999999999
  ]
}