{
  "mean": 2,
  "count": 60,
  "sum": 120.21,
  "max": 3.89,
  "min": 0.19,
  "raw": [
    0.61638,
    1.03125,
    1.6355199999999999,
    0.1913,
    0.37212,
    3.85001,
    3.58423,
    2.91766,
    3.6426499999999997,
    3.8135000000000003,
    0.59548,
    0.58689,
    0.55067,
    1.0886,
    0.5835199999999999,
    3.3791600000000006,
    1.44119,
    1.36824,
    3.17448,
    3.4680600000000004,
    1.02524,
    0.84145,
    1.5085899999999999,
    1.31256,
    1.29316,
    1.9781199999999999,
    2.02818,
    2.89567,
    3.49591,
    2.04089,
    0.55238,
    1.592,
    0.7276499999999999,
    1.5195699999999999,
    1.4442400000000002,
    3.64654,
    3.4185,
    3.5645100000000003,
    3.6014099999999996,
    3.50604,
    1.38184,
    1.41553,
    0.6974800000000001,
    0.9389700000000001,
    1.4575199999999997,
    3.40411,
    2.12941,
    3.88773,
    3.4720699999999995,
    2.14261,
    1.40665,
    1.20575,
    0.8189900000000001,
    0.91004,
    1.12837,
    3.46129,
    2.96305,
    2.93567,
    2.98384,
    1.58651
  ]
}