{
  "mean": 1.25,
  "count": 30,
  "sum": 37.6,
  "max": 3.75,
  "min": 0.05,
  "raw": [
    1.0577,
    0.06917999999999999,
    1.54386,
    0.9643700000000001,
    0.7321500000000001,
    1.56262,
    2.95621,
    3.75094,
    3.0551500000000003,
    2.49672,
    1.19146,
    2.3568100000000003,
    0.09518,
    1.46259,
    0.13448000000000002,
    0.09518,
    0.09518,
    1.5706699999999998,
    0.09518,
    0.09518,
    1.92848,
    2.1151799999999996,
    0.05282,
    0.05129,
    1.02698,
    3.12907,
    1.68728,
    0.05129,
    0.05129,
    2.12489
  ]
}