{
  "mean": 1.07,
  "count": 30,
  "sum": 32.23,
  "max": 3.27,
  "min": 0.05,
  "raw": [
    0.49611,
    0.80473,
    1.3365,
    1.01176,
    1.8484800000000001,
    2.66263,
    3.2703999999999995,
    1.0781,
    3.247,
    1.4111500000000001,
    0.09518,
    0.09518,
    0.10346000000000001,
    0.09518,
    0.09518,
    0.09518,
    0.09518,
    1.51823,
    1.56793,
    0.09518,
    2.16041,
    0.05129,
    0.74314,
    0.05129,
    1.6592799999999999,
    1.1681300000000001,
    1.17886,
    2.98321,
    1.15823,
    0.05129
  ]
}