{
  "Surety": 2.75,
  "OutputFormatCorrectness": 0.7420901387327175,
  "InvalidJSON": 0.8,
  "DataClumpSize_mean": 4.939428571428572,
  "DataClumpOccurence_mean": 41.693714285714286,
  "FieldToField_mean": 0.024047619047619047,
  "ParametersToParameters_mean": 0.975952380952381,
  "DataClumpSize_count": 3.16,
  "DataClumpOccurence_count": 3.16,
  "FieldToField_count": 3.24,
  "ParametersToParameters_count": 3.24,
  "DataClumpSize_groupedCount": {
    "3": 2.388888888888889,
    "5": 1
  },
  "DataClumpOccurence_groupedCount": {
    "6": 2.1176470588235294
  },
  "FieldToField_groupedCount": {
    "0": 3.12
  },
  "ParametersToParameters_groupedCount": {
    "1": 3.12
  },
  "DataClumpSize_raw": {
    "0": 4.44,
    "1": 6.466666666666667
  },
  "DataClumpOccurence_raw": {
    "0": 12.24,
    "1": 247.33333333333334
  },
  "FieldToField_raw": {
    "0": 0,
    "1": 0
  },
  "ParametersToParameters_raw": {
    "0": 1,
    "1": 1
  }
}