{
  "Surety": [
    -20.5,
    -11,
    -19.25,
    -1.5,
    3.25,
    2,
    2.25,
    2,
    2,
    2,
    2.25,
    2.25,
    1,
    1,
    2.5,
    2.5,
    5,
    3,
    2.5,
    2.25,
    -9.75,
    -16.25,
    -2,
    -17.5,
    0.75,
    5.5,
    4.75,
    2.75,
    3.75,
    2.25,
    4.5,
    3.25,
    2,
    2,
    1,
    3,
    1,
    1,
    1,
    1,
    -0.5,
    -1.25,
    -20,
    3.75,
    -2,
    2,
    2.75,
    3.75,
    3.5,
    5.25,
    4.25,
    1,
    1,
    4.5,
    1,
    1.75,
    0.75,
    0.75,
    3.5,
    2.25
  ],
  "Number data clumps": [
    18,
    12,
    17,
    6,
    7,
    2,
    5,
    2,
    2,
    2,
    5,
    5,
    1,
    1,
    5,
    5,
    6,
    6,
    5,
    5,
    4,
    13,
    0,
    14,
    1,
    6,
    5,
    3,
    4,
    5,
    5,
    4,
    5,
    2,
    1,
    3,
    1,
    1,
    1,
    1,
    2,
    1,
    0,
    5,
    0,
    2,
    3,
    4,
    4,
    6,
    5,
    1,
    1,
    5,
    1,
    2,
    1,
    4,
    4,
    5
  ],
  "OutputFormatCorrectness": [
    0.11538461538461539,
    0,
    0,
    0.5771971496437055,
    0.38235294117647056,
    0.8529411764705882,
    0.8156028368794326,
    0.8529411764705882,
    0.8529411764705882,
    0.8529411764705882,
    0.39705882352941174,
    0,
    0.8292682926829268,
    0.8292682926829268,
    0.6323529411764706,
    0.38235294117647056,
    0,
    0.5441176470588235,
    0.7612293144208038,
    0.5791962174940898,
    0.7692307692307693,
    0,
    0.7692307692307693,
    0.225,
    0.5742574257425742,
    0,
    0,
    0.6105263157894737,
    0.6114649681528662,
    0,
    0,
    0.819672131147541,
    0.8205128205128205,
    0.8387096774193549,
    0.8148148148148148,
    0.8448275862068966,
    0.5853658536585366,
    0.5925925925925926,
    0.8292682926829268,
    0.8292682926829268,
    0.5882352941176471,
    0.6,
    0.6153846153846154,
    0.8037383177570093,
    0.7692307692307693,
    0.8529411764705882,
    0.8260869565217391,
    0.8372093023255814,
    0.8527131782945736,
    0,
    0.5875706214689266,
    0.8433734939759037,
    0.8433734939759037,
    0,
    0.8292682926829268,
    0.5925925925925926,
    0.8292682926829268,
    0.8382352941176471,
    0.5957446808510638,
    0.6012269938650306
  ],
  "ValidJSON": [
    0,
    0,
    0,
    0,
    0,
    1,
    0,
    1,
    1,
    1,
    0,
    0,
    1,
    1,
    0,
    0,
    0,
    0,
    0,
    0,
    1,
    0,
    1,
    0,
    1,
    0,
    0,
    1,
    1,
    0,
    0,
    1,
    1,
    1,
    1,
    1,
    1,
    1,
    1,
    1,
    1,
    1,
    1,
    1,
    1,
    1,
    1,
    1,
    1,
    0,
    1,
    1,
    1,
    0,
    1,
    1,
    1,
    1,
    1,
    1
  ],
  "DataClumpSize": [
    3,
    11,
    11,
    11,
    11,
    11,
    11,
    11,
    11,
    11,
    11,
    11,
    11,
    11,
    11,
    11,
    11,
    11,
    3,
    11,
    11,
    11,
    11,
    11,
    11,
    11,
    11,
    11,
    11,
    11,
    11,
    11,
    11,
    11,
    11,
    11,
    11,
    11,
    11,
    11,
    11,
    11,
    11,
    11,
    11,
    11,
    11,
    11,
    11,
    11,
    11,
    11,
    11,
    11,
    11,
    11,
    11,
    11,
    11,
    11,
    5,
    11,
    5,
    11,
    3,
    3,
    3,
    5,
    11,
    5,
    11,
    5,
    11,
    5,
    11,
    3,
    3,
    3,
    5,
    11,
    3,
    3,
    3,
    5,
    5,
    3,
    5,
    11,
    3,
    3,
    3,
    5,
    11,
    3,
    3,
    5,
    11,
    3,
    3,
    3,
    3,
    5,
    11,
    3,
    3,
    3,
    11,
    3,
    5,
    11,
    3,
    3,
    5,
    11,
    3,
    3,
    3,
    11,
    3,
    3,
    3,
    11,
    11,
    11,
    10,
    11,
    11,
    11,
    11,
    11,
    11,
    11,
    11,
    11,
    10,
    10,
    10,
    10,
    10,
    10,
    10,
    10,
    10,
    10,
    10,
    10,
    10,
    10,
    10,
    3,
    5,
    11,
    3,
    3,
    11,
    5,
    11,
    11,
    11,
    3,
    5,
    11,
    3,
    5,
    11,
    11,
    3,
    5,
    11,
    3,
    3,
    3,
    3,
    5,
    11,
    3,
    11,
    5,
    3,
    3,
    3,
    5,
    3,
    3,
    3,
    4,
    5,
    11,
    3,
    3,
    5,
    11,
    5,
    3,
    5,
    5,
    11,
    4,
    11,
    11,
    11,
    11,
    11,
    3,
    5,
    11,
    5,
    11,
    3,
    5,
    11,
    11,
    3,
    3,
    11,
    11,
    11,
    3,
    5,
    11,
    3,
    3,
    3,
    5,
    11,
    3,
    3,
    3,
    11,
    11,
    3,
    5,
    11,
    3,
    3,
    5,
    3,
    3,
    5,
    5,
    11,
    3,
    3,
    5,
    5,
    3,
    3,
    5,
    11,
    3,
    3,
    3
  ],
  "DataClumpOccurence": [
    6,
    2,
    6,
    6,
    6,
    6,
    6,
    6,
    6,
    6,
    6,
    6,
    6,
    6,
    6,
    6,
    6,
    6,
    6,
    6,
    6,
    6,
    6,
    6,
    6,
    6,
    6,
    6,
    6,
    6,
    2,
    2,
    2,
    2,
    2,
    2,
    2,
    2,
    2,
    2,
    2,
    2,
    2,
    2,
    2,
    2,
    2,
    2,
    2,
    2,
    2,
    2,
    2,
    2,
    2,
    2,
    2,
    2,
    2,
    2,
    6,
    0,
    6,
    6,
    6,
    12,
    6,
    6,
    0,
    6,
    0,
    6,
    0,
    6,
    6,
    6,
    2,
    6,
    6,
    6,
    6,
    2,
    6,
    6,
    6,
    6,
    6,
    6,
    6,
    2,
    6,
    6,
    6,
    6,
    2,
    6,
    6,
    6,
    2,
    6,
    6,
    6,
    6,
    6,
    2,
    6,
    6,
    6,
    6,
    6,
    6,
    2,
    6,
    6,
    6,
    2,
    6,
    2,
    64,
    36,
    56,
    6,
    6,
    6,
    6,
    6,
    6,
    6,
    6,
    6,
    6,
    6,
    6,
    6,
    34,
    34,
    34,
    34,
    34,
    34,
    34,
    34,
    34,
    34,
    34,
    34,
    34,
    34,
    6,
    6,
    6,
    6,
    6,
    12,
    0,
    6,
    6,
    0,
    0,
    12,
    6,
    0,
    12,
    6,
    0,
    0,
    2,
    6,
    6,
    6,
    2,
    6,
    6,
    6,
    2,
    12,
    0,
    6,
    64,
    64,
    36,
    6,
    12,
    6,
    12,
    434,
    6,
    6,
    6,
    6,
    6,
    0,
    6,
    6,
    6,
    6,
    6,
    434,
    2,
    2,
    2,
    2,
    2,
    56,
    6,
    0,
    6,
    0,
    2,
    6,
    6,
    0,
    12,
    6,
    2,
    0,
    0,
    6,
    6,
    6,
    6,
    2,
    6,
    6,
    6,
    12,
    2,
    6,
    6,
    6,
    6,
    6,
    6,
    64,
    64,
    6,
    6,
    36,
    6,
    6,
    0,
    2,
    64,
    6,
    6,
    64,
    64,
    6,
    0,
    56,
    56,
    12
  ],