{
  "mean": 0.16666666666666666,
  "median": 0,
  "variance": 0.13888888888888892,
  "count": 1,
  "groupedCount": {
    "0": 5,
    "1": 1
  }
}