{
  "PositionOnGroundTruthMetric": 9.385542168674698,
  "DataClumpSizeMetric": 8.566265060240964,
  "DataClumpSizeOccurence": 258.65060240963857,
  "FieldsToFieldsMetric": 0.3253012048192771,
  "ParametersToParametersMetric": 0.6746987951807228,
  "InvalidJSON": 1,
  "reason=size": 0.08433734939759036,
  "reason=occurrence": 0.6867469879518072,
  "reason=affected_files": 0.07228915662650602,
  "reason=domain": 0.1566265060240964,
  "reason=other": 0
}