{
  "mean": 0.37,
  "count": 30,
  "sum": 11.16,
  "max": 1.12,
  "min": 0,
  "raw": [
    0.25157856243586707,
    0.8491714725780568,
    0.7595896435378791,
    0.9004535349436154,
    0.7851635033696382,
    0,
    0,
    0,
    0,
    0.30208619993501173,
    0.20113522499902103,
    0.8748040747537686,
    0.797956709593926,
    0.7340324931919184,
    0.8491714725780568,
    0,
    0.025086384411217466,
    0,
    0.22634887155575,
    0.17593759219535343,
    1.1191593246015685,
    0.5810386659767701,
    0.8748040747537686,
    0.8235556952204988,
    0,
    0,
    0,
    0,
    0,
    0.025086384411217466
  ]
}