{
  "mean": 0.89,
  "count": 30,
  "sum": 25.79,
  "max": 1,
  "min": 0,
  "raw": [
    0.9879518072289156,
    1,
    0.9696969696969697,
    1,
    0.9714285714285714,
    1,
    1,
    0.9,
    1,
    1,
    0.868421052631579,
    0.6071428571428572,
    1,
    0.9523809523809523,
    0.9444444444444444,
    0.9705882352941176,
    0.9375,
    0.9,
    0.875,
    null,
    0.9210526315789473,
    0.2692307692307693,
    1,
    1,
    0.8823529411764706,
    0.9459459459459459,
    0.7333333333333334,
    0.4666666666666667,
    0.9,
    0.7894736842105263
  ]
}