{
  "mean": 0.02,
  "count": 30,
  "sum": 0.56,
  "max": 0.2,
  "min": 0,
  "raw": [
    0.024096385542168676,
    0,
    0.06060606060606061,
    0,
    0,
    0.018518518518518517,
    0,
    0.2,
    0,
    0.08333333333333333,
    0,
    0.07142857142857142,
    0,
    0,
    0,
    0,
    0,
    0,
    0,
    null,
    0,
    0,
    0.05263157894736842,
    0,
    0,
    0,
    0,
    0,
    0,
    0.05263157894736842
  ]
}