{
  "Surety": {
    "0": 1,
    "1": 10,
    "2": 6,
    "3": 1,
    "-12": 1,
    "-6": 1,
    "-11.25": 1,
    "0.5": 1,
    "4.25": 2,
    "3.25": 6,
    "3.5": 7,
    "-5.25": 1,
    "-9.75": 1,
    "-1": 2,
    "-10.5": 1,
    "0.75": 2,
    "5.5": 1,
    "4.75": 1,
    "2.75": 3,
    "3.75": 3,
    "4.5": 2,
    "2.5": 1,
    "-0.75": 1,
    "-10": 1,
    "5.25": 1,
    "1.75": 2
  },
  "OutputFormatCorrectness": {
    "0.6410256410256411": 1,
    "0.6071428571428571": 1,
    "0.6338028169014085": 1,
    "0.5771971496437055": 1,
    "0.5856777493606138": 1,
    "0.8529411764705882": 5,
    "0.8132387706855791": 1,
    "0.5791962174940898": 3,
    "0.5768321513002365": 1,
    "0.8292682926829268": 6,
    "0.8037825059101655": 1,
    "0.8194444444444444": 1,
    "0.8203309692671394": 1,
    "0.7612293144208038": 1,
    "0.7692307692307693": 3,
    "0.6006006006006006": 1,
    "0.6125356125356125": 1,
    "0.5742574257425742": 1,
    "0.8348623853211009": 1,
    "0.8428571428571429": 1,
    "0.6105263157894737": 1,
    "0.6114649681528662": 1,
    "0.806146572104019": 1,
    "0.8257756563245824": 1,
    "0.819672131147541": 1,
    "0.8205128205128205": 1,
    "0.8387096774193549": 1,
    "0.8148148148148148": 1,
    "0.8448275862068966": 1,
    "0.5853658536585366": 1,
    "0.5925925925925926": 2,
    "0.5882352941176471": 1,
    "0.6": 1,
    "0.6153846153846154": 1,
    "0.8037383177570093": 1,
    "0.8260869565217391": 1,
    "0.8372093023255814": 1,
    "0.8527131782945736": 1,
    "0.8081534772182254": 1,
    "0.5875706214689266": 1,
    "0.8433734939759037": 2,
    "0.8132992327365729": 1,
    "0.8382352941176471": 1,
    "0.5957446808510638": 1,
    "0.6012269938650306": 1
  },
  "InvalidJSON": {
    "0": 22,
    "1": 38
  },
  "DataClumpSize_mean": {
    "0": 3,
    "3": 3,
    "4": 1,
    "5": 19,
    "6": 2,
    "8": 6,
    "9": 1,
    "10": 2,
    "11": 6,
    "10.555555555555555": 1,
    "10.333333333333334": 1,
    "4.666666666666667": 2,
    "10.923076923076923": 1,
    "8.2": 1,
    "6.333333333333333": 3,
    "7.5": 3,
    "6.6": 1,
    "3.5": 1,
    "3.6": 1,
    "9.4": 1,
    "5.5": 1
  },
  "DataClumpOccurence_mean": {
    "0": 3,
    "2": 6,
    "3": 5,
    "4": 1,
    "6": 18,
    "18": 1,
    "21": 1,
    "26": 1,
    "34": 1,
    "35": 1,
    "94": 1,
    "220": 1,
    "5.777777777777778": 1,
    "7.2": 1,
    "5.2": 8,
    "5.333333333333333": 3,
    "39.5": 1,
    "4.8": 1,
    "42.5": 1,
    "12.8": 1,
    "2.6666666666666665": 1,
    "6.4": 1,
    "29.2": 1
  },
  "FieldToField_mean": {
    "0": 41,
    "0.14285714285714285": 1,
    "0.5": 7,
    "0.16666666666666666": 3,
    "0.4": 1,
    "0.3333333333333333": 3,
    "0.2": 2,
    "0.25": 2
  },
  "ParametersToParameters_mean": {
    "1": 31,
    "0.9444444444444444": 1,
    "0.8571428571428571": 1,
    "0.875": 1,
    "0.5": 7,
    "0.8333333333333334": 10,
    "0.9285714285714286": 1,
    "0.6": 1,
    "0.6666666666666666": 3,
    "0.8": 2,
    "0.75": 2
  },
  "DataClumpSize_count": {
    "0": 3,
    "1": 13,
    "2": 8,
    "3": 3,
    "4": 7,
    "5": 15,
    "6": 5,
    "7": 1,
    "12": 1,
    "13": 1,
    "14": 1,
    "17": 1,
    "18": 1
  },
  "DataClumpOccurence_count": {
    "0": 3,
    "1": 13,
    "2": 8,
    "3": 3,
    "4": 7,
    "5": 15,
    "6": 5,
    "7": 1,
    "12": 1,
    "13": 1,
    "14": 1,
    "17": 1,
    "18": 1
  },
  "FieldToField_count": {
    "1": 15,
    "2": 8,
    "3": 3,
    "4": 6,
    "5": 7,
    "6": 13,
    "7": 1,
    "8": 1,
    "10": 1,
    "12": 1,
    "13": 1,
    "14": 1,
    "17": 1,
    "18": 1
  },
  "ParametersToParameters_count": {
    "1": 15,
    "2": 8,
    "3": 3,
    "4": 6,
    "5": 7,
    "6": 13,
    "7": 1,
    "8": 1,
    "10": 1,
    "12": 1,
    "13": 1,
    "14": 1,
    "17": 1,
    "18": 1
  },
  "DataClumpSize_groupedCount": {
    "[object Object]": 60
  },
  "DataClumpOccurence_groupedCount": {
    "[object Object]": 60
  },
  "FieldToField_groupedCount": {
    "[object Object]": 60
  },
  "ParametersToParameters_groupedCount": {
    "[object Object]": 60
  },
  "DataClumpSize_raw": {
    "3": 2,
    "5": 7,
    "10": 1,
    "11": 3,
    "3,11,11,11,11,11,11,11,11,11,11,11,11,11,11,11,11,11": 1,
    "3,11,11,11,11,11,11,11,11,11,11,11": 1,
    "11,11,11,11,11,11,11,11,11,11,11,11,11,11,11,11,11": 1,
    "11,11,11,11,11,11": 1,
    "11,11,11,11,11,11,11": 1,
    "5,11": 6,
    "5,11,3,3,3": 7,
    "3,5,11,3,3": 4,
    "5,11,3,3,3,3": 1,
    "5,11,3,3,3,11": 1,
    "11,3,3,3": 1,
    "11,11,11,10,11,11,11,11,11,11,11,11,11": 1,
    "": 3,
    "10,10,10,10,10,10,10,10,10,10,10,10,10,10": 1,
    "3,5,11,3,3,11": 1,
    "5,11,11,11,3": 1,
    "5,11,3": 2,
    "5,11,11,3": 2,
    "3,5,11,3,11": 1,
    "5,3,3,3": 1,
    "5,3,3,3,4": 1,
    "3,5,11": 1,
    "11,4": 1,
    "11,11,11,11,3": 1,
    "3,11,11,11": 1,
    "3,5,11,3,3,3": 1,
    "3,3": 1,
    "5,11,3,3": 1,
    "5,5,3,3": 1
  },
  "DataClumpOccurence_raw": {
    "2": 1,
    "6": 12,
    "6,2,6,6,6,6,6,6,6,6,6,6,6,6,6,6,6,6": 1,
    "6,6,6,6,6,6,6,6,6,6,6,6": 1,
    "2,2,2,2,2,2,2,2,2,2,2,2,2,2,2,2,2": 1,
    "2,2,2,2,2,2": 1,
    "2,2,2,2,2,2,2": 1,
    "6,0": 5,
    "6,6,6,12,6": 1,
    "6,6,6,2,6": 4,
    "6,6,6,6,2": 3,
    "6,6,6,2,6,6": 2,
    "2,64,36,56": 1,
    "6,6,6,6,6,6,6,6,6,6,6,6,6": 1,
    "": 3,
    "34,34,34,34,34,34,34,34,34,34,34,34,34,34": 1,
    "6,6,6,6,12,0": 1,
    "6,6,0,0,12": 1,
    "6,0,12": 1,
    "6,0,0,2": 1,
    "6,6,2,12,0": 1,
    "6,64,64,36": 1,
    "6,12,6,12,434": 1,
    "6,6": 1,
    "6,6,0": 1,
    "6,434": 1,
    "2,2,2,2,56": 1,
    "6,0,2": 1,
    "6,6,0,12": 1,
    "6,2,0,0": 1,
    "6,6,6,6,2,6": 1,
    "6,6,12,2,6": 1,
    "6,6,6,64,64": 1,
    "6,36": 1,
    "6,0,2,64": 1,
    "6,6,64,64": 1,
    "6,0,56,56,12": 1
  },
  "FieldToField_raw": {
    "0": 15,
    "0,0,0,0,0,0,0,0,0,0,0,0,0,0,0,0,0,0": 1,
    "0,0,0,0,0,0,0,0,0,0,0,0": 1,
    "0,0,0,0,0,0,0,0,0,0,0,0,0,0,0,0,0": 1,
    "0,0,0,0,0,0,1": 1,
    "0,0,0,0,0,0,0,0": 1,
    "0,1": 5,
    "0,0,0,0,0,0": 10,
    "0,0,0,0,0,1": 3,
    "0,0,0,0,0,0,0,0,0,0,0,0,0": 1,
    "0,0,0,0,0,0,0,0,0,0,0,0,0,0": 1,
    "0,0,1,1,0": 1,
    "0,1,0": 2,
    "0,1,1,0": 1,
    "0,0,0,0,1": 1,
    "0,0,0,0": 2,
    "0,0,0,0,0": 4,
    "0,0": 3,
    "0,0,1": 1,
    "0,0,0,0,0,0,0,0,0,0": 1,
    "0,0,1,0": 1,
    "0,0,1,1": 1,
    "0,1,0,0": 1,
    "0,1,0,0,0": 1
  },
  "ParametersToParameters_raw": {
    "1": 15,
    "1,1,1,1,1,1,1,1,1,1,1,1,1,1,1,1,1,0": 1,
    "1,1,1,1,1,1,1,1,1,1,1,1": 1,
    "1,1,1,1,1,1,1,1,1,1,1,1,1,1,1,1,1": 1,
    "1,1,1,1,1,1,0": 1,
    "1,1,1,1,1,1,1,0": 1,
    "1,0": 5,
    "1,1,1,1,1,0": 10,
    "1,1,1,1,1,1": 3,
    "1,1,1,1,1,1,1,1,1,1,1,1,1": 1,
    "1,1,1,1,1,1,1,1,1,1,1,1,1,0": 1,
    "1,1,0,0,1": 1,
    "1,0,1": 2,
    "1,0,0,1": 1,
    "1,1,1,1,0": 1,
    "1,1,1,1": 2,
    "1,1,1,1,1": 4,
    "1,1": 3,
    "1,1,0": 1,
    "1,1,1,1,1,1,1,1,1,1": 1,
    "1,1,0,1": 1,
    "1,1,0,0": 1,
    "1,0,1,1": 1,
    "1,0,1,1,1": 1
  }
}