{
  "mean": 1.08,
  "count": 30,
  "sum": 4.33,
  "max": 1.36,
  "min": 0,
  "raw": [
    null,
    null,
    null,
    null,
    null,
    null,
    null,
    null,
    null,
    null,
    null,
    null,
    0.8746255883611468,
    null,
    null,
    null,
    null,
    null,
    null,
    null,
    1.0319497542326597,
    null,
    null,
    1.355353451839603,
    null,
    null,
    1.071006530527625,
    null,
    null,
    null
  ]
}