{
  "mean": 0.03,
  "count": 60,
  "sum": 1.26,
  "max": 0.22,
  "min": 0,
  "raw": [
    null,
    0.045454545454545456,
    0.020833333333333332,
    0,
    0,
    0,
    0.020833333333333332,
    0.21875,
    0,
    0.004975124378109453,
    0.08,
    0.08333333333333333,
    0,
    0.08333333333333333,
    0,
    0.1,
    0.11538461538461539,
    0,
    0.08333333333333333,
    0.08333333333333333,
    0,
    0,
    0,
    0,
    0,
    0,
    0,
    0,
    null,
    0,
    null,
    null,
    null,
    null,
    null,
    null,
    null,
    null,
    null,
    null,
    0,
    0,
    null,
    0,
    0.0625,
    0.058823529411764705,
    0.047619047619047616,
    0.06451612903225806,
    0,
    0,
    0,
    0,
    null,
    0.08333333333333333,
    null,
    null,
    null,
    null,
    null,
    null
  ]
}