{
  "mean": 0.01,
  "count": 30,
  "sum": 0.36,
  "max": 0.1,
  "min": 0,
  "raw": [
    0,
    0,
    0,
    0,
    0,
    0,
    0,
    0,
    null,
    0,
    0,
    0.07142857142857142,
    0,
    0,
    0,
    0,
    0,
    0,
    0,
    null,
    0.06666666666666667,
    0,
    null,
    0,
    0.07142857142857142,
    0,
    0.04878048780487805,
    0,
    0.1,
    0
  ]
}