{
  "mean": 0.03,
  "count": 30,
  "sum": 0.23,
  "max": 0.1,
  "min": 0,
  "raw": [
    0,
    0,
    null,
    0.08333333333333333,
    null,
    null,
    null,
    null,
    null,
    null,
    null,
    null,
    null,
    null,
    null,
    null,
    null,
    0,
    0,
    null,
    0,
    0.041666666666666664,
    null,
    0,
    null,
    null,
    null,
    0.1,
    null,
    null
  ]
}