{
  "mean": 0.04,
  "count": 30,
  "sum": 1.1,
  "max": 0.12,
  "min": 0,
  "raw": [
    0,
    0,
    0,
    0.09090909090909091,
    0,
    0.0625,
    0,
    0,
    0.07692307692307693,
    0.07692307692307693,
    0.08,
    0.08333333333333333,
    0,
    0.08333333333333333,
    0,
    0.1,
    0.11538461538461539,
    0,
    0.08333333333333333,
    0.08333333333333333,
    0,
    0,
    0,
    0.05172413793103448,
    0.020833333333333332,
    0.0136986301369863,
    0,
    0.012987012987012988,
    0.0136986301369863,
    0.05333333333333334
  ]
}