{
  "mean": 0.02,
  "count": 30,
  "sum": 0.47,
  "max": 0.12,
  "min": 0,
  "raw": [
    0,
    0,
    0,
    0.1111111111111111,
    0,
    null,
    0.05,
    0,
    0,
    0,
    0,
    null,
    0.07692307692307693,
    null,
    0,
    0,
    0,
    0,
    0,
    null,
    0,
    0,
    null,
    null,
    0.11764705882352941,
    0.11764705882352941,
    0,
    null,
    null,
    0
  ]
}