{
  "mean": 0.09,
  "count": 30,
  "sum": 1.91,
  "max": 0.27,
  "min": 0,
  "raw": [
    0.2692307692307692,
    0.21739130434782608,
    0.23809523809523808,
    0.17391304347826086,
    0.13333333333333333,
    0.125,
    0,
    0.2608695652173913,
    0.25,
    0,
    0,
    0,
    null,
    0.08333333333333333,
    null,
    null,
    null,
    null,
    null,
    null,
    0,
    0,
    0,
    0.1111111111111111,
    0,
    null,
    0.05,
    0,
    0,
    0
  ]
}