{
  "mean": 0.03,
  "count": 30,
  "sum": 0.83,
  "max": 0.2,
  "min": 0,
  "raw": [
    0,
    0,
    0.015384615384615385,
    0,
    0,
    0,
    0,
    0.1,
    0.015384615384615385,
    0,
    0.024096385542168676,
    0,
    0.06060606060606061,
    0,
    0,
    0.018518518518518517,
    0,
    0.2,
    0,
    0.08333333333333333,
    0,
    0,
    0.18181818181818182,
    0,
    0,
    0.1,
    0,
    0.0273972602739726,
    0,
    0
  ]
}