{
  "mean": 0.04,
  "count": 30,
  "sum": 1.09,
  "max": 0.12,
  "min": 0,
  "raw": [
    0.08,
    0.08333333333333333,
    0,
    0.08333333333333333,
    0,
    0.1,
    0.11538461538461539,
    0,
    0.08333333333333333,
    0.08333333333333333,
    0,
    0,
    0.08823529411764706,
    0,
    0.08695652173913043,
    0.1,
    null,
    0,
    null,
    0,
    0.04878048780487805,
    0.046511627906976744,
    0,
    0,
    0,
    0,
    0.07142857142857142,
    0,
    0,
    0.02127659574468085
  ]
}