{
  "mean": 0.06,
  "count": 60,
  "sum": 3.6,
  "max": 0.27,
  "min": 0,
  "raw": [
    0,
    0,
    0,
    0,
    0,
    0,
    0,
    0.022222222222222223,
    0.03571428571428571,
    0,
    0,
    0,
    0,
    0.09090909090909091,
    0,
    0.0625,
    0,
    0,
    0.07692307692307693,
    0.07692307692307693,
    0,
    0,
    0.015384615384615385,
    0,
    0,
    0,
    0,
    0.1,
    0.015384615384615385,
    0,
    0,
    0.1111111111111111,
    0.18181818181818182,
    0,
    0.2,
    0.14285714285714285,
    0.125,
    0,
    0,
    0.14285714285714285,
    0.047619047619047616,
    0,
    0.0625,
    0.2,
    0,
    0,
    0.058823529411764705,
    0.1,
    0,
    0.058823529411764705,
    0.2692307692307692,
    0.21739130434782608,
    0.23809523809523808,
    0.17391304347826086,
    0.13333333333333333,
    0.125,
    0,
    0.2608695652173913,
    0.25,
    0
  ]
}