{
  "mean": 0.06,
  "count": 30,
  "sum": 1.47,
  "max": 0.27,
  "min": 0,
  "raw": [
    0,
    0.06666666666666667,
    0,
    0.16666666666666666,
    0.14285714285714285,
    0.21052631578947367,
    0.2727272727272727,
    0,
    0.0625,
    0.125,
    0,
    0,
    null,
    0.05405405405405406,
    0.05555555555555555,
    null,
    0,
    0,
    0,
    0.03125,
    0.058823529411764705,
    null,
    0.08333333333333333,
    0,
    0,
    null,
    null,
    0,
    0,
    0.14285714285714285
  ]
}