{
  "mean": 0.01,
  "count": 30,
  "sum": 0.37,
  "max": 0.22,
  "min": 0,
  "raw": [
    0,
    0,
    0,
    0,
    0,
    0,
    0,
    0.022222222222222223,
    0.03571428571428571,
    0,
    null,
    0.045454545454545456,
    0.020833333333333332,
    0,
    0,
    0,
    0.020833333333333332,
    0.21875,
    0,
    0.004975124378109453,
    0,
    0,
    0,
    0,
    0,
    0,
    0,
    0,
    0,
    0
  ]
}