{
  "mean": 0.02,
  "count": 25,
  "sum": 0.6,
  "max": 0.33,
  "min": 0,
  "raw": [
    0,
    0,
    0,
    0,
    0,
    0,
    0,
    0,
    0,
    0.14285714285714285,
    0.3333333333333333,
    0,
    0,
    0,
    0,
    0,
    0,
    0,
    0.125,
    0,
    0,
    0,
    0,
    0,
    0
  ]
}