{
  "mean": 13.25,
  "count": 20,
  "sum": 264.93,
  "max": 40.8,
  "min": 2,
  "raw": [
    2,
    2,
    2,
    34,
    2,
    3,
    13.6,
    13.6,
    3,
    3,
    23.333333333333332,
    40.8,
    5.333333333333333,
    35,
    6,
    17.6,
    5.2,
    5.333333333333333,
    25.333333333333332,
    22.8
  ]
}