{
  "mean": 1.13,
  "count": 30,
  "sum": 33.85,
  "max": 5.79,
  "min": 0,
  "raw": [
    0.9004535349436154,
    0.8235556952204988,
    0.9518031626966419,
    0.8748040747537686,
    0.9004535349436154,
    0,
    0,
    0,
    0,
    0,
    0.37898763454391826,
    0.5091218863868789,
    1.1047845128239828,
    0.6863881184906688,
    0.7229248351926145,
    0,
    0.7960401148099407,
    1.693641498587894,
    0.35298192074323254,
    0,
    2.3864383770831665,
    5.058411177693415,
    4.46177592838265,
    5.79460499957294,
    0.008135460478342793,
    2.9769188602577685,
    0,
    0.008135460478342793,
    2.4196279699435905,
    0.04068268850889467
  ]
}