{
  "mean": 0.28,
  "count": 225,
  "sum": 62.51,
  "max": 0.56,
  "min": 0.09,
  "raw": [
    0.15134999999999998,
    0.10971,
    0.18477,
    0.11471999999999999,
    0.14306999999999997,
    0.4218,
    0.13357,
    0.44216999999999995,
    0.12079,
    0.14776,
    0.17010000000000003,
    0.18570000000000003,
    0.16680000000000003,
    0.5563899999999999,
    0.17046000000000003,
    0.11256,
    0.10031999999999999,
    0.12756,
    0.11268,
    0.14814,
    0.19726,
    0.1204,
    0.19729,
    0.16819,
    0.15403,
    0.16200000000000003,
    0.17190000000000003,
    0.19602000000000003,
    0.16227000000000003,
    0.16275,
    0.09219,
    0.14267999999999997,
    0.13283999999999999,
    0.11316000000000001,
    0.12342,
    0.11209,
    0.15619,
    0.16735,
    0.12004,
    0.13788999999999998,
    0.16422000000000003,
    0.51613,
    0.19056,
    0.48178,
    0.16797,
    0.26236,
    0.27253,
    0.22755999999999998,
    0.23014,
    0.25555,
    0.24244,
    0.36114999999999997,
    0.24247,
    0.27538,
    0.28936,
    0.29701,
    0.32875,
    0.3517,
    0.29032,
    0.2977,
    0.30661000000000005,
    0.28600000000000003,
    0.34423000000000004,
    0.30976000000000004,
    0.29038,
    0.33119,
    0.30923,
    0.2924,
    0.32393,
    0.36119,
    0.33119,
    0.31106,
    0.26675,
    0.33119,
    0.31789999999999996,
    0.28378000000000003,
    0.26092,
    0.26467,
    0.25615,
    0.24574,
    0.2083,
    0.23335,
    0.26386,
    0.26161,
    0.22987,
    0.26086000000000004,
    0.30631,
    0.27265,
    0.32371,
    0.27058000000000004,
    0.25057,
    0.33103000000000005,
    0.24448000000000003,
    0.26974,
    0.36010000000000003,
    0.38996,
    0.30940999999999996,
    0.40151,
    0.25904,
    0.28864999999999996,
    0.27512,
    0.3077,
    0.2588,
    0.28385,
    0.30317,
    0.22537000000000001,
    0.22378,
    0.28021,
    0.20653,
    0.2425,
    0.20311,
    0.20704,
    0.24229,
    0.24208,
    0.22585,
    0.25171,
    0.25720000000000004,
    0.22435000000000002,
    0.22846000000000002,
    0.22381,
    0.22186000000000003,
    0.22618000000000002,
    0.31918,
    0.26017,
    0.24910000000000002,
    0.36064999999999997,
    0.30221,
    0.23978,
    0.24508999999999997,
    0.29875999999999997,
    0.24070999999999998,
    0.24044,
    0.27359,
    0.24839,
    0.25906999999999997,
    0.24765,
    0.29001,
    0.25104000000000004,
    0.29253,
    0.25104000000000004,
    0.25068,
    0.29295000000000004,
    0.25104000000000004,
    0.25092000000000003,
    0.24771,
    0.32372,
    0.29042,
    0.29765,
    0.30806,
    0.43931,
    0.45449,
    0.27575,
    0.40232,
    0.29057,
    0.31442000000000003,
    0.45407000000000003,
    0.42134000000000005,
    0.34811000000000003,
    0.44882,
    0.44441,
    0.34811000000000003,
    0.45404,
    0.36377000000000004,
    0.3941,
    0.38078000000000006,
    0.3288,
    0.2511,
    0.34545000000000003,
    0.30306,
    0.26535000000000003,
    0.24747000000000002,
    0.28161,
    0.24528,
    0.37026000000000003,
    0.30666,
    0.31388,
    0.27968,
    0.34481,
    0.30935,
    0.29051,
    0.29723,
    0.28778000000000004,
    0.43409,
    0.2828,
    0.2741,
    0.40196000000000004,
    0.43040000000000006,
    0.3143,
    0.5059100000000001,
    0.38468,
    0.34529000000000004,
    0.31412000000000007,
    0.35162000000000004,
    0.31100000000000005,
    0.38567000000000007,
    0.24597000000000002,
    0.27009,
    0.26412,
    0.37065000000000003,
    0.24795,
    0.29253,
    0.24744000000000002,
    0.24714000000000003,
    0.26604,
    0.24810000000000001,
    0.29729,
    0.25355,
    0.36092,
    0.30959000000000003,
    0.33233,
    0.28979,
    0.43577,
    0.29237,
    0.28853,
    0.29336,
    0.34337000000000006,
    0.42269,
    0.33530000000000004,
    0.40355,
    0.33833,
    0.33785000000000004,
    0.43658,
    0.31373000000000006,
    0.31145000000000006,
    0.31388000000000005
  ]
}