{
  "mean": 0.39,
  "count": 36,
  "sum": 14.08,
  "max": 1.6,
  "min": 0.13,
  "raw": [
    1.59609,
    0.18477,
    0.44216999999999995,
    0.16680000000000003,
    0.66784,
    0.12756,
    0.19729,
    0.19602000000000003,
    0.66784,
    0.13283999999999999,
    0.16735,
    0.19056,
    0.36157000000000006,
    0.24247,
    0.34423000000000004,
    0.26675,
    0.30658,
    0.26386,
    0.24448000000000003,
    0.2588,
    0.41488,
    0.24229,
    0.31918,
    0.27359,
    0.9843400000000001,
    0.25104000000000004,
    0.40232,
    0.36377000000000004,
    0.98146,
    0.24528,
    0.43409,
    0.35162000000000004,
    0.9419500000000001,
    0.24714000000000003,
    0.29237,
    0.31373000000000006
  ]
}