{
  "mean": 0.37,
  "count": 36,
  "sum": 13.23,
  "max": 1.54,
  "min": 0,
  "raw": [
    0,
    0.15134999999999998,
    0.4218,
    0.17010000000000003,
    1.53873,
    0.11256,
    0.19726,
    0.16200000000000003,
    0.75283,
    0.09219,
    0.11209,
    0.16422000000000003,
    0.44644000000000006,
    0.24244,
    0.30661000000000005,
    0.33119,
    0.4600000000000001,
    0.2083,
    0.25057,
    0.27512,
    0.30670000000000003,
    0.20311,
    0.22186000000000003,
    0.24070999999999998,
    0.94918,
    0.25068,
    0.45449,
    0.34811000000000003,
    1.10113,
    0.24747000000000002,
    0.29723,
    0.34529000000000004,
    0.9505600000000001,
    0.29253,
    0.28979,
    0.33785000000000004
  ]
}