{
  "mean": 0.19,
  "count": 45,
  "sum": 8.33,
  "max": 0.56,
  "min": 0.09,
  "raw": [
    0.15134999999999998,
    0.10971,
    0.18477,
    0.11471999999999999,
    0.14306999999999997,
    0.4218,
    0.13357,
    0.44216999999999995,
    0.12079,
    0.14776,
    0.17010000000000003,
    0.18570000000000003,
    0.16680000000000003,
    0.5563899999999999,
    0.17046000000000003,
    0.11256,
    0.10031999999999999,
    0.12756,
    0.11268,
    0.14814,
    0.19726,
    0.1204,
    0.19729,
    0.16819,
    0.15403,
    0.16200000000000003,
    0.17190000000000003,
    0.19602000000000003,
    0.16227000000000003,
    0.16275,
    0.09219,
    0.14267999999999997,
    0.13283999999999999,
    0.11316000000000001,
    0.12342,
    0.11209,
    0.15619,
    0.16735,
    0.12004,
    0.13788999999999998,
    0.16422000000000003,
    0.51613,
    0.19056,
    0.48178,
    0.16797
  ]
}