{
  "mean": 1.04,
  "count": 15,
  "sum": 15.66,
  "max": 2.41,
  "min": 0,
  "raw": [
    0,
    0.66784,
    1.59609,
    1.50855,
    2.4082200000000005,
    1.53873,
    0.69259,
    0.66784,
    1.57215,
    0.70768,
    0.75283,
    0.68485,
    0.66784,
    0.68074,
    1.51014
  ]
}