{
  "mean": 0.32,
  "count": 40,
  "sum": 12.85,
  "max": 0.46,
  "min": 0.23,
  "raw": [
    0.42676000000000003,
    0.45826,
    0.30685000000000007,
    0.40774000000000005,
    0.30685000000000007,
    0.44644000000000006,
    0.44317000000000006,
    0.36157000000000006,
    0.31429,
    0.43741,
    0.26236,
    0.27253,
    0.22755999999999998,
    0.23014,
    0.25555,
    0.24244,
    0.36114999999999997,
    0.24247,
    0.27538,
    0.28936,
    0.29701,
    0.32875,
    0.3517,
    0.29032,
    0.2977,
    0.30661000000000005,
    0.28600000000000003,
    0.34423000000000004,
    0.30976000000000004,
    0.29038,
    0.33119,
    0.30923,
    0.2924,
    0.32393,
    0.36119,
    0.33119,
    0.31106,
    0.26675,
    0.33119,
    0.31789999999999996
  ]
}