{
  "mean": 0.27,
  "count": 40,
  "sum": 10.83,
  "max": 0.41,
  "min": 0.2,
  "raw": [
    0.31435,
    0.30694000000000005,
    0.30619,
    0.30673000000000006,
    0.41284000000000004,
    0.30670000000000003,
    0.29962000000000005,
    0.41488,
    0.34063000000000004,
    0.34825000000000006,
    0.22537000000000001,
    0.22378,
    0.28021,
    0.20653,
    0.2425,
    0.20311,
    0.20704,
    0.24229,
    0.24208,
    0.22585,
    0.25171,
    0.25720000000000004,
    0.22435000000000002,
    0.22846000000000002,
    0.22381,
    0.22186000000000003,
    0.22618000000000002,
    0.31918,
    0.26017,
    0.24910000000000002,
    0.36064999999999997,
    0.30221,
    0.23978,
    0.24508999999999997,
    0.29875999999999997,
    0.24070999999999998,
    0.24044,
    0.27359,
    0.24839,
    0.25906999999999997
  ]
}