{
  "mean": 0.29,
  "count": 30,
  "sum": 8.67,
  "max": 0.51,
  "min": 0.16,
  "raw": [
    0.19692,
    0.17934,
    0.20061,
    0.18591000000000002,
    0.23229,
    0.16200000000000003,
    0.17190000000000003,
    0.19602000000000003,
    0.16227000000000003,
    0.16275,
    0.38996,
    0.30940999999999996,
    0.40151,
    0.25904,
    0.28864999999999996,
    0.27512,
    0.3077,
    0.2588,
    0.28385,
    0.30317,
    0.40196000000000004,
    0.43040000000000006,
    0.3143,
    0.5059100000000001,
    0.38468,
    0.34529000000000004,
    0.31412000000000007,
    0.35162000000000004,
    0.31100000000000005,
    0.38567000000000007
  ]
}