{
  "mean": 1.07,
  "count": 90,
  "sum": 96.2,
  "max": 3.65,
  "min": 0.06,
  "raw": [
    0.55238,
    1.592,
    0.7276499999999999,
    1.5195699999999999,
    1.4442400000000002,
    3.64654,
    3.4185,
    3.5645100000000003,
    3.6014099999999996,
    3.50604,
    1.33555,
    1.7157500000000003,
    1.89125,
    1.9018000000000002,
    1.87893,
    3.5987299999999998,
    1.94794,
    1.4392099999999999,
    0.72034,
    1.15045,
    1.0444900000000001,
    1.37701,
    1.45315,
    0.65105,
    0.09266,
    3.64967,
    0.16494999999999999,
    2.88819,
    1.81836,
    0.50051,
    0.11333,
    0.11333,
    0.11333,
    0.11333,
    0.11333,
    0.11333,
    0.11333,
    0.11333,
    0.11333,
    0.11333,
    0.11333,
    0.11333,
    2.3692599999999997,
    0.11333,
    0.11333,
    0.11333,
    0.12161000000000001,
    0.11333,
    0.11333,
    0.11333,
    1.9976299999999998,
    0.11333,
    0.11333,
    2.77718,
    0.11333,
    0.11333,
    1.2552,
    0.11333,
    0.11333,
    0.11333,
    0.059140000000000005,
    1.3456599999999999,
    2.6606500000000004,
    2.31809,
    0.78904,
    1.9941900000000001,
    0.78688,
    0.7877799999999999,
    0.059140000000000005,
    0.7892000000000001,
    1.8716599999999999,
    0.76615,
    0.78915,
    0.059140000000000005,
    1.83156,
    0.7896799999999999,
    2.09651,
    1.7659600000000002,
    0.37617,
    0.85809,
    0.059140000000000005,
    0.059140000000000005,
    0.059140000000000005,
    2.19535,
    0.55016,
    1.28054,
    1.1594300000000002,
    0.6176400000000001,
    0.08083,
    1.19329
  ]
}