{
  "mean": 0.75,
  "count": 75,
  "sum": 56.5,
  "max": 1,
  "min": 0,
  "raw": [
    1,
    1,
    1,
    1,
    1,
    1,
    1,
    1,
    1,
    1,
    1,
    1,
    1,
    1,
    1,
    1,
    0.8333333333333334,
    0.8333333333333334,
    0.8333333333333334,
    1,
    0,
    0.8333333333333334,
    1,
    1,
    1,
    1,
    0,
    0.8333333333333334,
    1,
    1,
    1,
    0.8333333333333334,
    1,
    0.8333333333333334,
    1,
    0,
    1,
    0.33333333333333337,
    0.8333333333333334,
    0,
    0,
    0,
    1,
    1,
    0.8333333333333334,
    1,
    1,
    1,
    1,
    1,
    0,
    1,
    0,
    0,
    0,
    0,
    1,
    1,
    1,
    1,
    1,
    0.8333333333333334,
    0,
    0,
    0.8333333333333334,
    1,
    0,
    1,
    1,
    1,
    0,
    0,
    1,
    1,
    1
  ]
}