{
  "mean": 0.57,
  "count": 36,
  "sum": 20.5,
  "max": 1,
  "min": 0,
  "raw": [
    1,
    0,
    0.8333333333333334,
    0,
    0,
    0,
    1,
    0,
    0.8333333333333334,
    0,
    1,
    0,
    1,
    0,
    1,
    0,
    0,
    0,
    1,
    1,
    1,
    1,
    0,
    0,
    1,
    1,
    1,
    1,
    1,
    1,
    1,
    0,
    1,
    1,
    0,
    0.8333333333333334
  ]
}