{
  "mean": 0.64,
  "count": 35,
  "sum": 22.5,
  "max": 1,
  "min": 0,
  "raw": [
    1,
    1,
    1,
    1,
    1,
    1,
    1,
    1,
    1,
    1,
    1,
    1,
    1,
    1,
    1,
    0,
    0,
    0,
    0,
    0,
    0,
    0,
    0,
    0,
    0,
    0,
    0.8333333333333334,
    0.6666666666666667,
    1,
    1,
    1,
    1,
    1,
    0,
    1
  ]
}