{
  "mean": 0.72,
  "count": 105,
  "sum": 76.08,
  "max": 1,
  "min": 0,
  "raw": [
    1,
    1,
    1,
    1,
    1,
    1,
    1,
    1,
    1,
    1,
    1,
    1,
    1,
    1,
    1,
    1,
    1,
    1,
    1,
    1,
    1,
    1,
    1,
    1,
    1,
    1,
    1,
    1,
    1,
    1,
    1,
    1,
    1,
    1,
    1,
    1,
    1,
    1,
    1,
    1,
    1,
    1,
    1,
    1,
    1,
    1,
    0,
    1,
    0,
    0,
    0,
    0,
    1,
    0.75,
    1,
    0,
    0,
    1,
    0,
    0,
    0,
    0,
    0,
    1,
    0,
    0,
    1,
    0,
    0,
    0,
    0,
    0,
    1,
    1,
    1,
    0.8333333333333334,
    0.8333333333333334,
    0.6666666666666667,
    0.8333333333333334,
    0.8333333333333334,
    0,
    1,
    1,
    1,
    0.8333333333333334,
    0.8333333333333334,
    0,
    1,
    0,
    0.8333333333333334,
    1,
    1,
    1,
    1,
    0,
    1,
    1,
    0,
    0,
    1,
    0.8333333333333334,
    1,
    0,
    0,
    1
  ]
}