{
  "mean": 0.86,
  "count": 35,
  "sum": 30,
  "max": 1,
  "min": 0,
  "raw": [
    1,
    1,
    1,
    1,
    1,
    1,
    1,
    1,
    1,
    1,
    1,
    1,
    1,
    1,
    1,
    0.8333333333333334,
    0.8333333333333334,
    0,
    0,
    0.8333333333333334,
    0.8333333333333334,
    1,
    0,
    0,
    0.6666666666666667,
    1,
    1,
    1,
    1,
    1,
    1,
    1,
    1,
    1,
    1
  ]
}