{
  "mean": 0.68,
  "count": 35,
  "sum": 23.67,
  "max": 1,
  "min": 0,
  "raw": [
    1,
    1,
    1,
    1,
    1,
    1,
    1,
    1,
    1,
    1,
    1,
    1,
    1,
    1,
    1,
    0,
    0,
    1,
    0,
    0,
    0,
    0,
    0,
    1,
    0,
    0.8333333333333334,
    0,
    1,
    0,
    0.8333333333333334,
    1,
    1,
    1,
    1,
    0
  ]
}