{
  "mean": 0.97,
  "count": 30,
  "sum": 28.99,
  "max": 1.4,
  "min": 0.92,
  "raw": [
    1.4002599999999998,
    0.93331,
    0.93358,
    1.0338399999999999,
    0.9261699999999999,
    0.93394,
    1.03276,
    0.9273399999999999,
    0.92704,
    1.3116999999999999,
    0.9415899999999999,
    0.9317799999999999,
    0.9330999999999999,
    0.92407,
    0.92452,
    0.9376899999999999,
    0.9234399999999999,
    0.93058,
    0.9265599999999999,
    0.9617199999999999,
    0.9230499999999999,
    0.92977,
    0.95302,
    0.92338,
    0.9242499999999999,
    0.92785,
    0.9260499999999999,
    0.92872,
    0.93082,
    0.92401
  ]
}