{
  "Surety": [
    2.5,
    4.5,
    3,
    null,
    4.25,
    3,
    5,
    3,
    4.25,
    3.25,
    2.5,
    3.5,
    -1.25,
    2,
    1.75,
    4.75,
    4.5,
    2.75,
    4.5,
    2.75,
    4.5,
    4.5,
    4.5,
    2,
    4.75,
    2.75,
    3.75,
    2.75,
    1,
    1.75,
    1,
    4.5,
    2.75,
    2.75,
    4.5,
    2,
    2,
    2.75,
    -0.25,
    3,
    1,
    3.75,
    2.75,
    6.5,
    2
  ],
  "Number data clumps": [
    5,
    5,
    6,
    0,
    5,
    6,
    6,
    6,
    5,
    6,
    3,
    4,
    2,
    2,
    4,
    5,
    5,
    3,
    5,
    3,
    5,
    5,
    5,
    2,
    5,
    3,
    4,
    3,
    1,
    2,
    1,
    5,
    3,
    3,
    5,
    2,
    2,
    3,
    2,
    3,
    1,
    4,
    3,
    7,
    2
  ],
  "OutputFormatCorrectness": [
    0.5770171149144254,
    0,
    0.8171296296296297,
    null,
    0.8169014084507042,
    0.8266666666666667,
    0.8275862068965517,
    0.8171296296296297,
    0.5906040268456376,
    0,
    0.8148148148148148,
    0.591304347826087,
    0.7213114754098361,
    0.5901639344262295,
    0.7707006369426752,
    0.8248587570621468,
    0.5875706214689266,
    0.5882352941176471,
    0.5875706214689266,
    0.5909090909090909,
    0.5875706214689266,
    0.59375,
    0.8248587570621468,
    0.5818181818181818,
    0.7062146892655368,
    0.8148148148148148,
    0.819672131147541,
    0.5882352941176471,
    0.5882352941176471,
    0.8235294117647058,
    0.5882352941176471,
    0.8248587570621468,
    0.8235294117647058,
    0.8181818181818182,
    0.8248587570621468,
    0.5901639344262295,
    0.8547008547008547,
    0.8409090909090909,
    0.7,
    0.6363636363636364,
    0.8148148148148148,
    0.8278688524590164,
    0.777027027027027,
    0,
    0.5882352941176471
  ],
  "ValidJSON": [
    0,
    0,
    0,
    0,
    1,
    0,
    1,
    0,
    1,
    0,
    1,
    1,
    1,
    1,
    1,
    1,
    1,
    1,
    1,
    1,
    1,
    1,
    1,
    1,
    1,
    1,
    1,
    1,
    1,
    1,
    1,
    1,
    1,
    1,
    1,
    1,
    1,
    1,
    1,
    1,
    1,
    1,
    1,
    0,
    1
  ],
  "DataClumpSize": [
    3,
    5,
    11,
    3,
    3,
    3,
    5,
    11,
    3,
    3,
    5,
    11,
    3,
    3,
    3,
    3,
    3,
    5,
    3,
    3,
    3,
    5,
    11,
    3,
    3,
    3,
    3,
    5,
    11,
    3,
    3,
    3,
    3,
    5,
    11,
    3,
    3,
    3,
    3,
    3,
    5,
    3,
    3,
    3,
    3,
    5,
    11,
    3,
    3,
    3,
    3,
    3,
    3,
    3,
    5,
    3,
    3,
    3,
    5,
    3,
    5,
    3,
    5,
    11,
    11,
    3,
    100,
    4,
    100,
    3,
    3,
    4,
    4,
    3,
    3,
    3,
    4,
    4,
    3,
    4,
    4,
    3,
    3,
    3,
    8,
    3,
    3,
    4,
    4,
    3,
    3,
    3,
    4,
    4,
    3,
    3,
    3,
    4,
    4,
    3,
    3,
    3,
    8,
    3,
    100,
    4,
    100,
    3,
    3,
    8,
    3,
    3,
    4,
    3,
    3,
    3,
    8,
    4,
    3,
    3,
    3,
    8,
    3,
    4,
    4,
    3,
    3,
    3,
    4,
    4,
    3,
    3,
    8,
    3,
    4,
    4,
    3,
    3,
    3,
    8,
    8,
    64,
    4,
    3,
    4,
    64,
    30,
    64,
    30,
    3,
    3,
    8,
    8,
    3,
    3,
    3,
    4,
    4,
    3,
    4,
    4,
    6,
    8,
    8,
    8,
    3,
    100
  ],
  "DataClumpOccurence": [
    6,
    6,
    6,
    6,
    64,
    6,
    6,
    6,
    6,
    2,
    6,
    6,
    6,
    2,
    6,
    6,
    6,
    6,
    64,
    2,
    36,
    6,
    6,
    2,
    64,
    64,
    64,
    6,
    6,
    6,
    2,
    12,
    6,
    6,
    6,
    6,
    2,
    6,
    6,
    6,
    6,
    64,
    2,
    6,
    6,
    6,
    6,
    6,
    64,
    64,
    6,
    64,
    56,
    6,
    6,
    2,
    64,
    12,
    6,
    6,
    6,
    6,
    6,
    2,
    2,
    12,
    2,
    4,
    2,
    3,
    12,
    4,
    4,
    3,
    3,
    12,
    4,
    4,
    12,
    4,
    4,
    3,
    3,
    12,
    3,
    3,
    12,
    4,
    4,
    3,
    3,
    12,
    4,
    4,
    3,
    3,
    12,
    4,
    4,
    3,
    3,
    12,
    3,
    12,
    2,
    4,
    2,
    3,
    12,
    3,
    3,
    12,
    4,
    3,
    3,
    12,
    3,
    2,
    12,
    12,
    3,
    3,
    12,
    4,
    4,
    3,
    3,
    12,
    4,
    4,
    12,
    3,
    3,
    12,
    4,
    4,
    3,
    3,
    12,
    3,
    3,
    2,
    2,
    12,
    8,
    2,
    2,
    2,
    2,
    12,
    4,
    3,
    3,
    12,
    2,
    12,
    4,
    4,
    12,
    4,
    4,
    2,
    3,
    3,
    3,
    12,
    2
  ],
  "ParametersToParameters": [
    1,
    1,
    1,
    1,
    1,
    1,
    1,
    1,
    1,
    1,
    1,
    1,
    1,
    1,
    1,
    1,
    1,
    1,
    1,
    1,
    1,
    1,
    1,
    1,
    1,
    1,
    1,
    1,
    1,
    1,
    1,
    1,
    1,
    1,
    1,
    1,
    1,
    1,
    1,
    1,
    1,
    1,
    1,
    1,
    1,
    1,
    1,
    1,
    1,
    1,
    1,
    1,
    1,
    1,
    1,
    1,
    1,
    1,
    1,
    1,
    1,
    1,
    1,
    1,
    1,
    1,
    0,
    1,
    0,
    1,
    1,
    1,
    1,
    1,
    1,
    1,
    1,
    1,
    1,
    1,
    1,
    1,
    1,
    1,
    1,
    1,
    1,
    1,
    1,
    1,
    1,
    1,
    1,
    1,
    1,
    1,
    1,
    1,
    1,
    1,
    1,
    1,
    1,
    1,
    0,
    1,
    0,
    1,
    1,
    1,
    1,
    1,
    1,
    1,
    1,
    1,
    1,
    1,
    1,
    1,
    1,
    1,
    1,
    1,
    1,
    1,
    1,
    1,
    1,
    1,
    1,
    1,
    1,
    1,
    1,
    1,
    1,
    1,
    1,
    1,
    1,
    0,
    1,
    1,
    0,
    0,
    0,
    0,
    0,
    1,
    1,
    1,
    1,
    1,
    0,
    1,
    1,
    1,
    1,
    1,
    1,
    1,
    1,
    1,
    1,
    1,
    0
  ],
  "FieldToField": [
    0,
    0,
    0,
    0,
    0,
    0,
    0,
    0,
    0,
    0,
    0,
    0,
    0,
    0,
    0,
    0,
    0,
    0,
    0,
    0,
    0,
    0,
    0,
    0,
    0,
    0,
    0,
    0,
    0,
    0,
    0,
    0,
    0,
    0,
    0,
    0,
    0,
    0,
    0,
    0,
    0,
    0,
    0,
    0,
    0,
    0,
    0,
    0,
    0,
    0,
    0,
    0,
    0,
    0,
    0,
    0,
    0,
    0,
    0,
    0,
    0,
    0,
    0,
    0,
    0,
    0,
    1,
    0,
    1,
    0,
    0,
    0,
    0,
    0,
    0,
    0,
    0,
    0,
    0,
    0,
    0,
    0,
    0,
    0,
    0,
    0,
    0,
    0,
    0,
    0,
    0,
    0,
    0,
    0,
    0,
    0,
    0,
    0,
    0,
    0,
    0,
    0,
    0,
    0,
    1,
    0,
    1,
    0,
    0,
    0,
    0,
    0,
    0,
    0,
    0,
    0,
    0,
    0,
    0,
    0,
    0,
    0,
    0,
    0,
    0,
    0,
    0,
    0,
    0,
    0,
    0,
    0,
    0,
    0,
    0,
    0,
    0,
    0,
    0,
    0,
    0,
    1,
    0,
    0,
    1,
    1,
    1,
    1,
    1,
    0,
    0,
    0,
    0,
    0,
    0,
    0,
    0,
    0,
    0,
    0,
    0,
    0,
    0,
    0,
    0,
    0,
    1
  ],