{
  "all": 0,
  "PositiveComments=true": 0.12749999999999995,
  "PositiveComments=false": 0.12749999999999997,
  "meaningfulComments=true": 0.16000000000000003,
  "meaningfulComments=false": 0.16000000000000006,
  "Readability": 0.24000000000000007,
  "Readability+": 0.09000000000000001,
  "Readability-": 0.2099999999999999,
  "Complexity": 0.16000000000000006,
  "Complexity+": 0.09000000000000001,
  "Complexity-": 0.09000000000000001,
  "ManualChanges": 0,
  "ManualChanges+": 0,
  "ManualChanges-": 0,
  "IntentionalDesignChoice": 0.047499999999999945,
  "IntentionalDesignChoice+": 0,
  "IntentionalDesignChoice-": 0.047499999999999945,
  "Performance": 0.09000000000000001,
  "Performance+": 0,
  "Performance-": 0.09000000000000001,
  "RefactoringNotWorthIt": 0.1875,
  "RefactoringNotWorthIt+": 0,
  "RefactoringNotWorthIt-": 0.1875,
  "LongLines": 0,
  "LongLines+": 0,
  "LongLines-": 0,
  "NotEnough": 0.1875,
  "NotEnough+": 0,
  "NotEnough-": 0.1875,
  "SmallerDataClump": 0,
  "SmallerDataClump+": 0,
  "SmallerDataClump-": 0,
  "LargerDataClump": 0.04749999999999998,
  "LargerDataClump+": 0,
  "LargerDataClump-": 0.04749999999999998,
  "OverEngineered": 0,
  "OverEngineered+": 0,
  "OverEngineered-": 0,
  "DocumentationIssues": 0.09000000000000001,
  "DocumentationIssues+": 0,
  "DocumentationIssues-": 0.09000000000000001,
  "JavaRecordBetter": 0.09000000000000001,
  "JavaRecordBetter+": 0,
  "JavaRecordBetter-": 0.09000000000000001,
  "ExtractedClassLocation": 0.047499999999999945,
  "ExtractedClassLocation+": 0,
  "ExtractedClassLocation-": 0.047499999999999945,
  "NoMeaningfulFeedback": 0,
  "NoMeaningfulFeedback+": 0,
  "NoMeaningfulFeedback-": 0,
  "LLM_Useful": 0.04749999999999996,
  "LLM_Useful+": 0.04749999999999996,
  "LLM_Useful-": 0,
  "ClassName": 0.09000000000000001,
  "ClassName+": 0,
  "ClassName-": 0.09000000000000001,
  "ImportsIssues": 0.04749999999999996,
  "ImportsIssues+": 0,
  "ImportsIssues-": 0.04749999999999996,
  "SemanticChanges": 0.04749999999999997,
  "SemanticChanges+": 0,
  "SemanticChanges-": 0.04749999999999997,
  "SameBaseClass": 0,
  "SameBaseClass+": 0,
  "SameBaseClass-": 0,
  "ExtractedClassShouldNotBePublic": 0,
  "ExtractedClassShouldNotBePublic+": 0,
  "ExtractedClassShouldNotBePublic-": 0,
  "StyleAdaption": 0.16000000000000006,
  "StyleAdaption+": 0,
  "StyleAdaption-": 0.16000000000000006,
  "LicenseHeaderMissing": 0,
  "LicenseHeaderMissing+": 0,
  "LicenseHeaderMissing-": 0,
  "LLM_LegalIssues": 0.09000000000000001,
  "LLM_LegalIssues+": 0,
  "LLM_LegalIssues-": 0.09000000000000001,
  "InvalidPR": 0.04749999999999999,
  "InvalidPR+": 0,
  "InvalidPR-": 0.04749999999999999,
  "ImprovedMaintainability": 0,
  "ImprovedMaintainability+": 0,
  "ImprovedMaintainability-": 0,
  "IsolatedComponents": 0,
  "IsolatedComponents+": 0,
  "IsolatedComponents-": 0,
  "DeveloperMustOverseeLLM": 0.047499999999999945,
  "DeveloperMustOverseeLLM+": 0,
  "DeveloperMustOverseeLLM-": 0.047499999999999945,
  "Good_Idea": 0.047499999999999945,
  "Good_Idea+": 0.047499999999999945,
  "Good_Idea-": 0,
  "merged=true": 0.16000000000000006,
  "merged=false": 0.16000000000000006,
  "state=open": 0.2099999999999999,
  "state=closed": 0.2099999999999999,
  "category=detectAndRefactor": 0,
  "category=nameSuggestion": 0,
  "type=fields_to_fields_data_clump": 0.2475,
  "type=parameters_to_parameters_data_clump": 0.24750000000000005,
  "CodeReadability": 0.24000000000000007,
  "Usefulness": 0.2099999999999999,
  "Details": 0.09000000000000001,
  "DataClumpChoice": 0.04749999999999998,
  "ManualWork": 0.16000000000000006,
  "FunctionalImpact": 0.0475,
  "GeneralComments": 0.12749999999999995,
  "size": 17.76
}