{
  "all": 0,
  "PositiveComments=true": 0.2314049586776859,
  "PositiveComments=false": 0.2314049586776859,
  "meaningfulComments=true": 0,
  "meaningfulComments=false": 0,
  "Readability": 0,
  "Readability+": 0.1983471074380165,
  "Readability-": 0.1983471074380165,
  "Complexity": 0.2314049586776859,
  "Complexity+": 0.14876033057851237,
  "Complexity-": 0.14876033057851235,
  "ManualChanges": 0,
  "ManualChanges+": 0,
  "ManualChanges-": 0,
  "IntentionalDesignChoice": 0.14876033057851232,
  "IntentionalDesignChoice+": 0,
  "IntentionalDesignChoice-": 0.14876033057851232,
  "Performance": 0.14876033057851237,
  "Performance+": 0,
  "Performance-": 0.14876033057851237,
  "RefactoringNotWorthIt": 0.1983471074380165,
  "RefactoringNotWorthIt+": 0,
  "RefactoringNotWorthIt-": 0.1983471074380165,
  "LongLines": 0.08264462809917351,
  "LongLines+": 0,
  "LongLines-": 0.08264462809917351,
  "NotEnough": 0.1983471074380165,
  "NotEnough+": 0,
  "NotEnough-": 0.1983471074380165,
  "SmallerDataClump": 0.08264462809917351,
  "SmallerDataClump+": 0.08264462809917351,
  "SmallerDataClump-": 0.08264462809917351,
  "LargerDataClump": 0.08264462809917354,
  "LargerDataClump+": 0,
  "LargerDataClump-": 0.08264462809917354,
  "OverEngineered": 0,
  "OverEngineered+": 0,
  "OverEngineered-": 0,
  "DocumentationIssues": 0.14876033057851235,
  "DocumentationIssues+": 0,
  "DocumentationIssues-": 0.14876033057851235,
  "JavaRecordBetter": 0,
  "JavaRecordBetter+": 0,
  "JavaRecordBetter-": 0,
  "ExtractedClassLocation": 0,
  "ExtractedClassLocation+": 0,
  "ExtractedClassLocation-": 0,
  "NoMeaningfulFeedback": 0,
  "NoMeaningfulFeedback+": 0,
  "NoMeaningfulFeedback-": 0,
  "LLM_Useful": 0.14876033057851232,
  "LLM_Useful+": 0.14876033057851232,
  "LLM_Useful-": 0,
  "ClassName": 0.14876033057851232,
  "ClassName+": 0.08264462809917351,
  "ClassName-": 0.08264462809917353,
  "ImportsIssues": 0.08264462809917353,
  "ImportsIssues+": 0,
  "ImportsIssues-": 0.08264462809917353,
  "SemanticChanges": 0.14876033057851235,
  "SemanticChanges+": 0,
  "SemanticChanges-": 0.14876033057851235,
  "SameBaseClass": 0.08264462809917353,
  "SameBaseClass+": 0,
  "SameBaseClass-": 0.08264462809917353,
  "ExtractedClassShouldNotBePublic": 0.08264462809917353,
  "ExtractedClassShouldNotBePublic+": 0,
  "ExtractedClassShouldNotBePublic-": 0.08264462809917353,
  "StyleAdaption": 0.14876033057851235,
  "StyleAdaption+": 0,
  "StyleAdaption-": 0.14876033057851235,
  "LicenseHeaderMissing": 0,
  "LicenseHeaderMissing+": 0,
  "LicenseHeaderMissing-": 0,
  "LLM_LegalIssues": 0.08264462809917354,
  "LLM_LegalIssues+": 0,
  "LLM_LegalIssues-": 0.08264462809917354,
  "InvalidPR": 0,
  "InvalidPR+": 0,
  "InvalidPR-": 0,
  "ImprovedMaintainability": 0.08264462809917351,
  "ImprovedMaintainability+": 0,
  "ImprovedMaintainability-": 0.08264462809917351,
  "IsolatedComponents": 0,
  "IsolatedComponents+": 0,
  "IsolatedComponents-": 0,
  "DeveloperMustOverseeLLM": 0,
  "DeveloperMustOverseeLLM+": 0,
  "DeveloperMustOverseeLLM-": 0,
  "Good_Idea": 0,
  "Good_Idea+": 0,
  "Good_Idea-": 0,
  "merged=true": 0.08264462809917351,
  "merged=false": 0.08264462809917351,
  "state=open": 0.14876033057851235,
  "state=closed": 0.14876033057851237,
  "category=detectAndRefactor": 0.1983471074380165,
  "category=nameSuggestion": 0.1983471074380165,
  "type=fields_to_fields_data_clump": 0.1983471074380165,
  "type=parameters_to_parameters_data_clump": 0.1983471074380165,
  "CodeReadability": 0.1983471074380165,
  "Usefulness": 0.23140495867768596,
  "Details": 0.08264462809917353,
  "DataClumpChoice": 0.14876033057851235,
  "ManualWork": 0.1983471074380165,
  "FunctionalImpact": 0.08264462809917354,
  "GeneralComments": 0.14876033057851237,
  "size": 7.685950413223139
}