{
  "mean": 4.64,
  "count": 25,
  "sum": 115.99,
  "max": 8,
  "min": 3,
  "raw": [
    4.666666666666667,
    4.666666666666667,
    5,
    3,
    8,
    5,
    5,
    4.666666666666667,
    4.666666666666667,
    3.4,
    5,
    4.666666666666667,
    6,
    5,
    5,
    3.375,
    3.4285714285714284,
    3.3333333333333335,
    3.375,
    3.2857142857142856,
    3,
    3.375,
    7.5,
    5.25,
    6.333333333333333
  ]
}