{
  "mean": 13.97,
  "count": 135,
  "sum": 1886.36,
  "max": 434,
  "min": 2,
  "raw": [
    3,
    4,
    4,
    4,
    4,
    4,
    44.666666666666664,
    6.333333333333333,
    40.8,
    6,
    5.333333333333333,
    15,
    6,
    6,
    6,
    4,
    4,
    3,
    6,
    4.8,
    6,
    6.333333333333333,
    6,
    31.714285714285715,
    6,
    6,
    6,
    6,
    6,
    6,
    6,
    2.6666666666666665,
    3,
    3,
    4,
    25.333333333333332,
    15.5,
    16,
    26.4,
    6,
    6,
    4,
    6,
    434,
    6,
    3,
    13.6,
    13.6,
    3,
    3,
    23.333333333333332,
    40.8,
    5.333333333333333,
    35,
    6,
    17.6,
    5.2,
    5.333333333333333,
    25.333333333333332,
    22.8,
    6,
    13.6,
    7.5,
    3,
    6,
    5.2,
    36.4,
    4,
    4,
    17.714285714285715,
    34.333333333333336,
    6.333333333333333,
    5.333333333333333,
    16.8,
    25.333333333333332,
    6,
    6,
    6,
    2.6666666666666665,
    2.6666666666666665,
    35,
    6,
    8.8,
    6,
    24,
    42,
    19.5,
    9,
    6,
    4,
    3,
    7.2,
    3,
    3,
    3,
    5.2,
    5.2,
    6,
    6,
    5.2,
    5.2,
    5.333333333333333,
    5.333333333333333,
    5.2,
    5.2,
    6,
    4.8,
    6,
    2,
    5.2,
    5.2,
    42.5,
    94,
    6,
    6,
    4,
    6,
    6,
    6,
    6,
    3,
    2.6666666666666665,
    6,
    2,
    5.333333333333333,
    6.4,
    6,
    6,
    29.2,
    6,
    21,
    6,
    18,
    35,
    26
  ]
}