{
  "mean": 10.163703703703703,
  "count": 45,
  "groupedCount": {
    "2": 2,
    "3": 5,
    "4": 1,
    "6": 15,
    "18": 1,
    "21": 1,
    "26": 1,
    "35": 1,
    "94": 1,
    "7.2": 1,
    "5.2": 8,
    "5.333333333333333": 3,
    "4.8": 1,
    "42.5": 1,
    "2.6666666666666665": 1,
    "6.4": 1,
    "29.2": 1
  },
  "raw": [
    3,
    7.2,
    3,
    3,
    3,
    5.2,
    5.2,
    6,
    6,
    5.2,
    5.2,
    5.333333333333333,
    5.333333333333333,
    5.2,
    5.2,
    6,
    4.8,
    6,
    2,
    5.2,
    5.2,
    42.5,
    94,
    6,
    6,
    4,
    6,
    6,
    6,
    6,
    3,
    2.6666666666666665,
    6,
    2,
    5.333333333333333,
    6.4,
    6,
    6,
    29.2,
    6,
    21,
    6,
    18,
    35,
    26
  ]
}