{
  "mean": 14.82,
  "count": 25,
  "sum": 370.44,
  "max": 278.67,
  "min": 2,
  "raw": [
    2,
    2,
    6,
    2,
    2,
    2,
    2,
    2,
    34,
    2,
    5.777777777777778,
    6,
    2,
    2,
    2,
    2,
    2,
    2,
    2,
    2,
    2,
    2,
    278.6666666666667,
    2,
    2
  ]
}