{
  "mean": 131.34,
  "count": 30,
  "sum": 3940.08,
  "max": 3558,
  "min": 1,
  "raw": [
    2,
    2,
    2,
    2,
    2,
    2,
    2,
    278.6666666666667,
    2,
    2,
    2,
    2,
    2,
    2,
    1,
    2,
    2,
    2,
    2,
    2,
    2,
    2,
    3,
    2,
    3558,
    2,
    2,
    2,
    49.416666666666664,
    2
  ]
}