{
  "mean": 10.16,
  "count": 45,
  "sum": 457.37,
  "max": 94,
  "min": 2,
  "raw": [
    3,
    7.2,
    3,
    3,
    3,
    5.2,
    5.2,
    6,
    6,
    5.2,
    5.2,
    5.333333333333333,
    5.333333333333333,
    5.2,
    5.2,
    6,
    4.8,
    6,
    2,
    5.2,
    5.2,
    42.5,
    94,
    6,
    6,
    4,
    6,
    6,
    6,
    6,
    3,
    2.6666666666666665,
    6,
    2,
    5.333333333333333,
    6.4,
    6,
    6,
    29.2,
    6,
    21,
    6,
    18,
    35,
    26
  ]
}