{
  "mean": 9.8,
  "count": 25,
  "groupedCount": {
    "0": 1,
    "1": 1,
    "2": 13,
    "6": 4,
    "21": 1,
    "34": 1,
    "35.333333333333336": 1,
    "39.5": 2,
    "24.666666666666668": 1
  },
  "raw": [
    35.333333333333336,
    2,
    6,
    39.5,
    24.666666666666668,
    6,
    2,
    2,
    21,
    2,
    39.5,
    6,
    0,
    34,
    6,
    2,
    2,
    2,
    2,
    1,
    2,
    2,
    2,
    2,
    2
  ]
}