{
  "mean": 100.04,
  "count": 45,
  "sum": 4501.58,
  "max": 3558,
  "min": 0,
  "raw": [
    2,
    2,
    6,
    2,
    2,
    35.333333333333336,
    2,
    6,
    39.5,
    24.666666666666668,
    null,
    null,
    434,
    null,
    6,
    2,
    2,
    2,
    2,
    2,
    2,
    2,
    278.6666666666667,
    2,
    2,
    2,
    2,
    2,
    2,
    1,
    2,
    2,
    2,
    2,
    2,
    2,
    2,
    3,
    2,
    3558,
    2,
    2,
    2,
    49.416666666666664,
    2
  ]
}