{
  "mean": 13.257407407407408,
  "count": 60,
  "groupedCount": {
    "0": 3,
    "2": 6,
    "3": 5,
    "4": 1,
    "6": 18,
    "18": 1,
    "21": 1,
    "26": 1,
    "34": 1,
    "35": 1,
    "94": 1,
    "220": 1,
    "5.777777777777778": 1,
    "7.2": 1,
    "5.2": 8,
    "5.333333333333333": 3,
    "39.5": 1,
    "4.8": 1,
    "42.5": 1,
    "12.8": 1,
    "2.6666666666666665": 1,
    "6.4": 1,
    "29.2": 1
  },
  "raw": [
    5.777777777777778,
    6,
    2,
    2,
    2,
    3,
    7.2,
    3,
    3,
    3,
    5.2,
    5.2,
    6,
    6,
    5.2,
    5.2,
    5.333333333333333,
    5.333333333333333,
    5.2,
    5.2,
    39.5,
    6,
    0,
    34,
    6,
    6,
    4.8,
    6,
    2,
    5.2,
    5.2,
    42.5,
    94,
    6,
    6,
    4,
    6,
    6,
    6,
    6,
    220,
    2,
    0,
    12.8,
    0,
    3,
    2.6666666666666665,
    6,
    2,
    5.333333333333333,
    6.4,
    6,
    6,
    29.2,
    6,
    21,
    6,
    18,
    35,
    26
  ]
}