{
  "mean": 12.66626984126984,
  "count": 48,
  "groupedCount": {
    "0": 2,
    "2": 10,
    "4": 3,
    "6": 9,
    "15": 1,
    "34": 1,
    "44.666666666666664": 1,
    "6.333333333333333": 2,
    "2.6666666666666665": 2,
    "15.5": 1,
    "13.6": 2,
    "40.8": 1,
    "5.2": 2,
    "36.4": 1,
    "19.5": 1,
    "7.2": 1,
    "5.333333333333333": 1,
    "4.8": 1,
    "42.5": 1,
    "121.33333333333333": 1,
    "2.3333333333333335": 1,
    "19.714285714285715": 1,
    "18.8": 1,
    "38.5": 1
  },
  "raw": [
    2,
    4,
    44.666666666666664,
    15,
    2,
    4,
    6.333333333333333,
    6,
    0,
    2.6666666666666665,
    15.5,
    4,
    2,
    13.6,
    40.8,
    5.2,
    2,
    13.6,
    36.4,
    6.333333333333333,
    34,
    6,
    6,
    19.5,
    6,
    7.2,
    5.2,
    5.333333333333333,
    6,
    4.8,
    42.5,
    6,
    2,
    2.6666666666666665,
    6,
    6,
    2,
    121.33333333333333,
    2.3333333333333335,
    19.714285714285715,
    2,
    6,
    2,
    18.8,
    2,
    38.5,
    0,
    2
  ]
}