{
  "mean": 37.19,
  "count": 48,
  "sum": 1784.97,
  "max": 434,
  "min": 0,
  "raw": [
    2,
    4,
    40.8,
    6,
    39.5,
    6,
    31.714285714285715,
    6,
    null,
    3,
    26.4,
    434,
    34,
    3,
    35,
    25.333333333333332,
    21,
    3,
    4,
    16.8,
    2,
    2.6666666666666665,
    6,
    6,
    2,
    3,
    6,
    5.2,
    34,
    2,
    6,
    6,
    12.8,
    2,
    29.2,
    35,
    2,
    287,
    20.666666666666668,
    21,
    2,
    1.75,
    2,
    23.142857142857142,
    2,
    279,
    2,
    241
  ]
}