{
  "mean": 54.67,
  "count": 12,
  "sum": 656,
  "max": 287,
  "min": 2,
  "raw": [
    278.6666666666667,
    287,
    2,
    16,
    2,
    2,
    24.666666666666668,
    35.666666666666664,
    2,
    2,
    2,
    2
  ]
}