{
  "mean": 72.256,
  "count": 25,
  "groupedCount": {
    "2": 1,
    "3": 8,
    "4": 4,
    "30": 1,
    "47": 1,
    "287": 5,
    "13.6": 2,
    "7.2": 1,
    "121.33333333333333": 1,
    "96.66666666666667": 1
  },
  "raw": [
    3,
    4,
    4,
    4,
    4,
    3,
    13.6,
    13.6,
    3,
    3,
    3,
    7.2,
    3,
    3,
    3,
    30,
    121.33333333333333,
    287,
    287,
    287,
    287,
    96.66666666666667,
    287,
    47,
    2
  ]
}