{
  "mean": 14.02,
  "count": 25,
  "sum": 350.39,
  "max": 30,
  "min": 5.2,
  "raw": [
    5.333333333333333,
    15,
    6,
    6,
    6,
    17.6,
    5.2,
    5.333333333333333,
    25.333333333333332,
    22.8,
    5.2,
    5.333333333333333,
    5.333333333333333,
    5.2,
    5.2,
    21,
    19.714285714285715,
    22,
    21,
    23.142857142857142,
    30,
    21,
    16,
    23,
    12.666666666666666
  ]
}