{
  "mean": 92.29,
  "count": 45,
  "sum": 4152.83,
  "max": 833,
  "min": 1.5,
  "raw": [
    3,
    4,
    4,
    4,
    4,
    4,
    4,
    3,
    6,
    4.8,
    6,
    2.6666666666666665,
    3,
    3,
    4,
    30,
    121.33333333333333,
    287,
    287,
    287,
    287,
    96.66666666666667,
    287,
    47,
    2,
    73.6,
    6,
    14.833333333333334,
    1.75,
    2,
    30,
    30,
    2,
    541.4285714285714,
    380.75,
    2,
    38.5,
    1.5,
    279,
    833,
    97,
    8,
    2,
    16,
    2
  ]
}