{
  "mean": 14.015619047619047,
  "count": 25,
  "groupedCount": {
    "6": 3,
    "15": 1,
    "16": 1,
    "21": 3,
    "22": 1,
    "23": 1,
    "30": 1,
    "5.333333333333333": 4,
    "17.6": 1,
    "5.2": 4,
    "25.333333333333332": 1,
    "22.8": 1,
    "19.714285714285715": 1,
    "23.142857142857142": 1,
    "12.666666666666666": 1
  },
  "raw": [
    5.333333333333333,
    15,
    6,
    6,
    6,
    17.6,
    5.2,
    5.333333333333333,
    25.333333333333332,
    22.8,
    5.2,
    5.333333333333333,
    5.333333333333333,
    5.2,
    5.2,
    21,
    19.714285714285715,
    22,
    21,
    23.142857142857142,
    30,
    21,
    16,
    23,
    12.666666666666666
  ]
}