{
  "mean": 46.57047619047619,
  "count": 25,
  "groupedCount": {
    "2": 3,
    "3": 2,
    "4": 2,
    "6": 6,
    "30": 2,
    "4.8": 2,
    "13.6": 1,
    "7.5": 1,
    "5.2": 1,
    "73.6": 1,
    "14.833333333333334": 1,
    "1.75": 1,
    "541.4285714285714": 1,
    "380.75": 1
  },
  "raw": [
    4,
    4,
    3,
    6,
    4.8,
    6,
    13.6,
    7.5,
    3,
    6,
    6,
    4.8,
    6,
    2,
    5.2,
    73.6,
    6,
    14.833333333333334,
    1.75,
    2,
    30,
    30,
    2,
    541.4285714285714,
    380.75
  ]
}