{
  "mean": 41.693714285714286,
  "count": 25,
  "groupedCount": {
    "2": 2,
    "4": 1,
    "6": 9,
    "8": 1,
    "30": 2,
    "34.333333333333336": 1,
    "6.333333333333333": 1,
    "5.333333333333333": 1,
    "16.8": 1,
    "25.333333333333332": 1,
    "18.8": 1,
    "23.142857142857142": 1,
    "27.8": 1,
    "35.666666666666664": 1,
    "718.8": 1
  },
  "raw": [
    6,
    6,
    6,
    6,
    6,
    34.333333333333336,
    6.333333333333333,
    5.333333333333333,
    16.8,
    25.333333333333332,
    4,
    6,
    6,
    6,
    6,
    8,
    18.8,
    30,
    23.142857142857142,
    27.8,
    2,
    30,
    35.666666666666664,
    2,
    718.8
  ]
}