{
  "mean": 20.89,
  "count": 30,
  "groupedCount": {
    "0": 1,
    "2": 11,
    "4": 1,
    "16": 1,
    "21": 1,
    "20.25": 1,
    "2.3333333333333335": 1,
    "16.666666666666668": 1,
    "20.666666666666668": 1,
    "25.428571428571427": 1,
    "13.428571428571429": 1,
    "293.6666666666667": 1,
    "12.666666666666666": 1,
    "26.333333333333332": 1,
    "27.6": 1,
    "24.666666666666668": 1,
    "26.5": 1,
    "8.75": 1,
    "20.285714285714285": 1,
    "24.5": 1
  },
  "raw": [
    20.25,
    2.3333333333333335,
    16.666666666666668,
    20.666666666666668,
    25.428571428571427,
    13.428571428571429,
    2,
    2,
    293.6666666666667,
    12.666666666666666,
    26.333333333333332,
    2,
    27.6,
    2,
    2,
    2,
    16,
    24.666666666666668,
    4,
    2,
    26.5,
    0,
    2,
    2,
    8.75,
    2,
    20.285714285714285,
    2,
    21,
    24.5
  ]
}