{
  "mean": 16.33,
  "count": 15,
  "sum": 244.9,
  "max": 42,
  "min": 4,
  "raw": [
    17.6,
    5.2,
    5.333333333333333,
    25.333333333333332,
    22.8,
    34.333333333333336,
    6.333333333333333,
    5.333333333333333,
    16.8,
    25.333333333333332,
    42,
    19.5,
    9,
    6,
    4
  ]
}