{
  "mean": 94.3,
  "count": 30,
  "sum": 2829.03,
  "max": 1436,
  "min": 1,
  "raw": [
    21,
    19.714285714285715,
    22,
    21,
    23.142857142857142,
    30,
    21,
    16,
    23,
    12.666666666666666,
    8,
    18.8,
    30,
    23.142857142857142,
    27.8,
    2,
    30,
    35.666666666666664,
    2,
    718.8,
    1.5,
    2,
    17,
    241,
    2,
    2,
    18.8,
    2,
    1436,
    1
  ]
}