{
  "mean": 66.18,
  "count": 40,
  "groupedCount": {
    "2": 12,
    "16": 1,
    "21": 3,
    "22": 1,
    "23": 1,
    "30": 2,
    "47": 1,
    "287": 5,
    "278.6666666666667": 1,
    "121.33333333333333": 1,
    "96.66666666666667": 1,
    "20.25": 1,
    "2.3333333333333335": 1,
    "16.666666666666668": 1,
    "20.666666666666668": 1,
    "25.428571428571427": 1,
    "13.428571428571429": 1,
    "293.6666666666667": 1,
    "12.666666666666666": 2,
    "19.714285714285715": 1,
    "23.142857142857142": 1
  },
  "raw": [
    2,
    2,
    2,
    2,
    2,
    2,
    2,
    278.6666666666667,
    2,
    2,
    30,
    121.33333333333333,
    287,
    287,
    287,
    287,
    96.66666666666667,
    287,
    47,
    2,
    20.25,
    2.3333333333333335,
    16.666666666666668,
    20.666666666666668,
    25.428571428571427,
    13.428571428571429,
    2,
    2,
    293.6666666666667,
    12.666666666666666,
    21,
    19.714285714285715,
    22,
    21,
    23.142857142857142,
    30,
    21,
    16,
    23,
    12.666666666666666
  ]
}