{
  "mean": 20.67,
  "count": 20,
  "sum": 413.4,
  "max": 220,
  "min": 0,
  "raw": [
    220,
    2,
    null,
    12.8,
    null,
    3,
    2.6666666666666665,
    6,
    2,
    5.333333333333333,
    6.4,
    6,
    6,
    29.2,
    6,
    21,
    6,
    18,
    35,
    26
  ]
}