{
  "mean": 38.69,
  "count": 60,
  "sum": 2321.52,
  "max": 718.8,
  "min": 1,
  "raw": [
    35.333333333333336,
    2,
    6,
    39.5,
    24.666666666666668,
    4,
    4,
    3,
    6,
    4.8,
    6,
    6.333333333333333,
    6,
    31.714285714285715,
    6,
    6,
    6,
    6,
    6,
    6,
    2,
    2,
    2,
    2,
    1,
    2,
    2,
    2,
    2,
    2,
    73.6,
    6,
    14.833333333333334,
    1.75,
    2,
    30,
    30,
    2,
    541.4285714285714,
    380.75,
    26.333333333333332,
    2,
    27.6,
    2,
    2,
    2,
    16,
    24.666666666666668,
    4,
    2,
    8,
    18.8,
    30,
    23.142857142857142,
    27.8,
    2,
    30,
    35.666666666666664,
    2,
    718.8
  ]
}