{
  "mean": 4.542222222222223,
  "count": 20,
  "groupedCount": {
    "2": 3,
    "3": 4,
    "6": 3,
    "5.777777777777778": 1,
    "7.2": 1,
    "5.2": 6,
    "5.333333333333333": 2
  },
  "raw": [
    5.777777777777778,
    6,
    2,
    2,
    2,
    3,
    7.2,
    3,
    3,
    3,
    5.2,
    5.2,
    6,
    6,
    5.2,
    5.2,
    5.333333333333333,
    5.333333333333333,
    5.2,
    5.2
  ]
}