{
  "Surety": [
    -20.5,
    -11,
    -19.25,
    -1.5,
    3.25,
    -9.75,
    -16.25,
    -2,
    -17.5,
    0.75,
    -0.5,
    -1.25,
    -20,
    3.75,
    -2
  ],
  "OutputFormatCorrectness": [
    0.6410256410256411,
    0.6071428571428571,
    0.6338028169014085,
    0.5771971496437055,
    0.5856777493606138,
    0.7692307692307693,
    0.6006006006006006,
    0.7692307692307693,
    0.6125356125356125,
    0.5742574257425742,
    0.5882352941176471,
    0.6,
    0.6153846153846154,
    0.8037383177570093,
    0.7692307692307693
  ],
  "ValidJSON": [
    0,
    0,
    0,
    0,
    0,
    1,
    0,
    1,
    0,
    1,
    1,
    1,
    1,
    1,
    1
  ],
  "DataClumpSize_mean": [
    10.555555555555555,
    10.333333333333334,
    11,
    11,
    11,
    5,
    10.923076923076923,
    null,
    10,
    10,
    7.5,
    11,
    null,
    9.4,
    null
  ],
  "DataClumpOccurence_mean": [
    5.777777777777778,
    6,
    2,
    2,
    2,
    39.5,
    6,
    null,
    34,
    6,
    220,
    2,
    null,
    12.8,
    null
  ],
  "FieldToField_mean": [
    0,
    0,
    0,
    0.14285714285714285,
    0,
    0,
    0,
    0,
    0,
    0,
    0,
    0,
    0,
    0,
    0
  ],
  "ParametersToParameters_mean": [
    0.9444444444444444,
    1,
    1,
    0.8571428571428571,
    0.875,
    1,
    1,
    1,
    0.9285714285714286,
    1,
    1,
    1,
    1,
    1,
    1
  ],
  "DataClumpSize_count": [
    18,
    12,
    17,
    6,
    7,
    4,
    13,
    0,
    14,
    1,
    2,
    1,
    0,
    5,
    0
  ],
  "DataClumpOccurence_count": [
    18,
    12,
    17,
    6,
    7,
    4,
    13,
    0,
    14,
    1,
    2,
    1,
    0,
    5,
    0
  ],
  "FieldToField_count": [
    18,
    12,
    17,
    7,
    8,
    6,
    13,
    1,
    14,
    1,
    2,
    1,
    10,
    5,
    1
  ],
  "ParametersToParameters_count": [
    18,
    12,
    17,
    7,
    8,
    6,
    13,
    1,
    14,
    1,
    2,
    1,
    10,
    5,
    1
  ],
  "DataClumpSize_sum": [
    190,
    124,
    187,
    66,
    77,
    20,
    142,
    null,
    140,
    10,
    15,
    11,
    null,
    47,
    null
  ],
  "DataClumpOccurence_sum": [
    104,
    72,
    34,
    12,
    14,
    158,
    78,
    null,
    476,
    6,
    440,
    2,
    null,
    64,
    null
  ],
  "FieldToField_sum": [
    0,
    0,
    0,
    1,
    0,
    0,
    0,
    0,
    0,
    0,
    0,
    0,
    0,
    0,
    0
  ],
  "ParametersToParameters_sum": [
    17,
    12,
    17,
    6,
    7,
    6,
    13,
    1,
    13,
    1,
    2,
    1,
    10,
    5,
    1
  ],
  "DataClumpSize_max": [
    11,
    11,
    11,
    11,
    11,
    11,
    11,
    0,
    10,
    10,
    11,
    11,
    0,
    11,
    0
  ],
  "DataClumpOccurence_max": [
    6,
    6,
    2,
    2,
    2,
    64,
    6,
    0,
    34,
    6,
    434,
    2,
    0,
    56,
    0
  ],
  "FieldToField_max": [
    0,
    0,
    0,
    1,
    0,
    0,
    0,
    0,
    0,
    0,
    0,
    0,
    0,
    0,
    0
  ],
  "ParametersToParameters_max": [
    1,
    1,
    1,
    1,
    1,
    1,
    1,
    1,
    1,
    1,
    1,
    1,
    1,
    1,
    1
  ],
  "DataClumpSize_min": [
    3,
    3,
    11,
    11,
    11,
    3,
    10,
    10000000,
    10,
    10,
    4,
    11,
    10000000,
    3,
    10000000
  ],
  "DataClumpOccurence_min": [
    2,
    6,
    2,
    2,
    2,
    2,
    6,
    10000000,
    34,
    6,
    6,
    2,
    10000000,
    2,
    10000000
  ],
  "FieldToField_min": [
    0,
    0,
    0,
    0,
    0,
    0,
    0,
    0,
    0,
    0,
    0,
    0,
    0,
    0,
    0
  ],
  "ParametersToParameters_min": [
    0,
    1,
    1,
    0,
    0,
    1,
    1,
    1,
    0,
    1,
    1,
    1,
    1,
    1,
    1
  ],
  "DataClumpSize_raw": [
    [
      3,
      11,
      11,
      11,
      11,
      11,
      11,
      11,
      11,
      11,
      11,
      11,
      11,
      11,
      11,
      11,
      11,
      11
    ],
    [
      3,
      11,
      11,
      11,
      11,
      11,
      11,
      11,
      11,
      11,
      11,
      11
    ],
    [
      11,
      11,
      11,
      11,
      11,
      11,
      11,
      11,
      11,
      11,
      11,
      11,
      11,
      11,
      11,
      11,
      11
    ],
    [
      11,
      11,
      11,
      11,
      11,
      11
    ],
    [
      11,
      11,
      11,
      11,
      11,
      11,
      11
    ],
    [
      11,
      3,
      3,
      3
    ],
    [
      11,
      11,
      11,
      10,
      11,
      11,
      11,
      11,
      11,
      11,
      11,
      11,
      11
    ],
    [],
    [
      10,
      10,
      10,
      10,
      10,
      10,
      10,
      10,
      10,
      10,
      10,
      10,
      10,
      10
    ],
    [
      10
    ],
    [
      11,
      4
    ],
    [
      11
    ],
    [],
    [
      11,
      11,
      11,
      11,
      3
    ],
    []
  ],
  "DataClumpOccurence_raw": [
    [
      6,
      2,
      6,
      6,
      6,
      6,
      6,
      6,
      6,
      6,
      6,
      6,
      6,
      6,
      6,
      6,
      6,
      6
    ],
    [
      6,
      6,
      6,
      6,
      6,
      6,
      6,
      6,
      6,
      6,
      6,
      6
    ],
    [
      2,
      2,
      2,
      2,
      2,
      2,
      2,
      2,
      2,
      2,
      2,
      2,
      2,
      2,
      2,
      2,
      2
    ],
    [
      2,
      2,
      2,
      2,
      2,
      2
    ],
    [
      2,
      2,
      2,
      2,
      2,
      2,
      2
    ],
    [
      2,
      64,
      36,
      56
    ],
    [
      6,
      6,
      6,
      6,
      6,
      6,
      6,
      6,
      6,
      6,
      6,
      6,
      6
    ],
    [],
    [
      34,
      34,
      34,
      34,
      34,
      34,
      34,
      34,
      34,
      34,
      34,
      34,
      34,
      34
    ],
    [
      6
    ],
    [
      6,
      434
    ],
    [
      2
    ],
    [],
    [
      2,
      2,
      2,
      2,
      56
    ],
    []
  ],
  "FieldToField_raw": [
    [
      0,
      0,
      0,
      0,
      0,
      0,
      0,
      0,
      0,
      0,
      0,
      0,
      0,
      0,
      0,
      0,
      0,
      0
    ],
    [
      0,
      0,
      0,
      0,
      0,
      0,
      0,
      0,
      0,
      0,
      0,
      0
    ],
    [
      0,
      0,
      0,
      0,
      0,
      0,
      0,
      0,
      0,
      0,
      0,
      0,
      0,
      0,
      0,
      0,
      0
    ],
    [
      0,
      0,
      0,
      0,
      0,
      0,
      1
    ],
    [
      0,
      0,
      0,
      0,
      0,
      0,
      0,
      0
    ],
    [
      0,
      0,
      0,
      0,
      0,
      0
    ],
    [
      0,
      0,
      0,
      0,
      0,
      0,
      0,
      0,
      0,
      0,
      0,
      0,
      0
    ],
    [
      0
    ],
    [
      0,
      0,
      0,
      0,
      0,
      0,
      0,
      0,
      0,
      0,
      0,
      0,
      0,
      0
    ],
    [
      0
    ],
    [
      0,
      0
    ],
    [
      0
    ],
    [
      0,
      0,
      0,
      0,
      0,
      0,
      0,
      0,
      0,
      0
    ],
    [
      0,
      0,
      0,
      0,
      0
    ],
    [
      0
    ]
  ],