{
  "mean": 0.15625,
  "median": 0,
  "variance": 0.1318359375,
  "count": 5,
  "groupedCount": {
    "0": 27,
    "1": 5
  }
}