{
  "mean": 0.21875,
  "median": 0,
  "variance": 0.1708984375,
  "count": 7,
  "groupedCount": {
    "0": 25,
    "1": 7
  }
}