{
  "instanceType": "refactor",
  "instructionType": "exampleBased",
  "includeUsages": "withUsages",
  "temperature": 0.1,
  "inputFormat": "instructionSnippet",
  "margin": 2,
  "model": "gpt-4-1106-preview",
  "iteration": 8,
  "projectName": "dolphinscheduler",
  "inputType": "instructionSnippet",
  "metrics": {
    "ValidPrograms": 0,
    "RemainingAttemptCount": 0,
    "RemovedDataClumps": 0,
    "GitChanges": 0,
    "CommentOut": 0.9459459459459459,
    "ValidJSON": 0.8333333333333334,
    "EmptyResponse": 1,
    "ResponseSizeDecrease": null,
    "RichClass": null,
    "HarmlessErrorCategory": 1,
    "DataClumpSize": [
      3,
      4,
      10,
      3,
      3,
      3,
      8,
      3,
      5,
      3,
      3,
      3,
      6,
      3,
      3,
      3,
      3,
      3,
      3,
      3,
      3
    ],
    "DataClumpOccurence": [
      2,
      2,
      2,
      1,
      5,
      92,
      4,
      4,
      2,
      62,
      70,
      2,
      2,
      2,
      70,
      2,
      15,
      2,
      2,
      70,
      7
    ],
    "ParametersToParameters": [
      1,
      1,
      1,
      0,
      1,
      1,
      0,
      0,
      1,
      1,
      0,
      0,
      0,
      0,
      0,
      0,
      0,
      0,
      0,
      0,
      1
    ],
    "FieldToField": [
      0,
      0,
      0,
      0,
      0,
      0,
      1,
      0,
      0,
      0,
      1,
      1,
      1,
      0,
      1,
      1,
      0,
      0,
      0,
      1,
      0
    ],
    "PreferNonPublic": [
      0,
      0,
      0,
      0,
      0,
      0,
      1,
      0,
      0,
      0,
      1,
      1,
      1,
      1,
      1,
      1,
      0,
      0,
      0,
      1,
      0
    ],
    "PrimitiveTypes": [
      0.6666666666666666,
      0.25,
      0.6,
      0.6666666666666666,
      0.6666666666666666,
      0.3333333333333333,
      0.75,
      1,
      0.8,
      0.6666666666666666,
      0,
      0.6666666666666666,
      0.5,
      0.6666666666666666,
      0,
      1,
      0.6666666666666666,
      0.3333333333333333,
      1,
      0,
      0
    ],
    "AffectedFiles": [
      1,
      1,
      1,
      2,
      4,
      3,
      3,
      4,
      1,
      4,
      36,
      2,
      2,
      2,
      36,
      2,
      10,
      3,
      3,
      36,
      3
    ],
    "ChangeType=None": 0,
    "ChangeType=ReplaceText": 1,
    "ChangeType=SpecificLine": 0,
    "ChangeType=SpecificLineAll": 0
  }
}