{
  "Surety": [
    0.75,
    4.5,
    4.75,
    4.5,
    -3,
    3.75,
    2.75,
    2.75,
    -2.25,
    3,
    -1,
    1,
    1,
    2.75,
    2,
    2,
    0.5,
    1.75,
    3.5,
    2.75,
    2.75,
    1.75,
    1.75,
    6.5,
    1,
    1,
    3.75,
    4.75,
    1,
    1,
    4.5,
    1.75,
    0.75,
    1,
    1.75,
    1,
    1,
    1,
    -1.75,
    4,
    1,
    4.5,
    0.75,
    0.75,
    -1,
    1.75,
    1.5,
    0.75
  ],
  "Number data clumps": [
    1,
    5,
    5,
    5,
    4,
    4,
    3,
    3,
    2,
    3,
    4,
    1,
    1,
    3,
    2,
    2,
    3,
    2,
    4,
    3,
    5,
    2,
    2,
    7,
    1,
    1,
    4,
    5,
    1,
    1,
    5,
    2,
    1,
    1,
    2,
    1,
    1,
    1,
    3,
    4,
    1,
    7,
    1,
    1,
    12,
    2,
    2,
    1
  ],
  "OutputFormatCorrectness": [
    0.5853658536585366,
    0.5925925925925926,
    0.588957055214724,
    0.5875706214689266,
    0.5925925925925926,
    0.5925925925925926,
    0.5882352941176471,
    0.5894736842105263,
    0.5945945945945946,
    0.7784090909090909,
    0.8085106382978723,
    0.8780487804878049,
    0.865979381443299,
    0.8292682926829268,
    0.5882352941176471,
    0.5818181818181818,
    0.5721271393643031,
    0.5925925925925926,
    0.8235294117647058,
    0.8181818181818182,
    0.7457212713936431,
    0.7870370370370371,
    0.8148148148148148,
    0,
    0.865979381443299,
    0.5783132530120482,
    0.5882352941176471,
    0.8248587570621468,
    0.8666666666666667,
    0.8148148148148148,
    0.545774647887324,
    0.8235294117647058,
    0.8148148148148148,
    0.8148148148148148,
    0.8292682926829268,
    0.8,
    0.8565217391304348,
    0.8235294117647058,
    0.7924528301886793,
    0.8292682926829268,
    0.9,
    0,
    0.8333333333333334,
    0.6,
    0.8397435897435898,
    0.5901639344262295,
    0.8148148148148148,
    0.6
  ],
  "ValidJSON": [
    1,
    1,
    1,
    1,
    1,
    1,
    1,
    1,
    1,
    1,
    1,
    1,
    1,
    1,
    1,
    1,
    0,
    1,
    1,
    1,
    0,
    1,
    1,
    0,
    1,
    1,
    1,
    1,
    1,
    1,
    1,
    1,
    1,
    1,
    1,
    1,
    0,
    1,
    1,
    1,
    1,
    0,
    1,
    1,
    1,
    1,
    1,
    1
  ],
  "DataClumpSize": [
    30,
    3,
    3,
    4,
    3,
    3,
    3,
    100,
    4,
    100,
    8,
    3,
    4,
    4,
    3,
    3,
    30,
    30,
    30,
    30,
    3,
    100,
    8,
    100,
    3,
    8,
    3,
    3,
    4,
    8,
    100,
    3,
    3,
    4,
    8,
    64,
    100,
    4,
    30,
    30,
    100,
    3,
    8,
    3,
    3,
    8,
    3,
    8,
    100,
    64,
    64,
    3,
    4,
    3,
    4,
    4,
    3,
    3,
    3,
    8,
    100,
    64,
    100,
    10,
    30,
    3,
    3,
    3,
    100,
    3,
    4,
    4,
    6,
    8,
    8,
    8,
    100,
    8,
    3,
    100,
    4,
    100,
    3,
    100,
    4,
    100,
    3,
    100,
    3,
    3,
    4,
    4,
    3,
    3,
    8,
    3,
    30,
    3,
    4,
    8,
    3,
    15,
    4,
    3,
    4,
    3,
    3,
    3,
    3,
    12,
    15,
    3,
    4,
    3,
    3,
    4,
    4,
    4,
    5,
    3,
    25,
    25,
    25,
    25,
    25,
    25,
    3,
    3,
    25,
    25,
    25,
    3,
    3,
    12,
    3,
    7,
    3
  ],
  "DataClumpOccurence": [
    2,
    12,
    4,
    4,
    3,
    3,
    12,
    2,
    4,
    2,
    3,
    12,
    4,
    4,
    3,
    3,
    2,
    2,
    2,
    2,
    12,
    2,
    3,
    2,
    12,
    3,
    3,
    12,
    4,
    3,
    2,
    2,
    4,
    2,
    3,
    2,
    2,
    2,
    2,
    2,
    2,
    12,
    3,
    3,
    12,
    3,
    12,
    3,
    2,
    2,
    2,
    12,
    2,
    12,
    4,
    4,
    1592,
    12,
    3,
    3,
    2,
    2,
    2,
    4,
    2,
    12,
    4,
    12,
    2,
    12,
    4,
    4,
    2,
    3,
    3,
    3,
    2,
    3,
    12,
    2,
    4,
    2,
    12,
    2,
    4,
    2,
    3,
    2,
    12,
    12,
    4,
    4,
    3,
    3,
    3,
    3,
    2,
    12,
    2,
    3,
    362,
    2,
    47,
    833,
    47,
    1,
    30,
    30,
    30,
    2,
    2,
    30,
    6,
    30,
    3558,
    82,
    2,
    82,
    4,
    2,
    2,
    2,
    2,
    2,
    2,
    2,
    287,
    287,
    2,
    2,
    2,
    1,
    30,
    2,
    38,
    4,
    1436
  ],
  "ParametersToParameters": [
    0,
    1,
    1,
    1,
    1,
    1,
    1,
    0,
    1,
    0,
    1,
    1,
    1,
    1,
    1,
    1,
    0,
    0,
    0,
    0,
    1,
    0,
    1,
    0,
    1,
    1,
    1,
    1,
    1,
    1,
    0,
    1,
    1,
    1,
    1,
    0,
    0,
    1,
    0,
    0,
    0,
    1,
    1,
    1,
    1,
    1,
    1,
    1,
    0,
    0,
    0,
    1,
    1,
    1,
    1,
    1,
    1,
    1,
    1,
    1,
    0,
    0,
    0,
    0,
    0,
    1,
    1,
    1,
    0,
    1,
    1,
    1,
    1,
    1,
    1,
    1,
    0,
    1,
    1,
    0,
    1,
    0,
    1,
    0,
    1,
    0,
    1,
    0,
    1,
    1,
    1,
    1,
    1,
    1,
    1,
    1,
    0,
    1,
    1,
    1,
    1,
    0,
    1,
    1,
    1,
    0,
    1,
    1,
    1,
    1,
    0,
    1,
    1,
    1,
    1,
    1,
    1,
    1,
    1,
    1,
    0,
    0,
    0,
    0,
    0,
    0,
    0,
    0,
    0,
    0,
    0,
    0,
    1,
    1,
    1,
    1,
    1
  ],
  "FieldToField": [
    1,
    0,
    0,
    0,
    0,
    0,
    0,
    1,
    0,
    1,
    0,
    0,
    0,
    0,
    0,
    0,
    1,
    1,
    1,
    1,
    0,
    1,
    0,
    1,
    0,
    0,
    0,
    0,
    0,
    0,
    1,
    0,
    0,
    0,
    0,
    1,
    1,
    0,
    1,
    1,
    1,
    0,
    0,
    0,
    0,
    0,
    0,
    0,
    1,
    1,
    1,
    0,
    0,
    0,
    0,
    0,
    0,
    0,
    0,
    0,
    1,
    1,
    1,
    1,
    1,
    0,
    0,
    0,
    1,
    0,
    0,
    0,
    0,
    0,
    0,
    0,
    1,
    0,
    0,
    1,
    0,
    1,
    0,
    1,
    0,
    1,
    0,
    1,
    0,
    0,
    0,
    0,
    0,
    0,
    0,
    0,
    1,
    0,
    0,
    0,
    0,
    1,
    0,
    0,
    0,
    0,
    0,
    0,
    0,
    0,
    1,
    0,
    0,
    0,
    0,
    0,
    0,
    0,
    0,
    0,
    1,
    1,
    1,
    1,
    1,
    1,
    0,
    0,
    1,
    1,
    1,
    0,
    0,
    0,
    0,
    0,
    0
  ],
  "PreferNonPublic": [
    1,
    0,
    0,
    0,
    0,
    0,
    0,
    0,
    0,
    0,
    0,
    0,
    0,
    0,
    0,
    0,
    1,
    1,
    1,
    1,
    0,
    0,
    0,
    0,
    0,
    0,
    0,
    0,
    0,
    0,
    0,
    0,
    0,
    0,
    0,
    0,
    0,
    0,
    1,
    1,
    0,
    0,
    0,
    0,
    0,
    0,
    0,
    0,
    0,
    0,
    0,
    0,
    0,
    0,
    0,
    0,
    0,
    0,
    0,
    0,
    0,
    0,
    0,
    0,
    1,
    0,
    0,
    0,
    0,
    0,
    0,
    0,
    0,
    0,
    0,
    0,
    0,
    0,
    0,
    0,
    0,
    0,
    0,
    0,
    0,
    0,
    0,
    0,
    0,
    0,
    0,
    0,
    0,
    0,
    0,
    0,
    1,
    0,
    0,
    0,
    0,
    1,
    1,
    0,
    0,
    1,
    0,
    0,
    0,
    0,
    1,
    0,
    0,
    0,
    0,
    0,
    0,
    0,
    1,
    0,
    0,
    0,
    0,
    0,
    0,
    0,
    0,
    0,
    0,
    0,
    0,
    1,
    0,
    0,
    0,
    0,
    0
  ],