{
  "mean": 0.58,
  "count": 30,
  "sum": 16.85,
  "max": 1,
  "min": 0,
  "raw": [
    null,
    1,
    1,
    1,
    1,
    1,
    1,
    1,
    1,
    1,
    1,
    1,
    1,
    0.07999999999999996,
    0.020000000000000018,
    0,
    0.12903225806451613,
    0.1333333333333333,
    0.1428571428571429,
    1,
    0.4285714285714286,
    0.0714285714285714,
    1,
    0.23076923076923073,
    0.25,
    0.30000000000000004,
    0,
    0.6666666666666667,
    0.1428571428571429,
    0.25
  ]
}