{
  "mean": 0.63,
  "count": 36,
  "sum": 22.68,
  "max": 1,
  "min": 0,
  "raw": [
    1,
    1,
    0.16666666666666663,
    1,
    1,
    1,
    0.12903225806451613,
    1,
    0.33333333333333337,
    1,
    1,
    1,
    0,
    1,
    1,
    1,
    1,
    1,
    0,
    0,
    0.2857142857142857,
    0.8571428571428572,
    1,
    0.7142857142857143,
    0.16666666666666663,
    0,
    0.5714285714285714,
    0.5,
    0.2857142857142857,
    0.7142857142857143,
    0,
    0,
    0.2857142857142857,
    1,
    1,
    0.6666666666666667
  ]
}