{
  "mean": 0.66,
  "count": 36,
  "sum": 23.59,
  "max": 1,
  "min": 0,
  "raw": [
    1,
    1,
    0.18518518518518523,
    1,
    0.29166666666666663,
    0.17647058823529416,
    1,
    1,
    1,
    1,
    1,
    1,
    0.25,
    1,
    0.13043478260869568,
    1,
    1,
    0.33333333333333337,
    0,
    0,
    0.2857142857142857,
    0.8571428571428572,
    1,
    0.5714285714285714,
    1,
    0,
    0.5714285714285714,
    1,
    1,
    1,
    0.1428571428571429,
    0.19999999999999996,
    0.6666666666666667,
    0.7142857142857143,
    0.5,
    0.7142857142857143
  ]
}