{
  "mean": 0.82,
  "count": 30,
  "sum": 24.57,
  "max": 1,
  "min": 0.2,
  "raw": [
    1,
    1,
    1,
    1,
    0.31818181818181823,
    1,
    1,
    0.20833333333333337,
    1,
    0.29166666666666663,
    1,
    1,
    1,
    1,
    1,
    0.29166666666666663,
    1,
    1,
    1,
    1,
    1,
    0.65,
    0.2272727272727273,
    1,
    1,
    1,
    1,
    0.19999999999999996,
    0.3846153846153846,
    1
  ]
}