{
  "mean": 0.56,
  "count": 180,
  "sum": 101.13,
  "max": 1,
  "min": 0,
  "raw": [
    0,
    0,
    0.07407407407407407,
    0,
    0,
    0,
    0,
    0,
    0,
    0,
    0,
    0,
    0,
    0.33333333333333337,
    0,
    0,
    0,
    0,
    0,
    0,
    0.2857142857142857,
    0.2857142857142857,
    0.4,
    0.2857142857142857,
    0.2857142857142857,
    0.2857142857142857,
    0.2857142857142857,
    0.2857142857142857,
    0.2857142857142857,
    0.2857142857142857,
    1,
    1,
    0,
    0.7142857142857143,
    0.8571428571428572,
    0.7142857142857143,
    0.8571428571428572,
    0.8571428571428572,
    1,
    0.8571428571428572,
    1,
    1,
    1,
    0.5714285714285714,
    0.7142857142857143,
    1,
    1,
    1,
    1,
    1,
    0.7142857142857143,
    1,
    1,
    1,
    1,
    1,
    0.7142857142857143,
    0.7142857142857143,
    0.7142857142857143,
    0.5714285714285714,
    1,
    0,
    0.7692307692307692,
    0.03703703703703709,
    1,
    1,
    0.16666666666666663,
    0.5,
    0,
    1,
    0.19999999999999996,
    0.19999999999999996,
    0,
    0,
    0,
    0,
    0,
    0,
    0,
    0,
    0.2857142857142857,
    0.2857142857142857,
    0.1428571428571429,
    1,
    0.33333333333333337,
    1,
    0.5714285714285714,
    0.2857142857142857,
    0.2857142857142857,
    0.5714285714285714,
    0.7142857142857143,
    0.7142857142857143,
    0.8571428571428572,
    1,
    0.7142857142857143,
    0.8571428571428572,
    0.5,
    1,
    1,
    1,
    1,
    1,
    0.4285714285714286,
    1,
    1,
    1,
    0.2857142857142857,
    1,
    1,
    1,
    1,
    1,
    0.7142857142857143,
    1,
    0.7142857142857143,
    0.7142857142857143,
    0.7142857142857143,
    0.8333333333333334,
    0.7142857142857143,
    1,
    1,
    1,
    1,
    0,
    0,
    1,
    0,
    0,
    1,
    0.1428571428571429,
    0,
    0.1428571428571429,
    0,
    0,
    0,
    1,
    0,
    0,
    0,
    0.19999999999999996,
    0.25,
    1,
    0.33333333333333337,
    0.2857142857142857,
    0.1428571428571429,
    0.2857142857142857,
    0.2857142857142857,
    1,
    0.2857142857142857,
    0.6666666666666667,
    1,
    1,
    1,
    0.6666666666666667,
    0,
    0.7142857142857143,
    1,
    1,
    1,
    0.7142857142857143,
    1,
    1,
    0.6666666666666667,
    0.8333333333333334,
    0.8571428571428572,
    1,
    1,
    0.8571428571428572,
    0,
    0.5,
    1,
    1,
    1,
    1,
    0.8571428571428572,
    1,
    0.6666666666666667,
    1,
    1,
    0.7142857142857143
  ]
}