{
  "mean": 0.6,
  "count": 105,
  "sum": 63.05,
  "max": 1,
  "min": 0,
  "raw": [
    1,
    1,
    1,
    1,
    1,
    1,
    1,
    1,
    1,
    1,
    1,
    1,
    1,
    1,
    1,
    0,
    0,
    0,
    0.5,
    0,
    0,
    0.75,
    0.5,
    0.5,
    0,
    0,
    0.5,
    0,
    0,
    0.5,
    1,
    1,
    1,
    1,
    1,
    1,
    1,
    1,
    1,
    1,
    1,
    1,
    1,
    1,
    1,
    1,
    1,
    1,
    1,
    1,
    1,
    1,
    1,
    1,
    1,
    1,
    0,
    1,
    1,
    1,
    1,
    1,
    1,
    1,
    1,
    0.5,
    1,
    1,
    1,
    0.2222222222222222,
    1,
    1,
    1,
    1,
    1,
    0,
    0,
    0,
    0.33333333333333337,
    0,
    0,
    0,
    0,
    0,
    0,
    0.19999999999999996,
    0.19999999999999996,
    0,
    0,
    0,
    0,
    0,
    0,
    0,
    0,
    0,
    0.1428571428571429,
    0,
    0,
    0,
    1,
    0,
    0,
    0,
    0.19999999999999996
  ]
}