{
  "PositiveComments=true": 0.22222222222222224,
  "PositiveComments=false": 0.22222222222222224,
  "meaningfulComments=true": 0,
  "meaningfulComments=false": 0,
  "Readability": 0,
  "Complexity": 0.13888888888888892,
  "ManualChanges": 0,
  "IntentionalDesignChoice": 0,
  "Performance": 0,
  "RefactoringNotWorthIt": 0.13888888888888892,
  "LongLines": 0,
  "NotEnough": 0,
  "SmallerDataClump": 0.1388888888888889,
  "LargerDataClump": 0,
  "OverEngineered": 0,
  "DocumentationIssues": 0,
  "JavaRecordBetter": 0.13888888888888892,
  "ExtractedClassLocation": 0.25,
  "NoMeaningfulFeedback": 0.22222222222222224,
  "LLM_Useful": 0,
  "ClassName": 0.13888888888888892,
  "ImportsIssues": 0.22222222222222224,
  "SemanticChanges": 0.13888888888888892,
  "SameBaseClass": 0.13888888888888892,
  "ExtractedClassShouldNotBePublic": 0.1388888888888889,
  "StyleAdaption": 0.1388888888888889,
  "LicenseHeaderMissing": 0,
  "LLM_LegalIssues": 0.1388888888888889,
  "InvalidPR": 0,
  "ImprovedMaintainability": 0,
  "IsolatedComponents": 0,
  "DeveloperMustOverseeLLM": 0,
  "Good_Idea": 0.13888888888888892,
  "merged=true": 0.13888888888888892,
  "merged=false": 0.13888888888888892,
  "state=open": 0.22222222222222224,
  "state=closed": 0.22222222222222224,
  "category=detectAndRefactor": 0.22222222222222224,
  "category=nameSuggestion": 0.22222222222222224,
  "type=fields_to_fields_data_clump": 0.1388888888888889,
  "type=parameters_to_parameters_data_clump": 0.1388888888888889,
  "CodeReadability": 0.13888888888888892,
  "Usefulness": 0,
  "Details": 0,
  "DataClumpChoice": 0,
  "ManualWork": 0.22222222222222224,
  "FunctionalImpact": 0.13888888888888892,
  "GeneralComments": 0.13888888888888892,
  "size": 0.47222222222222215
}