{
  "ValidPrograms": 0.1527777777777778,
  "RemainingAttemptCount": 0.4166666666666667,
  "RemovedDataClumps": -7.680555555555555,
  "GitChanges": 184.43055555555554,
  "CommentOut": 0.885132432784544,
  "InvalidJSON": 0.9745370370370369
}