{
  "mean": {
    "0": 5.710982658959537,
    "1": 8.456521739130435,
    "2": 6.990566037735849,
    "3": 5.506329113924051,
    "4": 5.123076923076923,
    "5": 7.085714285714285,
    "6": 9.9375,
    "7": 10.923076923076923,
    "8": 10.916666666666666,
    "9": 10.9,
    "10": 10.3,
    "11": 10.9,
    "12": 10.857142857142858,
    "13": 10.75,
    "14": 11,
    "15": 11,
    "16": 11,
    "17": 11
  },
  "count": 180,
  "groupedCount": {
    "3": 5,
    "4": 2,
    "5": 15,
    "8": 1,
    "10": 1,
    "11": 11,
    "11,11,11,11,11,11,11,11,11,11,11,11,11,11,11,11,11,11": 1,
    "3,11,11,11,11,11,11,11,11,11,11,11": 2,
    "11,11,11,11,11,11,11,11": 1,
    "5,11": 15,
    "5,11,11": 9,
    "5,11,3,3,3,3": 9,
    "5,11,3,3,3": 11,
    "3,5,11,3,3,3": 5,
    "5,3,3": 3,
    "11,11,11,11,5,11,11,11,11": 1,
    "11,3,3,3": 2,
    "5,3": 4,
    "5,5,3,3,11": 1,
    "5,3,3,3,3,3,3": 2,
    "3,5": 6,
    "": 7,
    "3,11": 2,
    "3,5,11": 3,
    "11,3,3": 2,
    "5,11,11,3": 3,
    "5,11,3,11,3": 1,
    "11,11,11,11,11,11,11,11,11,11,11,11": 1,
    "11,11,11,11,11,11,11,11,11,11,11,11,11": 1,
    "5,11,11,11,3": 4,
    "5,11,3": 8,
    "3,5,11,3,3": 7,
    "3,5,3,3,3": 2,
    "11,11,11,11,11,11,11,11,11,11,5,11,11": 1,
    "11,11,11,11,11,11,11,11,11": 1,
    "11,3": 2,
    "5,11,3,3": 3,
    "3,11,3": 1,
    "10,10": 1,
    "11,11,11,11,11,11": 2,
    "3,3,3,3,3,3": 1,
    "5,3,3,11": 1,
    "10,11,11,3,3": 1,
    "3,3,3": 1,
    "3,5,3,3": 1,
    "3,5,11,11": 1,
    "3,11,11,11,11,11,11,11,11,11,11,11,11,11,11,11,11,11": 1,
    "11,11,11,11,11,11,11,11,11,11,11,11,11,11,11,11,11": 1,
    "11,11,11,11,11,11,11": 1,
    "5,11,3,3,3,11": 1,
    "11,11,11,10,11,11,11,11,11,11,11,11,11": 1,
    "10,10,10,10,10,10,10,10,10,10,10,10,10,10": 1,
    "3,5,11,3,3,11": 1,
    "3,5,11,3,11": 1,
    "5,3,3,3": 1,
    "5,3,3,3,4": 1,
    "11,4": 1,
    "11,11,11,11,3": 1,
    "3,11,11,11": 1,
    "3,3": 1,
    "5,5,3,3": 1
  },
  "raw": [
    [
      11,
      11,
      11,
      11,
      11,
      11,
      11,
      11,
      11,
      11,
      11,
      11,
      11,
      11,
      11,
      11,
      11,
      11
    ],
    [
      11
    ],
    [
      3,
      11,
      11,
      11,
      11,
      11,
      11,
      11,
      11,
      11,
      11,
      11
    ],
    [
      11
    ],
    [
      11,
      11,
      11,
      11,
      11,
      11,
      11,
      11
    ],
    [
      5,
      11
    ],
    [
      5,
      11,
      11
    ],
    [
      5,
      11,
      11
    ],
    [
      5,
      11,
      11
    ],
    [
      5,
      11,
      11
    ],
    [
      5,
      11,
      11
    ],
    [
      5,
      11,
      3,
      3,
      3,
      3
    ],
    [
      5,
      11,
      3,
      3,
      3,
      3
    ],
    [
      5,
      11,
      3,
      3,
      3
    ],
    [
      5
    ],
    [
      3,
      5,
      11,
      3,
      3,
      3
    ],
    [
      5,
      11,
      3,
      3,
      3,
      3
    ],
    [
      5
    ],
    [
      3
    ],
    [
      5,
      11
    ],
    [
      5,
      3,
      3
    ],
    [
      11
    ],
    [
      11,
      11,
      11,
      11,
      5,
      11,
      11,
      11,
      11
    ],
    [
      11,
      3,
      3,
      3
    ],
    [
      5,
      3,
      3
    ],
    [
      5,
      11,
      11
    ],
    [
      5,
      11,
      11
    ],
    [
      5,
      11
    ],
    [
      5,
      3
    ],
    [
      5,
      5,
      3,
      3,
      11
    ],
    [
      5
    ],
    [
      5,
      11,
      3,
      3,
      3,
      3
    ],
    [
      11
    ],
    [
      5,
      3,
      3,
      3,
      3,
      3,
      3
    ],
    [
      5,
      11
    ],
    [
      3,
      5
    ],
    [
      5
    ],
    [
      3,
      5
    ],
    [
      5
    ],
    [
      5,
      11
    ],
    [],
    [],
    [
      4
    ],
    [],
    [
      11
    ],
    [
      5
    ],
    [
      5,
      11,
      11
    ],
    [
      5,
      11
    ],
    [
      3,
      11
    ],
    [
      3,
      5,
      11
    ],
    [
      11,
      3,
      3
    ],
    [
      5,
      11,
      11,
      3
    ],
    [
      5,
      11,
      3,
      3,
      3
    ],
    [
      5,
      11,
      3,
      11,
      3
    ],
    [
      5
    ],
    [
      3,
      5
    ],
    [
      5,
      3
    ],
    [
      3,
      5
    ],
    [
      4
    ],
    [
      3
    ],
    [
      11,
      11,
      11,
      11,
      11,
      11,
      11,
      11,
      11,
      11,
      11,
      11
    ],
    [
      11
    ],
    [
      8
    ],
    [
      11,
      3,
      3
    ],
    [
      11,
      11,
      11,
      11,
      11,
      11,
      11,
      11,
      11,
      11,
      11,
      11,
      11
    ],
    [
      5,
      11
    ],
    [
      5,
      11,
      11,
      11,
      3
    ],
    [
      5,
      11,
      11,
      11,
      3
    ],
    [
      5,
      11
    ],
    [
      5,
      11
    ],
    [
      5,
      11,
      3
    ],
    [
      5,
      11,
      3,
      3,
      3
    ],
    [
      3,
      5,
      11,
      3,
      3,
      3
    ],
    [
      5,
      3
    ],
    [
      5,
      11,
      3
    ],
    [
      3,
      5,
      11,
      3,
      3
    ],
    [
      3,
      5,
      11,
      3,
      3
    ],
    [
      5,
      11,
      3,
      3,
      3,
      3
    ],
    [
      3,
      5,
      11,
      3,
      3,
      3
    ],
    [
      3,
      5,
      3,
      3,
      3
    ],
    [
      11,
      11,
      11,
      11,
      11,
      11,
      11,
      11,
      11,
      11,
      5,
      11,
      11
    ],
    [
      11
    ],
    [
      11,
      11,
      11,
      11,
      11,
      11,
      11,
      11,
      11
    ],
    [
      11,
      3
    ],
    [
      11
    ],
    [
      5,
      11,
      3
    ],
    [
      5,
      11,
      11,
      11,
      3
    ],
    [
      5,
      11,
      3,
      3
    ],
    [
      3,
      11
    ],
    [
      3,
      11,
      3
    ],
    [
      3,
      5,
      11,
      3,
      3
    ],
    [
      5,
      11,
      3,
      3,
      3
    ],
    [
      5,
      11,
      11
    ],
    [
      3,
      5,
      11
    ],
    [
      5,
      3,
      3,
      3,
      3,
      3,
      3
    ],
    [
      5,
      11,
      3,
      3,
      3,
      3
    ],
    [
      5,
      11,
      3,
      3,
      3,
      3
    ],
    [
      5,
      11,
      3,
      3,
      3,
      3
    ],
    [
      3,
      5,
      3,
      3,
      3
    ],
    [
      3,
      5,
      11,
      3,
      3,
      3
    ],
    [
      11,
      3
    ],
    [
      10,
      10
    ],
    [],
    [
      11,
      11,
      11,
      11,
      11,
      11
    ],
    [
      3,
      3,
      3,
      3,
      3,
      3
    ],
    [
      5,
      11,
      3
    ],
    [
      3
    ],
    [
      5,
      11,
      3,
      3
    ],
    [
      5,
      11,
      3
    ],
    [
      5,
      11,
      3
    ],
    [
      5,
      3
    ],
    [
      5,
      3,
      3,
      11
    ],
    [
      10,
      11,
      11,
      3,
      3
    ],
    [
      5
    ],
    [
      5,
      3,
      3
    ],
    [
      3,
      3,
      3
    ],
    [
      3,
      5,
      3,
      3
    ],
    [
      3,
      5
    ],
    [
      3,
      5
    ],
    [
      3,
      5,
      11,
      11
    ],
    [
      3,
      11,
      11,
      11,
      11,
      11,
      11,
      11,
      11,
      11,
      11,
      11,
      11,
      11,
      11,
      11,
      11,
      11
    ],
    [
      3,
      11,
      11,
      11,
      11,
      11,
      11,
      11,
      11,
      11,
      11,
      11
    ],
    [
      11,
      11,
      11,
      11,
      11,
      11,
      11,
      11,
      11,
      11,
      11,
      11,
      11,
      11,
      11,
      11,
