{
  "mean": 0.59,
  "count": 105,
  "sum": 61.47,
  "max": 1,
  "min": 0,
  "raw": [
    0.4,
    1,
    0.2,
    0,
    0,
    1,
    0.4,
    0.8,
    1,
    0,
    1,
    1,
    1,
    1,
    0,
    1,
    0.6666666666666666,
    1,
    0,
    1,
    0.4,
    0,
    0.2,
    1,
    1,
    0.2,
    1,
    1,
    0,
    1,
    0.4,
    0,
    0.4,
    0,
    0.4,
    1,
    1,
    0.8,
    1,
    0.8,
    0.4,
    1,
    0.5,
    1,
    1,
    null,
    0.8333333333333334,
    0.8333333333333334,
    1,
    0.5,
    0,
    0.8333333333333334,
    0.8333333333333334,
    0,
    0.5,
    0.8333333333333334,
    0.3333333333333333,
    0,
    0.6666666666666666,
    1,
    0,
    0,
    0.8333333333333334,
    0,
    1,
    0.8333333333333334,
    1,
    1,
    0.5,
    0,
    0.8333333333333334,
    0,
    0,
    0.3333333333333333,
    1,
    1,
    0.3333333333333333,
    1,
    1,
    0.3333333333333333,
    1,
    1,
    1,
    1,
    1,
    0.6666666666666666,
    1,
    0.3333333333333333,
    1,
    0,
    0,
    1,
    1,
    0,
    0,
    0,
    0,
    1,
    1,
    0,
    1,
    0,
    1,
    0,
    0.3333333333333333
  ]
}