{
  "mean": 1.47,
  "count": 30,
  "sum": 43.96,
  "max": 6.37,
  "min": 0,
  "raw": [
    0.9004535349436154,
    0.9004535349436154,
    0.8235556952204988,
    0.8748040747537686,
    0.9518031626966419,
    0,
    0.8748040747537686,
    0.025086384411217466,
    0.025086384411217466,
    0.7084920196214881,
    0.8901276334165118,
    0,
    0,
    0.43622498633592954,
    0.30099158398864745,
    0.30099158398864745,
    0.010363389886990149,
    0,
    0.5925004756438597,
    0,
    0,
    5.79460499957294,
    6.372321688286249,
    5.79460499957294,
    5.79460499957294,
    5.79460499957294,
    0,
    0,
    0,
    5.79460499957294
  ]
}