{
  "mean": 0.02,
  "count": 30,
  "sum": 0.55,
  "max": 0.36,
  "min": 0,
  "raw": [
    0,
    0,
    0,
    0.03571428571428571,
    0,
    0,
    0,
    0,
    0,
    0.03125,
    0,
    0,
    0,
    0,
    0,
    0,
    0.03571428571428571,
    0,
    0,
    0,
    0.07352941176470588,
    0,
    0.36363636363636365,
    0,
    0.015151515151515152,
    null,
    0,
    0,
    0,
    0
  ]
}