{
  "merged=true": 0.125,
  "merged=false": 0.3125,
  "state=open": 0.2222222222222222,
  "state=closed": 0.2903225806451613,
  "type=fields_to_fields_data_clump": 0.4444444444444444,
  "type=parameters_to_parameters_data_clump": 0.13636363636363635,
  "category=nameSuggestion": 0.4,
  "category=detectAndRefactor": 0.15,
  "meaningfulComments=true": 0.3548387096774194,
  "meaningfulComments=false": 0,
  "size=4": 0.4444444444444444,
  "size=7": 0.6666666666666666,
  "size=5": 0,
  "size=3": 0,
  "size=6": 0.42857142857142855,
  "size=14": 1,
  "size=17": 0,
  "size=8": 0.5,
  "size=21": 0,
  "size=9": 0,
  "PositiveComments=true": 0.6666666666666666,
  "PositiveComments=false": 0.20588235294117646,
  "Complexity": 1,
  "ManualChanges": 0.6666666666666666,
  "Performance": 1,
  "RefactoringNotWorthIt": 0.4,
  "LongLines": 0.3333333333333333,
  "NotEnough": 1,
  "SmallerDataClump": 0.2727272727272727,
  "LargerDataClump": 1,
  "OverEngineered": 1,
  "DocumentationIssues": 0,
  "JavaRecordBetter": 0.5,
  "ExtractedClassLocation": 0,
  "NoMeaningfulFeedback": 0,
  "LLM_Useful": 0,
  "ClassName": 0.5,
  "ImportsIssues": 0.5,
  "SemanticChanges": 1,
  "SameBaseClass": 0.6666666666666666,
  "ExtractedClassShouldNotBePublic": 0.5,
  "StyleAdaption": 0.3333333333333333,
  "LicenseHeaderMissing": 0.5,
  "LLM_LegalIssues": 0,
  "InvalidPR": 0.5,
  "ImprovedMaintainability": 0,
  "IsolatedComponents": 1,
  "Good_Idea": 0
}