{
  "merged=true": 0.125,
  "merged=false": 0.125,
  "state=open": 0,
  "state=closed": 0.16129032258064516,
  "type=fields_to_fields_data_clump": 0.05555555555555555,
  "type=parameters_to_parameters_data_clump": 0.18181818181818182,
  "category=nameSuggestion": 0.1,
  "category=detectAndRefactor": 0.15,
  "meaningfulComments=true": 0.16129032258064516,
  "meaningfulComments=false": 0,
  "size=4": 0.1111111111111111,
  "size=7": 0,
  "size=5": 0,
  "size=3": 0.2222222222222222,
  "size=6": 0.14285714285714285,
  "size=14": 0,
  "size=17": 0,
  "size=8": 0.5,
  "size=21": 0,
  "size=9": 0,
  "PositiveComments=true": 0.3333333333333333,
  "PositiveComments=false": 0.08823529411764706,
  "Complexity": 0.18181818181818182,
  "ManualChanges": 0.5,
  "Performance": 0,
  "RefactoringNotWorthIt": 1,
  "LongLines": 0.1111111111111111,
  "NotEnough": 0,
  "SmallerDataClump": 0.18181818181818182,
  "LargerDataClump": 0,
  "OverEngineered": 0,
  "DocumentationIssues": 0,
  "JavaRecordBetter": 0.5,
  "ExtractedClassLocation": 0.25,
  "NoMeaningfulFeedback": 0.3333333333333333,
  "LLM_Useful": 0,
  "ClassName": 0,
  "ImportsIssues": 0.25,
  "SemanticChanges": 0,
  "SameBaseClass": 0.3333333333333333,
  "ExtractedClassShouldNotBePublic": 0.5,
  "StyleAdaption": 0.3333333333333333,
  "LicenseHeaderMissing": 0.25,
  "LLM_LegalIssues": 0,
  "InvalidPR": 0,
  "ImprovedMaintainability": 0,
  "IsolatedComponents": 0,
  "Good_Idea": 0
}