{
  "mean": 0.5,
  "count": 30,
  "sum": 14.85,
  "max": 1,
  "min": 0,
  "raw": [
    0,
    0,
    0,
    0,
    0,
    0,
    0,
    0,
    0,
    0,
    0.7666666666666667,
    0.7666666666666667,
    0.7666666666666667,
    0.7666666666666667,
    0.7666666666666667,
    0.7666666666666667,
    0.7666666666666667,
    0.7666666666666667,
    0.7666666666666667,
    0.7666666666666667,
    1,
    0.4375,
    0.4375,
    1,
    0.4375,
    1,
    0.4375,
    1,
    1,
    0.4375
  ]
}