{
  "mean": 0.67,
  "count": 84,
  "sum": null,
  "max": 0.89,
  "min": 0,
  "raw": [
    0,
    0.8502415458937198,
    0.5853658536585366,
    0.8376068376068376,
    0.8125,
    0.588957055214724,
    0.8363636363636363,
    0.5806451612903226,
    0.6153846153846154,
    0.8395061728395061,
    0.5853658536585366,
    0.5925925925925926,
    0.6096096096096096,
    0.8548387096774194,
    0.8409090909090909,
    0.8169014084507042,
    0.8148148148148148,
    0.8395061728395061,
    0,
    0,
    0.7964601769911505,
    0.8455284552845529,
    0.8148148148148148,
    0.7707006369426752,
    0.38235294117647056,
    0.8529411764705882,
    0.6323529411764706,
    0.5791962174940898,
    0.5742574257425742,
    0,
    0.8148148148148148,
    0.8292682926829268,
    0.7692307692307693,
    0,
    0.8292682926829268,
    0.6012269938650306,
    0.5925925925925926,
    0.8235294117647058,
    0.5906040268456376,
    0,
    0.6808510638297872,
    0.5925925925925926,
    0.5882352941176471,
    0.5882352941176471,
    0.8502673796791443,
    0.7159090909090909,
    0.8235294117647058,
    0.6153846153846154,
    0.8590909090909091,
    0.819672131147541,
    0.5875706214689266,
    0.5909090909090909,
    0.8484848484848485,
    0.851063829787234,
    0.5875706214689266,
    0.8235294117647058,
    null,
    0.8181818181818182,
    0,
    0.6363636363636364,
    0.865979381443299,
    0.5882352941176471,
    0.5862944162436549,
    0.8248587570621468,
    0.8431372549019608,
    0.8333333333333334,
    0.8609865470852018,
    0.819672131147541,
    0.8444444444444444,
    0.8780487804878049,
    0.5818181818181818,
    0.8235294117647058,
    0.8148148148148148,
    0.8235294117647058,
    0.7950617283950617,
    0,
    0.8,
    0.8518518518518519,
    0.8888888888888888,
    0.704225352112676,
    0.8148148148148148,
    0.8148148148148148,
    0.8217054263565892,
    0.8235294117647058
  ]
}