{
  "OutputFormatCorrectness": [
    0.7619047619047619,
    0.75,
    0.75,
    1,
    0.7619047619047619,
    0.75,
    1,
    1,
    0.75,
    0.7619047619047619,
    0.75,
    1,
    1,
    1,
    0.7777777777777778,
    1,
    0.9722222222222222,
    1,
    1,
    1,
    1,
    1,
    0.9791666666666666,
    0.9583333333333334,
    0.96875,
    1,
    1,
    0.75,
    0.7777777777777778,
    1,
    0,
    0,
    1,
    1,
    0.75,
    0.9142857142857143,
    0.7619047619047619,
    1,
    0,
    0.75
  ],
  "DataClumpSize": [
    3,
    3,
    3,
    3,
    3,
    3,
    3,
    3,
    3,
    3,
    3,
    3,
    3,
    3,
    3,
    3,
    3,
    3,
    3,
    3,
    3,
    3,
    3,
    3,
    3,
    3,
    3,
    3,
    3,
    3,
    3,
    3,
    3,
    3,
    3,
    3,
    3,
    3,
    3,
    3,
    3,
    3,
    3,
    3,
    3,
    3,
    3,
    3,
    3,
    3,
    3,
    3
  ],
  "DataClumpOccurence": [
    2,
    6,
    2,
    6,
    2,
    6,
    6,
    2,
    6,
    2,
    6,
    2,
    2,
    6,
    2,
    6,
    2,
    6,
    2,
    6,
    2,
    2,
    2,
    2,
    2,
    2,
    6,
    2,
    2,
    2,
    2,
    2,
    6,
    2,
    2,
    2,
    6,
    2,
    6,
    2,
    2,
    2,
    2,
    6,
    6,
    2,
    2,
    2,
    2,
    6,
    2,
    2
  ],
  "ParametersToParameters": [
    1,
    0,
    1,
    0,
    1,
    0,
    0,
    1,
    0,
    1,
    0,
    0,
    1,
    0,
    1,
    0,
    1,
    0,
    1,
    0,
    1,
    1,
    1,
    1,
    1,
    1,
    0,
    1,
    1,
    1,
    1,
    1,
    0,
    1,
    1,
    1,
    0,
    1,
    0,
    1,
    1,
    1,
    1,
    0,
    0,
    1,
    1,
    1,
    1,
    0,
    1,
    1
  ],
  "FieldToField": [
    0,
    1,
    0,
    1,
    0,
    1,
    1,
    0,
    1,
    0,
    1,
    1,
    0,
    1,
    0,
    1,
    0,
    1,
    0,
    1,
    0,
    0,
    0,
    0,
    0,
    0,
    1,
    0,
    0,
    0,
    0,
    0,
    1,
    0,
    0,
    0,
    1,
    0,
    1,
    0,
    0,
    0,
    0,
    0,
    0,
    0,
    0,
    0,
    0,
    1,
    0,
    0
  ],
  "PreferNonPublic": [
    0,
    1,
    0,
    1,
    0,
    1,
    1,
    0,
    1,
    0,
    1,
    1,
    0,
    1,
    0,
    1,
    0,
    1,
    0,
    1,
    0,
    0,
    0,
    0,
    0,
    0,
    1,
    0,
    0,
    0,
    0,
    0,
    1,
    0,
    0,
    0,
    1,
    0,
    1,
    0,
    0,
    0,
    0,
    0,
    0,
    0,
    0,
    0,
    0,
    1,
    0,
    0
  ],
  "PrimitiveTypes": [
    0.6666666666666666,
    0.6666666666666666,
    0.6666666666666666,
    0.6666666666666666,
    0.6666666666666666,
    0.6666666666666666,
    0.6666666666666666,
    0.6666666666666666,
    0.6666666666666666,
    0.6666666666666666,
    0.6666666666666666,
    0,
    0.6666666666666666,
    0.6666666666666666,
    0.6666666666666666,
    0.6666666666666666,
    0.6666666666666666,
    0.6666666666666666,
    0.6666666666666666,
    0.6666666666666666,
    0.6666666666666666,
    0.6666666666666666,
    0.6666666666666666,
    0.6666666666666666,
    0.6666666666666666,
    0.6666666666666666,
    0.6666666666666666,
    0.6666666666666666,
    0.6666666666666666,
    0.6666666666666666,
    0.6666666666666666,
    0.6666666666666666,
    0.6666666666666666,
    0.6666666666666666,
    0.6666666666666666,
    0.6666666666666666,
    0.6666666666666666,
    0.6666666666666666,
    0.6666666666666666,
    0.6666666666666666,
    0.6666666666666666,
    0.6666666666666666,
    0.6666666666666666,
    1,
    1,
    0.6666666666666666,
    0.6666666666666666,
    0.6666666666666666,
    0.6666666666666666,
    0.6666666666666666,
    0.6666666666666666,
    0.6666666666666666
  ],
  "AffectedFiles": [
    1,
    3,
    1,
    3,
    1,
    3,
    3,
    1,
    3,
    1,
    3,
    2,
    1,
    3,
    1,
    3,
    1,
    3,
    1,
    3,
    1,
    1,
    1,
    1,
    1,
    1,
    3,
    1,
    1,
    1,
    1,
    1,
    3,
    1,
    1,
    1,
    3,
    1,
    3,
    1,
    1,
    1,
    1,
    6,
    6,
    1,
    1,
    1,
    1,
    3,
    1,
    1
  ],
  "Time": [
    24.462,
    31.447,
    30.73,
    15.426,
    31.239,
    53.613,
    33.627,
    44.912,
    39.911,
    46.505,
    17.304,
    18.667,
    19.917,
    19.46,
    15.878,
    14.258,
    13.376,
    19.577,
    15.036,
    13.631,
    19.929,
    33.858,
    16.564,
    16.502,
    31.646,
    28.764,
    14.729,
    15.32,
    12.433,
    20.769,
    1.909,
    2.322,
    47.815,
    19.832,
    24.538,
    159.283,
    28.226,
    27.428,
    0.943,
    22.124
  ],
  "Price": [
    0.08334,
    0.08510999999999999,
    0.09048,
    0.06609,
    0.08327999999999999,
    0.10214999999999999,
    0.08874,
    0.08754,
    0.08928,
    0.08507999999999999,
    0.05194,
    0.052000000000000005,
    0.05008,
    0.05272,
    0.048100000000000004,
    0.05122,
    0.04834,
    0.05152,
    0.05191,
    0.04711,
    0.05276,
    0.06634999999999999,
    0.0524,
    0.052070000000000005,
    0.06971,
    0.06302,
    0.04976,
    0.051320000000000005,
    0.04802,
    0.05333,
    0.037680000000000005,
    0.037680000000000005,
    0.07425000000000001,
    0.056850000000000005,
    0.05523,
    0.11943000000000001,
    0.06738000000000001,
    0.055470000000000005,
    0.037680000000000005,
    0.05484000000000001
  ],
  "cause=typo": [
    1,
    1,
    1,
    0,
    1,
    0,
    0,
    1,
    1,
    0,
    0,
    0,
    1,
    1,
    0,
    1,
    0,
    1,
    1,
    0,
    0,
    1,
    1,
    1,
    0,
    0,
    0,
    1,
    0,
    0,
    0,
    0,
    1,
    0,
    1,
    1,
    1,
    1,
    0,
    1
  ],
  "cause=synonym": [
    0,
    0,
    0,
    0,
    0,
    0,
    0,
    0,
    0,
    0,
    0,
    0,
    0,
    0,
    0,
    0,
    0,
    0,
    0,
    0,
    0,
    0,
    0,
    0,
    0,
    0,
    0,
    0,
    0,
    0,
    0,
    0,
    0,
    0,
    0,
    0,
    0,
    0,
    0,
    0
  ],
  "cause=type": [
    0,
    0,
    0,
    0,
    0,
    0,
    0,
    0,
    0,
    0,
    0,
    0,
    0,
    0,
    0,
    0,
    0,
    0,
    0,
    0,
    0,
    0,
    0,
    0,
    0,
    0,
    0,
    0,
    0,
    0,
    0,
    0,
    0,
    0,
    0,
    0,
    0,
    0,
    0,
    0
  ],
  "Surety": [
    2,
    1.75,
    2,
    1,
    1.75,
    2.5,
    1.5,
    1.75,
    1.75,
    2,
    1,
    1,
    1,
    1,
    1,
    1,
    1,
    1,
    1,
    1,
    1,
    1.75,
    1,
    1,
    2,
    2,
    1,
    1,
    1,
    1,
    0,
    0,
    1.5,
    1,
    1,
    1,
    2,
    1,
    0,
    1
  ],
  "Number data clumps": [
    2,
    2,
    2,
    1,
    2,
    3,
    2,
    2,
    2,
    2,
    1,
    1,
    1,
    1,
    1,
    1,
    1,
    1,
    1,
    1,
    1,
    2,
    1,
    1,
    2,
    2,
    1,
    1,
    1,
    1,
    0,
    0,
    2,
    1,
    1,
    1,
    2,
    1,
    0,
    1
  ],
  "ValidJSON": [
    1,
    1,
    1,
    1,
    1,
    1,
    1,
    1,
    1,
    1,
    1,
    1,
    1,
    1,
    1,
    1,
    1,
    1,
    1,
    1,
    1,
    1,
    1,
    1,
    1,
    1,
    1,
    1,
    1,
    1,
    1,
    1,
    1,
    1,
    1,
    0,
    1,
    1,
    1,
    1
  ]
}