{
  "mean": 0.46,
  "count": 35,
  "sum": 16.17,
  "max": 1,
  "min": 0,
  "raw": [
    1,
    1,
    0.8,
    0.3333333333333333,
    1,
    1,
    0.8,
    1,
    0.4,
    0.6,
    0.8,
    1,
    0.4,
    1,
    0.2,
    0,
    0.8333333333333334,
    0.3333333333333333,
    0.6666666666666666,
    0,
    0,
    0,
    0.6666666666666666,
    0.6666666666666666,
    0.6666666666666666,
    0,
    0,
    1,
    0,
    0,
    0,
    0,
    0,
    0,
    0
  ]
}