{
  "mean": 0.69,
  "count": 30,
  "sum": 17.32,
  "max": 1,
  "min": 0,
  "raw": [
    0.65,
    0.9333333333333333,
    0.75,
    0.75,
    0.75,
    0.631578947368421,
    0.7272727272727273,
    1,
    0.6875,
    0.75,
    0.7,
    0.8333333333333334,
    null,
    0.1891891891891892,
    0.6111111111111112,
    null,
    1,
    0.515625,
    0.5,
    0.9375,
    0.5294117647058824,
    null,
    0.9166666666666666,
    1,
    0.6666666666666666,
    null,
    null,
    0.6470588235294118,
    0,
    0.6428571428571429
  ]
}