{
  "mean": 208.16,
  "count": 30,
  "sum": 6244.73,
  "max": 512.63,
  "min": 1.35,
  "raw": [
    279.827,
    512.6279999999999,
    351.169,
    215.99,
    374.252,
    92.747,
    233.959,
    275.16700000000003,
    225.589,
    287.39,
    178.15200000000004,
    182.05999999999997,
    33.548,
    160.176,
    219.2705,
    1.972,
    157.53300000000002,
    465.673,
    196.27333333333334,
    307.5303333333333,
    278.574,
    1.353,
    129.522,
    130.223,
    344.33,
    2.201,
    2.047,
    245.233,
    14.481,
    345.859
  ]
}