{
  "instanceType= filter": 9.908396946564885,
  "instanceType= filter , model= gpt-4-1106-preview": 9.908396946564885,
  "instanceType= filter , temperature= 0.1": 9.839080459770114,
  "instanceType= filter , temperature= 0.5": 9.72,
  "instanceType= filter , temperature= 0.9": 10.165714285714285,
  "instanceType= filter , inputFormat= filter": 14.186666666666667,
  "instanceType= filter , inputFormat= filter_code_snippet": 9.024,
  "instanceType= filter , inputFormat= filter_full_code": 10.054054054054054,
  "instanceType= filter , instructionType= definitionBased": 12.729299363057326,
  "instanceType= filter , margin= 0": 8.586666666666666,
  "instanceType= filter , margin= 1": 9.173333333333334,
  "instanceType= filter , margin= 2": 8.8,
  "instanceType= filter , margin= 5": 8.733333333333333,
  "instanceType= filter , margin= 10": 9.826666666666666,
  "model= gpt-4-1106-preview": 9.908396946564885,
  "model= gpt-4-1106-preview , instanceType= filter": 9.908396946564885,
  "model= gpt-4-1106-preview , temperature= 0.1": 9.839080459770114,
  "model= gpt-4-1106-preview , temperature= 0.5": 9.72,
  "model= gpt-4-1106-preview , temperature= 0.9": 10.165714285714285,
  "model= gpt-4-1106-preview , inputFormat= filter": 14.186666666666667,
  "model= gpt-4-1106-preview , inputFormat= filter_code_snippet": 9.024,
  "model= gpt-4-1106-preview , inputFormat= filter_full_code": 10.054054054054054,
  "model= gpt-4-1106-preview , instructionType= definitionBased": 12.729299363057326,
  "model= gpt-4-1106-preview , margin= 0": 8.586666666666666,
  "model= gpt-4-1106-preview , margin= 1": 9.173333333333334,
  "model= gpt-4-1106-preview , margin= 2": 8.8,
  "model= gpt-4-1106-preview , margin= 5": 8.733333333333333,
  "model= gpt-4-1106-preview , margin= 10": 9.826666666666666,
  "temperature= 0.1": 9.839080459770114,
  "temperature= 0.5": 9.72,
  "temperature= 0.9": 10.165714285714285,
  "temperature= 0.1 , instanceType= filter": 9.839080459770114,
  "temperature= 0.5 , instanceType= filter": 9.72,
  "temperature= 0.9 , instanceType= filter": 10.165714285714285,
  "temperature= 0.1 , model= gpt-4-1106-preview": 9.839080459770114,
  "temperature= 0.5 , model= gpt-4-1106-preview": 9.72,
  "temperature= 0.9 , model= gpt-4-1106-preview": 10.165714285714285,
  "temperature= 0.1 , inputFormat= filter": 14.2,
  "temperature= 0.1 , inputFormat= filter_code_snippet": 8.712,
  "temperature= 0.1 , inputFormat= filter_full_code": 11.166666666666666,
  "temperature= 0.5 , inputFormat= filter": 14.84,
  "temperature= 0.5 , inputFormat= filter_code_snippet": 8.864,
  "temperature= 0.5 , inputFormat= filter_full_code": 8.88,
  "temperature= 0.9 , inputFormat= filter": 13.52,
  "temperature= 0.9 , inputFormat= filter_code_snippet": 9.496,
  "temperature= 0.9 , inputFormat= filter_full_code": 10.16,
  "temperature= 0.1 , instructionType= definitionBased": 12.557692307692308,
  "temperature= 0.5 , instructionType= definitionBased": 12.552380952380952,
  "temperature= 0.9 , instructionType= definitionBased": 13.076190476190476,
  "temperature= 0.1 , margin= 0": 8.72,
  "temperature= 0.1 , margin= 1": 8.4,
  "temperature= 0.1 , margin= 2": 9,
  "temperature= 0.1 , margin= 5": 8.72,
  "temperature= 0.1 , margin= 10": 8.72,
  "temperature= 0.5 , margin= 0": 8.28,
  "temperature= 0.5 , margin= 1": 8.96,
  "temperature= 0.5 , margin= 2": 8.72,
  "temperature= 0.5 , margin= 5": 8.4,
  "temperature= 0.5 , margin= 10": 9.96,
  "temperature= 0.9 , margin= 0": 8.76,
  "temperature= 0.9 , margin= 1": 10.16,
  "temperature= 0.9 , margin= 2": 8.68,
  "temperature= 0.9 , margin= 5": 9.08,
  "temperature= 0.9 , margin= 10": 10.8,
  "iteration= 0": 8.035714285714286,
  "iteration= 1": 8.566265060240964,
  "iteration= 2": 8.547619047619047,
  "iteration= 3": 8.821428571428571,
  "iteration= 4": 8.083333333333334,
  "iteration= 5": 16.428571428571427,
  "iteration= 6": 15.761904761904763,
  "iteration= 7": 15.857142857142858,
  "iteration= 8": 15.952380952380953,
  "iteration= 9": 15.428571428571429,
  "inputFormat= filter": 14.186666666666667,
  "inputFormat= filter_code_snippet": 9.024,
  "inputFormat= filter_full_code": 10.054054054054054,
  "inputFormat= filter , instanceType= filter": 14.186666666666667,
  "inputFormat= filter_code_snippet , instanceType= filter": 9.024,
  "inputFormat= filter_full_code , instanceType= filter": 10.054054054054054,
  "inputFormat= filter , model= gpt-4-1106-preview": 14.186666666666667,
  "inputFormat= filter_code_snippet , model= gpt-4-1106-preview": 9.024,
  "inputFormat= filter_full_code , model= gpt-4-1106-preview": 10.054054054054054,
  "inputFormat= filter , temperature= 0.1": 14.2,
  "inputFormat= filter , temperature= 0.5": 14.84,
  "inputFormat= filter , temperature= 0.9": 13.52,
  "inputFormat= filter_code_snippet , temperature= 0.1": 8.712,
  "inputFormat= filter_code_snippet , temperature= 0.5": 8.864,
  "inputFormat= filter_code_snippet , temperature= 0.9": 9.496,
  "inputFormat= filter_full_code , temperature= 0.1": 11.166666666666666,
  "inputFormat= filter_full_code , temperature= 0.5": 8.88,
  "inputFormat= filter_full_code , temperature= 0.9": 10.16,
  "inputFormat= filter , instructionType= definitionBased": 17.08888888888889,
  "inputFormat= filter_code_snippet , instructionType= definitionBased": 11.875555555555556,
  "inputFormat= filter_full_code , instructionType= definitionBased": 12.636363636363637,
  "inputFormat= filter_code_snippet , margin= 0": 8.586666666666666,
  "inputFormat= filter_code_snippet , margin= 1": 9.173333333333334,
  "inputFormat= filter_code_snippet , margin= 2": 8.8,
  "inputFormat= filter_code_snippet , margin= 5": 8.733333333333333,
  "inputFormat= filter_code_snippet , margin= 10": 9.826666666666666,
  "instructionType= definitionBased": 12.729299363057326,
  "instructionType= definitionBased , instanceType= filter": 12.729299363057326,
  "instructionType= definitionBased , model= gpt-4-1106-preview": 12.729299363057326,
  "instructionType= definitionBased , temperature= 0.1": 12.557692307692308,
  "instructionType= definitionBased , temperature= 0.5": 12.552380952380952,
  "instructionType= definitionBased , temperature= 0.9": 13.076190476190476,
  "instructionType= definitionBased , inputFormat= filter": 17.08888888888889,
  "instructionType= definitionBased , inputFormat= filter_code_snippet": 11.875555555555556,
  "instructionType= definitionBased , inputFormat= filter_full_code": 12.636363636363637,
  "instructionType= definitionBased , margin= 0": 11.488888888888889,
  "instructionType= definitionBased , margin= 1": 12.155555555555555,
  "instructionType= definitionBased , margin= 2": 11.844444444444445,
  "instructionType= definitionBased , margin= 5": 11.577777777777778,
  "instructionType= definitionBased , margin= 10": 12.311111111111112,
  "margin= 0": 8.586666666666666,
  "margin= 1": 9.173333333333334,
  "margin= 2": 8.8,
  "margin= 5": 8.733333333333333,
  "margin= 10": 9.826666666666666,
  "margin= 0 , instanceType= filter": 8.586666666666666,
  "margin= 1 , instanceType= filter": 9.173333333333334,
  "margin= 2 , instanceType= filter": 8.8,
  "margin= 5 , instanceType= filter": 8.733333333333333,
  "margin= 10 , instanceType= filter": 9.826666666666666,
  "margin= 0 , model= gpt-4-1106-preview": 8.586666666666666,
  "margin= 1 , model= gpt-4-1106-preview": 9.173333333333334,
  "margin= 2 , model= gpt-4-1106-preview": 8.8,
  "margin= 5 , model= gpt-4-1106-preview": 8.733333333333333,
  "margin= 10 , model= gpt-4-1106-preview": 9.826666666666666,
  "margin= 0 , temperature= 0.1": 8.72,
  "margin= 0 , temperature= 0.5": 8.28,
  "margin= 0 , temperature= 0.9": 8.76,
  "margin= 1 , temperature= 0.1": 8.4,
  "margin= 1 , temperature= 0.5": 8.96,
  "margin= 1 , temperature= 0.9": 10.16,
  "margin= 2 , temperature= 0.1": 9,
  "margin= 2 , temperature= 0.5": 8.72,
  "margin= 2 , temperature= 0.9": 8.68,
  "margin= 5 , temperature= 0.1": 8.72,
  "margin= 5 , temperature= 0.5": 8.4,