{
  "instanceType= filter": 9.908396946564885,
  "instanceType= filter , model= gpt-4-1106-preview": 9.908396946564885,
  "instanceType= filter , temperature= 0.1": 9.839080459770114,
  "instanceType= filter , temperature= 0.5": 9.72,
  "instanceType= filter , temperature= 0.9": 10.165714285714285,
  "instanceType= filter , projectName= argoumlrefactor": 5.926984126984127,
  "instanceType= filter , projectName= rocketmq_refactor": 15.909090909090908,
  "instanceType= filter , inputFormat= filter": 14.186666666666667,
  "instanceType= filter , inputFormat= filter_code_snippet": 9.024,
  "instanceType= filter , inputFormat= filter_full_code": 10.054054054054054,
  "instanceType= filter , instructionType= definitionBased": 12.729299363057326,
  "instanceType= filter , margin= 0": 8.586666666666666,
  "instanceType= filter , margin= 1": 9.173333333333334,
  "instanceType= filter , margin= 2": 8.8,
  "instanceType= filter , margin= 5": 8.733333333333333,
  "instanceType= filter , margin= 10": 9.826666666666666,
  "instanceType= filter , includeUsages= noUsages": 9.908396946564885,
  "model= gpt-4-1106-preview": 9.908396946564885,
  "model= gpt-4-1106-preview , instanceType= filter": 9.908396946564885,
  "model= gpt-4-1106-preview , temperature= 0.1": 9.839080459770114,
  "model= gpt-4-1106-preview , temperature= 0.5": 9.72,
  "model= gpt-4-1106-preview , temperature= 0.9": 10.165714285714285,
  "model= gpt-4-1106-preview , projectName= argoumlrefactor": 5.926984126984127,
  "model= gpt-4-1106-preview , projectName= rocketmq_refactor": 15.909090909090908,
  "model= gpt-4-1106-preview , inputFormat= filter": 14.186666666666667,
  "model= gpt-4-1106-preview , inputFormat= filter_code_snippet": 9.024,
  "model= gpt-4-1106-preview , inputFormat= filter_full_code": 10.054054054054054,
  "model= gpt-4-1106-preview , instructionType= definitionBased": 12.729299363057326,
  "model= gpt-4-1106-preview , margin= 0": 8.586666666666666,
  "model= gpt-4-1106-preview , margin= 1": 9.173333333333334,
  "model= gpt-4-1106-preview , margin= 2": 8.8,
  "model= gpt-4-1106-preview , margin= 5": 8.733333333333333,
  "model= gpt-4-1106-preview , margin= 10": 9.826666666666666,
  "model= gpt-4-1106-preview , includeUsages= noUsages": 9.908396946564885,
  "temperature= 0.1": 9.839080459770114,
  "temperature= 0.5": 9.72,
  "temperature= 0.9": 10.165714285714285,
  "temperature= 0.1 , instanceType= filter": 9.839080459770114,
  "temperature= 0.5 , instanceType= filter": 9.72,
  "temperature= 0.9 , instanceType= filter": 10.165714285714285,
  "temperature= 0.1 , model= gpt-4-1106-preview": 9.839080459770114,
  "temperature= 0.5 , model= gpt-4-1106-preview": 9.72,
  "temperature= 0.9 , model= gpt-4-1106-preview": 10.165714285714285,
  "temperature= 0.1 , projectName= argoumlrefactor": 6.066666666666666,
  "temperature= 0.1 , projectName= rocketmq_refactor": 15.579710144927537,
  "temperature= 0.5 , projectName= argoumlrefactor": 5.580952380952381,
  "temperature= 0.5 , projectName= rocketmq_refactor": 15.928571428571429,
  "temperature= 0.9 , projectName= argoumlrefactor": 6.133333333333334,
  "temperature= 0.9 , projectName= rocketmq_refactor": 16.214285714285715,
  "temperature= 0.1 , inputFormat= filter": 14.2,
  "temperature= 0.1 , inputFormat= filter_code_snippet": 8.712,
  "temperature= 0.1 , inputFormat= filter_full_code": 11.166666666666666,
  "temperature= 0.5 , inputFormat= filter": 14.84,
  "temperature= 0.5 , inputFormat= filter_code_snippet": 8.864,
  "temperature= 0.5 , inputFormat= filter_full_code": 8.88,
  "temperature= 0.9 , inputFormat= filter": 13.52,
  "temperature= 0.9 , inputFormat= filter_code_snippet": 9.496,
  "temperature= 0.9 , inputFormat= filter_full_code": 10.16,
  "temperature= 0.1 , instructionType= definitionBased": 12.557692307692308,
  "temperature= 0.5 , instructionType= definitionBased": 12.552380952380952,
  "temperature= 0.9 , instructionType= definitionBased": 13.076190476190476,
  "temperature= 0.1 , margin= 0": 8.72,
  "temperature= 0.1 , margin= 1": 8.4,
  "temperature= 0.1 , margin= 2": 9,
  "temperature= 0.1 , margin= 5": 8.72,
  "temperature= 0.1 , margin= 10": 8.72,
  "temperature= 0.5 , margin= 0": 8.28,
  "temperature= 0.5 , margin= 1": 8.96,
  "temperature= 0.5 , margin= 2": 8.72,
  "temperature= 0.5 , margin= 5": 8.4,
  "temperature= 0.5 , margin= 10": 9.96,
  "temperature= 0.9 , margin= 0": 8.76,
  "temperature= 0.9 , margin= 1": 10.16,
  "temperature= 0.9 , margin= 2": 8.68,
  "temperature= 0.9 , margin= 5": 9.08,
  "temperature= 0.9 , margin= 10": 10.8,
  "temperature= 0.1 , includeUsages= noUsages": 9.839080459770114,
  "temperature= 0.5 , includeUsages= noUsages": 9.72,
  "temperature= 0.9 , includeUsages= noUsages": 10.165714285714285,
  "iteration= 0": 8.035714285714286,
  "iteration= 1": 8.566265060240964,
  "iteration= 2": 8.547619047619047,
  "iteration= 3": 8.821428571428571,
  "iteration= 4": 8.083333333333334,
  "iteration= 5": 16.428571428571427,
  "iteration= 6": 15.761904761904763,
  "iteration= 7": 15.857142857142858,
  "iteration= 8": 15.952380952380953,
  "iteration= 9": 15.428571428571429,
  "projectName= argoumlrefactor": 5.926984126984127,
  "projectName= rocketmq_refactor": 15.909090909090908,
  "projectName= argoumlrefactor , instanceType= filter": 5.926984126984127,
  "projectName= rocketmq_refactor , instanceType= filter": 15.909090909090908,
  "projectName= argoumlrefactor , model= gpt-4-1106-preview": 5.926984126984127,
  "projectName= rocketmq_refactor , model= gpt-4-1106-preview": 15.909090909090908,
  "projectName= argoumlrefactor , temperature= 0.1": 6.066666666666666,
  "projectName= argoumlrefactor , temperature= 0.5": 5.580952380952381,
  "projectName= argoumlrefactor , temperature= 0.9": 6.133333333333334,
  "projectName= rocketmq_refactor , temperature= 0.1": 15.579710144927537,
  "projectName= rocketmq_refactor , temperature= 0.5": 15.928571428571429,
  "projectName= rocketmq_refactor , temperature= 0.9": 16.214285714285715,
  "projectName= argoumlrefactor , inputFormat= filter": 10.066666666666666,
  "projectName= argoumlrefactor , inputFormat= filter_code_snippet": 4.902222222222222,
  "projectName= argoumlrefactor , inputFormat= filter_full_code": 6.911111111111111,
  "projectName= rocketmq_refactor , inputFormat= filter": 20.366666666666667,
  "projectName= rocketmq_refactor , inputFormat= filter_code_snippet": 15.206666666666667,
  "projectName= rocketmq_refactor , inputFormat= filter_full_code": 14.931034482758621,
  "projectName= argoumlrefactor , instructionType= definitionBased": 6.4,
  "projectName= rocketmq_refactor , instructionType= definitionBased": 15.909090909090908,
  "projectName= argoumlrefactor , margin= 0": 4.777777777777778,
  "projectName= argoumlrefactor , margin= 1": 4.777777777777778,
  "projectName= argoumlrefactor , margin= 2": 4.622222222222222,
  "projectName= argoumlrefactor , margin= 5": 4.466666666666667,
  "projectName= argoumlrefactor , margin= 10": 5.866666666666666,
  "projectName= rocketmq_refactor , margin= 0": 14.3,
  "projectName= rocketmq_refactor , margin= 1": 15.766666666666667,
  "projectName= rocketmq_refactor , margin= 2": 15.066666666666666,
  "projectName= rocketmq_refactor , margin= 5": 15.133333333333333,
  "projectName= rocketmq_refactor , margin= 10": 15.766666666666667,
  "projectName= argoumlrefactor , includeUsages= noUsages": 5.926984126984127,
  "projectName= rocketmq_refactor , includeUsages= noUsages": 15.909090909090908,
  "inputFormat= filter": 14.186666666666667,
  "inputFormat= filter_code_snippet": 9.024,
  "inputFormat= filter_full_code": 10.054054054054054,
  "inputFormat= filter , instanceType= filter": 14.186666666666667,
  "inputFormat= filter_code_snippet , instanceType= filter": 9.024,
  "inputFormat= filter_full_code , instanceType= filter": 10.054054054054054,
  "inputFormat= filter , model= gpt-4-1106-preview": 14.186666666666667,
  "inputFormat= filter_code_snippet , model= gpt-4-1106-preview": 9.024,