{
  "instanceType= filter": 5.926984126984127,
  "instanceType= filter , model= gpt-4-1106-preview": 5.926984126984127,
  "instanceType= filter , temperature= 0.1": 6.066666666666666,
  "instanceType= filter , temperature= 0.5": 5.580952380952381,
  "instanceType= filter , temperature= 0.9": 6.133333333333334,
  "instanceType= filter , inputFormat= filter": 10.066666666666666,
  "instanceType= filter , inputFormat= filter_code_snippet": 4.902222222222222,
  "instanceType= filter , inputFormat= filter_full_code": 6.911111111111111,
  "instanceType= filter , instructionType= definitionBased": 6.4,
  "instanceType= filter , instructionType= exampleBased": 5.580952380952381,
  "instanceType= filter , instructionType= noDefinitionBased": 5.8,
  "instanceType= filter , margin= 0": 4.777777777777778,
  "instanceType= filter , margin= 1": 4.777777777777778,
  "instanceType= filter , margin= 2": 4.622222222222222,
  "instanceType= filter , margin= 5": 4.466666666666667,
  "instanceType= filter , margin= 10": 5.866666666666666,
  "model= gpt-4-1106-preview": 5.926984126984127,
  "model= gpt-4-1106-preview , instanceType= filter": 5.926984126984127,
  "model= gpt-4-1106-preview , temperature= 0.1": 6.066666666666666,
  "model= gpt-4-1106-preview , temperature= 0.5": 5.580952380952381,
  "model= gpt-4-1106-preview , temperature= 0.9": 6.133333333333334,
  "model= gpt-4-1106-preview , inputFormat= filter": 10.066666666666666,
  "model= gpt-4-1106-preview , inputFormat= filter_code_snippet": 4.902222222222222,
  "model= gpt-4-1106-preview , inputFormat= filter_full_code": 6.911111111111111,
  "model= gpt-4-1106-preview , instructionType= definitionBased": 6.4,
  "model= gpt-4-1106-preview , instructionType= exampleBased": 5.580952380952381,
  "model= gpt-4-1106-preview , instructionType= noDefinitionBased": 5.8,
  "model= gpt-4-1106-preview , margin= 0": 4.777777777777778,
  "model= gpt-4-1106-preview , margin= 1": 4.777777777777778,
  "model= gpt-4-1106-preview , margin= 2": 4.622222222222222,
  "model= gpt-4-1106-preview , margin= 5": 4.466666666666667,
  "model= gpt-4-1106-preview , margin= 10": 5.866666666666666,
  "temperature= 0.1": 6.066666666666666,
  "temperature= 0.5": 5.580952380952381,
  "temperature= 0.9": 6.133333333333334,
  "temperature= 0.1 , instanceType= filter": 6.066666666666666,
  "temperature= 0.5 , instanceType= filter": 5.580952380952381,
  "temperature= 0.9 , instanceType= filter": 6.133333333333334,
  "temperature= 0.1 , model= gpt-4-1106-preview": 6.066666666666666,
  "temperature= 0.5 , model= gpt-4-1106-preview": 5.580952380952381,
  "temperature= 0.9 , model= gpt-4-1106-preview": 6.133333333333334,
  "temperature= 0.1 , inputFormat= filter": 11,
  "temperature= 0.1 , inputFormat= filter_code_snippet": 4.466666666666667,
  "temperature= 0.1 , inputFormat= filter_full_code": 9.133333333333333,
  "temperature= 0.5 , inputFormat= filter": 10.066666666666666,
  "temperature= 0.5 , inputFormat= filter_code_snippet": 4.746666666666667,
  "temperature= 0.5 , inputFormat= filter_full_code": 5.266666666666667,
  "temperature= 0.9 , inputFormat= filter": 9.133333333333333,
  "temperature= 0.9 , inputFormat= filter_code_snippet": 5.493333333333333,
  "temperature= 0.9 , inputFormat= filter_full_code": 6.333333333333333,
  "temperature= 0.1 , instructionType= definitionBased": 6.6,
  "temperature= 0.1 , instructionType= exampleBased": 5.6,
  "temperature= 0.1 , instructionType= noDefinitionBased": 6,
  "temperature= 0.5 , instructionType= definitionBased": 5.8,
  "temperature= 0.5 , instructionType= exampleBased": 5.3428571428571425,
  "temperature= 0.5 , instructionType= noDefinitionBased": 5.6,
  "temperature= 0.9 , instructionType= definitionBased": 6.8,
  "temperature= 0.9 , instructionType= exampleBased": 5.8,
  "temperature= 0.9 , instructionType= noDefinitionBased": 5.8,
  "temperature= 0.1 , margin= 0": 4.466666666666667,
  "temperature= 0.1 , margin= 1": 4,
  "temperature= 0.1 , margin= 2": 4.933333333333334,
  "temperature= 0.1 , margin= 5": 4.466666666666667,
  "temperature= 0.1 , margin= 10": 4.466666666666667,
  "temperature= 0.5 , margin= 0": 4.466666666666667,
  "temperature= 0.5 , margin= 1": 4.933333333333334,
  "temperature= 0.5 , margin= 2": 4.466666666666667,
  "temperature= 0.5 , margin= 5": 4,
  "temperature= 0.5 , margin= 10": 5.866666666666666,
  "temperature= 0.9 , margin= 0": 5.4,
  "temperature= 0.9 , margin= 1": 5.4,
  "temperature= 0.9 , margin= 2": 4.466666666666667,
  "temperature= 0.9 , margin= 5": 4.933333333333334,
  "temperature= 0.9 , margin= 10": 7.266666666666667,
  "iteration= 0": 5.333333333333333,
  "iteration= 1": 6.2063492063492065,
  "iteration= 2": 6.222222222222222,
  "iteration= 3": 6.2063492063492065,
  "iteration= 4": 5.666666666666667,
  "inputFormat= filter": 10.066666666666666,
  "inputFormat= filter_code_snippet": 4.902222222222222,
  "inputFormat= filter_full_code": 6.911111111111111,
  "inputFormat= filter , instanceType= filter": 10.066666666666666,
  "inputFormat= filter_code_snippet , instanceType= filter": 4.902222222222222,
  "inputFormat= filter_full_code , instanceType= filter": 6.911111111111111,
  "inputFormat= filter , model= gpt-4-1106-preview": 10.066666666666666,
  "inputFormat= filter_code_snippet , model= gpt-4-1106-preview": 4.902222222222222,
  "inputFormat= filter_full_code , model= gpt-4-1106-preview": 6.911111111111111,
  "inputFormat= filter , temperature= 0.1": 11,
  "inputFormat= filter , temperature= 0.5": 10.066666666666666,
  "inputFormat= filter , temperature= 0.9": 9.133333333333333,
  "inputFormat= filter_code_snippet , temperature= 0.1": 4.466666666666667,
  "inputFormat= filter_code_snippet , temperature= 0.5": 4.746666666666667,
  "inputFormat= filter_code_snippet , temperature= 0.9": 5.493333333333333,
  "inputFormat= filter_full_code , temperature= 0.1": 9.133333333333333,
  "inputFormat= filter_full_code , temperature= 0.5": 5.266666666666667,
  "inputFormat= filter_full_code , temperature= 0.9": 6.333333333333333,
  "inputFormat= filter , instructionType= definitionBased": 10.533333333333333,
  "inputFormat= filter , instructionType= exampleBased": 10.066666666666666,
  "inputFormat= filter , instructionType= noDefinitionBased": 9.6,
  "inputFormat= filter_code_snippet , instructionType= definitionBased": 5.213333333333333,
  "inputFormat= filter_code_snippet , instructionType= exampleBased": 4.84,
  "inputFormat= filter_code_snippet , instructionType= noDefinitionBased": 4.653333333333333,
  "inputFormat= filter_full_code , instructionType= definitionBased": 8.2,
  "inputFormat= filter_full_code , instructionType= exampleBased": 4.8,
  "inputFormat= filter_full_code , instructionType= noDefinitionBased": 7.733333333333333,
  "inputFormat= filter_code_snippet , margin= 0": 4.777777777777778,
  "inputFormat= filter_code_snippet , margin= 1": 4.777777777777778,
  "inputFormat= filter_code_snippet , margin= 2": 4.622222222222222,
  "inputFormat= filter_code_snippet , margin= 5": 4.466666666666667,
  "inputFormat= filter_code_snippet , margin= 10": 5.866666666666666,
  "instructionType= definitionBased": 6.4,
  "instructionType= exampleBased": 5.580952380952381,
  "instructionType= noDefinitionBased": 5.8,
  "instructionType= definitionBased , instanceType= filter": 6.4,
  "instructionType= exampleBased , instanceType= filter": 5.580952380952381,
  "instructionType= noDefinitionBased , instanceType= filter": 5.8,
  "instructionType= definitionBased , model= gpt-4-1106-preview": 6.4,
  "instructionType= exampleBased , model= gpt-4-1106-preview": 5.580952380952381,
  "instructionType= noDefinitionBased , model= gpt-4-1106-preview": 5.8,
  "instructionType= definitionBased , temperature= 0.1": 6.6,
  "instructionType= definitionBased , temperature= 0.5": 5.8,
  "instructionType= definitionBased , temperature= 0.9": 6.8,
  "instructionType= exampleBased , temperature= 0.1": 5.6,
  "instructionType= exampleBased , temperature= 0.5": 5.3428571428571425,