{
  "instanceType= filter": 0.4732824427480916,
  "instanceType= filter , model= gpt-4-1106-preview": 0.4732824427480916,
  "instanceType= filter , temperature= 0.1": 0.5229885057471264,
  "instanceType= filter , temperature= 0.5": 0.4514285714285714,
  "instanceType= filter , temperature= 0.9": 0.44571428571428573,
  "instanceType= filter , projectName= argoumlrefactor": 0.14603174603174604,
  "instanceType= filter , projectName= rocketmq_refactor": 0.9665071770334929,
  "instanceType= filter , inputFormat= filter": 0.8,
  "instanceType= filter , inputFormat= filter_code_snippet": 0.39466666666666667,
  "instanceType= filter , inputFormat= filter_full_code": 0.5405405405405406,
  "instanceType= filter , instructionType= definitionBased": 0.7133757961783439,
  "instanceType= filter , margin= 0": 0.37333333333333335,
  "instanceType= filter , margin= 1": 0.4,
  "instanceType= filter , margin= 2": 0.4,
  "instanceType= filter , margin= 5": 0.4,
  "instanceType= filter , margin= 10": 0.4,
  "instanceType= filter , includeUsages= noUsages": 0.4732824427480916,
  "model= gpt-4-1106-preview": 0.4732824427480916,
  "model= gpt-4-1106-preview , instanceType= filter": 0.4732824427480916,
  "model= gpt-4-1106-preview , temperature= 0.1": 0.5229885057471264,
  "model= gpt-4-1106-preview , temperature= 0.5": 0.4514285714285714,
  "model= gpt-4-1106-preview , temperature= 0.9": 0.44571428571428573,
  "model= gpt-4-1106-preview , projectName= argoumlrefactor": 0.14603174603174604,
  "model= gpt-4-1106-preview , projectName= rocketmq_refactor": 0.9665071770334929,
  "model= gpt-4-1106-preview , inputFormat= filter": 0.8,
  "model= gpt-4-1106-preview , inputFormat= filter_code_snippet": 0.39466666666666667,
  "model= gpt-4-1106-preview , inputFormat= filter_full_code": 0.5405405405405406,
  "model= gpt-4-1106-preview , instructionType= definitionBased": 0.7133757961783439,
  "model= gpt-4-1106-preview , margin= 0": 0.37333333333333335,
  "model= gpt-4-1106-preview , margin= 1": 0.4,
  "model= gpt-4-1106-preview , margin= 2": 0.4,
  "model= gpt-4-1106-preview , margin= 5": 0.4,
  "model= gpt-4-1106-preview , margin= 10": 0.4,
  "model= gpt-4-1106-preview , includeUsages= noUsages": 0.4732824427480916,
  "temperature= 0.1": 0.5229885057471264,
  "temperature= 0.5": 0.4514285714285714,
  "temperature= 0.9": 0.44571428571428573,
  "temperature= 0.1 , instanceType= filter": 0.5229885057471264,
  "temperature= 0.5 , instanceType= filter": 0.4514285714285714,
  "temperature= 0.9 , instanceType= filter": 0.44571428571428573,
  "temperature= 0.1 , model= gpt-4-1106-preview": 0.5229885057471264,
  "temperature= 0.5 , model= gpt-4-1106-preview": 0.4514285714285714,
  "temperature= 0.9 , model= gpt-4-1106-preview": 0.44571428571428573,
  "temperature= 0.1 , projectName= argoumlrefactor": 0.22857142857142856,
  "temperature= 0.1 , projectName= rocketmq_refactor": 0.9710144927536232,
  "temperature= 0.5 , projectName= argoumlrefactor": 0.11428571428571428,
  "temperature= 0.5 , projectName= rocketmq_refactor": 0.9571428571428572,
  "temperature= 0.9 , projectName= argoumlrefactor": 0.09523809523809523,
  "temperature= 0.9 , projectName= rocketmq_refactor": 0.9714285714285714,
  "temperature= 0.1 , inputFormat= filter": 0.96,
  "temperature= 0.1 , inputFormat= filter_code_snippet": 0.4,
  "temperature= 0.1 , inputFormat= filter_full_code": 0.7083333333333334,
  "temperature= 0.5 , inputFormat= filter": 0.8,
  "temperature= 0.5 , inputFormat= filter_code_snippet": 0.392,
  "temperature= 0.5 , inputFormat= filter_full_code": 0.4,
  "temperature= 0.9 , inputFormat= filter": 0.64,
  "temperature= 0.9 , inputFormat= filter_code_snippet": 0.392,
  "temperature= 0.9 , inputFormat= filter_full_code": 0.52,
  "temperature= 0.1 , instructionType= definitionBased": 0.7403846153846154,
  "temperature= 0.5 , instructionType= definitionBased": 0.6952380952380952,
  "temperature= 0.9 , instructionType= definitionBased": 0.7047619047619048,
  "temperature= 0.1 , margin= 0": 0.4,
  "temperature= 0.1 , margin= 1": 0.4,
  "temperature= 0.1 , margin= 2": 0.4,
  "temperature= 0.1 , margin= 5": 0.4,
  "temperature= 0.1 , margin= 10": 0.4,
  "temperature= 0.5 , margin= 0": 0.36,
  "temperature= 0.5 , margin= 1": 0.4,
  "temperature= 0.5 , margin= 2": 0.4,
  "temperature= 0.5 , margin= 5": 0.4,
  "temperature= 0.5 , margin= 10": 0.4,
  "temperature= 0.9 , margin= 0": 0.36,
  "temperature= 0.9 , margin= 1": 0.4,
  "temperature= 0.9 , margin= 2": 0.4,
  "temperature= 0.9 , margin= 5": 0.4,
  "temperature= 0.9 , margin= 10": 0.4,
  "temperature= 0.1 , includeUsages= noUsages": 0.5229885057471264,
  "temperature= 0.5 , includeUsages= noUsages": 0.4514285714285714,
  "temperature= 0.9 , includeUsages= noUsages": 0.44571428571428573,
  "iteration= 0": 0.35714285714285715,
  "iteration= 1": 0.3253012048192771,
  "iteration= 2": 0.38095238095238093,
  "iteration= 3": 0.34523809523809523,
  "iteration= 4": 0.34523809523809523,
  "iteration= 5": 0.9523809523809523,
  "iteration= 6": 0.9523809523809523,
  "iteration= 7": 0.9523809523809523,
  "iteration= 8": 0.9523809523809523,
  "iteration= 9": 1,
  "projectName= argoumlrefactor": 0.14603174603174604,
  "projectName= rocketmq_refactor": 0.9665071770334929,
  "projectName= argoumlrefactor , instanceType= filter": 0.14603174603174604,
  "projectName= rocketmq_refactor , instanceType= filter": 0.9665071770334929,
  "projectName= argoumlrefactor , model= gpt-4-1106-preview": 0.14603174603174604,
  "projectName= rocketmq_refactor , model= gpt-4-1106-preview": 0.9665071770334929,
  "projectName= argoumlrefactor , temperature= 0.1": 0.22857142857142856,
  "projectName= argoumlrefactor , temperature= 0.5": 0.11428571428571428,
  "projectName= argoumlrefactor , temperature= 0.9": 0.09523809523809523,
  "projectName= rocketmq_refactor , temperature= 0.1": 0.9710144927536232,
  "projectName= rocketmq_refactor , temperature= 0.5": 0.9571428571428572,
  "projectName= rocketmq_refactor , temperature= 0.9": 0.9714285714285714,
  "projectName= argoumlrefactor , inputFormat= filter": 0.6666666666666666,
  "projectName= argoumlrefactor , inputFormat= filter_code_snippet": 0,
  "projectName= argoumlrefactor , inputFormat= filter_full_code": 0.35555555555555557,
  "projectName= rocketmq_refactor , inputFormat= filter": 1,
  "projectName= rocketmq_refactor , inputFormat= filter_code_snippet": 0.9866666666666667,
  "projectName= rocketmq_refactor , inputFormat= filter_full_code": 0.8275862068965517,
  "projectName= argoumlrefactor , instructionType= definitionBased": 0.20952380952380953,
  "projectName= rocketmq_refactor , instructionType= definitionBased": 0.9665071770334929,
  "projectName= argoumlrefactor , margin= 0": 0,
  "projectName= argoumlrefactor , margin= 1": 0,
  "projectName= argoumlrefactor , margin= 2": 0,
  "projectName= argoumlrefactor , margin= 5": 0,
  "projectName= argoumlrefactor , margin= 10": 0,
  "projectName= rocketmq_refactor , margin= 0": 0.9333333333333333,
  "projectName= rocketmq_refactor , margin= 1": 1,
  "projectName= rocketmq_refactor , margin= 2": 1,
  "projectName= rocketmq_refactor , margin= 5": 1,
  "projectName= rocketmq_refactor , margin= 10": 1,
  "projectName= argoumlrefactor , includeUsages= noUsages": 0.14603174603174604,
  "projectName= rocketmq_refactor , includeUsages= noUsages": 0.9665071770334929,
  "inputFormat= filter": 0.8,
  "inputFormat= filter_code_snippet": 0.39466666666666667,
  "inputFormat= filter_full_code": 0.5405405405405406,
  "inputFormat= filter , instanceType= filter": 0.8,
  "inputFormat= filter_code_snippet , instanceType= filter": 0.39466666666666667,
  "inputFormat= filter_full_code , instanceType= filter": 0.5405405405405406,
  "inputFormat= filter , model= gpt-4-1106-preview": 0.8,
  "inputFormat= filter_code_snippet , model= gpt-4-1106-preview": 0.39466666666666667,
  "inputFormat= filter_full_code , model= gpt-4-1106-preview": 0.5405405405405406,
  "inputFormat= filter , temperature= 0.1": 0.96,