{
  "instanceType= filter": 6.944656488549619,
  "instanceType= filter , model= gpt-4-1106-preview": 6.944656488549619,
  "instanceType= filter , temperature= 0.1": 7.011494252873563,
  "instanceType= filter , temperature= 0.5": 7.011428571428572,
  "instanceType= filter , temperature= 0.9": 6.811428571428571,
  "instanceType= filter , projectName= argoumlrefactor": 7.641269841269842,
  "instanceType= filter , projectName= rocketmq_refactor": 5.894736842105263,
  "instanceType= filter , inputFormat= filter": 11.24,
  "instanceType= filter , inputFormat= filter_code_snippet": 5.232,
  "instanceType= filter , inputFormat= filter_full_code": 11.27027027027027,
  "instanceType= filter , instructionType= definitionBased": 6.445859872611465,
  "instanceType= filter , margin= 0": 5.2,
  "instanceType= filter , margin= 1": 5.2,
  "instanceType= filter , margin= 2": 5.2,
  "instanceType= filter , margin= 5": 5.2,
  "instanceType= filter , margin= 10": 5.36,
  "instanceType= filter , includeUsages= noUsages": 6.944656488549619,
  "model= gpt-4-1106-preview": 6.944656488549619,
  "model= gpt-4-1106-preview , instanceType= filter": 6.944656488549619,
  "model= gpt-4-1106-preview , temperature= 0.1": 7.011494252873563,
  "model= gpt-4-1106-preview , temperature= 0.5": 7.011428571428572,
  "model= gpt-4-1106-preview , temperature= 0.9": 6.811428571428571,
  "model= gpt-4-1106-preview , projectName= argoumlrefactor": 7.641269841269842,
  "model= gpt-4-1106-preview , projectName= rocketmq_refactor": 5.894736842105263,
  "model= gpt-4-1106-preview , inputFormat= filter": 11.24,
  "model= gpt-4-1106-preview , inputFormat= filter_code_snippet": 5.232,
  "model= gpt-4-1106-preview , inputFormat= filter_full_code": 11.27027027027027,
  "model= gpt-4-1106-preview , instructionType= definitionBased": 6.445859872611465,
  "model= gpt-4-1106-preview , margin= 0": 5.2,
  "model= gpt-4-1106-preview , margin= 1": 5.2,
  "model= gpt-4-1106-preview , margin= 2": 5.2,
  "model= gpt-4-1106-preview , margin= 5": 5.2,
  "model= gpt-4-1106-preview , margin= 10": 5.36,
  "model= gpt-4-1106-preview , includeUsages= noUsages": 6.944656488549619,
  "temperature= 0.1": 7.011494252873563,
  "temperature= 0.5": 7.011428571428572,
  "temperature= 0.9": 6.811428571428571,
  "temperature= 0.1 , instanceType= filter": 7.011494252873563,
  "temperature= 0.5 , instanceType= filter": 7.011428571428572,
  "temperature= 0.9 , instanceType= filter": 6.811428571428571,
  "temperature= 0.1 , model= gpt-4-1106-preview": 7.011494252873563,
  "temperature= 0.5 , model= gpt-4-1106-preview": 7.011428571428572,
  "temperature= 0.9 , model= gpt-4-1106-preview": 6.811428571428571,
  "temperature= 0.1 , projectName= argoumlrefactor": 7.8,
  "temperature= 0.1 , projectName= rocketmq_refactor": 5.811594202898551,
  "temperature= 0.5 , projectName= argoumlrefactor": 7.809523809523809,
  "temperature= 0.5 , projectName= rocketmq_refactor": 5.814285714285714,
  "temperature= 0.9 , projectName= argoumlrefactor": 7.314285714285714,
  "temperature= 0.9 , projectName= rocketmq_refactor": 6.057142857142857,
  "temperature= 0.1 , inputFormat= filter": 11.2,
  "temperature= 0.1 , inputFormat= filter_code_snippet": 5.2,
  "temperature= 0.1 , inputFormat= filter_full_code": 12.083333333333334,
  "temperature= 0.5 , inputFormat= filter": 11.2,
  "temperature= 0.5 , inputFormat= filter_code_snippet": 5.2,
  "temperature= 0.5 , inputFormat= filter_full_code": 11.88,
  "temperature= 0.9 , inputFormat= filter": 11.32,
  "temperature= 0.9 , inputFormat= filter_code_snippet": 5.296,
  "temperature= 0.9 , inputFormat= filter_full_code": 9.88,
  "temperature= 0.1 , instructionType= definitionBased": 6.451923076923077,
  "temperature= 0.5 , instructionType= definitionBased": 6.276190476190476,
  "temperature= 0.9 , instructionType= definitionBased": 6.609523809523809,
  "temperature= 0.1 , margin= 0": 5.2,
  "temperature= 0.1 , margin= 1": 5.2,
  "temperature= 0.1 , margin= 2": 5.2,
  "temperature= 0.1 , margin= 5": 5.2,
  "temperature= 0.1 , margin= 10": 5.2,
  "temperature= 0.5 , margin= 0": 5.2,
  "temperature= 0.5 , margin= 1": 5.2,
  "temperature= 0.5 , margin= 2": 5.2,
  "temperature= 0.5 , margin= 5": 5.2,
  "temperature= 0.5 , margin= 10": 5.2,
  "temperature= 0.9 , margin= 0": 5.2,
  "temperature= 0.9 , margin= 1": 5.2,
  "temperature= 0.9 , margin= 2": 5.2,
  "temperature= 0.9 , margin= 5": 5.2,
  "temperature= 0.9 , margin= 10": 5.68,
  "temperature= 0.1 , includeUsages= noUsages": 7.011494252873563,
  "temperature= 0.5 , includeUsages= noUsages": 7.011428571428572,
  "temperature= 0.9 , includeUsages= noUsages": 6.811428571428571,
  "iteration= 0": 6.892857142857143,
  "iteration= 1": 7.397590361445783,
  "iteration= 2": 7.071428571428571,
  "iteration= 3": 7.261904761904762,
  "iteration= 4": 7.345238095238095,
  "iteration= 5": 6,
  "iteration= 6": 5.380952380952381,
  "iteration= 7": 5.666666666666667,
  "iteration= 8": 6,
  "iteration= 9": 6.714285714285714,
  "projectName= argoumlrefactor": 7.641269841269842,
  "projectName= rocketmq_refactor": 5.894736842105263,
  "projectName= argoumlrefactor , instanceType= filter": 7.641269841269842,
  "projectName= rocketmq_refactor , instanceType= filter": 5.894736842105263,
  "projectName= argoumlrefactor , model= gpt-4-1106-preview": 7.641269841269842,
  "projectName= rocketmq_refactor , model= gpt-4-1106-preview": 5.894736842105263,
  "projectName= argoumlrefactor , temperature= 0.1": 7.8,
  "projectName= argoumlrefactor , temperature= 0.5": 7.809523809523809,
  "projectName= argoumlrefactor , temperature= 0.9": 7.314285714285714,
  "projectName= rocketmq_refactor , temperature= 0.1": 5.811594202898551,
  "projectName= rocketmq_refactor , temperature= 0.5": 5.814285714285714,
  "projectName= rocketmq_refactor , temperature= 0.9": 6.057142857142857,
  "projectName= argoumlrefactor , inputFormat= filter": 12,
  "projectName= argoumlrefactor , inputFormat= filter_code_snippet": 6,
  "projectName= argoumlrefactor , inputFormat= filter_full_code": 11.488888888888889,
  "projectName= rocketmq_refactor , inputFormat= filter": 10.1,
  "projectName= rocketmq_refactor , inputFormat= filter_code_snippet": 4.08,
  "projectName= rocketmq_refactor , inputFormat= filter_full_code": 10.931034482758621,
  "projectName= argoumlrefactor , instructionType= definitionBased": 7.542857142857143,
  "projectName= rocketmq_refactor , instructionType= definitionBased": 5.894736842105263,
  "projectName= argoumlrefactor , margin= 0": 6,
  "projectName= argoumlrefactor , margin= 1": 6,
  "projectName= argoumlrefactor , margin= 2": 6,
  "projectName= argoumlrefactor , margin= 5": 6,
  "projectName= argoumlrefactor , margin= 10": 6,
  "projectName= rocketmq_refactor , margin= 0": 4,
  "projectName= rocketmq_refactor , margin= 1": 4,
  "projectName= rocketmq_refactor , margin= 2": 4,
  "projectName= rocketmq_refactor , margin= 5": 4,
  "projectName= rocketmq_refactor , margin= 10": 4.4,
  "projectName= argoumlrefactor , includeUsages= noUsages": 7.641269841269842,
  "projectName= rocketmq_refactor , includeUsages= noUsages": 5.894736842105263,
  "inputFormat= filter": 11.24,
  "inputFormat= filter_code_snippet": 5.232,
  "inputFormat= filter_full_code": 11.27027027027027,
  "inputFormat= filter , instanceType= filter": 11.24,
  "inputFormat= filter_code_snippet , instanceType= filter": 5.232,
  "inputFormat= filter_full_code , instanceType= filter": 11.27027027027027,
  "inputFormat= filter , model= gpt-4-1106-preview": 11.24,
  "inputFormat= filter_code_snippet , model= gpt-4-1106-preview": 5.232,
  "inputFormat= filter_full_code , model= gpt-4-1106-preview": 11.27027027027027,
  "inputFormat= filter , temperature= 0.1": 11.2,
  "inputFormat= filter , temperature= 0.5": 11.2,
  "inputFormat= filter , temperature= 0.9": 11.32,
  "inputFormat= filter_code_snippet , temperature= 0.1": 5.2,
  "inputFormat= filter_code_snippet , temperature= 0.5": 5.2,