{
  "instanceType= filter": 0.11641221374045801,
  "instanceType= filter , model= gpt-4-1106-preview": 0.11641221374045801,
  "instanceType= filter , temperature= 0.1": 0.13793103448275862,
  "instanceType= filter , temperature= 0.5": 0.12,
  "instanceType= filter , temperature= 0.9": 0.09142857142857143,
  "instanceType= filter , projectName= argoumlrefactor": 0.1365079365079365,
  "instanceType= filter , projectName= rocketmq_refactor": 0.0861244019138756,
  "instanceType= filter , inputFormat= filter": 0.37333333333333335,
  "instanceType= filter , inputFormat= filter_code_snippet": 0,
  "instanceType= filter , inputFormat= filter_full_code": 0.44594594594594594,
  "instanceType= filter , instructionType= definitionBased": 0.1178343949044586,
  "instanceType= filter , margin= 0": 0,
  "instanceType= filter , margin= 1": 0,
  "instanceType= filter , margin= 2": 0,
  "instanceType= filter , margin= 5": 0,
  "instanceType= filter , margin= 10": 0,
  "instanceType= filter , includeUsages= noUsages": 0.11641221374045801,
  "model= gpt-4-1106-preview": 0.11641221374045801,
  "model= gpt-4-1106-preview , instanceType= filter": 0.11641221374045801,
  "model= gpt-4-1106-preview , temperature= 0.1": 0.13793103448275862,
  "model= gpt-4-1106-preview , temperature= 0.5": 0.12,
  "model= gpt-4-1106-preview , temperature= 0.9": 0.09142857142857143,
  "model= gpt-4-1106-preview , projectName= argoumlrefactor": 0.1365079365079365,
  "model= gpt-4-1106-preview , projectName= rocketmq_refactor": 0.0861244019138756,
  "model= gpt-4-1106-preview , inputFormat= filter": 0.37333333333333335,
  "model= gpt-4-1106-preview , inputFormat= filter_code_snippet": 0,
  "model= gpt-4-1106-preview , inputFormat= filter_full_code": 0.44594594594594594,
  "model= gpt-4-1106-preview , instructionType= definitionBased": 0.1178343949044586,
  "model= gpt-4-1106-preview , margin= 0": 0,
  "model= gpt-4-1106-preview , margin= 1": 0,
  "model= gpt-4-1106-preview , margin= 2": 0,
  "model= gpt-4-1106-preview , margin= 5": 0,
  "model= gpt-4-1106-preview , margin= 10": 0,
  "model= gpt-4-1106-preview , includeUsages= noUsages": 0.11641221374045801,
  "temperature= 0.1": 0.13793103448275862,
  "temperature= 0.5": 0.12,
  "temperature= 0.9": 0.09142857142857143,
  "temperature= 0.1 , instanceType= filter": 0.13793103448275862,
  "temperature= 0.5 , instanceType= filter": 0.12,
  "temperature= 0.9 , instanceType= filter": 0.09142857142857143,
  "temperature= 0.1 , model= gpt-4-1106-preview": 0.13793103448275862,
  "temperature= 0.5 , model= gpt-4-1106-preview": 0.12,
  "temperature= 0.9 , model= gpt-4-1106-preview": 0.09142857142857143,
  "temperature= 0.1 , projectName= argoumlrefactor": 0.17142857142857143,
  "temperature= 0.1 , projectName= rocketmq_refactor": 0.08695652173913043,
  "temperature= 0.5 , projectName= argoumlrefactor": 0.14285714285714285,
  "temperature= 0.5 , projectName= rocketmq_refactor": 0.08571428571428572,
  "temperature= 0.9 , projectName= argoumlrefactor": 0.09523809523809523,
  "temperature= 0.9 , projectName= rocketmq_refactor": 0.08571428571428572,
  "temperature= 0.1 , inputFormat= filter": 0.4,
  "temperature= 0.1 , inputFormat= filter_code_snippet": 0,
  "temperature= 0.1 , inputFormat= filter_full_code": 0.5833333333333334,
  "temperature= 0.5 , inputFormat= filter": 0.36,
  "temperature= 0.5 , inputFormat= filter_code_snippet": 0,
  "temperature= 0.5 , inputFormat= filter_full_code": 0.48,
  "temperature= 0.9 , inputFormat= filter": 0.36,
  "temperature= 0.9 , inputFormat= filter_code_snippet": 0,
  "temperature= 0.9 , inputFormat= filter_full_code": 0.28,
  "temperature= 0.1 , instructionType= definitionBased": 0.15384615384615385,
  "temperature= 0.5 , instructionType= definitionBased": 0.11428571428571428,
  "temperature= 0.9 , instructionType= definitionBased": 0.08571428571428572,
  "temperature= 0.1 , margin= 0": 0,
  "temperature= 0.1 , margin= 1": 0,
  "temperature= 0.1 , margin= 2": 0,
  "temperature= 0.1 , margin= 5": 0,
  "temperature= 0.1 , margin= 10": 0,
  "temperature= 0.5 , margin= 0": 0,
  "temperature= 0.5 , margin= 1": 0,
  "temperature= 0.5 , margin= 2": 0,
  "temperature= 0.5 , margin= 5": 0,
  "temperature= 0.5 , margin= 10": 0,
  "temperature= 0.9 , margin= 0": 0,
  "temperature= 0.9 , margin= 1": 0,
  "temperature= 0.9 , margin= 2": 0,
  "temperature= 0.9 , margin= 5": 0,
  "temperature= 0.9 , margin= 10": 0,
  "temperature= 0.1 , includeUsages= noUsages": 0.13793103448275862,
  "temperature= 0.5 , includeUsages= noUsages": 0.12,
  "temperature= 0.9 , includeUsages= noUsages": 0.09142857142857143,
  "iteration= 0": 0.10714285714285714,
  "iteration= 1": 0.1566265060240964,
  "iteration= 2": 0.10714285714285714,
  "iteration= 3": 0.14285714285714285,
  "iteration= 4": 0.11904761904761904,
  "iteration= 5": 0.14285714285714285,
  "iteration= 6": 0.047619047619047616,
  "iteration= 7": 0.09523809523809523,
  "iteration= 8": 0.09523809523809523,
  "iteration= 9": 0,
  "projectName= argoumlrefactor": 0.1365079365079365,
  "projectName= rocketmq_refactor": 0.0861244019138756,
  "projectName= argoumlrefactor , instanceType= filter": 0.1365079365079365,
  "projectName= rocketmq_refactor , instanceType= filter": 0.0861244019138756,
  "projectName= argoumlrefactor , model= gpt-4-1106-preview": 0.1365079365079365,
  "projectName= rocketmq_refactor , model= gpt-4-1106-preview": 0.0861244019138756,
  "projectName= argoumlrefactor , temperature= 0.1": 0.17142857142857143,
  "projectName= argoumlrefactor , temperature= 0.5": 0.14285714285714285,
  "projectName= argoumlrefactor , temperature= 0.9": 0.09523809523809523,
  "projectName= rocketmq_refactor , temperature= 0.1": 0.08695652173913043,
  "projectName= rocketmq_refactor , temperature= 0.5": 0.08571428571428572,
  "projectName= rocketmq_refactor , temperature= 0.9": 0.08571428571428572,
  "projectName= argoumlrefactor , inputFormat= filter": 0.6222222222222222,
  "projectName= argoumlrefactor , inputFormat= filter_code_snippet": 0,
  "projectName= argoumlrefactor , inputFormat= filter_full_code": 0.3333333333333333,
  "projectName= rocketmq_refactor , inputFormat= filter": 0,
  "projectName= rocketmq_refactor , inputFormat= filter_code_snippet": 0,
  "projectName= rocketmq_refactor , inputFormat= filter_full_code": 0.6206896551724138,
  "projectName= argoumlrefactor , instructionType= definitionBased": 0.18095238095238095,
  "projectName= rocketmq_refactor , instructionType= definitionBased": 0.0861244019138756,
  "projectName= argoumlrefactor , margin= 0": 0,
  "projectName= argoumlrefactor , margin= 1": 0,
  "projectName= argoumlrefactor , margin= 2": 0,
  "projectName= argoumlrefactor , margin= 5": 0,
  "projectName= argoumlrefactor , margin= 10": 0,
  "projectName= rocketmq_refactor , margin= 0": 0,
  "projectName= rocketmq_refactor , margin= 1": 0,
  "projectName= rocketmq_refactor , margin= 2": 0,
  "projectName= rocketmq_refactor , margin= 5": 0,
  "projectName= rocketmq_refactor , margin= 10": 0,
  "projectName= argoumlrefactor , includeUsages= noUsages": 0.1365079365079365,
  "projectName= rocketmq_refactor , includeUsages= noUsages": 0.0861244019138756,
  "inputFormat= filter": 0.37333333333333335,
  "inputFormat= filter_code_snippet": 0,
  "inputFormat= filter_full_code": 0.44594594594594594,
  "inputFormat= filter , instanceType= filter": 0.37333333333333335,
  "inputFormat= filter_code_snippet , instanceType= filter": 0,
  "inputFormat= filter_full_code , instanceType= filter": 0.44594594594594594,
  "inputFormat= filter , model= gpt-4-1106-preview": 0.37333333333333335,
  "inputFormat= filter_code_snippet , model= gpt-4-1106-preview": 0,
  "inputFormat= filter_full_code , model= gpt-4-1106-preview": 0.44594594594594594,
  "inputFormat= filter , temperature= 0.1": 0.4,
  "inputFormat= filter , temperature= 0.5": 0.36,
  "inputFormat= filter , temperature= 0.9": 0.36,
  "inputFormat= filter_code_snippet , temperature= 0.1": 0,