{
  "mean": 0.59,
  "count": 30,
  "sum": 17.67,
  "max": 1,
  "min": 0,
  "raw": [
    0,
    0,
    0,
    0,
    0,
    0,
    0,
    0,
    0,
    0,
    0.7666666666666667,
    0.7666666666666667,
    0.7666666666666667,
    0.7666666666666667,
    0.7666666666666667,
    0.7666666666666667,
    0.7666666666666667,
    0.7666666666666667,
    0.7666666666666667,
    0.7666666666666667,
    1,
    1,
    1,
    1,
    1,
    1,
    1,
    1,
    1,
    1
  ]
}