{
  "temperature": {
    "0.6410256410256411": 2,
    "0.6153846153846154": 4,
    "0.5920679886685553": 1,
    "0.5925925925925926": 14,
    "0.581453634085213": 1,
    "0.8524590163934426": 2,
    "0.8448275862068966": 4,
    "0.8472222222222222": 2,
    "0.8502415458937198": 2,
    "0.8484848484848485": 1,
    "0.7980997624703088": 1,
    "0.8246445497630331": 1,
    "0.5770171149144254": 2,
    "0.5853658536585366": 4,
    "0.7577937649880095": 1,
    "0.5827338129496403": 1,
    "0.8376068376068376": 2,
    "0.8514851485148515": 1,
    "0.5898123324396782": 1,
    "0.5977011494252874": 1,
    "0.8125": 1,
    "0.6078431372549019": 1,
    "0.819672131147541": 4,
    "0.588957055214724": 1,
    "0.8292682926829268": 11,
    "0.8194444444444444": 3,
    "0.5882352941176471": 3,
    "0.8029925187032418": 1,
    "0.8363636363636363": 1,
    "0.5648148148148148": 1,
    "0.8148148148148148": 25,
    "0.5901639344262295": 5,
    "0.5806451612903226": 1,
    "NaN": 4,
    "0.5740740740740741": 1,
    "0.8235294117647058": 18,
    "0.8256880733944955": 3,
    "0.8529411764705882": 7,
    "0.6296296296296297": 2,
    "0.8395061728395061": 2,
    "0.8307692307692308": 1,
    "0.8173913043478261": 2,
    "0.8187919463087249": 1,
    "0.8299776286353467": 1,
    "0.8333333333333334": 4,
    "0.7507692307692307": 1,
    "0.5742574257425742": 2,
    "0.6060606060606061": 1,
    "0.6096096096096096": 1,
    "0.835920177383592": 1,
    "0.8351409978308026": 1,
    "0.8539325842696629": 2,
    "0.8548387096774194": 1,
    "0.8409090909090909": 2,
    "0.5812807881773399": 1,
    "0.814385150812065": 3,
    "0.8169014084507042": 1,
    "0.7654320987654321": 1,
    "0.7828418230563002": 1,
    "0.5726872246696035": 1,
    "0.8421052631578947": 1,
    "0.837037037037037": 1,
    "0.8360655737704918": 1,
    "0.8037825059101655": 2,
    "0.8352941176470589": 1,
    "0.847682119205298": 1,
    "0.589041095890411": 1,
    "0.8275862068965517": 1,
    "0.5906040268456376": 1,
    "0.8077753779697624": 1,
    "0.8340909090909091": 1,
    "0.7878787878787878": 1,
    "0.7764705882352941": 1,
    "0.7964601769911505": 1,
    "0.8297872340425532": 1,
    "0.8455284552845529": 1,
    "0.8626760563380281": 1,
    "0.591304347826087": 1,
    "0.7213114754098361": 1,
    "0.7707006369426752": 1,
    "0.6071428571428571": 1,
    "0.6338028169014085": 1,
    "0.5771971496437055": 1,
    "0.5856777493606138": 1,
    "0.8132387706855791": 1,
    "0.5791962174940898": 3,
    "0.5768321513002365": 1,
    "0.8203309692671394": 1,
    "0.7612293144208038": 1,
    "0.7692307692307693": 3,
    "0.6006006006006006": 1,
    "0.6125356125356125": 1,
    "0.8348623853211009": 1,
    "0.8428571428571429": 1,
    "0.6105263157894737": 1,
    "0.6114649681528662": 1,
    "0.806146572104019": 1,
    "0.8257756563245824": 1,
    "0.8205128205128205": 2,
    "0.8387096774193549": 1,
    "0.6": 3,
    "0.8037383177570093": 1,
    "0.8260869565217391": 1,
    "0.8372093023255814": 1,
    "0.8527131782945736": 1,
    "0.8081534772182254": 1,
    "0.5875706214689266": 1,
    "0.8433734939759037": 3,
    "0.8132992327365729": 1,
    "0.8382352941176471": 1,
    "0.5957446808510638": 1,
    "0.6012269938650306": 1,
    "0.8888888888888888": 9,
    "0.8552631578947368": 3,
    "0.5909090909090909": 1,
    "0.8210526315789474": 3,
    "0.8490566037735849": 1,
    "0.6779661016949152": 1,
    "0.8181818181818182": 2,
    "0.7925925925925926": 1,
    "0.8": 4,
    "0.8081841432225064": 1,
    "0.7924528301886793": 1,
    "0.7979539641943734": 4,
    "0.8074866310160428": 1,
    "0.8016085790884718": 1,
    "0.8545454545454545": 1,
    "0.5779376498800959": 1,
    "0.5783132530120482": 1,
    "0.9": 1,
    "0.8085106382978723": 2,
    "0.5894736842105263": 1,
    "0.6521739130434783": 1,
    "0.8518518518518519": 2,
    "0.6666666666666666": 1,
    "0.7904509283819628": 1,
    "0.6086956521739131": 1,
    "0.8186666666666667": 1,
    "0.8165680473372781": 1,
    "0.8226600985221675": 1,
    "0.704225352112676": 1,
    "0.8314606741573034": 1,
    "0.575": 1,
    "0.594059405940594": 1,
    "0.9230769230769231": 1,
    "0.8397435897435898": 1,
    "0.8703703703703703": 1,
    "0.8585858585858586": 1,
    "0.574585635359116": 1,
    "0.6022727272727273": 1,
    "0.8217054263565892": 1,
    "0.5911330049261084": 1,
    "0.6133333333333333": 1,
    "0.8634146341463415": 1,
    "0.8074534161490683": 1,
    "0.5797101449275363": 1,
    "0.8423645320197044": 1
  },
  "iteration": {
    "0.6410256410256411": 2,
    "0.6153846153846154": 4,
    "0.5920679886685553": 1,
    "0.5925925925925926": 14,
    "0.581453634085213": 1,
    "0.8524590163934426": 2,
    "0.8448275862068966": 4,
    "0.8472222222222222": 2,
    "0.8502415458937198": 2,
    "0.8484848484848485": 1,
    "0.7980997624703088": 1,
    "0.8246445497630331": 1,
    "0.5770171149144254": 2,
    "0.5853658536585366": 4,
    "0.7577937649880095": 1,
    "0.5827338129496403": 1,
    "0.8376068376068376": 2,
    "0.8514851485148515": 1,
    "0.5898123324396782": 1,
    "0.5977011494252874": 1,
    "0.8125": 1,
    "0.6078431372549019": 1,
    "0.819672131147541": 4,
    "0.588957055214724": 1,
    "0.8292682926829268": 11,
    "0.8194444444444444": 3,
    "0.5882352941176471": 3,
    "0.8029925187032418": 1,
    "0.8363636363636363": 1,
    "0.5648148148148148": 1,
    "0.8148148148148148": 25,
    "0.5901639344262295": 5,
    "0.5806451612903226": 1,
    "NaN": 4,
    "0.5740740740740741": 1,
    "0.8235294117647058": 18,
    "0.8256880733944955": 3,
    "0.8529411764705882": 7,
    "0.6296296296296297": 2,
    "0.8395061728395061": 2,
    "0.8307692307692308": 1,
    "0.8173913043478261": 2,
    "0.8187919463087249": 1,
    "0.8299776286353467": 1,
    "0.8333333333333334": 4,
    "0.7507692307692307": 1,
    "0.5742574257425742": 2,
    "0.6060606060606061": 1,
    "0.6096096096096096": 1,
    "0.835920177383592": 1,
    "0.8351409978308026": 1,
    "0.8539325842696629": 2,
    "0.8548387096774194": 1,
    "0.8409090909090909": 2,
    "0.5812807881773399": 1,
    "0.814385150812065": 3,
    "0.8169014084507042": 1,
    "0.7654320987654321": 1,
    "0.7828418230563002": 1,
    "0.5726872246696035": 1,
    "0.8421052631578947": 1,
    "0.837037037037037": 1,
    "0.8360655737704918": 1,
    "0.8037825059101655": 2,
    "0.8352941176470589": 1,
    "0.847682119205298": 1,
    "0.589041095890411": 1,
    "0.8275862068965517": 1,
    "0.5906040268456376": 1,
    "0.8077753779697624": 1,
    "0.8340909090909091": 1,
    "0.7878787878787878": 1,
    "0.7764705882352941": 1,
    "0.7964601769911505": 1,
    "0.8297872340425532": 1,
    "0.8455284552845529": 1,
    "0.8626760563380281": 1,
    "0.591304347826087": 1,
    "0.7213114754098361": 1,
    "0.7707006369426752": 1,
    "0.6071428571428571": 1,
    "0.6338028169014085": 1,
    "0.5771971496437055": 1,
    "0.5856777493606138": 1,
    "0.8132387706855791": 1,
    "0.5791962174940898": 3,
    "0.5768321513002365": 1,
    "0.8203309692671394": 1,
    "0.7612293144208038": 1,
    "0.7692307692307693": 3,
    "0.6006006006006006": 1,
    "0.6125356125356125": 1,
    "0.8348623853211009": 1,
    "0.8428571428571429": 1,
    "0.6105263157894737": 1,
    "0.6114649681528662": 1,
    "0.806146572104019": 1,
    "0.8257756563245824": 1,
    "0.8205128205128205": 2,
    "0.8387096774193549": 1,
    "0.6": 3,
    "0.8037383177570093": 1,
    "0.8260869565217391": 1,
    "0.8372093023255814": 1,
    "0.8527131782945736": 1,
    "0.8081534772182254": 1,
    "0.5875706214689266": 1,
    "0.8433734939759037": 3,
    "0.8132992327365729": 1,
    "0.8382352941176471": 1,
    "0.5957446808510638": 1,
    "0.6012269938650306": 1,
    "0.8888888888888888": 9,
    "0.8552631578947368": 3,
    "0.5909090909090909": 1,
    "0.8210526315789474": 3,
    "0.8490566037735849": 1,
    "0.6779661016949152": 1,
    "0.8181818181818182": 2,
    "0.7925925925925926": 1,
    "0.8": 4,
    "0.8081841432225064": 1,