{
  "mean": 3.28,
  "count": 30,
  "sum": 98.33,
  "max": 4.33,
  "min": 1.33,
  "raw": [
    3.3333333333333335,
    3.3333333333333335,
    3.3333333333333335,
    3.3333333333333335,
    3.3333333333333335,
    3.3333333333333335,
    3.3333333333333335,
    3.3333333333333335,
    3.3333333333333335,
    3.3333333333333335,
    3.3333333333333335,
    3.3333333333333335,
    3.3333333333333335,
    3.3333333333333335,
    3.3333333333333335,
    3.3333333333333335,
    3.3333333333333335,
    4.333333333333333,
    3.3333333333333335,
    3.3333333333333335,
    3.3333333333333335,
    1.3333333333333333,
    3.3333333333333335,
    3.3333333333333335,
    3.6666666666666665,
    3.3333333333333335,
    4.333333333333333,
    3.3333333333333335,
    1.3333333333333333,
    3.3333333333333335
  ]
}