{
  "mean": 1.93,
  "count": 2,
  "sum": 3.86,
  "max": 2.45,
  "min": 1.41,
  "raw": [
    2.449489742783178,
    1.4142135623730951
  ]
}