{
  "ValidPrograms": [
    1,
    0,
    0,
    1,
    1,
    1,
    0,
    1,
    0,
    0,
    1,
    0,
    0,
    0,
    0,
    1,
    1,
    1,
    1,
    1,
    1,
    1,
    1,
    1,
    1,
    1,
    0,
    0,
    0,
    0,
    0,
    0,
    0,
    1,
    0
  ],
  "RemainingAttemptCount": [
    2,
    0,
    0,
    2,
    1,
    1,
    0,
    2,
    0,
    0,
    2,
    0,
    0,
    0,
    0,
    5,
    5,
    5,
    5,
    5,
    5,
    5,
    5,
    5,
    5,
    5,
    0,
    0,
    0,
    0,
    0,
    0,
    0,
    5,
    0
  ],
  "RemovedDataClumps": [
    20,
    0,
    0,
    20,
    18,
    20,
    0,
    50,
    0,
    0,
    22,
    0,
    0,
    0,
    0,
    0,
    0,
    0,
    0,
    0,
    0,
    0,
    0,
    0,
    0,
    -212,
    0,
    0,
    0,
    0,
    0,
    0,
    0,
    -212,
    0
  ],
  "GitChanges": [
    172,
    213,
    216,
    106,
    335,
    148,
    215,
    246,
    202,
    219,
    209,
    225,
    209,
    227,
    209,
    0,
    0,
    0,
    0,
    0,
    0,
    0,
    0,
    0,
    0,
    0,
    325,
    1206,
    820,
    172,
    661,
    171,
    171,
    0,
    172
  ],
  "CommentOut": [
    1,
    1,
    1,
    1,
    1,
    1,
    1,
    1,
    1,
    1,
    1,
    1,
    1,
    1,
    1,
    0,
    0,
    0,
    0,
    0,
    0,
    0,
    0,
    0,
    0,
    0,
    1,
    0.5333333333333333,
    0.6785714285714286,
    0.41666666666666663,
    0.7037037037037037,
    0.41666666666666663,
    0.41666666666666663,
    0,
    0.41666666666666663
  ],
  "ValidJSON": [
    1,
    1,
    1,
    1,
    1,
    1,
    1,
    1,
    1,
    1,
    1,
    1,
    1,
    1,
    1,
    1,
    1,
    1,
    1,
    1,
    1,
    1,
    1,
    1,
    1,
    1,
    0.8333333333333334,
    0.6666666666666666,
    0.8333333333333334,
    1,
    1,
    1,
    1,
    1,
    1
  ],
  "EmptyResponse": [
    1,
    1,
    1,
    1,
    1,
    1,
    1,
    1,
    1,
    1,
    1,
    1,
    1,
    1,
    1,
    0,
    0,
    0,
    0,
    0,
    0,
    0,
    0,
    0,
    0,
    0,
    0.8333333333333334,
    0.6666666666666667,
    1,
    1,
    1,
    1,
    1,
    0,
    1
  ],
  "InterpretableChanges": [
    1,
    1,
    1,
    1,
    1,
    1,
    1,
    1,
    1,
    1,
    1,
    1,
    1,
    1,
    1,
    1,
    1,
    1,
    1,
    1,
    1,
    1,
    1,
    1,
    1,
    1,
    1,
    0,
    0.7142857142857143,
    0.8571428571428572,
    0.7142857142857143,
    0.8571428571428572,
    0.8571428571428572,
    1,
    0.8571428571428572
  ],
  "RichClass": [
    0,
    0,
    0,
    0,
    0,
    0,
    0,
    0,
    0,
    0,
    0,
    0,
    0,
    0,
    0,
    0,
    0,
    0,
    0,
    0,
    0,
    0,
    0,
    0,
    0,
    0,
    0,
    0,
    0,
    0,
    0,
    0,
    0,
    0,
    0
  ],
  "HarmlessErrorCategory": [
    null,
    null,
    null,
    null,
    null,
    null,
    null,
    null,
    null,
    null,
    null,
    null,
    null,
    null,
    null,
    null,
    null,
    null,
    null,
    null,
    null,
    null,
    null,
    null,
    null,
    null,
    null,
    null,
    null,
    null,
    null,
    null,
    null,
    null,
    null
  ],
  "DataClumpSize": [
    11,
    11,
    4,
    4,
    4,
    11,
    4,
    11,
    4,
    4,
    4,
    11,
    11,
    4,
    4,
    4,
    11,
    4,
    11,
    4,
    4,
    11,
    11,
    4,
    4,
    11,
    11,
    11,
    11,
    4,
    4,
    4,
    4,
    11,
    11,
    4,
    4,
    4,
    4,
    4,
    4,
    11,
    11,
    4,
    4,
    11,
    11,
    4,
    4,
    4,
    4,
    11,
    11,
    4,
    4,
    4,
    11,
    4,
    11,
    4,
    4,
    4,
    4,
    4,
    4,
    11,
    11,
    4,
    4,
    11,
    11,
    4,
    4,
    4,
    4,
    11,
    11,
    4,
    4,
    4,
    4,
    4,
    11,
    4,
    11,
    4,
    4,
    4,
    4,
    4,
    4,
    4,
    4,
    11,
    11,
    4,
    4,
    4,
    11,
    4,
    11,
    4,
    4,
    4,
    11,
    11,
    4,
    4,
    11,
    11,
    4,
    4,
    11,
    11,
    4,
    4,
    11,
    11,
    11,
    11,
    4,
    4,
    4,
    4,
    4,
    4,
    11,
    11,
    4,
    4,
    4,
    4,
    4,
    11,
    11,
    4,
    4,
    11,
    11,
    4,
    4,
    4,
    4,
    11,
    11,
    4,
    4,
    4,
    4,
    11,
    11,
    4,
    4,
    4,
    4,
    4,
    4,
    11,
    11,
    4,
    4,
    11,
    11,
    4,
    4,
    11,
    11,
    4,
    4,
    11,
    11,
    11,
    11,
    4,
    4,
    11,
    11,
    4,
    4,
    4,
    4,
    4,
    4,
    4,
    4,
    11,
    11,
    4,
    4,
    11,
    11,
    4,
    4,
    11,
    11,
    4,
    4,
    11,
    11,
    25,
    25,
    4,
    25,
    25,
    25,
    25,
    25,
    5,
    25,
    5,
    25,
    25,
    25,
    25,
    25,
    25,
    25,
    25,
    25,
    25,
    25,
    25,
    5,
    25,
    5,
    25,
    25,
    25,
    25,
    25,
    25,
    25,
    25,
    25,
    25,
    25,
    25,
    25,
    25,
    25,
    25,
    25,
    25,
    25,
    25,
    25,
    25,
    25,
    5,
    25,
    5,
    25,
    25,
    25,
    25,
    5,
    25,
    5,
    25,
    25,
    25,
    25,
    25,
    25,
    4,
    25,
    4,
    25,
    25,
    25,
    4,
    25,
    25,
    25,
    4,
    25,
    25,
    25,
    25,
    25,
    25,
    5,
    25,
    5,
    25,
    25,
    25,
    25,
    5,
    25,
    5,
    25,
    25,
    25,
    25,
    5,
    25,
    5
  ],
  "DataClumpOccurence": [
    6,
    6,
    434,
    434,
    434,
    6,
    434,
    6,
    434,
    434,
    434,
    6,
    6,
    434,
    434,
    434,
    6,
    434,
    6,
    434,
    434,
    6,
    6,
    434,
    434,
    6,
    6,
    6,
    6,
    434,
    434,
    434,
    434,
    6,
    6,
    434,
    434,
    434,
    434,
    434,
    434,
    6,
    6,
    434,
    434,
    6,
    6,
    434,
    434,
    434,
    434,
    6,
    6,
    434,
    434,
    434,
    6,
    434,
    6,
    434,
    434,
    434,
    434,
    434,
    434,
    6,
    6,
    434,
    434,
    6,
    6,
    434,
    434,
    434,
    434,
    6,
    6,
    434,
    434,
    434,
    434,
    434,
    6,
    434,
    6,
    434,
    434,
    434,
    434,
    434,
    434,
    434,
    434,
    6,
    6,
    434,
    434,
    434,
    6,
    434,
    6,
    434,
    434,
    434,
    6,
    6,
    434,
    434,
    6,
    6,
    434,
    434,
    6,
    6,
    434,
    434,
    6,
    6,
    6,
    6,
    434,
    434,
    434,
    434,
    434,
    434,
    6,
    6,
    434,
    434,
    434,
    434,
    434,
    6,
    6,
    434,
    434,
    6,
    6,
    434,
    434,
    434,
    434,
    6,
    6,
    434,
    434,
    434,
    434,
    6,
    6,
    434,
    434,
    434,
    434,
    434,
    434,
    6,
    6,
    434,
    434,
    6,
    6,
    434,
    434,
    6,
    6,
    434,
    434,
    6,
    6,
    6,
    6,
    434,
    434,
    6,
    6,
    434,
    434,
    434,
    434,
    434,
    434,
    434,
    434,
    6,
    6,
    434,
    434,
    6,
    6,
    434,
    434,
    6,
    6,
    434,
    434,
    6,
    6,
    2,
    2,
    2,
    2,
    2,
    2,
    2,
    2,
    8,
    2,
    8,
    2,
    2,
    2,
    2,
    2,
    2,
    2,
    2,
    2,
    2,
    2,
    2,
    8,
    2,
    8,
    2,
    2,
    2,
    2,
    2,
    2,
    2,
    2,
    2,
    2,
    2,
    2,
    2,
    2,
    2,
    2,
    2,
    2,
    2,
    2,
    2,
    2,
    2,
    8,
    2,
    8,
    2,
    2,
    2,
    2,
    8,
    2,
    8,
    2,
    2,
    2,
    2,
    2,
    2,
    2,
    2,
    2,
    2,
    2,
    2,
    2,
    2,
    2,
    2,
    2,
    2,
    2,
    2,
    2,
    2,
    2,
    8,
    2,
    8,
    2,
    2,
    2,
    2,
    8,
    2,
    8,
    2,
    2,
    2,
    2,
    8,
    2,
    8
  ],