{
  "OutputFormatCorrectness": [
    1,
    0.96875,
    1,
    1,
    1,
    1,
    0.96875,
    1,
    0.75,
    1,
    1,
    1,
    1,
    1,
    1,
    1,
    0.7619047619047619,
    1,
    1,
    1,
    0.75,
    1,
    1,
    0,
    1,
    1,
    1,
    1,
    0.75,
    1,
    1,
    1,
    1,
    1,
    1,
    1
  ],
  "DataClumpSize": [
    3,
    3,
    3,
    3,
    3,
    3,
    3,
    3,
    3,
    3,
    3,
    3,
    3,
    3,
    3,
    3,
    3,
    3,
    3,
    3,
    3,
    3,
    3,
    3,
    3,
    3,
    3,
    3,
    3,
    3,
    3,
    3,
    3,
    3,
    3,
    3,
    3,
    3,
    3,
    3,
    3,
    3,
    3,
    3,
    3,
    3,
    3,
    3,
    3,
    3,
    3,
    3,
    3,
    3,
    3,
    3,
    3,
    3,
    3,
    3,
    3
  ],
  "DataClumpOccurence": [
    2,
    2,
    2,
    2,
    2,
    2,
    2,
    2,
    2,
    2,
    2,
    2,
    2,
    2,
    2,
    2,
    2,
    2,
    2,
    2,
    2,
    6,
    2,
    4,
    2,
    6,
    2,
    2,
    6,
    2,
    2,
    2,
    2,
    6,
    2,
    2,
    6,
    2,
    2,
    2,
    2,
    2,
    2,
    2,
    2,
    2,
    2,
    2,
    2,
    2,
    2,
    2,
    2,
    2,
    2,
    2,
    2,
    2,
    2,
    2,
    2
  ],
  "ParametersToParameters": [
    1,
    1,
    1,
    1,
    0,
    1,
    0,
    1,
    1,
    1,
    1,
    1,
    1,
    1,
    1,
    1,
    1,
    1,
    1,
    1,
    1,
    0,
    1,
    1,
    1,
    0,
    1,
    1,
    0,
    1,
    1,
    1,
    1,
    0,
    1,
    1,
    0,
    1,
    1,
    1,
    0,
    1,
    0,
    1,
    0,
    1,
    0,
    1,
    0,
    1,
    0,
    1,
    0,
    1,
    0,
    0,
    1,
    0,
    1,
    0,
    1
  ],
  "FieldToField": [
    0,
    0,
    0,
    0,
    1,
    0,
    1,
    0,
    0,
    0,
    0,
    0,
    0,
    0,
    0,
    0,
    0,
    0,
    0,
    0,
    0,
    1,
    0,
    0,
    0,
    1,
    0,
    0,
    1,
    0,
    0,
    0,
    0,
    1,
    0,
    0,
    1,
    0,
    0,
    0,
    1,
    0,
    1,
    0,
    1,
    0,
    1,
    0,
    1,
    0,
    1,
    0,
    1,
    0,
    1,
    1,
    0,
    1,
    0,
    1,
    0
  ],
  "PreferNonPublic": [
    0,
    0,
    0,
    0,
    1,
    0,
    1,
    0,
    0,
    0,
    0,
    0,
    0,
    0,
    0,
    0,
    0,
    0,
    0,
    0,
    0,
    1,
    0,
    0,
    0,
    1,
    0,
    0,
    1,
    0,
    0,
    0,
    0,
    1,
    0,
    0,
    1,
    0,
    0,
    0,
    1,
    0,
    1,
    0,
    1,
    0,
    1,
    0,
    1,
    0,
    1,
    0,
    1,
    0,
    1,
    1,
    0,
    1,
    0,
    1,
    0
  ],
  "PrimitiveTypes": [
    0,
    0,
    0,
    0,
    0.3333333333333333,
    0,
    0.3333333333333333,
    0,
    0,
    0,
    0,
    0,
    0,
    0,
    0,
    0,
    0,
    0,
    0,
    0,
    0.6666666666666666,
    0.6666666666666666,
    0.6666666666666666,
    1,
    0.6666666666666666,
    0.6666666666666666,
    0.6666666666666666,
    0.6666666666666666,
    0.6666666666666666,
    0.6666666666666666,
    0.6666666666666666,
    0.6666666666666666,
    0.6666666666666666,
    0.6666666666666666,
    0.6666666666666666,
    0.6666666666666666,
    0.6666666666666666,
    0.3333333333333333,
    0.3333333333333333,
    0.3333333333333333,
    0.3333333333333333,
    0.3333333333333333,
    0.3333333333333333,
    0.3333333333333333,
    0.3333333333333333,
    0.3333333333333333,
    0.3333333333333333,
    0.3333333333333333,
    0.3333333333333333,
    0.3333333333333333,
    0.3333333333333333,
    0.3333333333333333,
    0.3333333333333333,
    0.3333333333333333,
    0.3333333333333333,
    0.3333333333333333,
    0.3333333333333333,
    0.3333333333333333,
    0.3333333333333333,
    0.3333333333333333,
    0.3333333333333333
  ],
  "AffectedFiles": [
    1,
    1,
    1,
    1,
    2,
    1,
    2,
    1,
    1,
    1,
    1,
    1,
    1,
    1,
    1,
    1,
    1,
    1,
    1,
    1,
    1,
    3,
    1,
    1,
    1,
    3,
    1,
    1,
    3,
    1,
    1,
    1,
    1,
    3,
    1,
    1,
    3,
    2,
    2,
    2,
    2,
    2,
    2,
    2,
    2,
    2,
    2,
    2,
    2,
    2,
    2,
    2,
    2,
    2,
    2,
    2,
    2,
    2,
    2,
    2,
    2
  ],
  "Time": [
    16.524,
    35.32,
    44.86,
    35.56,
    32.94,
    40.401,
    37.452,
    31.497,
    22.975,
    34.281,
    17.44,
    33.375,
    37.837,
    36.776,
    27.143,
    17.607,
    28.48,
    16.885,
    18.543,
    17.85,
    31.447,
    18.667,
    33.858,
    2.322,
    75.085,
    27.93,
    48.516,
    34.331,
    33.935,
    31.01,
    36.713,
    40.277,
    18.84,
    35.691,
    28.129,
    17.28
  ],
  "Price": [
    0.09734999999999999,
    0.06094000000000001,
    0.06358,
    0.07441999999999999,
    0.10025999999999999,
    0.06511,
    0.06433,
    0.07238,
    0.09945,
    0.06493,
    0.05266,
    0.07676,
    0.0864,
    0.06766,
    0.0608,
    0.05421000000000001,
    0.08442,
    0.05161,
    0.04913,
    0.05385,
    0.08510999999999999,
    0.052000000000000005,
    0.06634999999999999,
    0.037680000000000005,
    0.14750999999999997,
    0.060419999999999995,
    0.06357,
    0.07008,
    0.11286,
    0.059879999999999996,
    0.06849,
    0.07155,
    0.09698999999999999,
    0.06294,
    0.06513,
    0.05673
  ],
  "cause=typo": [
    0,
    0,
    0,
    0,
    0,
    0,
    0,
    0,
    0,
    0,
    0,
    0,
    1,
    1,
    0,
    1,
    0,
    1,
    0,
    0,
    1,
    0,
    1,
    0,
    0,
    0,
    0,
    0,
    0,
    0,
    0,
    0,
    0,
    0,
    0,
    0
  ],
  "cause=synonym": [
    0,
    0,
    1,
    2,
    0,
    0,
    0,
    0,
    0,
    0,
    0,
    0,
    0,
    0,
    0,
    0,
    0,
    0,
    0,
    0,
    0,
    0,
    0,
    0,
    1,
    1,
    1,
    1,
    1,
    1,
    1,
    1,
    0,
    0,
    1,
    0
  ],
  "cause=type": [
    0,
    0,
    0,
    0,
    0,
    0,
    0,
    0,
    0,
    0,
    0,
    0,
    0,
    1,
    0,
    0,
    0,
    0,
    0,
    0,
    0,
    0,
    0,
    0,
    1,
    0,
    0,
    0,
    0,
    0,
    0,
    0,
    0,
    0,
    0,
    0
  ],
  "Surety": [
    -1.25,
    1.5,
    -1,
    1.75,
    -1.25,
    1.5,
    -2.5,
    -2.5,
    -1.25,
    1.5,
    0.75,
    -0.5,
    2,
    2,
    2,
    1,
    2,
    1,
    1,
    1,
    1.75,
    1,
    1.75,
    0,
    3.5,
    2,
    1.75,
    1.75,
    1.75,
    2,
    1.75,
    2,
    0.75,
    1.5,
    1.75,
    0.75
  ],
  "Number data clumps": [
    1,
    2,
    2,
    2,
    1,
    2,
    2,
    2,
    1,
    2,
    1,
    2,
    2,
    2,
    2,
    1,
    2,
    1,
    1,
    1,
    2,
    1,
    2,
    0,
    4,
    2,
    2,
    2,
    2,
    2,
    2,
    2,
    1,
    2,
    2,
    1
  ],
  "ValidJSON": [
    1,
    1,
    1,
    1,
    1,
    1,
    1,
    1,
    1,
    1,
    1,
    1,
    1,
    1,
    1,
    1,
    1,
    1,
    1,
    1,
    1,
    1,
    1,
    1,
    1,
    1,
    1,
    1,
    1,
    1,
    1,
    1,
    1,
    1,
    1,
    1
  ]
}