{
  "OutputFormatCorrectness": [
    0.96875,
    1,
    1,
    1,
    1,
    1,
    1,
    1,
    1,
    1,
    0,
    0,
    1,
    1,
    0.75,
    0.9142857142857143,
    0.7619047619047619,
    1,
    0,
    0.75,
    1,
    1,
    1,
    1,
    1,
    1,
    1,
    1,
    1,
    1
  ],
  "DataClumpSize": [
    3,
    3,
    3,
    3,
    3,
    3,
    3,
    3,
    3,
    3,
    3,
    3,
    3,
    3,
    3,
    3,
    3,
    3,
    3,
    3,
    3,
    3,
    3,
    3,
    3,
    3,
    3,
    3,
    3,
    3,
    3,
    3,
    3,
    3,
    3,
    3,
    3,
    3,
    3,
    3,
    3,
    3,
    3,
    3,
    3
  ],
  "DataClumpOccurence": [
    2,
    2,
    2,
    2,
    2,
    2,
    2,
    2,
    2,
    2,
    2,
    2,
    2,
    2,
    6,
    6,
    2,
    2,
    2,
    2,
    6,
    2,
    2,
    6,
    2,
    2,
    2,
    2,
    6,
    12,
    2,
    2,
    2,
    490,
    2,
    2,
    2,
    2,
    30,
    2,
    2,
    2,
    2,
    12,
    2
  ],
  "ParametersToParameters": [
    1,
    1,
    1,
    1,
    1,
    1,
    1,
    1,
    1,
    1,
    1,
    1,
    1,
    1,
    0,
    0,
    1,
    1,
    1,
    1,
    0,
    1,
    1,
    1,
    0,
    1,
    1,
    0,
    1,
    1,
    0,
    1,
    0,
    1,
    1,
    0,
    1,
    0,
    1,
    1,
    0,
    1,
    0,
    1,
    0
  ],
  "FieldToField": [
    0,
    0,
    0,
    0,
    0,
    0,
    0,
    0,
    0,
    0,
    0,
    0,
    0,
    0,
    0,
    0,
    0,
    0,
    0,
    0,
    1,
    0,
    0,
    0,
    1,
    0,
    0,
    1,
    0,
    0,
    1,
    0,
    1,
    0,
    0,
    1,
    0,
    1,
    0,
    0,
    1,
    0,
    1,
    0,
    1
  ],
  "PreferNonPublic": [
    0,
    0,
    0,
    0,
    0,
    0,
    0,
    0,
    0,
    0,
    0,
    0,
    0,
    0,
    0,
    0,
    0,
    0,
    0,
    0,
    1,
    0,
    0,
    0,
    1,
    0,
    0,
    1,
    0,
    0,
    1,
    0,
    1,
    0,
    0,
    1,
    0,
    1,
    0,
    0,
    1,
    0,
    1,
    0,
    1
  ],
  "PrimitiveTypes": [
    0,
    0,
    0,
    0,
    0,
    0,
    0,
    0,
    0,
    0,
    0,
    0,
    0,
    0,
    1,
    1,
    0.6666666666666666,
    0.6666666666666666,
    0.6666666666666666,
    0.6666666666666666,
    0.6666666666666666,
    0.6666666666666666,
    0.6666666666666666,
    0.3333333333333333,
    0.3333333333333333,
    0.3333333333333333,
    0.3333333333333333,
    0.3333333333333333,
    0.3333333333333333,
    0.6666666666666666,
    0.3333333333333333,
    0.3333333333333333,
    0.3333333333333333,
    1,
    0.3333333333333333,
    0.3333333333333333,
    0.3333333333333333,
    0.3333333333333333,
    1,
    0.3333333333333333,
    0.3333333333333333,
    0.3333333333333333,
    0.3333333333333333,
    0.6666666666666666,
    0.3333333333333333
  ],
  "AffectedFiles": [
    1,
    1,
    1,
    1,
    1,
    1,
    1,
    1,
    1,
    1,
    1,
    1,
    1,
    1,
    6,
    6,
    1,
    1,
    1,
    1,
    3,
    1,
    1,
    1,
    2,
    2,
    2,
    2,
    1,
    1,
    2,
    2,
    2,
    32,
    2,
    2,
    2,
    2,
    1,
    2,
    2,
    2,
    2,
    1,
    2
  ],
  "Time": [
    33.81,
    33.375,
    40.587,
    42.882,
    15.76,
    18.909,
    18.699,
    21.953,
    26.253,
    20.571,
    1.909,
    2.322,
    47.815,
    19.832,
    24.538,
    159.283,
    28.226,
    27.428,
    0.943,
    22.124,
    33.643,
    17.28,
    36.264,
    73.674,
    55.27,
    30.498,
    69.061,
    43.988,
    26.289,
    34.534
  ],
  "Price": [
    0.0749,
    0.07676,
    0.07397000000000001,
    0.08188999999999999,
    0.056749999999999995,
    0.05558,
    0.05669,
    0.057319999999999996,
    0.057109999999999994,
    0.05689999999999999,
    0.037680000000000005,
    0.037680000000000005,
    0.07425000000000001,
    0.056850000000000005,
    0.05523,
    0.11943000000000001,
    0.06738000000000001,
    0.055470000000000005,
    0.037680000000000005,
    0.05484000000000001,
    0.07206000000000001,
    0.05673,
    0.06837,
    0.08954999999999999,
    0.09068999999999999,
    0.07155,
    0.09009,
    0.07086,
    0.06963,
    0.07098
  ],
  "cause=typo": [
    0,
    0,
    0,
    0,
    0,
    0,
    0,
    0,
    0,
    0,
    0,
    0,
    1,
    0,
    1,
    1,
    1,
    1,
    0,
    1,
    0,
    0,
    0,
    0,
    0,
    0,
    0,
    0,
    0,
    0
  ],
  "cause=synonym": [
    0,
    0,
    0,
    0,
    1,
    0,
    1,
    0,
    0,
    0,
    0,
    0,
    0,
    0,
    0,
    0,
    0,
    0,
    0,
    0,
    1,
    0,
    1,
    1,
    1,
    1,
    1,
    1,
    1,
    1
  ],
  "cause=type": [
    0,
    0,
    0,
    0,
    0,
    0,
    0,
    0,
    0,
    0,
    0,
    0,
    0,
    0,
    0,
    0,
    0,
    0,
    0,
    0,
    0,
    0,
    0,
    0,
    0,
    0,
    0,
    0,
    0,
    0
  ],
  "Surety": [
    -2.5,
    -0.5,
    1.5,
    1.5,
    1,
    -1.25,
    1,
    0.75,
    1,
    -1.25,
    0,
    0,
    1.5,
    1,
    1,
    1,
    2,
    1,
    0,
    1,
    1.75,
    0.75,
    2,
    3,
    0.5,
    1.75,
    2.5,
    1.75,
    1.75,
    1.75
  ],
  "Number data clumps": [
    2,
    2,
    2,
    2,
    1,
    1,
    1,
    1,
    1,
    1,
    0,
    0,
    2,
    1,
    1,
    1,
    2,
    1,
    0,
    1,
    2,
    1,
    2,
    3,
    3,
    2,
    3,
    2,
    2,
    2
  ],
  "ValidJSON": [
    1,
    1,
    1,
    1,
    1,
    1,
    1,
    1,
    1,
    1,
    1,
    1,
    1,
    1,
    1,
    0,
    1,
    1,
    1,
    1,
    1,
    1,
    1,
    1,
    1,
    1,
    1,
    1,
    1,
    1
  ]
}