{
  "OutputFormatCorrectness": [
    1,
    1,
    0.96875,
    1,
    1,
    1,
    1,
    0.96875,
    1,
    1,
    0.71875,
    1,
    0.75,
    1,
    1,
    0.75,
    1,
    1,
    1,
    1,
    1,
    0.75,
    1,
    0.75,
    1,
    1,
    1,
    1,
    1,
    1
  ],
  "DataClumpSize": [
    3,
    3,
    3,
    3,
    3,
    3,
    3,
    3,
    3,
    3,
    3,
    3,
    3,
    3,
    3,
    3,
    3,
    3,
    3,
    3,
    3,
    3,
    3,
    3,
    3,
    3,
    3,
    3,
    3,
    3,
    3,
    3,
    3,
    3,
    3,
    3,
    3,
    3,
    3,
    3,
    3,
    3,
    3,
    3
  ],
  "DataClumpOccurence": [
    2,
    2,
    2,
    2,
    2,
    2,
    2,
    2,
    2,
    2,
    2,
    2,
    2,
    2,
    2,
    2,
    2,
    2,
    2,
    2,
    2,
    2,
    2,
    2,
    2,
    2,
    2,
    2,
    2,
    2,
    2,
    2,
    2,
    2,
    2,
    2,
    2,
    2,
    2,
    2,
    2,
    6,
    2,
    2
  ],
  "ParametersToParameters": [
    1,
    1,
    1,
    1,
    1,
    1,
    1,
    1,
    1,
    1,
    1,
    1,
    1,
    1,
    1,
    1,
    1,
    1,
    1,
    1,
    1,
    1,
    1,
    1,
    1,
    1,
    1,
    1,
    1,
    1,
    1,
    1,
    1,
    1,
    1,
    1,
    1,
    1,
    1,
    1,
    1,
    0,
    1,
    0
  ],
  "FieldToField": [
    0,
    0,
    0,
    0,
    0,
    0,
    0,
    0,
    0,
    0,
    0,
    0,
    0,
    0,
    0,
    0,
    0,
    0,
    0,
    0,
    0,
    0,
    0,
    0,
    0,
    0,
    0,
    0,
    0,
    0,
    0,
    0,
    0,
    0,
    0,
    0,
    0,
    0,
    0,
    0,
    0,
    1,
    0,
    1
  ],
  "PreferNonPublic": [
    0,
    0,
    0,
    0,
    0,
    0,
    0,
    0,
    0,
    0,
    0,
    0,
    0,
    0,
    0,
    0,
    0,
    0,
    0,
    0,
    0,
    0,
    0,
    0,
    0,
    0,
    0,
    0,
    0,
    0,
    0,
    0,
    0,
    0,
    0,
    0,
    0,
    0,
    0,
    0,
    0,
    1,
    0,
    1
  ],
  "PrimitiveTypes": [
    0,
    0,
    0,
    0,
    0,
    0,
    0,
    0,
    0,
    0,
    0,
    0,
    0,
    0,
    0,
    0,
    0,
    0,
    0,
    0,
    0,
    0,
    0,
    0,
    0,
    0,
    0,
    0,
    0,
    0,
    0,
    0,
    0,
    0,
    0,
    0,
    0,
    0,
    0,
    0,
    0,
    0.6666666666666666,
    0,
    0.3333333333333333
  ],
  "AffectedFiles": [
    1,
    1,
    1,
    1,
    1,
    1,
    1,
    1,
    1,
    1,
    1,
    1,
    1,
    1,
    1,
    1,
    1,
    1,
    1,
    1,
    1,
    1,
    1,
    1,
    1,
    1,
    1,
    1,
    1,
    1,
    1,
    1,
    1,
    1,
    1,
    1,
    1,
    1,
    1,
    1,
    1,
    3,
    1,
    2
  ],
  "Time": [
    56.627,
    16.524,
    40.296,
    56.58,
    43.512,
    22.738,
    47.432,
    48.631,
    21.612,
    32.635,
    45.41,
    32.94,
    24.777,
    23.276,
    17.828,
    32.096,
    21.08,
    37.975,
    55.521,
    34.658,
    19.249,
    22.975,
    19.468,
    23.398,
    19.449,
    16.791,
    34.26,
    45.776,
    33.717,
    45.206
  ],
  "Price": [
    0.11667,
    0.09734999999999999,
    0.11667,
    0.11667,
    0.11648999999999998,
    0.09852,
    0.11667,
    0.11667,
    0.09855,
    0.09855,
    0.11840999999999999,
    0.10025999999999999,
    0.09896999999999999,
    0.09813,
    0.09725999999999999,
    0.11667,
    0.09855,
    0.11600999999999999,
    0.11504999999999999,
    0.11631,
    0.09863999999999999,
    0.09945,
    0.09774,
    0.09849,
    0.09783,
    0.09860999999999999,
    0.10296,
    0.11468999999999999,
    0.11337,
    0.12039
  ],
  "cause=typo": [
    0,
    0,
    0,
    0,
    0,
    0,
    0,
    0,
    0,
    0,
    0,
    0,
    0,
    0,
    0,
    0,
    0,
    0,
    0,
    0,
    0,
    0,
    0,
    0,
    0,
    0,
    0,
    0,
    1,
    0
  ],
  "cause=synonym": [
    0,
    0,
    0,
    0,
    0,
    0,
    0,
    0,
    0,
    0,
    0,
    0,
    0,
    0,
    0,
    0,
    0,
    0,
    0,
    0,
    0,
    0,
    0,
    0,
    0,
    0,
    0,
    0,
    0,
    1
  ],
  "cause=type": [
    0,
    0,
    0,
    0,
    0,
    0,
    0,
    0,
    0,
    0,
    0,
    0,
    0,
    0,
    0,
    0,
    0,
    0,
    0,
    0,
    0,
    0,
    0,
    0,
    0,
    0,
    0,
    0,
    0,
    0
  ],
  "Surety": [
    -2.5,
    -1.25,
    -2.5,
    -2.5,
    -2.5,
    -1.25,
    -2.5,
    -2.5,
    -1.25,
    -1.25,
    -2.5,
    -1.25,
    -1.25,
    -1.25,
    -2,
    -2.5,
    -2,
    -4,
    -2.5,
    -2.5,
    -2,
    -1.25,
    -1.25,
    -1.25,
    -1.25,
    1,
    -1.25,
    -0.5,
    -0.5,
    1.5
  ],
  "Number data clumps": [
    2,
    1,
    2,
    2,
    2,
    1,
    2,
    2,
    1,
    1,
    2,
    1,
    1,
    1,
    1,
    2,
    1,
    2,
    2,
    2,
    1,
    1,
    1,
    1,
    1,
    1,
    1,
    2,
    2,
    2
  ],
  "ValidJSON": [
    1,
    1,
    1,
    1,
    1,
    1,
    1,
    1,
    1,
    1,
    1,
    1,
    1,
    1,
    1,
    1,
    1,
    1,
    1,
    1,
    1,
    1,
    1,
    1,
    1,
    1,
    1,
    1,
    1,
    1
  ]
}