{
  "OutputFormatCorrectness": [
    1,
    0.96875,
    1,
    1,
    1,
    1,
    1,
    1,
    1,
    0.96875,
    1,
    1,
    0.75,
    1,
    1,
    0.7777777777777778,
    1,
    1,
    1,
    1,
    1,
    1,
    1,
    1,
    1,
    1,
    1,
    0.96875,
    1,
    1
  ],
  "DataClumpSize": [
    3,
    3,
    3,
    3,
    3,
    3,
    3,
    3,
    3,
    3,
    3,
    3,
    3,
    3,
    3,
    3,
    3,
    3,
    3,
    3,
    3,
    3,
    3,
    3,
    3,
    3,
    3,
    3,
    3,
    3,
    3,
    3,
    3,
    3,
    3,
    3,
    3,
    3,
    3,
    3,
    3,
    3,
    3,
    3,
    3,
    3,
    3,
    3,
    3,
    3,
    3,
    3,
    3,
    3
  ],
  "DataClumpOccurence": [
    2,
    2,
    2,
    2,
    2,
    2,
    2,
    2,
    2,
    2,
    2,
    2,
    2,
    2,
    2,
    2,
    2,
    2,
    2,
    2,
    2,
    2,
    2,
    2,
    2,
    2,
    6,
    2,
    2,
    2,
    6,
    2,
    6,
    12,
    2,
    30,
    2,
    2,
    2,
    2,
    2,
    2,
    2,
    2,
    2,
    2,
    2,
    2,
    2,
    2,
    2,
    2,
    12,
    2
  ],
  "ParametersToParameters": [
    1,
    1,
    1,
    1,
    1,
    0,
    1,
    1,
    1,
    0,
    1,
    1,
    1,
    1,
    1,
    1,
    1,
    1,
    1,
    1,
    1,
    1,
    1,
    1,
    1,
    1,
    0,
    1,
    1,
    1,
    0,
    1,
    1,
    1,
    0,
    1,
    1,
    0,
    1,
    0,
    1,
    0,
    1,
    0,
    1,
    0,
    1,
    0,
    1,
    0,
    1,
    0,
    1,
    0
  ],
  "FieldToField": [
    0,
    0,
    0,
    0,
    0,
    1,
    0,
    0,
    0,
    1,
    0,
    0,
    0,
    0,
    0,
    0,
    0,
    0,
    0,
    0,
    0,
    0,
    0,
    0,
    0,
    0,
    1,
    0,
    0,
    0,
    1,
    0,
    0,
    0,
    1,
    0,
    0,
    1,
    0,
    1,
    0,
    1,
    0,
    1,
    0,
    1,
    0,
    1,
    0,
    1,
    0,
    1,
    0,
    1
  ],
  "PreferNonPublic": [
    0,
    0,
    0,
    0,
    0,
    1,
    0,
    0,
    0,
    1,
    0,
    0,
    0,
    0,
    0,
    0,
    0,
    0,
    0,
    0,
    0,
    0,
    0,
    0,
    0,
    0,
    1,
    0,
    0,
    0,
    1,
    0,
    0,
    0,
    1,
    0,
    0,
    1,
    0,
    1,
    0,
    1,
    0,
    1,
    0,
    1,
    0,
    1,
    0,
    1,
    0,
    1,
    0,
    1
  ],
  "PrimitiveTypes": [
    0,
    0,
    0,
    0,
    0,
    0.3333333333333333,
    0,
    0,
    0,
    0.3333333333333333,
    0,
    0,
    0,
    0,
    0,
    0,
    0,
    0,
    0,
    0,
    0.6666666666666666,
    0.6666666666666666,
    0.6666666666666666,
    0.6666666666666666,
    0.6666666666666666,
    0.6666666666666666,
    0.6666666666666666,
    0.6666666666666666,
    0.6666666666666666,
    0.6666666666666666,
    0.6666666666666666,
    0.6666666666666666,
    0.3333333333333333,
    0.6666666666666666,
    0.3333333333333333,
    1,
    0.3333333333333333,
    0.3333333333333333,
    0.3333333333333333,
    0.3333333333333333,
    0.3333333333333333,
    0.3333333333333333,
    0.3333333333333333,
    0.3333333333333333,
    0.3333333333333333,
    0.3333333333333333,
    0.3333333333333333,
    0.3333333333333333,
    0.3333333333333333,
    0.3333333333333333,
    0.3333333333333333,
    0.3333333333333333,
    0.6666666666666666,
    0.3333333333333333
  ],
  "AffectedFiles": [
    1,
    1,
    1,
    1,
    1,
    2,
    1,
    1,
    1,
    2,
    1,
    1,
    1,
    1,
    1,
    1,
    1,
    1,
    1,
    1,
    1,
    1,
    1,
    1,
    1,
    1,
    3,
    1,
    1,
    1,
    3,
    1,
    1,
    1,
    2,
    1,
    2,
    2,
    2,
    2,
    2,
    2,
    2,
    2,
    2,
    2,
    2,
    2,
    2,
    2,
    2,
    2,
    1,
    2
  ],
  "Time": [
    45.564,
    37.452,
    31.006,
    46.186,
    60.004,
    40.535,
    66.117,
    50.709,
    39.53,
    57.142,
    12.003,
    18.543,
    24.291,
    16.754,
    13.464,
    31.713,
    15.427,
    14.071,
    33.306,
    26.099,
    63.475,
    36.713,
    27.154,
    27.762,
    31.825,
    40.557,
    27.836,
    38.768,
    51.278,
    40.578
  ],
  "Price": [
    0.06697,
    0.06433,
    0.06418,
    0.06828999999999999,
    0.06763,
    0.06802,
    0.06451,
    0.06775,
    0.06385,
    0.06802,
    0.048440000000000004,
    0.04913,
    0.05297,
    0.048440000000000004,
    0.04802,
    0.06257,
    0.04913,
    0.0482,
    0.06356,
    0.05156,
    0.0954,
    0.06849,
    0.06501000000000001,
    0.0627,
    0.06548999999999999,
    0.06687000000000001,
    0.0627,
    0.06564,
    0.06591,
    0.06627
  ],
  "cause=typo": [
    0,
    0,
    0,
    0,
    0,
    0,
    0,
    0,
    0,
    0,
    0,
    0,
    0,
    0,
    0,
    0,
    0,
    0,
    0,
    0,
    0,
    0,
    0,
    0,
    0,
    0,
    0,
    0,
    0,
    0
  ],
  "cause=synonym": [
    0,
    0,
    1,
    0,
    0,
    0,
    0,
    1,
    0,
    1,
    0,
    0,
    0,
    0,
    0,
    0,
    0,
    0,
    0,
    0,
    1,
    1,
    1,
    1,
    1,
    1,
    1,
    1,
    1,
    1
  ],
  "cause=type": [
    0,
    0,
    0,
    0,
    0,
    0,
    0,
    0,
    0,
    0,
    0,
    0,
    0,
    0,
    0,
    0,
    0,
    0,
    0,
    0,
    0,
    0,
    0,
    0,
    0,
    0,
    0,
    0,
    0,
    0
  ],
  "Surety": [
    1.5,
    -2.5,
    1.75,
    1.5,
    -0.25,
    -2.5,
    -2.5,
    2,
    1.5,
    2,
    1,
    1,
    1,
    1,
    1,
    1.75,
    1,
    1,
    2,
    1,
    4,
    1.75,
    1.75,
    2,
    1.75,
    1.75,
    1.75,
    1.75,
    1.75,
    1.75
  ],
  "Number data clumps": [
    2,
    2,
    2,
    2,
    2,
    2,
    2,
    2,
    2,
    2,
    1,
    1,
    1,
    1,
    1,
    2,
    1,
    1,
    2,
    1,
    4,
    2,
    2,
    2,
    2,
    2,
    2,
    2,
    2,
    2
  ],
  "ValidJSON": [
    1,
    1,
    1,
    1,
    1,
    1,
    1,
    1,
    1,
    1,
    1,
    1,
    1,
    1,
    1,
    1,
    1,
    1,
    1,
    1,
    1,
    1,
    1,
    1,
    1,
    1,
    1,
    1,
    1,
    1
  ]
}