{
  "ValidPrograms": 0.36666666666666664,
  "RemainingAttemptCount": 1.8333333333333333,
  "RemovedDataClumps": -77.73333333333333,
  "GitChanges": 175.53333333333333,
  "CommentOut": 0.5147016137142997,
  "InvalidJSON": 0.9888888888888888
}