{
  "mean": 4.453333333333333,
  "count": 15,
  "groupedCount": {
    "3": 1,
    "4": 2,
    "5": 2,
    "4.666666666666667": 6,
    "3.4": 2,
    "3.5": 1,
    "7.5": 1
  },
  "raw": [
    5,
    5,
    4.666666666666667,
    4.666666666666667,
    3.4,
    4.666666666666667,
    4.666666666666667,
    4.666666666666667,
    3.4,
    4.666666666666667,
    3,
    3.5,
    4,
    4,
    7.5
  ]
}