{
  "mean": 0.73,
  "count": 15,
  "sum": 10.96,
  "max": 0.83,
  "min": 0.58,
  "raw": [
    0.5770171149144254,
    0.5812807881773399,
    0.814385150812065,
    0.814385150812065,
    0.8169014084507042,
    0.8256880733944955,
    0.8275862068965517,
    0.814385150812065,
    0.5906040268456376,
    0.8077753779697624,
    0.8148148148148148,
    0.591304347826087,
    0.7213114754098361,
    0.5901639344262295,
    0.7707006369426752
  ]
}