{
  "mean": 0.24,
  "count": 31,
  "sum": 7.35,
  "max": 0.67,
  "min": 0,
  "raw": [
    0.3333333333333333,
    0.2,
    0.3333333333333333,
    0,
    0.6666666666666666,
    0.2,
    0.18181818181818182,
    0.3333333333333333,
    0,
    0,
    0,
    0.3333333333333333,
    0.2,
    0.3333333333333333,
    0,
    0,
    0.3333333333333333,
    0.3333333333333333,
    0.3333333333333333,
    0.3333333333333333,
    0.2,
    0,
    0.3333333333333333,
    0.3333333333333333,
    0.6,
    0.3333333333333333,
    0.2,
    0.3333333333333333,
    0.2,
    0.18181818181818182,
    0.18181818181818182
  ]
}