{
  "mean": 3.6666666666666665,
  "median": 3,
  "variance": 0.6666666666666667,
  "count": 33,
  "groupedCount": {
    "3": 5,
    "4": 2,
    "5": 2
  }
}