{
  "ValidPrograms": [
    0,
    0,
    1,
    0,
    0,
    0,
    0,
    0,
    1,
    0,
    0,
    1,
    0,
    0,
    1,
    1,
    1,
    0,
    1,
    1,
    1,
    null,
    0,
    0,
    1,
    0,
    1,
    0,
    1,
    0
  ],
  "RemainingAttemptCount": [
    0,
    0,
    4,
    0,
    0,
    0,
    0,
    0,
    4,
    0,
    0,
    3,
    0,
    0,
    5,
    5,
    4,
    0,
    5,
    5,
    5,
    null,
    0,
    0,
    5,
    0,
    5,
    0,
    5,
    0
  ],
  "RemovedDataClumps": [
    0,
    3.49075094828504,
    0.008135460478342793,
    0,
    3.49075094828504,
    0.008135460478342793,
    0,
    0,
    0.008135460478342793,
    0.008135460478342793,
    3.49075094828504,
    0.008135460478342793,
    2.403032031014476,
    0.008135460478342793,
    0,
    0,
    0.008135460478342793,
    0.008135460478342793,
    0,
    0,
    0,
    0,
    0.008135460478342793,
    0.008135460478342793,
    0,
    0,
    0,
    0.008135460478342793,
    0,
    2.403032031014476
  ],
  "GitChanges": [
    162,
    155,
    62,
    206,
    123,
    208,
    136,
    109,
    59,
    206,
    190,
    71,
    86,
    101,
    47,
    23,
    59,
    182,
    0,
    27,
    61,
    0,
    46,
    217,
    2,
    89,
    24,
    55,
    27,
    197
  ],
  "CommentOut": [
    0.7395833333333333,
    0.030303030303030276,
    0.06896551724137934,
    0.19354838709677424,
    0.05970149253731338,
    0.75,
    0.19354838709677424,
    0.625,
    0.07407407407407407,
    0.8263888888888888,
    0.34905660377358494,
    0.2222222222222222,
    0.5,
    0.9634146341463414,
    0,
    1,
    0.375,
    0,
    0.19999999999999996,
    0,
    0,
    null,
    0.6111111111111112,
    0.9333333333333333,
    0,
    0.33333333333333337,
    0,
    0.5294117647058824,
    0,
    0.37037037037037035
  ],
  "ValidJSON": [
    1,
    1,
    1,
    1,
    1,
    1,
    0.6666666666666666,
    1,
    1,
    1,
    1,
    1,
    1,
    0.8333333333333334,
    1,
    1,
    1,
    1,
    1,
    1,
    1,
    1,
    1,
    1,
    1,
    1,
    1,
    1,
    1,
    1
  ],
  "NonEmptyResponse": [
    1,
    1,
    1,
    1,
    1,
    1,
    0.6666666666666667,
    1,
    1,
    1,
    1,
    1,
    1,
    0.8333333333333334,
    1,
    1,
    1,
    1,
    1,
    1,
    1,
    0,
    1,
    1,
    1,
    1,
    1,
    1,
    1,
    1
  ],
  "ResponseSizeDecrease": [
    0.9743312352478364,
    1.15945545221728,
    6.267352185089974,
    1.0808442359911132,
    2.2964215271907578,
    1.0662217123787674,
    1.0038905918415468,
    1.1864050455501052,
    14.647435897435898,
    0.9713330547430005,
    1.4218500047049967,
    35.69871794871795,
    2.3649032992036405,
    1.6852894317578333,
    52.973684210526315,
    0.9848879624804586,
    11.402777777777779,
    16.904895104895104,
    2.314655172413793,
    30.96923076923077,
    64.93548387096774,
    null,
    1.6066481994459834,
    1.7981558671213844,
    14.801282051282051,
    1.2676366303949138,
    1.130246020260492,
    1.7195767195767195,
    69.41379310344827,
    2.9077685950413223
  ],
  "RichClass": [
    0,
    null,
    null,
    0,
    null,
    0,
    0,
    null,
    null,
    null,
    null,
    0,
    0,
    0,
    0,
    0,
    0,
    null,
    null,
    null,
    0,
    null,
    0,
    null,
    null,
    null,
    0,
    null,
    null,
    1
  ],
  "ReferenceErrorOnly": [
    1,
    0.3333333333333333,
    1,
    1,
    0.3333333333333333,
    1,
    1,
    1,
    1,
    1,
    0.6666666666666666,
    1,
    0.3333333333333333,
    1,
    null,
    null,
    1,
    1,
    null,
    null,
    null,
    null,
    1,
    1,
    null,
    1,
    null,
    1,
    null,
    0.3333333333333333
  ],
  "RemovedVariables": [
    0,
    269,
    25,
    0,
    269,
    25,
    0,
    44,
    25,
    25,
    269,
    25,
    55,
    82,
    22,
    0,
    25,
    50,
    0,
    22,
    0,
    0,
    24,
    82,
    0,
    31,
    0,
    25,
    22,
    52
  ],
  "InstructionChangeType=None": [
    1,
    0.9393939393939394,
    0.9310344827586207,
    0.8387096774193549,
    0.9701492537313433,
    1,
    0.8064516129032258,
    0.75,
    1,
    0.7847222222222222,
    0.8490566037735849,
    1,
    0.5714285714285714,
    0.975609756097561,
    0,
    0,
    0.875,
    0.8888888888888888,
    1,
    0,
    0,
    null,
    0.3888888888888889,
    0.2,
    1,
    0.5,
    1,
    1,
    0,
    0.3333333333333333
  ],
  "InstructionChangeType=ReplaceText": [
    0,
    0.06060606060606061,
    0.06896551724137931,
    0,
    0.029850746268656716,
    0,
    0.06451612903225806,
    0,
    0,
    0.2152777777777778,
    0.12264150943396226,
    0,
    0.17857142857142858,
    0.012195121951219513,
    0,
    0,
    0.125,
    0,
    0,
    0,
    0,
    null,
    0,
    0,
    0,
    0,
    0,
    0,
    0,
    0.1111111111111111
  ],
  "InstructionChangeType=SpecificLine": [
    0,
    0,
    0,
    0.16129032258064516,
    0,
    0,
    0.12903225806451613,
    0.25,
    0,
    0,
    0.02830188679245283,
    0,
    0.25,
    0.012195121951219513,
    1,
    1,
    0,
    0.1111111111111111,
    0,
    1,
    1,
    null,
    0.6111111111111112,
    0.8,
    0,
    0.5,
    0,
    0,
    1,
    0.2962962962962963
  ],
  "InstructionChangeType=SpecificLineAll": [
    0,
    0,
    0,
    0,
    0,
    0,
    0,
    0,
    0,
    0,
    0,
    0,
    0,
    0,
    0,
    0,
    0,
    0,
    0,
    0,
    0,
    null,
    0,
    0,
    0,
    0,
    0,
    0,
    0,
    0.25925925925925924
  ],
  "InstructionChangeType=NoneButReplace": [
    0,
    0,
    0,
    0,
    0,
    0,
    0,
    0,
    0,
    0,
    0,
    0,
    0,
    0,
    0,
    0,
    0,
    0,
    0,
    0,
    0,
    null,
    0,
    0,
    0,
    0,
    0,
    0,
    0,
    0
  ],
  "DataClumpSize": [
    25,
    25,
    25,
    25,
    25,
    25,
    25,
    25,
    25,
    25,
    25,
    25,
    25,
    3,
    3,
    5,
    4,
    25,
    4,
    25,
    25,
    25,
    25,
    3,
    25,
    25,
    25,
    25,
    5,
    4,
    25,
    4,
    7,
    5,
    25,
    25,
    25,
    5,
    25,
    25,
    5,
    4,
    25
  ],
  "DataClumpOccurence": [
    2,
    2,
    2,
    2,
    2,
    2,
    2,
    2,
    2,
    2,
    2,
    2,
    2,
    608,
    608,
    8,
    4,
    2,
    4,
    2,
    2,
    2,
    2,
    608,
    2,
    2,
    2,
    2,
    8,
    4,
    2,
    4,
    2,
    8,
    2,
    2,
    2,
    8,
    2,
    2,
    8,
    4,
    2
  ],
  "ParametersToParameters": [
    0,
    0,
    0,
    0,
    0,
    0,
    0,
    0,
    0,
    0,
    0,
    0,
    0,
    1,
    1,
    1,
    1,
    0,
    1,
    0,
    0,
    0,
    0,
    0,
    0,
    0,
    0,
    0,
    1,
    1,
    0,
    1,
    1,
    1,
    0,
    0,
    0,
    1,
    0,
    0,
    1,
    1,
    0
  ],
  "FieldToField": [
    1,
    1,
    1,
    1,
    1,
    1,
    1,
    1,
    1,
    1,
    1,
    1,
    1,
    0,
    0,
    0,
    0,
    1,
    0,
    1,
    1,
    1,
    1,
    0,
    1,
    1,
    1,
    1,
    0,
    0,
    1,
    0,
    0,
    0,
    1,
    1,
    1,
    0,
    1,
    1,
    0,
    0,
    1
  ],
  "PreferNonPublic": [
    0,
    0,
    0,
    0,
    0,
    0,
    0,
    0,
    0,
    0,
    0,
    0,
    0,
    0,
    1,
    0,
    0,
    0,
    0,
    0,
    0,
    0,
    0,
    0,
    0,
    0,
    0,
    0,
    0,
    0,
    0,
    0,
    0,
    0,
    0,
    0,
    0,
    0,
    0,
    0,
    0,
    0,
    0
  ],
  "PrimitiveTypes": [
    1,
    1,
    1,
    1,
    1,
    1,
    1,
    1,
    1,
    1,
    1,
    1,
    1,
    1,
    1,
    1,
    1,
    1,
    1,
    1,
    1,
    1,
    1,
    1,
    1,
    1,
    1,
    1,
    1,
    1,
    1,
    1,
    0.8571428571428571,
    1,
    1,
    1,
    1,
    1,
    1,
    1,
    1,
    1,
    1
  ],