{
  "mean": 0.83,
  "count": 25,
  "sum": 20.73,
  "max": 1,
  "min": 0,
  "raw": [
    0,
    1,
    0,
    0.8284789644012945,
    0.8333333333333334,
    1,
    0.7037037037037037,
    1,
    0.9879807692307693,
    0.7619047619047619,
    1,
    0.75,
    1,
    0.75,
    0.6797752808988764,
    1,
    1,
    1,
    1,
    1,
    0.7453083109919572,
    1,
    0.6944444444444444,
    1,
    1
  ]
}