{
  "mean": 0.77,
  "count": 90,
  "groupedCount": {
    "0.8148148148148148": 13,
    "0.8210526315789474": 3,
    "0.8235294117647058": 14,
    "0.8490566037735849": 1,
    "0.6779661016949152": 1,
    "0.8181818181818182": 2,
    "0.7925925925925926": 1,
    "0.8": 1,
    "0.8081841432225064": 1,
    "0.7924528301886793": 1,
    "0.7979539641943734": 4,
    "0.8074866310160428": 1,
    "0.8016085790884718": 1,
    "0.8376068376068376": 1,
    "0.8292682926829268": 2,
    "0.8333333333333334": 3,
    "0.8205128205128205": 1,
    "0.5894736842105263": 1,
    "0.6521739130434783": 1,
    "0.8518518518518519": 2,
    "0.5925925925925926": 4,
    "0.6666666666666666": 1,
    "0.7904509283819628": 1,
    "0.8173913043478261": 1,
    "0.8888888888888888": 3,
    "0.6086956521739131": 1,
    "0.8186666666666667": 1,
    "0.8165680473372781": 1,
    "0.8226600985221675": 1,
    "0.704225352112676": 1,
    "0.8433734939759037": 1,
    "0.6": 2,
    "0.5901639344262295": 3,
    "0.8703703703703703": 1,
    "0.8585858585858586": 1,
    "null": 1,
    "0.574585635359116": 1,
    "0.6022727272727273": 1,
    "0.8217054263565892": 1,
    "0.6296296296296297": 1,
    "0.5911330049261084": 1,
    "0.819672131147541": 1,
    "0.6133333333333333": 1,
    "0.8634146341463415": 1,
    "0.8074534161490683": 1,
    "0.5797101449275363": 1,
    "0.8423645320197044": 1
  },
  "raw": [
    0.8148148148148148,
    0.8210526315789474,
    0.8235294117647058,
    0.8235294117647058,
    0.8235294117647058,
    0.8235294117647058,
    0.8235294117647058,
    0.8235294117647058,
    0.8235294117647058,
    0.8148148148148148,
    0.8148148148148148,
    0.8490566037735849,
    0.6779661016949152,
    0.8181818181818182,
    0.7925925925925926,
    0.8,
    0.8235294117647058,
    0.8081841432225064,
    0.7924528301886793,
    0.8210526315789474,
    0.7979539641943734,
    0.8074866310160428,
    0.8148148148148148,
    0.7979539641943734,
    0.8016085790884718,
    0.8148148148148148,
    0.7979539641943734,
    0.8376068376068376,
    0.8292682926829268,
    0.8333333333333334,
    0.8205128205128205,
    0.8235294117647058,
    0.5894736842105263,
    0.6521739130434783,
    0.8518518518518519,
    0.5925925925925926,
    0.8148148148148148,
    0.6666666666666666,
    0.7904509283819628,
    0.8173913043478261,
    0.8210526315789474,
    0.8292682926829268,
    0.5925925925925926,
    0.8333333333333334,
    0.8888888888888888,
    0.6086956521739131,
    0.5925925925925926,
    0.8186666666666667,
    0.8333333333333334,
    0.8235294117647058,
    0.8165680473372781,
    0.8226600985221675,
    0.5925925925925926,
    0.7979539641943734,
    0.704225352112676,
    0.8433734939759037,
    0.8148148148148148,
    0.8181818181818182,
    0.6,
    0.8148148148148148,
    0.8148148148148148,
    0.5901639344262295,
    0.8703703703703703,
    0.8585858585858586,
    0.8148148148148148,
    0.8235294117647058,
    0.8518518518518519,
    0.8888888888888888,
    0.5901639344262295,
    0.8148148148148148,
    0.8235294117647058,
    null,
    0.574585635359116,
    0.6022727272727273,
    0.8217054263565892,
    0.6296296296296297,
    0.5911330049261084,
    0.819672131147541,
    0.8148148148148148,
    0.8235294117647058,
    0.6133333333333333,
    0.8634146341463415,
    0.5901639344262295,
    0.8074534161490683,
    0.8235294117647058,
    0.5797101449275363,
    0.8423645320197044,
    0.8888888888888888,
    0.6,
    0.8148148148148148
  ]
}