{
  "mean": 0.7655866584514266,
  "count": 135,
  "groupedCount": {
    "0.8524590163934426": 2,
    "0.8448275862068966": 1,
    "0.8472222222222222": 2,
    "0.8502415458937198": 2,
    "0.8484848484848485": 1,
    "0.7980997624703088": 1,
    "0.8246445497630331": 1,
    "0.5770171149144254": 1,
    "0.5853658536585366": 3,
    "0.7577937649880095": 1,
    "0.5827338129496403": 1,
    "0.5925925925925926": 7,
    "0.8376068376068376": 2,
    "0.6078431372549019": 1,
    "0.819672131147541": 3,
    "0.588957055214724": 1,
    "0.8292682926829268": 4,
    "0.8194444444444444": 1,
    "0.5882352941176471": 1,
    "0.8029925187032418": 1,
    "0.8363636363636363": 1,
    "0.5648148148148148": 1,
    "0.8148148148148148": 15,
    "0.5901639344262295": 4,
    "0.5806451612903226": 1,
    "0.8235294117647058": 15,
    "0.8256880733944955": 1,
    "0.8529411764705882": 1,
    "0.6296296296296297": 2,
    "0.8395061728395061": 1,
    "0.8307692307692308": 1,
    "0.8173913043478261": 2,
    "0.8187919463087249": 1,
    "0.8299776286353467": 1,
    "0.8333333333333334": 4,
    "0.8210526315789474": 3,
    "0.8490566037735849": 1,
    "0.6779661016949152": 1,
    "0.8181818181818182": 2,
    "0.7925925925925926": 1,
    "0.8": 1,
    "0.8081841432225064": 1,
    "0.7924528301886793": 1,
    "0.7979539641943734": 4,
    "0.8074866310160428": 1,
    "0.8016085790884718": 1,
    "0.8205128205128205": 1,
    "0.5894736842105263": 1,
    "0.6521739130434783": 1,
    "0.8518518518518519": 2,
    "0.6666666666666666": 1,
    "0.7904509283819628": 1,
    "0.8888888888888888": 3,
    "0.6086956521739131": 1,
    "0.8186666666666667": 1,
    "0.8165680473372781": 1,
    "0.8226600985221675": 1,
    "0.704225352112676": 1,
    "0.8433734939759037": 1,
    "0.6": 2,
    "0.8703703703703703": 1,
    "0.8585858585858586": 1,
    "NaN": 1,
    "0.574585635359116": 1,
    "0.6022727272727273": 1,
    "0.8217054263565892": 1,
    "0.5911330049261084": 1,
    "0.6133333333333333": 1,
    "0.8634146341463415": 1,
    "0.8074534161490683": 1,
    "0.5797101449275363": 1,
    "0.8423645320197044": 1
  },
  "raw": [
    0.8524590163934426,
    0.8448275862068966,
    0.8472222222222222,
    0.8472222222222222,
    0.8502415458937198,
    0.8484848484848485,
    0.7980997624703088,
    0.8246445497630331,
    0.5770171149144254,
    0.5853658536585366,
    0.7577937649880095,
    0.5827338129496403,
    0.5853658536585366,
    0.5925925925925926,
    0.8376068376068376,
    0.6078431372549019,
    0.8502415458937198,
    0.8524590163934426,
    0.819672131147541,
    0.588957055214724,
    0.8292682926829268,
    0.8194444444444444,
    0.5882352941176471,
    0.8029925187032418,
    0.8363636363636363,
    0.5648148148148148,
    0.8148148148148148,
    0.5901639344262295,
    0.8292682926829268,
    0.5806451612903226,
    0.8235294117647058,
    0.8256880733944955,
    0.8529411764705882,
    0.6296296296296297,
    0.8395061728395061,
    0.8307692307692308,
    0.8173913043478261,
    0.8187919463087249,
    0.8299776286353467,
    0.5853658536585366,
    0.5925925925925926,
    0.819672131147541,
    0.8333333333333334,
    0.8148148148148148,
    0.5925925925925926,
    0.8148148148148148,
    0.8210526315789474,
    0.8235294117647058,
    0.8235294117647058,
    0.8235294117647058,
    0.8235294117647058,
    0.8235294117647058,
    0.8235294117647058,
    0.8235294117647058,
    0.8148148148148148,
    0.8148148148148148,
    0.8490566037735849,
    0.6779661016949152,
    0.8181818181818182,
    0.7925925925925926,
    0.8,
    0.8235294117647058,
    0.8081841432225064,
    0.7924528301886793,
    0.8210526315789474,
    0.7979539641943734,
    0.8074866310160428,
    0.8148148148148148,
    0.7979539641943734,
    0.8016085790884718,
    0.8148148148148148,
    0.7979539641943734,
    0.8376068376068376,
    0.8292682926829268,
    0.8333333333333334,
    0.8205128205128205,
    0.8235294117647058,
    0.5894736842105263,
    0.6521739130434783,
    0.8518518518518519,
    0.5925925925925926,
    0.8148148148148148,
    0.6666666666666666,
    0.7904509283819628,
    0.8173913043478261,
    0.8210526315789474,
    0.8292682926829268,
    0.5925925925925926,
    0.8333333333333334,
    0.8888888888888888,
    0.6086956521739131,
    0.5925925925925926,
    0.8186666666666667,
    0.8333333333333334,
    0.8235294117647058,
    0.8165680473372781,
    0.8226600985221675,
    0.5925925925925926,
    0.7979539641943734,
    0.704225352112676,
    0.8433734939759037,
    0.8148148148148148,
    0.8181818181818182,
    0.6,
    0.8148148148148148,
    0.8148148148148148,
    0.5901639344262295,
    0.8703703703703703,
    0.8585858585858586,
    0.8148148148148148,
    0.8235294117647058,
    0.8518518518518519,
    0.8888888888888888,
    0.5901639344262295,
    0.8148148148148148,
    0.8235294117647058,
    null,
    0.574585635359116,
    0.6022727272727273,
    0.8217054263565892,
    0.6296296296296297,
    0.5911330049261084,
    0.819672131147541,
    0.8148148148148148,
    0.8235294117647058,
    0.6133333333333333,
    0.8634146341463415,
    0.5901639344262295,
    0.8074534161490683,
    0.8235294117647058,
    0.5797101449275363,
    0.8423645320197044,
    0.8888888888888888,
    0.6,
    0.8148148148148148
  ]
}