{
  "mean": 0.72,
  "count": 25,
  "sum": null,
  "max": 0.89,
  "min": 0.57,
  "raw": [
    null,
    0.6153846153846154,
    null,
    0.5925925925925926,
    null,
    null,
    0.5925925925925926,
    0.5742574257425742,
    0.6060606060606061,
    null,
    null,
    null,
    null,
    null,
    null,
    0.8148148148148148,
    0.8888888888888888,
    0.8888888888888888,
    null,
    0.8148148148148148,
    0.8148148148148148,
    null,
    0.5909090909090909,
    null,
    0.8888888888888888
  ]
}