{
  "mean": 0.68,
  "count": 135,
  "sum": null,
  "max": 0.88,
  "min": 0,
  "raw": [
    0.8529411764705882,
    0.8156028368794326,
    0.8529411764705882,
    0.8529411764705882,
    0.8529411764705882,
    0.39705882352941174,
    0,
    0.8292682926829268,
    0.8292682926829268,
    0.6323529411764706,
    0.38235294117647056,
    0,
    0.5441176470588235,
    0.7612293144208038,
    0.5791962174940898,
    0,
    0,
    0.6105263157894737,
    0.6114649681528662,
    0,
    0,
    0.819672131147541,
    0.8205128205128205,
    0.8387096774193549,
    0.8148148148148148,
    0.8448275862068966,
    0.5853658536585366,
    0.5925925925925926,
    0.8292682926829268,
    0.8292682926829268,
    0.8529411764705882,
    0.8260869565217391,
    0.8372093023255814,
    0.8527131782945736,
    0,
    0.5875706214689266,
    0.8433734939759037,
    0.8433734939759037,
    0,
    0.8292682926829268,
    0.5925925925925926,
    0.8292682926829268,
    0.8382352941176471,
    0.5957446808510638,
    0.6012269938650306,
    0.8235294117647058,
    0.8444444444444444,
    0.8266666666666667,
    0.8210526315789474,
    0.5882352941176471,
    0.8235294117647058,
    0.8433734939759037,
    0.8210526315789474,
    0.5783132530120482,
    0.8235294117647058,
    0.8324324324324325,
    0.8248587570621468,
    0.8615384615384616,
    0,
    0.5862944162436549,
    0.8248587570621468,
    0.5882352941176471,
    0.8248587570621468,
    0.5882352941176471,
    0.8235294117647058,
    0,
    0.8256880733944955,
    0,
    0.8248587570621468,
    0.8248587570621468,
    0,
    0.8248587570621468,
    0.8211586901763224,
    0.8248587570621468,
    0.8248587570621468,
    0.5818181818181818,
    0.8344370860927153,
    0.8085106382978723,
    0.8235294117647058,
    0.8333333333333334,
    0.8181818181818182,
    0.8235294117647058,
    0.5853658536585366,
    0.8148148148148148,
    0.8324324324324325,
    0.8235294117647058,
    0.8235294117647058,
    0.8235294117647058,
    0.8266666666666667,
    0.8609865470852018,
    0.8266666666666667,
    0.864406779661017,
    0.5827814569536424,
    0.545774647887324,
    0.5875706214689266,
    0.8235294117647058,
    0.8235294117647058,
    0.7692307692307693,
    0.5875706214689266,
    0.819672131147541,
    0.5882352941176471,
    0.5841584158415841,
    0.8333333333333334,
    0.8235294117647058,
    0.6,
    0.5866666666666667,
    null,
    0.5777777777777777,
    0.65,
    0.8780487804878049,
    0.5945945945945946,
    0.5925925925925926,
    0.5925925925925926,
    0.8148148148148148,
    0.8333333333333334,
    0.8235294117647058,
    0.5925925925925926,
    0.8148148148148148,
    0.8235294117647058,
    0.5818181818181818,
    0,
    0.8604651162790697,
    0.835820895522388,
    0.8292682926829268,
    0.8235294117647058,
    0.8518518518518519,
    0.8235294117647058,
    0.8235294117647058,
    0.8148148148148148,
    0.8235294117647058,
    null,
    0.8148148148148148,
    0.6153846153846154,
    0.8,
    0.8148148148148148
  ]
}