{
  "mean": 0.76,
  "count": 25,
  "sum": null,
  "max": 0.9,
  "min": 0.57,
  "raw": [
    0.5925925925925926,
    0.8514851485148515,
    null,
    0.5977011494252874,
    0.8125,
    null,
    0.5925925925925926,
    null,
    null,
    0.8148148148148148,
    0.7692307692307693,
    null,
    0.7692307692307693,
    null,
    0.5742574257425742,
    0.8148148148148148,
    0.8545454545454545,
    0.8888888888888888,
    0.8888888888888888,
    0.8,
    null,
    0.8,
    0.5783132530120482,
    0.9,
    0.8085106382978723
  ]
}