{
  "mean": 0.92,
  "count": 90,
  "sum": 82.56,
  "max": 1,
  "min": 0,
  "raw": [
    1,
    1,
    1,
    1,
    1,
    1,
    1,
    1,
    1,
    1,
    1,
    1,
    0.8148148148148148,
    1,
    0.9806094182825484,
    0.9876923076923076,
    1,
    0.9767441860465116,
    1,
    1,
    0.9885386819484241,
    0.9880597014925373,
    1,
    0.9885386819484241,
    0.987987987987988,
    1,
    0.9885386819484241,
    1,
    1,
    1,
    1,
    1,
    0.7380952380952381,
    0.7450980392156863,
    1,
    0.75,
    1,
    0.75,
    0.9821958456973294,
    1,
    1,
    1,
    0.75,
    1,
    1,
    0.7,
    0.75,
    0.990990990990991,
    1,
    1,
    1,
    0.9888579387186629,
    0.75,
    0.9856733524355301,
    0.873015873015873,
    1,
    1,
    1,
    0.7777777777777778,
    1,
    1,
    0.7407407407407407,
    1,
    0,
    1,
    1,
    1,
    1,
    0.7407407407407407,
    1,
    1,
    0,
    0.6794871794871795,
    0.7435897435897436,
    1,
    0.75,
    0.7419354838709677,
    1,
    1,
    1,
    0.7272727272727273,
    0.9972222222222222,
    0.7407407407407407,
    1,
    1,
    0.7,
    0.9916434540389972,
    1,
    0.7777777777777778,
    1
  ]
}