{
  "mean": 0.65,
  "count": 75,
  "sum": null,
  "max": 0.92,
  "min": 0,
  "raw": [
    0.038461538461538464,
    0.6153846153846154,
    0.5949008498583569,
    0.5925925925925926,
    0,
    0.5925925925925926,
    0.8514851485148515,
    0.42592592592592593,
    0.5977011494252874,
    0.8125,
    null,
    null,
    0.5740740740740741,
    null,
    0.6153846153846154,
    0,
    0.8542141230068337,
    0.6666666666666666,
    0.5741626794258373,
    0.5925925925925926,
    0,
    0.5648351648351648,
    0.8782608695652174,
    0.5853658536585366,
    0,
    0.8181818181818182,
    0.6129032258064516,
    0.8727272727272727,
    0.8544698544698545,
    0.6808510638297872,
    0,
    0.6666666666666666,
    0.8888888888888888,
    0.5925925925925926,
    0.5888077858880778,
    0.8292682926829268,
    0.6666666666666666,
    0.5925925925925926,
    0.8888888888888888,
    0.8502673796791443,
    0.6666666666666666,
    0.7692307692307693,
    0.852803738317757,
    0.5945945945945946,
    0.8181818181818182,
    0.8148148148148148,
    0.8888888888888888,
    0.8888888888888888,
    0,
    0.8148148148148148,
    0.8148148148148148,
    0,
    0.5909090909090909,
    0.8565217391304348,
    0.8888888888888888,
    0.8148148148148148,
    0.8545454545454545,
    0.8888888888888888,
    0.8888888888888888,
    0.8,
    0,
    0.8,
    0.5783132530120482,
    0.9,
    0.8085106382978723,
    0.8314606741573034,
    0.575,
    0.594059405940594,
    0.8,
    0.8148148148148148,
    0.8888888888888888,
    0.5925925925925926,
    0.9230769230769231,
    0.8397435897435898,
    0.8085106382978723
  ]
}