{
  "mean": 0.7,
  "count": 60,
  "sum": null,
  "max": 0.88,
  "min": 0,
  "raw": [
    0.5882352941176471,
    0.6,
    0.6153846153846154,
    0.8037383177570093,
    0.7692307692307693,
    0.8529411764705882,
    0.8260869565217391,
    0.8372093023255814,
    0.8527131782945736,
    0,
    0.5875706214689266,
    0.8433734939759037,
    0.8433734939759037,
    0,
    0.8292682926829268,
    0.5925925925925926,
    0.8292682926829268,
    0.8382352941176471,
    0.5957446808510638,
    0.6012269938650306,
    0.625,
    0.8045977011494253,
    0.7029702970297029,
    0.6,
    0.8444444444444444,
    0.8,
    0.6,
    0.8780487804878049,
    0.8148148148148148,
    0.591304347826087,
    0.5866666666666667,
    null,
    0.5777777777777777,
    0.65,
    0.8780487804878049,
    0.5945945945945946,
    0.5925925925925926,
    0.5925925925925926,
    0.8148148148148148,
    0.8333333333333334,
    0.8235294117647058,
    0.5925925925925926,
    0.8148148148148148,
    0.8235294117647058,
    0.5818181818181818,
    0,
    0.8604651162790697,
    0.835820895522388,
    0.8292682926829268,
    0.8235294117647058,
    0.8518518518518519,
    0.8235294117647058,
    0.8235294117647058,
    0.8148148148148148,
    0.8235294117647058,
    null,
    0.8148148148148148,
    0.6153846153846154,
    0.8,
    0.8148148148148148
  ]
}