{
  "mean": 0.75,
  "count": 45,
  "sum": 33.57,
  "max": 0.89,
  "min": 0.56,
  "raw": [
    0.7577937649880095,
    0.5827338129496403,
    0.5853658536585366,
    0.5925925925925926,
    0.8376068376068376,
    0.5648148148148148,
    0.8148148148148148,
    0.5901639344262295,
    0.8292682926829268,
    0.5806451612903226,
    0.5925925925925926,
    0.819672131147541,
    0.8333333333333334,
    0.8148148148148148,
    0.5925925925925926,
    0.7979539641943734,
    0.8074866310160428,
    0.8148148148148148,
    0.7979539641943734,
    0.8016085790884718,
    0.8148148148148148,
    0.7979539641943734,
    0.8376068376068376,
    0.8292682926829268,
    0.8333333333333334,
    0.8165680473372781,
    0.8226600985221675,
    0.5925925925925926,
    0.7979539641943734,
    0.704225352112676,
    0.8433734939759037,
    0.8148148148148148,
    0.8181818181818182,
    0.6,
    0.8148148148148148,
    0.6133333333333333,
    0.8634146341463415,
    0.5901639344262295,
    0.8074534161490683,
    0.8235294117647058,
    0.5797101449275363,
    0.8423645320197044,
    0.8888888888888888,
    0.6,
    0.8148148148148148
  ]
}