{
  "mean": 0.86,
  "count": 360,
  "sum": 308.16,
  "max": 1,
  "min": 0,
  "raw": [
    0.9320754716981132,
    0.8333333333333334,
    0.8061538461538461,
    0.75,
    0.7415730337078652,
    0,
    0,
    0.9916897506925207,
    0.9784615384615385,
    0,
    1,
    1,
    1,
    1,
    1,
    0.9444444444444444,
    1,
    1,
    0.7333333333333333,
    1,
    1,
    0.9758713136729222,
    1,
    0.7229916897506925,
    0.7222222222222222,
    0.9919571045576407,
    1,
    0.7184986595174263,
    1,
    1,
    0.9239130434782609,
    0.7255434782608695,
    0.7222222222222222,
    0.75,
    1,
    1,
    0.7333333333333333,
    1,
    0.7292225201072386,
    0.7222222222222222,
    0.75,
    1,
    0.771513353115727,
    0.7692307692307693,
    1,
    0,
    1,
    0,
    0.8284789644012945,
    0.8333333333333334,
    0.7333333333333333,
    1,
    1,
    1,
    0.7361111111111112,
    1,
    1,
    1,
    1,
    1,
    1,
    0,
    0.7333333333333333,
    0.9859550561797753,
    1,
    0.72,
    1,
    0.7333333333333333,
    1,
    0.7380952380952381,
    0.71875,
    1,
    0.7407407407407407,
    1,
    0.7037037037037037,
    1,
    1,
    1,
    0.75,
    0.75,
    0,
    0,
    0.6774193548387096,
    0,
    0.8333333333333334,
    0.8235294117647058,
    1,
    0,
    1,
    0.4976190476190476,
    1,
    1,
    1,
    0.75,
    1,
    0.75,
    1,
    0.9821428571428571,
    1,
    0.75,
    1,
    1,
    1,
    0.9872448979591837,
    0.7222222222222222,
    1,
    0.7380952380952381,
    0.7037037037037037,
    1,
    0.7333333333333333,
    0.75,
    1,
    1,
    1,
    0.75,
    0.75,
    0.7443820224719101,
    0.696969696969697,
    0.9789473684210527,
    0.7333333333333333,
    0.6710526315789473,
    0.9868421052631579,
    0.75,
    0.6777777777777778,
    0.75,
    1,
    0.6658163265306123,
    1,
    0.7222222222222222,
    0.6710182767624021,
    0.7450980392156863,
    1,
    0.7407407407407407,
    0.7407407407407407,
    1,
    1,
    0.7535816618911175,
    0.875,
    0.75,
    1,
    0.75,
    0.7380952380952381,
    0.9876160990712074,
    0.75,
    0.7424242424242424,
    0.7391304347826086,
    0.7407407407407407,
    0.991044776119403,
    0.7361111111111112,
    1,
    0.7307692307692307,
    0.75,
    0.75,
    0.7361111111111112,
    0.7139107611548556,
    0.7307692307692307,
    0.75,
    1,
    0.7307692307692307,
    1,
    1,
    0.7037037037037037,
    1,
    0.9879807692307693,
    0.7619047619047619,
    1,
    0.75,
    1,
    0.75,
    0.6797752808988764,
    0.75,
    0.75,
    1,
    1,
    0.75,
    0.75,
    1,
    0.75,
    0.75,
    1,
    0.7435897435897436,
    0.7391304347826086,
    0.75,
    0.7407407407407407,
    0.7333333333333333,
    1,
    0.7447447447447447,
    0.7407407407407407,
    0.7333333333333333,
    0.746268656716418,
    0.9970238095238095,
    0.75,
    0,
    0.7407407407407407,
    0.7333333333333333,
    0.75,
    0.7333333333333333,
    0.75,
    0.7380952380952381,
    1,
    1,
    0.75,
    0.75,
    1,
    0.9938271604938271,
    0.75,
    0.8333333333333334,
    0.989159891598916,
    0.7575757575757576,
    1,
    1,
    1,
    1,
    1,
    0.8717948717948718,
    0.7777777777777778,
    0.75,
    1,
    0.9551282051282052,
    0.7407407407407407,
    1,
    1,
    1,
    0.7222222222222222,
    1,
    0.75,
    1,
    0.7160493827160493,
    1,
    0.7272727272727273,
    0.7589285714285714,
    1,
    0.75,
    0.8666666666666667,
    0.7192982456140351,
    0.75,
    0.75,
    1,
    1,
    0.75,
    1,
    1,
    1,
    0.9924050632911392,
    1,
    1,
    0.9924050632911392,
    0.7435897435897436,
    0.9949494949494949,
    1,
    1,
    1,
    1,
    1,
    1,
    1,
    1,
    1,
    1,
    1,
    1,
    1,
    0.8148148148148148,
    1,
    0.9806094182825484,
    0.9876923076923076,
    1,
    0.9767441860465116,
    1,
    1,
    0.9885386819484241,
    0.9880597014925373,
    1,
    0.9885386819484241,
    0.987987987987988,
    1,
    0.9885386819484241,
    1,
    1,
    1,
    1,
    1,
    1,
    1,
    1,
    0.7453083109919572,
    1,
    0.6944444444444444,
    1,
    1,
    1,
    1,
    0.7380952380952381,
    0.7450980392156863,
    1,
    0.75,
    1,
    0.75,
    0.9821958456973294,
    1,
    1,
    1,
    0.75,
    1,
    1,
    0.7,
    0.75,
    0.990990990990991,
    1,
    1,
    1,
    0.9888579387186629,
    0.75,
    0.9856733524355301,
    0.873015873015873,
    1,
    1,
    1,
    0.7777777777777778,
    1,
    1,
    0.6811594202898551,
    0.7555555555555555,
    1,
    1,
    1,
    0.75,
    1,
    1,
    1,
    1,
    0.7407407407407407,
    1,
    0,
    1,
    1,
    1,
    1,
    0.7407407407407407,
    1,
    1,
    0,
    0.6794871794871795,
    0.7435897435897436,
    1,
    0.75,
    0.7419354838709677,
    1,
    1,
    1,
    0.7272727272727273,
    0.9972222222222222,
    0.7407407407407407,
    1,
    1,
    0.7,
    0.9916434540389972,
    1,
    0.7777777777777778,
    1
  ]
}