{
  "mean": 0.69,
  "count": 60,
  "sum": null,
  "max": 0.87,
  "min": 0,
  "raw": [
    0.4,
    0.5925925925925926,
    0.5742574257425742,
    0.6060606060606061,
    0.6096096096096096,
    0.8529411764705882,
    0.835920177383592,
    0.8351409978308026,
    0.8539325842696629,
    0.8548387096774194,
    0.8448275862068966,
    0.8254310344827587,
    0.823394495412844,
    0.8235294117647058,
    0.8409090909090909,
    0.5770171149144254,
    0,
    0.8171296296296297,
    null,
    0.8169014084507042,
    0.5975609756097561,
    0.6,
    0,
    0,
    0.8590909090909091,
    0.865979381443299,
    0.8679245283018868,
    0.8590909090909091,
    0.865979381443299,
    0.8666666666666667,
    0.8148148148148148,
    0.8235294117647058,
    0.5882352941176471,
    0.8181818181818182,
    0.819672131147541,
    0.8349514563106796,
    0.8194774346793349,
    0.5925925925925926,
    0.8292682926829268,
    0.8210526315789474,
    0.5875706214689266,
    0.8235294117647058,
    0.8344370860927153,
    0.8235294117647058,
    0.5875706214689266,
    0.5882352941176471,
    0.5882352941176471,
    0.5875706214689266,
    0.5882352941176471,
    0.8235294117647058,
    0.8248587570621468,
    0.5875706214689266,
    0.5882352941176471,
    0.5875706214689266,
    0.5909090909090909,
    0.5875706214689266,
    0.59375,
    0.8248587570621468,
    0.5818181818181818,
    0.7062146892655368
  ]
}