{
  "mean": 0.6981295397502743,
  "count": 15,
  "groupedCount": {
    "0.7507692307692307": 1,
    "0.5925925925925926": 2,
    "0.5742574257425742": 1,
    "0.6060606060606061": 1,
    "0.6096096096096096": 1,
    "0.7654320987654321": 1,
    "0.7828418230563002": 1,
    "0.5726872246696035": 1,
    "0.8148148148148148": 1,
    "0.8340909090909091": 1,
    "0.7878787878787878": 1,
    "0.6153846153846154": 1,
    "0.7764705882352941": 1,
    "0.7964601769911505": 1
  },
  "raw": [
    0.7507692307692307,
    0.5925925925925926,
    0.5742574257425742,
    0.6060606060606061,
    0.6096096096096096,
    0.7654320987654321,
    0.5925925925925926,
    0.7828418230563002,
    0.5726872246696035,
    0.8148148148148148,
    0.8340909090909091,
    0.7878787878787878,
    0.6153846153846154,
    0.7764705882352941,
    0.7964601769911505
  ]
}