{
  "mean": 0.79,
  "count": 45,
  "sum": 35.49,
  "max": 0.89,
  "min": 0.59,
  "raw": [
    0.8524590163934426,
    0.8448275862068966,
    0.8472222222222222,
    0.8472222222222222,
    0.8502415458937198,
    0.6078431372549019,
    0.8502415458937198,
    0.8524590163934426,
    0.819672131147541,
    0.588957055214724,
    0.8235294117647058,
    0.8256880733944955,
    0.8529411764705882,
    0.6296296296296297,
    0.8395061728395061,
    0.8148148148148148,
    0.8210526315789474,
    0.8235294117647058,
    0.8235294117647058,
    0.8235294117647058,
    0.8235294117647058,
    0.8235294117647058,
    0.8235294117647058,
    0.8235294117647058,
    0.8148148148148148,
    0.8205128205128205,
    0.8235294117647058,
    0.5894736842105263,
    0.6521739130434783,
    0.8518518518518519,
    0.5925925925925926,
    0.8148148148148148,
    0.6666666666666666,
    0.7904509283819628,
    0.8173913043478261,
    0.8148148148148148,
    0.5901639344262295,
    0.8703703703703703,
    0.8585858585858586,
    0.8148148148148148,
    0.8235294117647058,
    0.8518518518518519,
    0.8888888888888888,
    0.5901639344262295,
    0.8148148148148148
  ]
}