{
  "mean": 0.8,
  "count": 45,
  "sum": null,
  "max": 0.86,
  "min": 0.59,
  "raw": [
    0.8529411764705882,
    null,
    null,
    0.8539325842696629,
    0.8548387096774194,
    0.8448275862068966,
    null,
    null,
    0.8235294117647058,
    0.8409090909090909,
    null,
    null,
    null,
    null,
    0.8169014084507042,
    0.8421052631578947,
    null,
    0.8360655737704918,
    0.8539325842696629,
    0.8395061728395061,
    null,
    0.8352941176470589,
    0.847682119205298,
    0.8448275862068966,
    null,
    null,
    0.8275862068965517,
    null,
    0.5906040268456376,
    null,
    0.8256880733944955,
    0.8148148148148148,
    0.8297872340425532,
    0.8409090909090909,
    0.8455284552845529,
    0.8235294117647058,
    0.5882352941176471,
    0.8626760563380281,
    0.8235294117647058,
    0.8148148148148148,
    0.8148148148148148,
    0.591304347826087,
    0.7213114754098361,
    0.5901639344262295,
    0.7707006369426752
  ]
}