{
  "mean": 0.69,
  "count": 45,
  "sum": null,
  "max": 0.88,
  "min": 0,
  "raw": [
    0.8529411764705882,
    0.8156028368794326,
    0.8529411764705882,
    0.8529411764705882,
    0.8529411764705882,
    0,
    0,
    0.6105263157894737,
    0.6114649681528662,
    0,
    0.8529411764705882,
    0.8260869565217391,
    0.8372093023255814,
    0.8527131782945736,
    0,
    0.8235294117647058,
    0.8444444444444444,
    0.8266666666666667,
    0.8210526315789474,
    0.5882352941176471,
    0.8235294117647058,
    0.8433734939759037,
    0.8210526315789474,
    0.5783132530120482,
    0.8235294117647058,
    0.5818181818181818,
    0.8344370860927153,
    0.8085106382978723,
    0.8235294117647058,
    0.8333333333333334,
    0.8181818181818182,
    0.8235294117647058,
    0.5853658536585366,
    0.8148148148148148,
    0.8324324324324325,
    0.5866666666666667,
    null,
    0.5777777777777777,
    0.65,
    0.8780487804878049,
    0.5945945945945946,
    0.5925925925925926,
    0.5925925925925926,
    0.8148148148148148,
    0.8333333333333334
  ]
}