{
  "mean": 0.69,
  "count": 45,
  "sum": null,
  "max": 0.86,
  "min": 0,
  "raw": [
    0.8448275862068966,
    0.8254310344827587,
    0.823394495412844,
    0.8235294117647058,
    0.8409090909090909,
    null,
    0.8352941176470589,
    0.847682119205298,
    0.8448275862068966,
    0,
    0.8235294117647058,
    0.5882352941176471,
    0.8626760563380281,
    0.8235294117647058,
    0.8148148148148148,
    0.5875706214689266,
    0.8235294117647058,
    0.8344370860927153,
    0.8235294117647058,
    0.5875706214689266,
    0.5882352941176471,
    0.5882352941176471,
    0.5875706214689266,
    0.5882352941176471,
    0.8235294117647058,
    0.819672131147541,
    0.8148148148148148,
    0.819672131147541,
    0.6016260162601627,
    0.5875706214689266,
    0.8235294117647058,
    0.85,
    0.5866666666666667,
    0.8235294117647058,
    0.7037037037037037,
    0.8148148148148148,
    0.7840909090909091,
    0.8350515463917526,
    0.5901639344262295,
    0,
    0.5942622950819673,
    0.5416666666666666,
    0.7254901960784313,
    0.8148148148148148,
    0
  ]
}