{
  "mean": 0.71,
  "count": 48,
  "sum": 34,
  "max": 0.92,
  "min": 0,
  "raw": [
    0.8782608695652174,
    0.7037037037037037,
    0,
    0.8235294117647058,
    0.8888888888888888,
    0.5925925925925926,
    0.5901639344262295,
    0.5925925925925926,
    0.852803738317757,
    0.8148148148148148,
    0.5837837837837838,
    0.8518518518518519,
    0.8590909090909091,
    0.5925925925925926,
    0.5875706214689266,
    0.8248587570621468,
    0.8695652173913043,
    0.6081081081081081,
    0.5866666666666667,
    0.8235294117647058,
    0.8261851015801355,
    0.8888888888888888,
    0.7254901960784313,
    0.777027027027027,
    0.8587443946188341,
    0.8210526315789474,
    0.8248587570621468,
    0.8211586901763224,
    0.7692307692307693,
    0.5853658536585366,
    0.5827814569536424,
    0.8333333333333334,
    0.8780487804878049,
    0.5925925925925926,
    0.835820895522388,
    0.6153846153846154,
    0.5909090909090909,
    0.8235294117647058,
    0,
    0.8376068376068376,
    0.5783132530120482,
    0.6666666666666666,
    0,
    0.8181818181818182,
    0.9230769230769231,
    0.8888888888888888,
    0.819672131147541,
    0.8888888888888888
  ]
}