{
  "mean": 0.77,
  "count": 12,
  "sum": 9.27,
  "max": 0.9,
  "min": 0.59,
  "raw": [
    0.8552631578947368,
    0.8235294117647058,
    0.7924528301886793,
    0.8292682926829268,
    0.9,
    0.7904509283819628,
    0.8333333333333334,
    0.6,
    0.8397435897435898,
    0.5901639344262295,
    0.8148148148148148,
    0.6
  ]
}