{
  "mean": 0.73,
  "count": 75,
  "sum": null,
  "max": 0.89,
  "min": 0.56,
  "raw": [
    null,
    null,
    0.5853658536585366,
    0.5925925925925926,
    0.8376068376068376,
    0.5648148148148148,
    0.8148148148148148,
    0.5901639344262295,
    0.8292682926829268,
    0.5806451612903226,
    0.5925925925925926,
    0.819672131147541,
    0.8333333333333334,
    0.8148148148148148,
    0.5925925925925926,
    null,
    null,
    null,
    null,
    0.8169014084507042,
    null,
    0.8275862068965517,
    null,
    0.5906040268456376,
    null,
    0.8148148148148148,
    0.591304347826087,
    0.7213114754098361,
    0.5901639344262295,
    0.7707006369426752,
    null,
    null,
    null,
    null,
    null,
    0.8448275862068966,
    0.5853658536585366,
    0.5925925925925926,
    0.8292682926829268,
    0.8292682926829268,
    0.5925925925925926,
    0.8292682926829268,
    0.8382352941176471,
    0.5957446808510638,
    0.6012269938650306,
    null,
    null,
    0.8148148148148148,
    null,
    null,
    0.8148148148148148,
    null,
    0.8376068376068376,
    0.8292682926829268,
    0.8333333333333334,
    0.8165680473372781,
    null,
    0.5925925925925926,
    null,
    0.704225352112676,
    0.8433734939759037,
    0.8148148148148148,
    0.8181818181818182,
    0.6,
    0.8148148148148148,
    0.6133333333333333,
    null,
    0.5901639344262295,
    0.8074534161490683,
    0.8235294117647058,
    0.5797101449275363,
    null,
    0.8888888888888888,
    0.6,
    0.8148148148148148
  ]
}