{
  "mean": 0.84,
  "count": 25,
  "sum": 20.92,
  "max": 0.85,
  "min": 0.81,
  "raw": [
    0.8524590163934426,
    0.8448275862068966,
    0.8472222222222222,
    0.8472222222222222,
    0.8502415458937198,
    0.8529411764705882,
    0.835920177383592,
    0.8351409978308026,
    0.8539325842696629,
    0.8548387096774194,
    0.8529411764705882,
    0.8132387706855791,
    0.8529411764705882,
    0.8529411764705882,
    0.8529411764705882,
    0.8148148148148148,
    0.8210526315789474,
    0.8235294117647058,
    0.8235294117647058,
    0.8235294117647058,
    0.8235294117647058,
    0.8235294117647058,
    0.8235294117647058,
    0.8235294117647058,
    0.8148148148148148
  ]
}