{
  "mean": 0.7769811796753128,
  "count": 15,
  "groupedCount": {
    "0.5791962174940898": 1,
    "0.5768321513002365": 1,
    "0.8292682926829268": 3,
    "0.8037825059101655": 1,
    "0.8257756563245824": 1,
    "0.819672131147541": 1,
    "0.8205128205128205": 1,
    "0.8387096774193549": 1,
    "0.8148148148148148": 1,
    "0.5875706214689266": 1,
    "0.8433734939759037": 2,
    "0.8132992327365729": 1
  },
  "raw": [
    0.5791962174940898,
    0.5768321513002365,
    0.8292682926829268,
    0.8292682926829268,
    0.8037825059101655,
    0.8257756563245824,
    0.819672131147541,
    0.8205128205128205,
    0.8387096774193549,
    0.8148148148148148,
    0.5875706214689266,
    0.8433734939759037,
    0.8433734939759037,
    0.8132992327365729,
    0.8292682926829268
  ]
}