{
  "mean": 0.91,
  "count": 90,
  "sum": 82.03,
  "max": 1,
  "min": 0,
  "raw": [
    1,
    1,
    1,
    1,
    1,
    0.9444444444444444,
    1,
    1,
    0.7333333333333333,
    1,
    0.7333333333333333,
    1,
    1,
    1,
    0.7361111111111112,
    1,
    1,
    1,
    1,
    1,
    1,
    1,
    1,
    0.75,
    1,
    0.75,
    1,
    0.9821428571428571,
    1,
    0.75,
    0.7450980392156863,
    1,
    0.7407407407407407,
    0.7407407407407407,
    1,
    1,
    0.7535816618911175,
    0.875,
    0.75,
    1,
    0.75,
    0.75,
    1,
    1,
    0.75,
    0.75,
    1,
    0.75,
    0.75,
    1,
    1,
    1,
    1,
    1,
    0.8717948717948718,
    0.7777777777777778,
    0.75,
    1,
    0.9551282051282052,
    0.7407407407407407,
    1,
    1,
    1,
    1,
    1,
    1,
    1,
    1,
    1,
    1,
    1,
    1,
    0.7380952380952381,
    0.7450980392156863,
    1,
    0.75,
    1,
    0.75,
    0.9821958456973294,
    1,
    1,
    0.7407407407407407,
    1,
    0,
    1,
    1,
    1,
    1,
    0.7407407407407407,
    1
  ]
}