{
  "mean": 0.81,
  "count": 15,
  "sum": null,
  "max": 0.84,
  "min": 0.59,
  "raw": [
    null,
    null,
    0.8292682926829268,
    0.8292682926829268,
    null,
    null,
    0.819672131147541,
    0.8205128205128205,
    0.8387096774193549,
    0.8148148148148148,
    0.5875706214689266,
    0.8433734939759037,
    0.8433734939759037,
    null,
    0.8292682926829268
  ]
}