{
  "mean": 0.8,
  "count": 75,
  "groupedCount": {
    "0.8524590163934426": 2,
    "0.8448275862068966": 1,
    "0.8472222222222222": 2,
    "0.8502415458937198": 2,
    "0.6078431372549019": 1,
    "0.819672131147541": 1,
    "0.588957055214724": 1,
    "0.8235294117647058": 10,
    "0.8256880733944955": 2,
    "0.8529411764705882": 7,
    "0.6296296296296297": 1,
    "0.8395061728395061": 2,
    "0.835920177383592": 1,
    "0.8351409978308026": 1,
    "0.8539325842696629": 2,
    "0.8548387096774194": 1,
    "0.8421052631578947": 1,
    "0.837037037037037": 1,
    "0.8360655737704918": 1,
    "0.8148148148148148": 7,
    "0.8297872340425532": 1,
    "0.8409090909090909": 1,
    "0.8455284552845529": 1,
    "0.8132387706855791": 1,
    "0.8348623853211009": 1,
    "0.8428571428571429": 1,
    "0.6105263157894737": 1,
    "0.6114649681528662": 1,
    "0.806146572104019": 1,
    "0.8260869565217391": 1,
    "0.8372093023255814": 1,
    "0.8527131782945736": 1,
    "0.8081534772182254": 1,
    "0.8210526315789474": 1,
    "0.8205128205128205": 1,
    "0.5894736842105263": 1,
    "0.6521739130434783": 1,
    "0.8518518518518519": 2,
    "0.5925925925925926": 1,
    "0.6666666666666666": 1,
    "0.7904509283819628": 1,
    "0.8173913043478261": 1,
    "0.5901639344262295": 2,
    "0.8703703703703703": 1,
    "0.8585858585858586": 1,
    "0.8888888888888888": 1
  },
  "raw": [
    0.8524590163934426,
    0.8448275862068966,
    0.8472222222222222,
    0.8472222222222222,
    0.8502415458937198,
    0.6078431372549019,
    0.8502415458937198,
    0.8524590163934426,
    0.819672131147541,
    0.588957055214724,
    0.8235294117647058,
    0.8256880733944955,
    0.8529411764705882,
    0.6296296296296297,
    0.8395061728395061,
    0.8529411764705882,
    0.835920177383592,
    0.8351409978308026,
    0.8539325842696629,
    0.8548387096774194,
    0.8421052631578947,
    0.837037037037037,
    0.8360655737704918,
    0.8539325842696629,
    0.8395061728395061,
    0.8256880733944955,
    0.8148148148148148,
    0.8297872340425532,
    0.8409090909090909,
    0.8455284552845529,
    0.8529411764705882,
    0.8132387706855791,
    0.8529411764705882,
    0.8529411764705882,
    0.8529411764705882,
    0.8348623853211009,
    0.8428571428571429,
    0.6105263157894737,
    0.6114649681528662,
    0.806146572104019,
    0.8529411764705882,
    0.8260869565217391,
    0.8372093023255814,
    0.8527131782945736,
    0.8081534772182254,
    0.8148148148148148,
    0.8210526315789474,
    0.8235294117647058,
    0.8235294117647058,
    0.8235294117647058,
    0.8235294117647058,
    0.8235294117647058,
    0.8235294117647058,
    0.8235294117647058,
    0.8148148148148148,
    0.8205128205128205,
    0.8235294117647058,
    0.5894736842105263,
    0.6521739130434783,
    0.8518518518518519,
    0.5925925925925926,
    0.8148148148148148,
    0.6666666666666666,
    0.7904509283819628,
    0.8173913043478261,
    0.8148148148148148,
    0.5901639344262295,
    0.8703703703703703,
    0.8585858585858586,
    0.8148148148148148,
    0.8235294117647058,
    0.8518518518518519,
    0.8888888888888888,
    0.5901639344262295,
    0.8148148148148148
  ]
}