{
  "mean": 0.85,
  "count": 30,
  "sum": 25.37,
  "max": 1,
  "min": 0.7,
  "raw": [
    0.9239130434782609,
    0.7255434782608695,
    0.7222222222222222,
    0.75,
    1,
    1,
    0.7333333333333333,
    1,
    0.7292225201072386,
    0.7222222222222222,
    0.71875,
    1,
    0.7407407407407407,
    1,
    0.7037037037037037,
    1,
    1,
    1,
    0.75,
    0.75,
    0.75,
    1,
    1,
    1,
    0.75,
    0.75,
    0.7443820224719101,
    0.696969696969697,
    0.9789473684210527,
    0.7333333333333333
  ]
}