{
  "mean": 0.82,
  "count": 40,
  "sum": null,
  "max": 0.89,
  "min": 0.59,
  "raw": [
    0.8148148148148148,
    0.8888888888888888,
    0.8888888888888888,
    null,
    0.8148148148148148,
    0.8148148148148148,
    null,
    0.5909090909090909,
    null,
    0.8888888888888888,
    0.8148148148148148,
    0.8210526315789474,
    0.8235294117647058,
    0.8235294117647058,
    0.8235294117647058,
    0.8235294117647058,
    0.8235294117647058,
    0.8235294117647058,
    0.8235294117647058,
    0.8148148148148148,
    0.8148148148148148,
    0.8490566037735849,
    0.6779661016949152,
    0.8181818181818182,
    null,
    null,
    0.8235294117647058,
    null,
    0.7924528301886793,
    0.8210526315789474,
    null,
    null,
    0.8148148148148148,
    null,
    null,
    0.8148148148148148,
    null,
    0.8376068376068376,
    0.8292682926829268,
    0.8333333333333334
  ]
}