{
  "mean": 0.95,
  "count": 30,
  "sum": 28.38,
  "max": 1,
  "min": 0.73,
  "raw": [
    1,
    1,
    1,
    1,
    1,
    0.9444444444444444,
    1,
    1,
    0.7333333333333333,
    1,
    0.7333333333333333,
    1,
    1,
    1,
    0.7361111111111112,
    1,
    1,
    1,
    1,
    1,
    1,
    1,
    1,
    0.75,
    1,
    0.75,
    1,
    0.9821428571428571,
    1,
    0.75
  ]
}