{
  "mean": 0.75,
  "count": 30,
  "sum": null,
  "max": 0.89,
  "min": 0.58,
  "raw": [
    null,
    null,
    0.8148148148148148,
    null,
    null,
    0.8148148148148148,
    null,
    0.8376068376068376,
    0.8292682926829268,
    0.8333333333333334,
    0.8165680473372781,
    null,
    0.5925925925925926,
    null,
    0.704225352112676,
    0.8433734939759037,
    0.8148148148148148,
    0.8181818181818182,
    0.6,
    0.8148148148148148,
    0.6133333333333333,
    null,
    0.5901639344262295,
    0.8074534161490683,
    0.8235294117647058,
    0.5797101449275363,
    null,
    0.8888888888888888,
    0.6,
    0.8148148148148148
  ]
}