{
  "mean": 0.85,
  "count": 30,
  "sum": 25.35,
  "max": 1,
  "min": 0.67,
  "raw": [
    0.6710526315789473,
    0.9868421052631579,
    0.75,
    0.6777777777777778,
    0.75,
    1,
    0.6658163265306123,
    1,
    0.7222222222222222,
    0.6710182767624021,
    1,
    0.7037037037037037,
    1,
    0.9879807692307693,
    0.7619047619047619,
    1,
    0.75,
    1,
    0.75,
    0.6797752808988764,
    1,
    0.75,
    0.75,
    1,
    0.9938271604938271,
    0.75,
    0.8333333333333334,
    0.989159891598916,
    0.7575757575757576,
    1
  ]
}