{
  "mean": 0.7542419930223546,
  "count": 60,
  "groupedCount": {
    "NaN": 3,
    "0.5740740740740741": 1,
    "0.6153846153846154": 3,
    "0.8235294117647058": 3,
    "0.8256880733944955": 2,
    "0.8529411764705882": 2,
    "0.6296296296296297": 1,
    "0.8395061728395061": 1,
    "0.8307692307692308": 1,
    "0.8173913043478261": 1,
    "0.8187919463087249": 1,
    "0.8299776286353467": 1,
    "0.5853658536585366": 1,
    "0.5925925925925926": 3,
    "0.819672131147541": 1,
    "0.8333333333333334": 1,
    "0.8148148148148148": 4,
    "0.8340909090909091": 1,
    "0.7878787878787878": 1,
    "0.7764705882352941": 1,
    "0.7964601769911505": 1,
    "0.8297872340425532": 1,
    "0.8409090909090909": 1,
    "0.8455284552845529": 1,
    "0.5882352941176471": 2,
    "0.8626760563380281": 1,
    "0.591304347826087": 1,
    "0.7213114754098361": 1,
    "0.5901639344262295": 1,
    "0.7707006369426752": 1,
    "0.6": 1,
    "0.8037383177570093": 1,
    "0.7692307692307693": 1,
    "0.8260869565217391": 1,
    "0.8372093023255814": 1,
    "0.8527131782945736": 1,
    "0.8081534772182254": 1,
    "0.5875706214689266": 1,
    "0.8433734939759037": 2,
    "0.8132992327365729": 1,
    "0.8292682926829268": 2,
    "0.8382352941176471": 1,
    "0.5957446808510638": 1,
    "0.6012269938650306": 1
  },
  "raw": [
    null,
    null,
    0.5740740740740741,
    null,
    0.6153846153846154,
    0.8235294117647058,
    0.8256880733944955,
    0.8529411764705882,
    0.6296296296296297,
    0.8395061728395061,
    0.8307692307692308,
    0.8173913043478261,
    0.8187919463087249,
    0.8299776286353467,
    0.5853658536585366,
    0.5925925925925926,
    0.819672131147541,
    0.8333333333333334,
    0.8148148148148148,
    0.5925925925925926,
    0.8340909090909091,
    0.7878787878787878,
    0.6153846153846154,
    0.7764705882352941,
    0.7964601769911505,
    0.8256880733944955,
    0.8148148148148148,
    0.8297872340425532,
    0.8409090909090909,
    0.8455284552845529,
    0.8235294117647058,
    0.5882352941176471,
    0.8626760563380281,
    0.8235294117647058,
    0.8148148148148148,
    0.8148148148148148,
    0.591304347826087,
    0.7213114754098361,
    0.5901639344262295,
    0.7707006369426752,
    0.5882352941176471,
    0.6,
    0.6153846153846154,
    0.8037383177570093,
    0.7692307692307693,
    0.8529411764705882,
    0.8260869565217391,
    0.8372093023255814,
    0.8527131782945736,
    0.8081534772182254,
    0.5875706214689266,
    0.8433734939759037,
    0.8433734939759037,
    0.8132992327365729,
    0.8292682926829268,
    0.5925925925925926,
    0.8292682926829268,
    0.8382352941176471,
    0.5957446808510638,
    0.6012269938650306
  ]
}