{
  "mean": 0.69,
  "count": 55,
  "sum": 38.19,
  "max": 0.85,
  "min": 0,
  "raw": [
    0.6078431372549019,
    0.8502415458937198,
    0.8524590163934426,
    0.819672131147541,
    0.588957055214724,
    0.8421052631578947,
    0.8374384236453202,
    0.8360655737704918,
    0.8539325842696629,
    0.8395061728395061,
    0,
    0,
    0.6105263157894737,
    0.6114649681528662,
    0,
    0.5925925925925926,
    0.5925925925925926,
    0.819672131147541,
    0.8376068376068376,
    0.5925925925925926,
    0.5925925925925926,
    0.8235294117647058,
    0.5925925925925926,
    0.5925925925925926,
    0.819672131147541,
    0.8181818181818182,
    0.8181818181818182,
    0.8148148148148148,
    0.8187919463087249,
    0.851063829787234,
    0.8148148148148148,
    0.8266666666666667,
    0.6081081081081081,
    0.5925925925925926,
    0.8354430379746836,
    0.5818181818181818,
    0.8344370860927153,
    0.8085106382978723,
    0.8235294117647058,
    0.8333333333333334,
    0.8181818181818182,
    0.8235294117647058,
    0.5853658536585366,
    0.8148148148148148,
    0.8324324324324325,
    0.8205128205128205,
    0.8235294117647058,
    0.5894736842105263,
    0.6521739130434783,
    0.8518518518518519,
    0.5925925925925926,
    0.8148148148148148,
    0.6666666666666666,
    0,
    0.8173913043478261
  ]
}