{
  "mean": 0.69,
  "count": 40,
  "sum": 27.48,
  "max": 0.89,
  "min": 0,
  "raw": [
    0.8148148148148148,
    0.8888888888888888,
    0.8888888888888888,
    0,
    0.8148148148148148,
    0.8148148148148148,
    0,
    0.5909090909090909,
    0.8565217391304348,
    0.8888888888888888,
    0.8148148148148148,
    0.8210526315789474,
    0.8235294117647058,
    0.8235294117647058,
    0.8235294117647058,
    0.8235294117647058,
    0.8235294117647058,
    0.8235294117647058,
    0.8235294117647058,
    0.8148148148148148,
    0.8148148148148148,
    0.8490566037735849,
    0.6779661016949152,
    0.8181818181818182,
    0.7950617283950617,
    0.8027397260273973,
    0.8235294117647058,
    0,
    0.7924528301886793,
    0.8210526315789474,
    0,
    0.8037135278514589,
    0.8148148148148148,
    0.5735294117647058,
    0,
    0.8148148148148148,
    0,
    0.8376068376068376,
    0.8292682926829268,
    0.8333333333333334
  ]
}