{
  "mean": 0.68,
  "count": 220,
  "sum": null,
  "max": 0.9,
  "min": 0,
  "raw": [
    0.5925925925925926,
    0.8514851485148515,
    0.42592592592592593,
    0.5977011494252874,
    0.8125,
    0.6078431372549019,
    0.8502415458937198,
    0.8524590163934426,
    0.819672131147541,
    0.588957055214724,
    0.8292682926829268,
    null,
    0.5882352941176471,
    0,
    0.8363636363636363,
    0.5648148148148148,
    0.8148148148148148,
    0.5901639344262295,
    0.8292682926829268,
    0.5806451612903226,
    null,
    0.5925925925925926,
    0.7855227882037533,
    0.5764192139737991,
    0.8148148148148148,
    0.8421052631578947,
    0.8374384236453202,
    0.8360655737704918,
    0.8539325842696629,
    0.8395061728395061,
    null,
    0.8352941176470589,
    0.847682119205298,
    0.8448275862068966,
    0,
    0.8266666666666667,
    0.8275862068965517,
    0.8171296296296297,
    0.5906040268456376,
    0,
    0.7692307692307693,
    0,
    0.7692307692307693,
    0.225,
    0.5742574257425742,
    0,
    0,
    0.6105263157894737,
    0.6114649681528662,
    0,
    0,
    0.819672131147541,
    0.8205128205128205,
    0.8387096774193549,
    0.8148148148148148,
    0.8448275862068966,
    0.5853658536585366,
    0.5925925925925926,
    0.8292682926829268,
    0.8292682926829268,
    0.8181818181818182,
    0.6129032258064516,
    0.8727272727272727,
    0.8544698544698545,
    0.6808510638297872,
    0,
    0.6666666666666666,
    0.8888888888888888,
    0.5925925925925926,
    0.5888077858880778,
    0.5925925925925926,
    0.5925925925925926,
    0.819672131147541,
    0.8376068376068376,
    0.5925925925925926,
    0.5925925925925926,
    0.8235294117647058,
    0.5925925925925926,
    0.5925925925925926,
    0.819672131147541,
    0.5909090909090909,
    0.5897435897435898,
    0.5925925925925926,
    0.5901639344262295,
    0.5882352941176471,
    0.8533333333333334,
    0.6470588235294118,
    0.5901639344262295,
    0.5882352941176471,
    0.5888594164456233,
    0.8121693121693122,
    0.5925925925925926,
    null,
    0.5901639344262295,
    0.5882352941176471,
    0.5925925925925926,
    0.6176470588235294,
    0.5925925925925926,
    0.5894736842105263,
    0.819672131147541,
    0.8618677042801557,
    0.5919395465994962,
    0.8386363636363636,
    0,
    0.8484848484848485,
    0,
    0.8780487804878049,
    0.8695652173913043,
    0.5721271393643031,
    0,
    0.8181818181818182,
    0.8181818181818182,
    0.8148148148148148,
    0.8187919463087249,
    0.851063829787234,
    0.8148148148148148,
    0.8266666666666667,
    0.6081081081081081,
    0.5925925925925926,
    0.8354430379746836,
    0.819672131147541,
    0.8148148148148148,
    0.819672131147541,
    0.6016260162601627,
    0.5875706214689266,
    0.8235294117647058,
    0.85,
    0.5866666666666667,
    0.8235294117647058,
    0.7037037037037037,
    0.8148148148148148,
    0.819672131147541,
    0.5882352941176471,
    0.5882352941176471,
    0.8235294117647058,
    0.5882352941176471,
    0.8248587570621468,
    0.8235294117647058,
    0.8181818181818182,
    0.8248587570621468,
    0.3148148148148148,
    0.8461538461538461,
    0.8666666666666667,
    0.8727272727272727,
    0.8431372549019608,
    0.865979381443299,
    0.7692307692307693,
    0.7692307692307693,
    0.8666666666666667,
    0.865979381443299,
    0.5818181818181818,
    0.8344370860927153,
    0.8085106382978723,
    0.8235294117647058,
    0.8333333333333334,
    0.8181818181818182,
    0.8235294117647058,
    0.5853658536585366,
    0.8148148148148148,
    0.8324324324324325,
    0.8235294117647058,
    0.8235294117647058,
    0.8235294117647058,
    0.8266666666666667,
    0.8609865470852018,
    0.8266666666666667,
    0.864406779661017,
    0.5827814569536424,
    0.545774647887324,
    0.5875706214689266,
    0.8235294117647058,
    0.8235294117647058,
    0.7692307692307693,
    0.5875706214689266,
    0.819672131147541,
    0.5882352941176471,
    0.5841584158415841,
    0.8333333333333334,
    0.8235294117647058,
    0.6,
    0.8148148148148148,
    0.8545454545454545,
    0.8888888888888888,
    0.8888888888888888,
    0.8,
    0,
    0.8,
    0.5783132530120482,
    0.9,
    0.8085106382978723,
    0.8205128205128205,
    0.8235294117647058,
    0.5894736842105263,
    0.6521739130434783,
    0.8518518518518519,
    0.5925925925925926,
    0.8148148148148148,
    0.6666666666666666,
    0,
    0.8173913043478261,
    0.8210526315789474,
    0.8292682926829268,
    0.5925925925925926,
    0.8333333333333334,
    0.8888888888888888,
    0.6086956521739131,
    0.5925925925925926,
    0,
    0.8333333333333334,
    0.8235294117647058,
    0.8165680473372781,
    0,
    0.5925925925925926,
    0.7628865979381443,
    0.704225352112676,
    0.8433734939759037,
    0.8148148148148148,
    0.8181818181818182,
    0.6,
    0.8148148148148148
  ]
}