{
  "mean": 0.73,
  "count": 25,
  "groupedCount": {
    "0.8307692307692308": 1,
    "0.8173913043478261": 1,
    "0.8187919463087249": 1,
    "0.8299776286353467": 1,
    "0.5853658536585366": 1,
    "0.8235294117647058": 4,
    "0.5882352941176471": 1,
    "0.8626760563380281": 1,
    "0.8148148148148148": 2,
    "0.5875706214689266": 1,
    "0.8433734939759037": 2,
    "0.8132992327365729": 1,
    "0.8292682926829268": 1,
    "null": 1,
    "0.574585635359116": 1,
    "0.6022727272727273": 1,
    "0.8217054263565892": 1,
    "0.6296296296296297": 1,
    "0.5911330049261084": 1,
    "0.819672131147541": 1
  },
  "raw": [
    0.8307692307692308,
    0.8173913043478261,
    0.8187919463087249,
    0.8299776286353467,
    0.5853658536585366,
    0.8235294117647058,
    0.5882352941176471,
    0.8626760563380281,
    0.8235294117647058,
    0.8148148148148148,
    0.5875706214689266,
    0.8433734939759037,
    0.8433734939759037,
    0.8132992327365729,
    0.8292682926829268,
    0.8235294117647058,
    null,
    0.574585635359116,
    0.6022727272727273,
    0.8217054263565892,
    0.6296296296296297,
    0.5911330049261084,
    0.819672131147541,
    0.8148148148148148,
    0.8235294117647058
  ]
}