{
  "mean": 0.81,
  "count": 30,
  "groupedCount": {
    "0.8148148148148148": 5,
    "0.8210526315789474": 2,
    "0.8235294117647058": 8,
    "0.8490566037735849": 1,
    "0.6779661016949152": 1,
    "0.8181818181818182": 1,
    "0.7925925925925926": 1,
    "0.8": 1,
    "0.8081841432225064": 1,
    "0.7924528301886793": 1,
    "0.7979539641943734": 3,
    "0.8074866310160428": 1,
    "0.8016085790884718": 1,
    "0.8376068376068376": 1,
    "0.8292682926829268": 1,
    "0.8333333333333334": 1
  },
  "raw": [
    0.8148148148148148,
    0.8210526315789474,
    0.8235294117647058,
    0.8235294117647058,
    0.8235294117647058,
    0.8235294117647058,
    0.8235294117647058,
    0.8235294117647058,
    0.8235294117647058,
    0.8148148148148148,
    0.8148148148148148,
    0.8490566037735849,
    0.6779661016949152,
    0.8181818181818182,
    0.7925925925925926,
    0.8,
    0.8235294117647058,
    0.8081841432225064,
    0.7924528301886793,
    0.8210526315789474,
    0.7979539641943734,
    0.8074866310160428,
    0.8148148148148148,
    0.7979539641943734,
    0.8016085790884718,
    0.8148148148148148,
    0.7979539641943734,
    0.8376068376068376,
    0.8292682926829268,
    0.8333333333333334
  ]
}