{
  "mean": 0.75,
  "count": 60,
  "groupedCount": {
    "0.5925925925925926": 5,
    "0.8514851485148515": 1,
    "0.5898123324396782": 1,
    "0.5977011494252874": 1,
    "0.8125": 1,
    "0.6078431372549019": 1,
    "0.8502415458937198": 1,
    "0.8524590163934426": 1,
    "0.819672131147541": 1,
    "0.588957055214724": 1,
    "0.8292682926829268": 3,
    "0.8194444444444444": 1,
    "0.5882352941176471": 1,
    "0.8029925187032418": 1,
    "0.8363636363636363": 1,
    "0.5648148148148148": 1,
    "0.8148148148148148": 5,
    "0.5901639344262295": 1,
    "0.5806451612903226": 1,
    "0.8545454545454545": 1,
    "0.8888888888888888": 3,
    "0.8": 2,
    "0.5779376498800959": 1,
    "0.5783132530120482": 1,
    "0.9": 1,
    "0.8085106382978723": 1,
    "0.8205128205128205": 1,
    "0.8235294117647058": 2,
    "0.5894736842105263": 1,
    "0.6521739130434783": 1,
    "0.8518518518518519": 1,
    "0.6666666666666666": 1,
    "0.7904509283819628": 1,
    "0.8173913043478261": 1,
    "0.8210526315789474": 1,
    "0.8333333333333334": 2,
    "0.6086956521739131": 1,
    "0.8186666666666667": 1,
    "0.8165680473372781": 1,
    "0.8226600985221675": 1,
    "0.7979539641943734": 1,
    "0.704225352112676": 1,
    "0.8433734939759037": 1,
    "0.8181818181818182": 1,
    "0.6": 1
  },
  "raw": [
    0.5925925925925926,
    0.8514851485148515,
    0.5898123324396782,
    0.5977011494252874,
    0.8125,
    0.6078431372549019,
    0.8502415458937198,
    0.8524590163934426,
    0.819672131147541,
    0.588957055214724,
    0.8292682926829268,
    0.8194444444444444,
    0.5882352941176471,
    0.8029925187032418,
    0.8363636363636363,
    0.5648148148148148,
    0.8148148148148148,
    0.5901639344262295,
    0.8292682926829268,
    0.5806451612903226,
    0.8148148148148148,
    0.8545454545454545,
    0.8888888888888888,
    0.8888888888888888,
    0.8,
    0.5779376498800959,
    0.8,
    0.5783132530120482,
    0.9,
    0.8085106382978723,
    0.8205128205128205,
    0.8235294117647058,
    0.5894736842105263,
    0.6521739130434783,
    0.8518518518518519,
    0.5925925925925926,
    0.8148148148148148,
    0.6666666666666666,
    0.7904509283819628,
    0.8173913043478261,
    0.8210526315789474,
    0.8292682926829268,
    0.5925925925925926,
    0.8333333333333334,
    0.8888888888888888,
    0.6086956521739131,
    0.5925925925925926,
    0.8186666666666667,
    0.8333333333333334,
    0.8235294117647058,
    0.8165680473372781,
    0.8226600985221675,
    0.5925925925925926,
    0.7979539641943734,
    0.704225352112676,
    0.8433734939759037,
    0.8148148148148148,
    0.8181818181818182,
    0.6,
    0.8148148148148148
  ]
}