{
  "mean": 0.99,
  "count": 40,
  "sum": 39.42,
  "max": 1,
  "min": 0.74,
  "raw": [
    1,
    1,
    1,
    0.9924050632911392,
    1,
    1,
    0.9924050632911392,
    0.7435897435897436,
    0.9949494949494949,
    1,
    1,
    1,
    1,
    1,
    1,
    1,
    1,
    1,
    1,
    1,
    1,
    1,
    0.8148148148148148,
    1,
    0.9806094182825484,
    0.9876923076923076,
    1,
    0.9767441860465116,
    1,
    1,
    0.9885386819484241,
    0.9880597014925373,
    1,
    0.9885386819484241,
    0.987987987987988,
    1,
    0.9885386819484241,
    1,
    1,
    1
  ]
}