{
  "mean": 0.78,
  "count": 25,
  "groupedCount": {
    "0.8292682926829268": 2,
    "0.8194444444444444": 1,
    "0.5882352941176471": 1,
    "0.8029925187032418": 1,
    "0.8363636363636363": 1,
    "0.8037825059101655": 1,
    "0.8352941176470589": 1,
    "0.847682119205298": 1,
    "0.8448275862068966": 1,
    "0.589041095890411": 1,
    "0.8257756563245824": 1,
    "0.819672131147541": 1,
    "0.8205128205128205": 1,
    "0.8387096774193549": 1,
    "0.8148148148148148": 1,
    "0.8210526315789474": 1,
    "0.5925925925925926": 2,
    "0.8333333333333334": 2,
    "0.8888888888888888": 1,
    "0.6086956521739131": 1,
    "0.8186666666666667": 1,
    "0.8235294117647058": 1
  },
  "raw": [
    0.8292682926829268,
    0.8194444444444444,
    0.5882352941176471,
    0.8029925187032418,
    0.8363636363636363,
    0.8037825059101655,
    0.8352941176470589,
    0.847682119205298,
    0.8448275862068966,
    0.589041095890411,
    0.8257756563245824,
    0.819672131147541,
    0.8205128205128205,
    0.8387096774193549,
    0.8148148148148148,
    0.8210526315789474,
    0.8292682926829268,
    0.5925925925925926,
    0.8333333333333334,
    0.8888888888888888,
    0.6086956521739131,
    0.5925925925925926,
    0.8186666666666667,
    0.8333333333333334,
    0.8235294117647058
  ]
}