{
  "mean": 0.08,
  "count": 40,
  "sum": 3.21,
  "max": 0.15,
  "min": 0.05,
  "raw": [
    0.11088,
    0.09698999999999999,
    0.12503999999999998,
    0.11316,
    0.09720000000000001,
    0.11334,
    0.14397,
    0.11379,
    0.13056,
    0.14787,
    0.04683,
    0.06294,
    0.06195,
    0.04572,
    0.05946,
    0.060689999999999994,
    0.060719999999999996,
    0.06357,
    0.062009999999999996,
    0.05967,
    0.06396,
    0.06513,
    0.06437999999999999,
    0.06473999999999999,
    0.06342,
    0.06692999999999999,
    0.06489,
    0.08331,
    0.08304,
    0.0678,
    0.07206000000000001,
    0.05673,
    0.06837,
    0.08954999999999999,
    0.09068999999999999,
    0.07155,
    0.09009,
    0.07086,
    0.06963,
    0.07098
  ]
}