{
  "mean": 8.21,
  "count": 25,
  "sum": 205.33,
  "max": 25,
  "min": 3,
  "raw": [
    5,
    9,
    8,
    7,
    6.333333333333333,
    6.333333333333333,
    3,
    5.5,
    6.333333333333333,
    6.333333333333333,
    8,
    6.333333333333333,
    7.5,
    9,
    4.666666666666667,
    4,
    3.5,
    14,
    14.333333333333334,
    3,
    6.666666666666667,
    4,
    25,
    7.5,
    25
  ]
}