{
  "mean": 0.8,
  "count": 15,
  "groupedCount": {
    "0.8448275862068966": 2,
    "0.8292682926829268": 1,
    "0.8194444444444444": 1,
    "0.8235294117647058": 3,
    "0.8409090909090909": 1,
    "0.8037825059101655": 1,
    "0.8352941176470589": 1,
    "0.847682119205298": 1,
    "0.589041095890411": 1,
    "0.5882352941176471": 1,
    "0.8626760563380281": 1,
    "0.8148148148148148": 1
  },
  "raw": [
    0.8448275862068966,
    0.8292682926829268,
    0.8194444444444444,
    0.8235294117647058,
    0.8409090909090909,
    0.8037825059101655,
    0.8352941176470589,
    0.847682119205298,
    0.8448275862068966,
    0.589041095890411,
    0.8235294117647058,
    0.5882352941176471,
    0.8626760563380281,
    0.8235294117647058,
    0.8148148148148148
  ]
}