{
  "ValidPrograms": [
    null,
    0,
    0,
    0,
    0,
    0,
    0,
    0,
    null,
    0,
    0,
    0,
    0,
    null,
    0,
    0,
    0,
    0,
    1,
    0,
    null,
    null,
    null,
    0,
    0,
    0,
    0,
    0,
    null,
    0
  ],
  "RemainingAttemptCount": [
    null,
    0,
    0,
    0,
    0,
    0,
    0,
    0,
    null,
    0,
    0,
    0,
    0,
    null,
    0,
    0,
    0,
    0,
    4,
    0,
    null,
    null,
    null,
    0,
    0,
    0,
    0,
    0,
    null,
    0
  ],
  "RemovedDataClumps": [
    0,
    3.49075094828504,
    6.372321688286249,
    6.372321688286249,
    5.79460499957294,
    5.79460499957294,
    5.79460499957294,
    5.79460499957294,
    0,
    5.79460499957294,
    5.79460499957294,
    5.79460499957294,
    5.79460499957294,
    0,
    5.79460499957294,
    5.79460499957294,
    5.79460499957294,
    3.482378275624839,
    0,
    0,
    0,
    0,
    0,
    5.79460499957294,
    0.008135460478342793,
    5.79460499957294,
    0,
    0,
    0,
    5.79460499957294
  ],
  "GitChanges": [
    0,
    34,
    1158,
    923,
    188,
    731,
    188,
    188,
    0,
    189,
    723,
    195,
    188,
    0,
    691,
    187,
    172,
    49,
    5,
    12,
    0,
    0,
    0,
    192,
    55,
    387,
    0,
    92,
    0,
    211
  ],
  "CommentOut": [
    null,
    0.5,
    0.4666666666666667,
    0.5357142857142857,
    0.41666666666666663,
    0.03703703703703709,
    0.41666666666666663,
    0.41666666666666663,
    null,
    0.41666666666666663,
    0.08333333333333337,
    0.41666666666666663,
    0.41666666666666663,
    null,
    0.3076923076923077,
    0.41666666666666663,
    0.5789473684210527,
    0.2727272727272727,
    1,
    1,
    null,
    null,
    null,
    0.4545454545454546,
    0.6666666666666667,
    0.4285714285714286,
    0.6,
    0.8333333333333334,
    null,
    1
  ],
  "ValidJSON": [
    1,
    0.8333333333333334,
    0.6666666666666666,
    0.8333333333333334,
    1,
    1,
    1,
    1,
    1,
    1,
    1,
    1,
    1,
    1,
    1,
    1,
    0.8333333333333334,
    0.8333333333333334,
    0.5,
    0.8333333333333334,
    1,
    1,
    1,
    0.8333333333333334,
    1,
    1,
    0.8333333333333334,
    1,
    1,
    1
  ],
  "NonEmptyResponse": [
    0,
    0.8333333333333334,
    0.6666666666666667,
    1,
    1,
    1,
    1,
    1,
    0,
    1,
    1,
    1,
    1,
    0,
    1,
    1,
    1,
    0.8333333333333334,
    0.5,
    0.8333333333333334,
    0,
    0,
    0,
    0.8333333333333334,
    1,
    1,
    0.8333333333333334,
    1,
    0,
    1
  ],
  "ResponseSizeDecrease": [
    null,
    4.569354222392052,
    3.811531007751938,
    2.9712647796488714,
    2.860248447204969,
    12.946118721461188,
    2.889189189189189,
    2.853837597330367,
    null,
    2.858980044345898,
    6.961739423563121,
    15.235571260306243,
    2.8808567603748325,
    null,
    7.493306801736614,
    2.7790294627383014,
    2.3070182301854314,
    2.4117341640706127,
    0.9909977494373593,
    0.08567208271787297,
    null,
    null,
    null,
    3.174724748683581,
    1.5682582380632146,
    10.045897644191713,
    0,
    0.46558120362737015,
    null,
    4.201420598680873
  ],
  "RichClass": [
    null,
    0,
    0,
    0,
    null,
    0,
    null,
    null,
    null,
    null,
    0,
    0,
    null,
    null,
    null,
    null,
    null,
    0,
    0,
    0,
    null,
    null,
    null,
    0,
    null,
    0,
    0,
    0,
    0,
    0
  ],
  "ReferenceErrorOnly": [
    null,
    0,
    0.5,
    0.5,
    0,
    0.6666666666666666,
    0,
    0,
    null,
    0,
    0,
    0,
    0,
    null,
    0,
    0,
    0.3333333333333333,
    0,
    1,
    0,
    null,
    null,
    null,
    0.3333333333333333,
    0,
    0,
    0,
    0,
    null,
    0
  ],
  "RemovedVariables": [
    0,
    244,
    359,
    354,
    324,
    324,
    324,
    324,
    0,
    324,
    323,
    324,
    324,
    0,
    324,
    324,
    324,
    219,
    0,
    0,
    0,
    0,
    0,
    324,
    25,
    324,
    0,
    0,
    0,
    324
  ],
  "InstructionChangeType=None": [
    null,
    0.125,
    0.4666666666666667,
    0.18518518518518517,
    0.08333333333333333,
    0.7407407407407407,
    0.08333333333333333,
    0.08333333333333333,
    null,
    0.08333333333333333,
    0.25,
    0.25,
    0.08333333333333333,
    null,
    0.23076923076923078,
    0.08333333333333333,
    0.2222222222222222,
    0.09090909090909091,
    0,
    0.2,
    null,
    null,
    null,
    0.18181818181818182,
    0.6666666666666666,
    0.21428571428571427,
    0,
    0,
    null,
    0.45
  ],
  "InstructionChangeType=ReplaceText": [
    null,
    0,
    0,
    0.07407407407407407,
    0,
    0,
    0,
    0,
    null,
    0,
    0,
    0,
    0,
    null,
    0,
    0,
    0.05555555555555555,
    0.18181818181818182,
    0,
    0,
    null,
    null,
    null,
    0,
    0,
    0,
    0,
    0,
    null,
    0
  ],
  "InstructionChangeType=SpecificLine": [
    null,
    0.5,
    0.5333333333333333,
    0.7037037037037037,
    0.5,
    0.2222222222222222,
    0.5,
    0.5,
    null,
    0.5,
    0.75,
    0.4166666666666667,
    0.5,
    null,
    0.7692307692307693,
    0.5,
    0.7222222222222222,
    0.45454545454545453,
    1,
    0,
    null,
    null,
    null,
    0.8181818181818182,
    0,
    0.5714285714285714,
    0,
    0.16666666666666666,
    null,
    0.55
  ],
  "InstructionChangeType=SpecificLineAll": [
    null,
    0,
    0,
    0.037037037037037035,
    0,
    0.037037037037037035,
    0,
    0,
    null,
    0,
    0,
    0,
    0,
    null,
    0,
    0,
    0,
    0,
    0,
    0,
    null,
    null,
    null,
    0,
    0,
    0,
    0,
    0,
    null,
    0
  ],
  "InstructionChangeType=NoneButReplace": [
    null,
    0.375,
    0,
    0,
    0.4166666666666667,
    0,
    0.4166666666666667,
    0.4166666666666667,
    null,
    0.4166666666666667,
    0,
    0.3333333333333333,
    0.4166666666666667,
    null,
    0,
    0.4166666666666667,
    0,
    0.2727272727272727,
    0,
    0.8,
    null,
    null,
    null,
    0,
    0.3333333333333333,
    0.21428571428571427,
    1,
    0.8333333333333334,
    null,
    0
  ],
  "DataClumpSize": [
    25,
    3,
    7,
    3,
    4,
    5,
    3,
    25,
    3,
    3,
    5,
    4,
    3,
    3,
    3,
    3,
    3,
    3,
    25,
    3,
    3,
    5,
    4,
    3,
    3,
    3,
    3,
    3,
    3,
    7,
    4,
    3,
    3,
    25,
    3,
    3,
    5,
    4,
    3,
    3,
    3,
    3,
    3,
    3,
    25,
    3,
    3,
    5,
    4,
    3,
    3,
    3,
    3,
    3,
    3,
    7,
    4,
    25,
    3,
    3,
    5,
    4,
    3,
    3,
    3,
    3,
    3,
    3,
    25,
    3,
    3,
    5,
    4,
    3,
    3,
    3,
    3,
    3,
    3,
    25,
    3,
    3,
    5,
    4,
    3,
    3,
    3,
    3,
    3,
    3,
    25,
    3,
    3,
    5,
    4,
    3,
    3,
    3,
    3,
    3,
    3,
    7,
    4,
    4,
    6,
    5,
    25,
    3,
    3,
    5,
    4,
    3,
    3,
    3,
    3,
    3,
    3,
    25,
    3,
    3,
    5,
    4,
    3,
    3,
    3,
    3,
    3,
    3,
    25,
    3,
    3,
    5,
    4,
    3,
    3,
    3,
    3,
    3,
    3,
    7,
    4,
    3,
    4,
    6,
    5,
    25,
    3,
    3,
    5,
    4,
    3,
    3,
    3,
    3,
    3,
    3,
    25,
    5,
    4,
    3,
    3,
    3,
    3,
    3,
    3,
    7,
    3,
    4,
    25,
    3,
    7,
    3,
    4,
    5,
    25,
    25,
    25,
    5,
    4,
    3,
    3,
    3,
    25,
    25,
    3,
    3,
    5,
    4,
    3,
    3,
    3,
    3,
    3,
    3,
    7,
    4,
    25,
    25,
    5,
    4,
    3,
    3,
    7,
    3
  ],