{
  "instanceType": "refactor",
  "instructionType": "exampleBased",
  "includeUsages": "withUsages",
  "temperature": 0.5,
  "inputFormat": "instructionSnippet",
  "margin": 2,
  "model": "gpt-4-1106-preview",
  "iteration": 6,
  "projectName": "dolphinscheduler",
  "metrics": {
    "ValidPrograms": 0,
    "RemainingAttemptCount": 0,
    "RemovedDataClumps": null,
    "GitChanges": 50,
    "CommentOut": 1,
    "ValidJSON": 0.6666666666666666,
    "EmptyResponse": 0.6666666666666667,
    "ResponseSizeDecrease": 1.1330177514792898,
    "RichClass": 1,
    "HarmlessErrorCategory": 0.3333333333333333,
    "DataClumpSize": [
      3,
      3,
      3,
      3,
      3,
      3,
      3
    ],
    "DataClumpOccurence": [
      2,
      92,
      5,
      2,
      2,
      3,
      2
    ],
    "ParametersToParameters": [
      1,
      1,
      1,
      0,
      0,
      0,
      0
    ],
    "FieldToField": [
      0,
      0,
      0,
      1,
      0,
      0,
      1
    ],
    "PreferNonPublic": [
      0,
      0,
      0,
      1,
      0,
      0,
      1
    ],
    "PrimitiveTypes": [
      0.6666666666666666,
      0.3333333333333333,
      0.6666666666666666,
      0.6666666666666666,
      0.3333333333333333,
      1,
      1
    ],
    "AffectedFiles": [
      1,
      3,
      4,
      2,
      3,
      2,
      2
    ],
    "ChangeType=None": 0.3076923076923077,
    "ChangeType=ReplaceText": 0.28205128205128205,
    "ChangeType=SpecificLine": 0.358974358974359,
    "ChangeType=SpecificLineAll": 0.05128205128205128,
    "ChangeType=NoneButReplace": 0
  }
}