{
  "mean": 0.45454545454545453,
  "median": 0,
  "variance": 0.2479338842975206,
  "count": 5,
  "groupedCount": {
    "0": 6,
    "1": 5
  }
}