{
  "mean": 1.8,
  "count": 90,
  "sum": 161.67,
  "max": 3.33,
  "min": 0,
  "raw": [
    2,
    2,
    2,
    2,
    2,
    2,
    2,
    2,
    2,
    2,
    2,
    2,
    2,
    2,
    2,
    2,
    2,
    2,
    2,
    2,
    2,
    2,
    2,
    2,
    2,
    2,
    2,
    2,
    2,
    2,
    1.6666666666666667,
    1.6666666666666667,
    1.6666666666666667,
    1.6666666666666667,
    1.6666666666666667,
    1.6666666666666667,
    1.6666666666666667,
    1.6666666666666667,
    1.6666666666666667,
    1.6666666666666667,
    1.6666666666666667,
    1.6666666666666667,
    1.6666666666666667,
    1.6666666666666667,
    1.6666666666666667,
    1.6666666666666667,
    1.6666666666666667,
    1.6666666666666667,
    1.6666666666666667,
    1.6666666666666667,
    1.6666666666666667,
    2.6666666666666665,
    1.6666666666666667,
    1.6666666666666667,
    1.6666666666666667,
    1.6666666666666667,
    1.6666666666666667,
    1.6666666666666667,
    1.6666666666666667,
    1.6666666666666667,
    3.3333333333333335,
    1.3333333333333333,
    1.3333333333333333,
    1.3333333333333333,
    1.3333333333333333,
    1.3333333333333333,
    1.3333333333333333,
    1.3333333333333333,
    3.3333333333333335,
    1.3333333333333333,
    1.3333333333333333,
    1.3333333333333333,
    1.3333333333333333,
    1.3333333333333333,
    1.3333333333333333,
    3.3333333333333335,
    3.3333333333333335,
    1.3333333333333333,
    1.3333333333333333,
    1.3333333333333333,
    1.3333333333333333,
    1.3333333333333333,
    1.3333333333333333,
    1.3333333333333333,
    1.3333333333333333,
    3.3333333333333335,
    null,
    3.3333333333333335,
    1.3333333333333333,
    1.3333333333333333
  ]
}