{
  "mean": 0.62,
  "count": 90,
  "sum": 55.83,
  "max": 1,
  "min": 0,
  "raw": [
    1,
    1,
    1,
    1,
    1,
    1,
    1,
    1,
    1,
    1,
    1,
    1,
    1,
    1,
    1,
    1,
    1,
    1,
    1,
    1,
    1,
    1,
    1,
    1,
    1,
    1,
    1,
    1,
    1,
    1,
    0,
    0,
    0,
    0,
    0,
    0,
    0,
    0,
    0,
    0,
    0,
    0,
    0.6666666666666667,
    0,
    0,
    0,
    1,
    0,
    0,
    0,
    0.8333333333333334,
    0,
    0,
    1,
    0,
    0,
    1,
    0,
    0,
    0,
    0,
    0.8333333333333334,
    0.6666666666666667,
    1,
    1,
    1,
    1,
    1,
    0,
    1,
    1,
    1,
    1,
    0,
    1,
    1,
    1,
    0.8333333333333334,
    0.5,
    0.8333333333333334,
    0,
    0,
    0,
    0.8333333333333334,
    1,
    1,
    0.8333333333333334,
    1,
    0,
    1
  ]
}