{
  "mean": 0.77,
  "count": 40,
  "sum": 30.97,
  "max": 1,
  "min": 0,
  "raw": [
    1,
    0,
    0,
    0,
    1,
    0.8888888888888888,
    1,
    1,
    0,
    1,
    1,
    1,
    1,
    0,
    0.5,
    1,
    1,
    0,
    0.875,
    1,
    1,
    1,
    1,
    1,
    0,
    0,
    1,
    0.8333333333333334,
    1,
    1,
    1,
    1,
    1,
    0.875,
    1,
    1,
    1,
    1,
    1,
    1
  ]
}