{
  "Surety": {
    "0": 5,
    "1": 38,
    "2": 19,
    "3": 17,
    "4": 6,
    "5": 7,
    "6": 5,
    "7": 2,
    "-12": 1,
    "-0.75": 10,
    "-8.5": 1,
    "-6": 1,
    "3.25": 3,
    "3.75": 1,
    "3.5": 3,
    "-7.75": 1,
    "-1.5": 2,
    "-2.75": 1,
    "1.5": 8,
    "4.25": 1,
    "0.75": 20,
    "5.75": 2,
    "2.75": 2,
    "1.75": 7,
    "2.5": 3,
    "4.5": 2,
    "2.25": 3,
    "-1.75": 1,
    "5.5": 3,
    "4.75": 1,
    "-0.25": 2,
    "1.25": 1,
    "5.25": 1
  },
  "OutputFormatCorrectness": {
    "0.6410256410256411": 1,
    "0.6153846153846154": 2,
    "0.5920679886685553": 1,
    "0.5925925925925926": 10,
    "0.581453634085213": 1,
    "0.8524590163934426": 2,
    "0.8448275862068966": 1,
    "0.8472222222222222": 2,
    "0.8502415458937198": 2,
    "0.8484848484848485": 1,
    "0.7980997624703088": 1,
    "0.8246445497630331": 1,
    "0.5770171149144254": 1,
    "0.5853658536585366": 3,
    "0.7577937649880095": 1,
    "0.5827338129496403": 1,
    "0.8376068376068376": 2,
    "0.8514851485148515": 1,
    "0.5898123324396782": 1,
    "0.5977011494252874": 1,
    "0.8125": 1,
    "0.6078431372549019": 1,
    "0.819672131147541": 3,
    "0.588957055214724": 1,
    "0.8292682926829268": 4,
    "0.8194444444444444": 1,
    "0.5882352941176471": 1,
    "0.8029925187032418": 1,
    "0.8363636363636363": 1,
    "0.5648148148148148": 1,
    "0.8148148148148148": 20,
    "0.5901639344262295": 4,
    "0.5806451612903226": 1,
    "NaN": 4,
    "0.5740740740740741": 1,
    "0.8235294117647058": 15,
    "0.8256880733944955": 1,
    "0.8529411764705882": 1,
    "0.6296296296296297": 2,
    "0.8395061728395061": 1,
    "0.8307692307692308": 1,
    "0.8173913043478261": 2,
    "0.8187919463087249": 1,
    "0.8299776286353467": 1,
    "0.8333333333333334": 4,
    "0.8888888888888888": 9,
    "0.8552631578947368": 3,
    "0.5909090909090909": 1,
    "0.8210526315789474": 3,
    "0.8490566037735849": 1,
    "0.6779661016949152": 1,
    "0.8181818181818182": 2,
    "0.7925925925925926": 1,
    "0.8": 4,
    "0.8081841432225064": 1,
    "0.7924528301886793": 1,
    "0.7979539641943734": 4,
    "0.8074866310160428": 1,
    "0.8016085790884718": 1,
    "0.8545454545454545": 1,
    "0.5779376498800959": 1,
    "0.5783132530120482": 1,
    "0.9": 1,
    "0.8085106382978723": 2,
    "0.8205128205128205": 1,
    "0.5894736842105263": 1,
    "0.6521739130434783": 1,
    "0.8518518518518519": 2,
    "0.6666666666666666": 1,
    "0.7904509283819628": 1,
    "0.6086956521739131": 1,
    "0.8186666666666667": 1,
    "0.8165680473372781": 1,
    "0.8226600985221675": 1,
    "0.704225352112676": 1,
    "0.8433734939759037": 1,
    "0.6": 2,
    "0.8314606741573034": 1,
    "0.575": 1,
    "0.594059405940594": 1,
    "0.9230769230769231": 1,
    "0.8397435897435898": 1,
    "0.8703703703703703": 1,
    "0.8585858585858586": 1,
    "0.574585635359116": 1,
    "0.6022727272727273": 1,
    "0.8217054263565892": 1,
    "0.5911330049261084": 1,
    "0.6133333333333333": 1,
    "0.8634146341463415": 1,
    "0.8074534161490683": 1,
    "0.5797101449275363": 1,
    "0.8423645320197044": 1
  },
  "InvalidJSON": {
    "0": 31,
    "1": 149
  },
  "DataClumpSize_mean": {
    "0": 4,
    "3": 20,
    "4": 12,
    "5": 14,
    "6": 1,
    "7": 3,
    "8": 6,
    "9": 9,
    "11": 8,
    "12": 9,
    "14": 1,
    "15": 19,
    "25": 12,
    "10.333333333333334": 2,
    "4.666666666666667": 5,
    "3.6666666666666665": 3,
    "5.4": 1,
    "3.2857142857142856": 3,
    "6.333333333333333": 4,
    "5.666666666666667": 1,
    "7.5": 4,
    "6.6": 1,
    "3.3333333333333335": 5,
    "5.75": 2,
    "4.857142857142857": 1,
    "10.857142857142858": 1,
    "3.375": 3,
    "3.4285714285714284": 1,
    "5.25": 1,
    "22.625": 1,
    "3.8": 1,
    "6.666666666666667": 4,
    "9.5": 1,
    "3.5714285714285716": 1,
    "3.5": 2,
    "3.2": 1,
    "13.5": 1,
    "3.4": 1,
    "8.4": 1,
    "3.25": 1,
    "19.5": 1,
    "14.333333333333334": 1,
    "4.5": 4,
    "4.714285714285714": 1,
    "19.666666666666668": 1,
    "9.8": 1
  },
  "DataClumpOccurence_mean": {
    "0": 4,
    "1": 2,
    "2": 53,
    "3": 5,
    "4": 10,
    "6": 22,
    "8": 2,
    "15": 1,
    "16": 4,
    "17": 1,
    "21": 4,
    "22": 1,
    "23": 1,
    "30": 6,
    "47": 1,
    "97": 1,
    "241": 1,
    "279": 1,
    "287": 5,
    "434": 2,
    "833": 1,
    "1436": 1,
    "3558": 1,
    "44.666666666666664": 1,
    "6.333333333333333": 2,
    "40.8": 1,
    "5.333333333333333": 1,
    "35.333333333333336": 1,
    "39.5": 1,
    "24.666666666666668": 2,
    "4.8": 1,
    "31.714285714285715": 1,
    "2.6666666666666665": 1,
    "25.333333333333332": 1,
    "15.5": 1,
    "26.4": 1,
    "278.6666666666667": 1,
    "121.33333333333333": 1,
    "96.66666666666667": 1,
    "20.25": 1,
    "2.3333333333333335": 1,
    "16.666666666666668": 1,
    "20.666666666666668": 1,
    "25.428571428571427": 1,
    "13.428571428571429": 1,
    "293.6666666666667": 1,
    "12.666666666666666": 2,
    "19.714285714285715": 1,
    "23.142857142857142": 2,
    "73.6": 1,
    "14.833333333333334": 1,
    "1.75": 1,
    "541.4285714285714": 1,
    "380.75": 1,
    "26.333333333333332": 1,
    "27.6": 1,
    "18.8": 2,
    "27.8": 1,
    "35.666666666666664": 1,
    "718.8": 1,
    "49.416666666666664": 1,
    "38.5": 1,
    "1.5": 2,
    "26.5": 1,
    "8.75": 1,
    "20.285714285714285": 1,
    "24.5": 1
  },
  "FieldToField_mean": {
    "0": 134,
    "1": 18,
    "0.07692307692307693": 1,
    "0.5": 8,
    "0.3333333333333333": 9,
    "0.14285714285714285": 1,
    "0.1": 1,
    "0.2": 1,
    "0.125": 3,
    "0.1111111111111111": 1,
    "0.75": 1,
    "0.16666666666666666": 1,
    "0.4": 1
  },
  "ParametersToParameters_mean": {
    "0": 29,
    "1": 116,
    "0.9444444444444444": 1,
    "0.9230769230769231": 1,
    "0.5": 8,
    "0.6666666666666666": 10,
    "0.8571428571428571": 2,
    "0.8333333333333334": 2,
    "0.9": 1,
    "0.8": 1,
    "0.875": 6,
    "0.8888888888888888": 1,
    "0.08333333333333333": 1,
    "0.6": 1
  },
  "DataClumpSize_count": {
    "0": 4,
    "1": 64,
    "2": 35,
    "3": 32,
    "4": 8,
    "5": 11,
    "6": 9,
    "7": 8,
    "8": 5,
    "9": 1,
    "12": 2,
    "18": 1
  },
  "DataClumpOccurence_count": {
    "0": 4,
    "1": 64,
    "2": 35,
    "3": 32,
    "4": 8,
    "5": 11,
    "6": 9,
    "7": 8,
    "8": 5,
    "9": 1,
    "12": 2,
    "18": 1
  },
  "FieldToField_count": {
    "0": 4,
    "1": 63,
    "2": 36,
    "3": 30,
    "4": 9,
    "5": 11,
    "6": 8,
    "7": 7,
    "8": 7,
    "9": 1,
    "10": 1,
    "12": 1,
    "13": 1,
    "18": 1
  },
  "ParametersToParameters_count": {
    "0": 4,
    "1": 63,
    "2": 36,
    "3": 30,
    "4": 9,
    "5": 11,
    "6": 8,
    "7": 7,
    "8": 7,
    "9": 1,
    "10": 1,
    "12": 1,
    "13": 1,
    "18": 1
  },
  "DataClumpSize_groupedCount": {
    "[object Object]": 180
  },
  "DataClumpOccurence_groupedCount": {
    "[object Object]": 180
  },
  "FieldToField_groupedCount": {
    "[object Object]": 180
  },
  "ParametersToParameters_groupedCount": {
    "[object Object]": 180
  },
  "DataClumpSize_raw": {
    "3": 16,
    "4": 5,
    "5": 9,
    "11": 5,
    "12": 6,
    "15": 15,
    "25": 8,
    "11,11,11,11,11,11,11,11,11,11,11,11,11,11,11,11,11,11": 1,
    "3,11,11,11,11,11,11,11,11,11,11,11": 1,
    "11,11,11,11,11,11,11,11": 1,
    "5,11": 6,
    "5,11,11": 8,
    "5,11,3,3,3,3": 4,
    "5,11,3,3,3": 2,
    "3,5,11,3,3,3": 1,
    "5,3,3": 2,
    "11,11,11,11,5,11,11,11,11": 1,
    "11,3,3,3": 1,
    "5,3": 2,
    "5,5,3,3,11": 1,
    "5,3,3,3,3,3,3": 1,
    "3,5": 4,
    "": 4,
    "3,11": 1,
    "3,5,11": 1,
    "11,3,3": 1,
    "5,11,11,3": 1,
    "5,11,3,11,3": 1,
    "15,15": 4,
    "15,3,3": 1,
    "3,3,4": 2,
    "3,3,3": 4,
    "3,5,3": 1,
    "12,4,3,4": 1,
    "3,6,3": 1,
    "3,4,3": 3,
    "3,3,12": 1,
    "3,3,3,12,4,4,5": 1,
    "12,12,12,12,12,12,4": 1,
    "12,12,12,12,12": 1,
    "3,4,12": 2,