{
  "mean": 7.05,
  "count": 25,
  "sum": 176.17,
  "max": 25,
  "min": 3,
  "raw": [
    9,
    9,
    8,
    4,
    5.4,
    6.333333333333333,
    8.2,
    5.5,
    7,
    5.666666666666667,
    6,
    8.2,
    6.333333333333333,
    7.5,
    5,
    3.8,
    5,
    6.666666666666667,
    12,
    9.5,
    3,
    3,
    25,
    3.5714285714285716,
    3.5
  ]
}