{
  "ValidPrograms": 0.16,
  "RemainingAttemptCount": 0.36,
  "RemovedDataClumps": -5.84,
  "GitChanges": 158.52,
  "CommentOut": 0.8737314319667262,
  "InvalidJSON": 0.9533333333333333
}