{
  "mean": 1.41,
  "count": 30,
  "sum": 42.21,
  "max": 3.13,
  "min": 0.05,
  "raw": [
    2.19713,
    1.8835700000000002,
    2.96562,
    2.57329,
    2.96578,
    0.05129,
    1.21512,
    1.47999,
    1.152,
    2.2997699999999996,
    2.16041,
    0.05129,
    0.74314,
    0.05129,
    1.6592799999999999,
    1.1681300000000001,
    1.17886,
    2.98321,
    1.15823,
    0.05129,
    1.92848,
    2.1151799999999996,
    0.05282,
    0.05129,
    1.02698,
    3.12907,
    1.68728,
    0.05129,
    0.05129,
    2.12489
  ]
}