{
  "mean": 0.8398765296768111,
  "count": 15,
  "groupedCount": {
    "0.8529411764705882": 1,
    "0.835920177383592": 1,
    "0.8351409978308026": 1,
    "0.8539325842696629": 2,
    "0.8548387096774194": 1,
    "0.8421052631578947": 1,
    "0.837037037037037": 1,
    "0.8360655737704918": 1,
    "0.8395061728395061": 1,
    "0.8256880733944955": 1,
    "0.8148148148148148": 1,
    "0.8297872340425532": 1,
    "0.8409090909090909": 1,
    "0.8455284552845529": 1
  },
  "raw": [
    0.8529411764705882,
    0.835920177383592,
    0.8351409978308026,
    0.8539325842696629,
    0.8548387096774194,
    0.8421052631578947,
    0.837037037037037,
    0.8360655737704918,
    0.8539325842696629,
    0.8395061728395061,
    0.8256880733944955,
    0.8148148148148148,
    0.8297872340425532,
    0.8409090909090909,
    0.8455284552845529
  ]
}