{
  "mean": 0.04,
  "count": 54,
  "sum": 1.67,
  "max": 0.44,
  "min": 0,
  "raw": [
    0,
    0,
    0,
    0.1111111111111111,
    0,
    0.21739130434782608,
    0,
    0.1,
    0,
    0,
    0.16666666666666666,
    0.07692307692307693,
    0,
    0.4444444444444444,
    0,
    0,
    0.06666666666666667,
    0,
    0.045454545454545456,
    0.08333333333333333,
    0,
    null,
    0,
    0,
    0,
    0,
    0.07142857142857142,
    null,
    0,
    null,
    0,
    0.046511627906976744,
    0,
    null,
    0,
    0.041666666666666664,
    0,
    0,
    0,
    0,
    0.05,
    0,
    0,
    0.10483870967741936,
    0,
    0,
    0,
    null,
    null,
    0,
    0.047619047619047616,
    null,
    null,
    0
  ]
}