{
  "mean": 0.34,
  "count": 60,
  "sum": 20.21,
  "max": 1,
  "min": 0,
  "raw": [
    0.7586206896551724,
    0.8571428571428571,
    0.75,
    0.9,
    0.29411764705882354,
    0.8888888888888888,
    0.3333333333333333,
    0.8636363636363636,
    0.125,
    0.6363636363636364,
    1,
    0.2777777777777778,
    0.5625,
    0.8928571428571429,
    0.6,
    0.4666666666666667,
    0.6785714285714286,
    1,
    0.8666666666666667,
    0.875,
    0.014084507042253521,
    0,
    0.09090909090909091,
    0,
    0.05555555555555555,
    0,
    0,
    0,
    0,
    0,
    0.25,
    0,
    0.8387096774193549,
    0.15384615384615385,
    null,
    0.7,
    0.5,
    0.4444444444444444,
    0,
    0,
    0.35,
    0,
    0.25,
    0,
    0.10714285714285714,
    0.05263157894736842,
    0,
    0,
    0.125,
    0,
    0,
    1,
    0.14285714285714285,
    0.375,
    0,
    0.23076923076923078,
    0.05555555555555555,
    0,
    0.23529411764705882,
    0.6153846153846154
  ]
}