{
  "mean": 212.45,
  "count": 54,
  "sum": 11472.36,
  "max": 796.58,
  "min": 0.93,
  "raw": [
    209.896,
    144.8,
    380.448,
    408.319,
    250.546,
    290.14500000000004,
    227.728,
    212.57900000000004,
    391.59700000000004,
    796.5790000000002,
    356.18899999999996,
    278.518,
    110.816,
    195.66699999999997,
    263.007,
    349.183,
    351.169,
    317.704,
    229.574,
    141.83300000000003,
    121.28450000000001,
    2.589,
    60.6115,
    2.913,
    270.60766666666666,
    171.09599999999998,
    129.0915,
    281.3668333333333,
    196.5865,
    9.195,
    72.33000000000001,
    130.926,
    2.024,
    3.453,
    33.548,
    2.978,
    91.36,
    211.34400000000002,
    645.264,
    449.806,
    237.651,
    554.7018333333333,
    274.75100000000003,
    259.78499999999997,
    182.43399999999997,
    134.644,
    337.53700000000003,
    128.643,
    209.982,
    115.785,
    108.404,
    0.934,
    129.522,
    2.918
  ]
}