{
  "mean": 197.87,
  "count": 54,
  "sum": 10685.16,
  "max": 543.33,
  "min": 1.35,
  "raw": [
    275.91200000000003,
    95.243,
    124.566,
    397.7,
    543.332,
    239.655,
    76.7,
    137.56900000000002,
    246.765,
    277.345,
    296.45300000000003,
    186.435,
    78.519,
    90.747,
    329.592,
    459.84,
    512.6279999999999,
    46.186,
    323.021,
    173.49200000000002,
    141.079,
    2.297,
    185.558,
    340.56100000000004,
    225.77250000000004,
    128.619,
    287.21450000000004,
    3.356,
    115.10900000000001,
    2.081,
    199.282,
    279.096,
    172.281,
    2.957,
    182.05999999999997,
    159.186,
    221.84900000000002,
    239.818,
    209.724,
    251.59850000000003,
    246.52300000000002,
    318.79150000000004,
    126.357,
    426.99,
    380.875,
    126.29799999999999,
    222.09799999999998,
    1.954,
    3.159,
    44.74,
    282.19,
    1.999,
    1.353,
    240.63299999999998
  ]
}