{
  "mean": 234.53,
  "count": 30,
  "sum": 7035.79,
  "max": 493.55,
  "min": 8.73,
  "raw": [
    259.461,
    246.765,
    391.59700000000004,
    330.70799999999997,
    197.531,
    387.919,
    395.769,
    207.34099999999998,
    399.05899999999997,
    207.46099999999998,
    155.244,
    287.21450000000004,
    129.0915,
    147.2645,
    175.583,
    308.909,
    117.45349999999999,
    193.23700000000002,
    164.85950000000003,
    8.726,
    493.554,
    380.875,
    182.43399999999997,
    160.518,
    98.443,
    330.712,
    160.353,
    142.918,
    255.56799999999998,
    119.21799999999999
  ]
}