{
  "mean": 256.62,
  "count": 30,
  "sum": 7698.47,
  "max": 976.3,
  "min": 3.16,
  "raw": [
    464.71999999999997,
    221.84900000000002,
    91.36,
    654.083,
    201.702,
    976.3,
    656.1805,
    390.51700000000005,
    43.471000000000004,
    594.0219999999999,
    593.206,
    126.357,
    274.75100000000003,
    752.6355000000001,
    40.788,
    56.118,
    52.397999999999996,
    249.28,
    27.5,
    19.569,
    46.533,
    3.159,
    209.982,
    343.36099999999993,
    19.926,
    242.327,
    36.778,
    111.66,
    20.822,
    177.114
  ]
}