{
  "mean": 303.01,
  "count": 30,
  "sum": 9090.27,
  "max": 825.69,
  "min": 1.29,
  "raw": [
    550.092,
    318.79150000000004,
    554.7018333333333,
    686.256,
    623.27,
    2.342,
    265.70500000000004,
    365.13,
    228.65300000000002,
    721.7869999999999,
    439.747,
    1.954,
    128.643,
    1.999,
    390.352,
    232.635,
    215.31699999999998,
    746.776,
    234.965,
    1.469,
    451.019,
    240.63299999999998,
    2.918,
    2.488,
    321.704,
    825.691,
    289.887,
    2.195,
    1.286,
    241.865
  ]
}