{
  "mean": 310.42,
  "count": 60,
  "sum": 18625.03,
  "max": 976.3,
  "min": 0.88,
  "raw": [
    464.71999999999997,
    221.84900000000002,
    91.36,
    654.083,
    201.702,
    976.3,
    656.1805,
    390.51700000000005,
    43.471000000000004,
    594.0219999999999,
    274.23400000000004,
    239.818,
    211.34400000000002,
    525.99,
    199.302,
    323.57499999999993,
    576.7539999999999,
    277.007,
    213.81700000000004,
    330.48800000000006,
    334.988,
    209.724,
    645.264,
    115.098,
    143.197,
    120.77499999999998,
    357.86,
    257.192,
    222.644,
    179.993,
    1.504,
    251.59850000000003,
    449.806,
    522.3595,
    143.476,
    428.741,
    136.926,
    146.62099999999998,
    1.515,
    156.965,
    230.233,
    246.52300000000002,
    237.651,
    650.89,
    478.548,
    1.524,
    165.803,
    1.4,
    2.074,
    0.877,
    550.092,
    318.79150000000004,
    554.7018333333333,
    686.256,
    623.27,
    2.342,
    265.70500000000004,
    365.13,
    228.65300000000002,
    721.7869999999999
  ]
}