{
  "mean": 261.65,
  "count": 30,
  "sum": 7849.47,
  "max": 650.89,
  "min": 0.88,
  "raw": [
    542.8589999999999,
    543.332,
    250.546,
    289.965,
    593.925,
    406.509,
    170.496,
    507.66900000000004,
    414.264,
    141.18300000000002,
    205.292,
    185.558,
    60.6115,
    189.0665,
    202.544,
    147.31099999999998,
    193.756,
    109.78550000000001,
    497.342,
    181.93350000000004,
    230.233,
    246.52300000000002,
    237.651,
    650.89,
    478.548,
    1.524,
    165.803,
    1.4,
    2.074,
    0.877
  ]
}