{
  "mean": 286.69,
  "count": 30,
  "sum": 8600.63,
  "max": 976.3,
  "min": 0,
  "raw": [
    141.68099999999998,
    275.91200000000003,
    209.896,
    77.089,
    95.393,
    318.76599999999996,
    217.54899999999995,
    131.08800000000002,
    169.249,
    182.824,
    0,
    323.021,
    229.574,
    233.07000000000002,
    265.60325,
    28.392,
    567.4739999999999,
    184.67825,
    30.296,
    624.8725,
    464.71999999999997,
    221.84900000000002,
    91.36,
    654.083,
    201.702,
    976.3,
    656.1805,
    390.51700000000005,
    43.471000000000004,
    594.0219999999999
  ]
}