{
  "mean": 158.45,
  "count": 30,
  "sum": 4753.46,
  "max": 461.13,
  "min": 1.85,
  "raw": [
    119.62499999999999,
    90.747,
    195.66699999999997,
    186.51899999999998,
    114.247,
    144.48,
    185.682,
    76.85300000000001,
    177.25300000000001,
    89.25399999999999,
    84.35699999999999,
    279.096,
    130.926,
    98.16500000000002,
    92.638,
    141.359,
    178.2635,
    196.729,
    97.14199999999998,
    192.199,
    223.026,
    44.74,
    115.785,
    186.50099999999998,
    461.132,
    1.849,
    198.728,
    159.548,
    353.81300000000005,
    137.138
  ]
}