{
  "mean": 138.29,
  "count": 60,
  "sum": 8297.51,
  "max": 624.87,
  "min": 0,
  "raw": [
    0,
    323.021,
    229.574,
    233.07000000000002,
    265.60325,
    28.392,
    567.4739999999999,
    184.67825,
    30.296,
    624.8725,
    130.518,
    173.49200000000002,
    141.83300000000003,
    188.802,
    137.2165,
    191.711,
    190.4496666666667,
    137.49150000000003,
    147.19199999999998,
    157.68,
    170.5965,
    141.079,
    121.28450000000001,
    163.341,
    273.3855,
    123.451,
    164.313,
    132.02900000000002,
    3.699,
    126.0075,
    3.662,
    2.297,
    2.589,
    3.865,
    3.319,
    8.319,
    3.276,
    2.708,
    3.311,
    3.117,
    205.292,
    185.558,
    60.6115,
    189.0665,
    202.544,
    147.31099999999998,
    193.756,
    109.78550000000001,
    497.342,
    181.93350000000004,
    263.46,
    340.56100000000004,
    2.913,
    164.18,
    2.178,
    2.713,
    3.029,
    1.726,
    3.241,
    1.295
  ]
}