{
  "mean": 0.04,
  "count": 30,
  "sum": 1.05,
  "max": 0.17,
  "min": 0,
  "raw": [
    0,
    0.1,
    0.16666666666666666,
    0.07692307692307693,
    0.15384615384615385,
    0,
    0.09090909090909091,
    0,
    0,
    0,
    0,
    0,
    0.08823529411764706,
    0,
    0.08695652173913043,
    0.1,
    null,
    0,
    null,
    0,
    0.030303030303030304,
    0.10483870967741936,
    0,
    0,
    0,
    0.05,
    0,
    0,
    0,
    0
  ]
}