{
  "mean": 0.74,
  "count": 68,
  "sum": 50.6,
  "max": 1,
  "min": 0,
  "raw": [
    0,
    1,
    1,
    0,
    1,
    1,
    0,
    1,
    1,
    0,
    1,
    1,
    0,
    1,
    1,
    0,
    1,
    1,
    0,
    1,
    1,
    0,
    1,
    1,
    0,
    1,
    1,
    0,
    1,
    0,
    1,
    1,
    0,
    1,
    1,
    0,
    1,
    1,
    0,
    1,
    1,
    0,
    1,
    0.8,
    0.6666666666666666,
    0.6,
    0.2857142857142857,
    0.25,
    1,
    1,
    1,
    1,
    1,
    1,
    1,
    1,
    1,
    1,
    1,
    1,
    1,
    1,
    1,
    1,
    1,
    1,
    1,
    1
  ]
}