{
  "instanceType": "refactor",
  "instructionType": "exampleBased",
  "includeUsages": "withUsages",
  "temperature": 0.9,
  "inputFormat": "instruction",
  "model": "gpt-4-1106-preview",
  "iteration": 8,
  "projectName": "dolphinscheduler",
  "inputType": "instruction",
  "metrics": {
    "ValidPrograms": 0,
    "RemainingAttemptCount": 0,
    "RemovedDataClumps": 0,
    "GitChanges": 142,
    "CommentOut": 1,
    "ValidJSON": 1,
    "EmptyResponse": 1,
    "InterpretableChanges": 0.1428571428571429,
    "RichClass": 0,
    "HarmlessErrorCategory": null,
    "DataClumpSize": [
      3,
      3,
      3,
      3,
      3,
      3,
      3,
      3,
      6,
      4,
      3,
      3,
      4,
      10,
      3,
      3,
      3,
      4,
      10,
      3,
      3,
      4,
      4
    ],
    "DataClumpOccurence": [
      2,
      2,
      2,
      2,
      2,
      2,
      2,
      2,
      4,
      4,
      12,
      12,
      1,
      2,
      4,
      12,
      12,
      3,
      2,
      1,
      1,
      4,
      4
    ],
    "ParametersToParameters": [
      1,
      1,
      1,
      0,
      0,
      1,
      1,
      1,
      0,
      1,
      0,
      0,
      0,
      1,
      1,
      1,
      1,
      0,
      1,
      0,
      0,
      1,
      1
    ],
    "FieldToField": [
      0,
      0,
      0,
      1,
      1,
      0,
      0,
      0,
      0,
      0,
      0,
      0,
      0,
      0,
      0,
      0,
      0,
      0,
      0,
      0,
      0,
      0,
      0
    ],
    "PreferNonPublic": [
      0,
      0,
      0,
      1,
      1,
      0,
      0,
      0,
      0,
      0,
      0,
      0,
      0,
      0,
      0,
      0,
      0,
      0,
      0,
      0,
      0,
      0,
      0
    ],
    "PrimitiveTypes": [
      0.6666666666666666,
      0.6666666666666666,
      0.6666666666666666,
      0.6666666666666666,
      0.3333333333333333,
      0.6666666666666666,
      0.6666666666666666,
      0.6666666666666666,
      0.6666666666666666,
      1,
      1,
      1,
      1,
      0.6,
      0.6666666666666666,
      1,
      1,
      0.75,
      0.6,
      0.6666666666666666,
      0.6666666666666666,
      1,
      1
    ],
    "AffectedFiles": [
      1,
      1,
      1,
      2,
      2,
      1,
      1,
      1,
      4,
      3,
      5,
      5,
      2,
      1,
      1,
      5,
      5,
      4,
      1,
      2,
      2,
      3,
      3
    ]
  }
}