{
  "instanceType": "refactor",
  "instructionType": "exampleBased",
  "includeUsages": "withUsages",
  "temperature": 0.1,
  "inputFormat": "instructionSnippet",
  "margin": 5,
  "model": "gpt-4-1106-preview",
  "iteration": 9,
  "projectName": "dolphinscheduler",
  "inputType": "instructionSnippet",
  "metrics": {
    "ValidPrograms": 0,
    "RemainingAttemptCount": 0,
    "RemovedDataClumps": 0,
    "GitChanges": 211,
    "CommentOut": 0.967741935483871,
    "ValidJSON": 1,
    "EmptyResponse": 1,
    "InterpretableChanges": 0.17647058823529416,
    "RichClass": 1,
    "HarmlessErrorCategory": 0.3333333333333333,
    "DataClumpSize": [
      3,
      10,
      3,
      3,
      30,
      3,
      5,
      7,
      3,
      3,
      3
    ],
    "DataClumpOccurence": [
      2,
      2,
      1,
      5,
      2,
      2,
      2,
      6,
      70,
      92,
      15
    ],
    "ParametersToParameters": [
      1,
      1,
      0,
      1,
      0,
      0,
      1,
      1,
      0,
      1,
      0
    ],
    "FieldToField": [
      0,
      0,
      0,
      0,
      1,
      1,
      0,
      0,
      1,
      0,
      0
    ],
    "PreferNonPublic": [
      0,
      0,
      0,
      0,
      1,
      1,
      0,
      0,
      1,
      0,
      0
    ],
    "PrimitiveTypes": [
      0.6666666666666666,
      0.6,
      0.6666666666666666,
      0.6666666666666666,
      0.7666666666666667,
      1,
      0.8,
      0.2857142857142857,
      0,
      0.3333333333333333,
      0.6666666666666666
    ],
    "AffectedFiles": [
      1,
      1,
      2,
      4,
      2,
      2,
      1,
      2,
      36,
      3,
      10
    ]
  }
}