{
  "instanceType= detect": 7.4704885561062015,
  "instanceType= detect , model= gpt-4-1106-preview": 7.4704885561062015,
  "instanceType= detect , temperature= 0.1": 7.062107609710555,
  "instanceType= detect , temperature= 0.5": 7.460715201465201,
  "instanceType= detect , temperature= 0.9": 7.888642857142855,
  "instanceType= detect , inputFormat= fullFile": 10.508668510139099,
  "instanceType= detect , inputFormat= snippet": 6.457761904761907,
  "instanceType= detect , margin= 0": 7.237174603174603,
  "instanceType= detect , margin= 2": 6.75022222222222,
  "instanceType= detect , margin= 5": 5.385888888888888,
  "instanceType= detect , projectName= argoumlrefactor": 6.104425371288116,
  "instanceType= detect , projectName= rocketmq_refactor": 9.519583333333333,
  "instanceType= detect , instructionType= definitionBased": 8.38532186948854,
  "instanceType= detect , instructionType= exampleBased": 6.207625152625153,
  "instanceType= detect , instructionType= noDefinitionBased": 5.988852019440255,
  "instanceType= detect , includeUsages= noUsages": 7.4704885561062015,
  "model= gpt-4-1106-preview": 7.4704885561062015,
  "model= gpt-4-1106-preview , instanceType= detect": 7.4704885561062015,
  "model= gpt-4-1106-preview , temperature= 0.1": 7.062107609710555,
  "model= gpt-4-1106-preview , temperature= 0.5": 7.460715201465201,
  "model= gpt-4-1106-preview , temperature= 0.9": 7.888642857142855,
  "model= gpt-4-1106-preview , inputFormat= fullFile": 10.508668510139099,
  "model= gpt-4-1106-preview , inputFormat= snippet": 6.457761904761907,
  "model= gpt-4-1106-preview , margin= 0": 7.237174603174603,
  "model= gpt-4-1106-preview , margin= 2": 6.75022222222222,
  "model= gpt-4-1106-preview , margin= 5": 5.385888888888888,
  "model= gpt-4-1106-preview , projectName= argoumlrefactor": 6.104425371288116,
  "model= gpt-4-1106-preview , projectName= rocketmq_refactor": 9.519583333333333,
  "model= gpt-4-1106-preview , instructionType= definitionBased": 8.38532186948854,
  "model= gpt-4-1106-preview , instructionType= exampleBased": 6.207625152625153,
  "model= gpt-4-1106-preview , instructionType= noDefinitionBased": 5.988852019440255,
  "model= gpt-4-1106-preview , includeUsages= noUsages": 7.4704885561062015,
  "temperature= 0.1": 7.062107609710555,
  "temperature= 0.5": 7.460715201465201,
  "temperature= 0.9": 7.888642857142855,
  "temperature= 0.1 , instanceType= detect": 7.062107609710555,
  "temperature= 0.5 , instanceType= detect": 7.460715201465201,
  "temperature= 0.9 , instanceType= detect": 7.888642857142855,
  "temperature= 0.1 , model= gpt-4-1106-preview": 7.062107609710555,
  "temperature= 0.5 , model= gpt-4-1106-preview": 7.460715201465201,
  "temperature= 0.9 , model= gpt-4-1106-preview": 7.888642857142855,
  "temperature= 0.1 , inputFormat= fullFile": 11.31562091503268,
  "temperature= 0.1 , inputFormat= snippet": 5.64426984126984,
  "temperature= 0.5 , inputFormat= fullFile": 11.064384615384615,
  "temperature= 0.5 , inputFormat= snippet": 6.259492063492062,
  "temperature= 0.9 , inputFormat= fullFile": 9.146,
  "temperature= 0.9 , inputFormat= snippet": 7.46952380952381,
  "temperature= 0.1 , margin= 0": 6.461333333333333,
  "temperature= 0.1 , margin= 2": 5.911904761904764,
  "temperature= 0.1 , margin= 5": 4.559571428571428,
  "temperature= 0.5 , margin= 0": 7.046857142857144,
  "temperature= 0.5 , margin= 2": 6.792190476190476,
  "temperature= 0.5 , margin= 5": 4.939428571428572,
  "temperature= 0.9 , margin= 0": 8.203333333333333,
  "temperature= 0.9 , margin= 2": 7.546571428571428,
  "temperature= 0.9 , margin= 5": 6.658666666666667,
  "temperature= 0.1 , projectName= argoumlrefactor": 6.874842047930284,
  "temperature= 0.1 , projectName= rocketmq_refactor": 7.343005952380952,
  "temperature= 0.5 , projectName= argoumlrefactor": 5.996489621489621,
  "temperature= 0.5 , projectName= rocketmq_refactor": 9.65705357142857,
  "temperature= 0.9 , projectName= argoumlrefactor": 5.441944444444445,
  "temperature= 0.9 , projectName= rocketmq_refactor": 11.558690476190478,
  "temperature= 0.1 , instructionType= definitionBased": 7.412929894179892,
  "temperature= 0.1 , instructionType= exampleBased": 6.763333333333334,
  "temperature= 0.1 , instructionType= noDefinitionBased": 6.30841503267974,
  "temperature= 0.5 , instructionType= definitionBased": 8.410575396825395,
  "temperature= 0.5 , instructionType= exampleBased": 6.546208791208793,
  "temperature= 0.5 , instructionType= noDefinitionBased": 5.5256410256410255,
  "temperature= 0.9 , instructionType= definitionBased": 9.332460317460319,
  "temperature= 0.9 , instructionType= exampleBased": 5.3133333333333335,
  "temperature= 0.9 , instructionType= noDefinitionBased": 6.1325,
  "temperature= 0.1 , includeUsages= noUsages": 7.062107609710555,
  "temperature= 0.5 , includeUsages= noUsages": 7.460715201465201,
  "temperature= 0.9 , includeUsages= noUsages": 7.888642857142855,
  "iteration= 0": 6.8251647079772075,
  "iteration= 1": 7.297042887667888,
  "iteration= 2": 6.643321078431373,
  "iteration= 3": 7.265897817460318,
  "iteration= 4": 6.028720238095237,
  "iteration= 5": 10.92906746031746,
  "iteration= 6": 8.837996031746032,
  "iteration= 7": 13.319444444444443,
  "iteration= 8": 7.429563492063491,
  "iteration= 9": 10.005555555555556,
  "inputFormat= fullFile": 10.508668510139099,
  "inputFormat= snippet": 6.457761904761907,
  "inputFormat= fullFile , instanceType= detect": 10.508668510139099,
  "inputFormat= snippet , instanceType= detect": 6.457761904761907,
  "inputFormat= fullFile , model= gpt-4-1106-preview": 10.508668510139099,
  "inputFormat= snippet , model= gpt-4-1106-preview": 6.457761904761907,
  "inputFormat= fullFile , temperature= 0.1": 11.31562091503268,
  "inputFormat= fullFile , temperature= 0.5": 11.064384615384615,
  "inputFormat= fullFile , temperature= 0.9": 9.146,
  "inputFormat= snippet , temperature= 0.1": 5.64426984126984,
  "inputFormat= snippet , temperature= 0.5": 6.259492063492062,
  "inputFormat= snippet , temperature= 0.9": 7.46952380952381,
  "inputFormat= snippet , margin= 0": 7.237174603174603,
  "inputFormat= snippet , margin= 2": 6.75022222222222,
  "inputFormat= snippet , margin= 5": 5.385888888888888,
  "inputFormat= fullFile , projectName= argoumlrefactor": 7.017225294676276,
  "inputFormat= fullFile , projectName= rocketmq_refactor": 15.745833333333334,
  "inputFormat= snippet , projectName= argoumlrefactor": 5.80015873015873,
  "inputFormat= snippet , projectName= rocketmq_refactor": 7.444166666666666,
  "inputFormat= fullFile , instructionType= definitionBased": 12.572530864197532,
  "inputFormat= fullFile , instructionType= exampleBased": 8.347008547008548,
  "inputFormat= fullFile , instructionType= noDefinitionBased": 6.478741411094353,
  "inputFormat= snippet , instructionType= definitionBased": 6.989585537918869,
  "inputFormat= snippet , instructionType= exampleBased": 5.494497354497354,
  "inputFormat= snippet , instructionType= noDefinitionBased": 5.825555555555555,
  "inputFormat= fullFile , includeUsages= noUsages": 10.508668510139099,
  "inputFormat= snippet , includeUsages= noUsages": 6.457761904761907,
  "margin= 0": 7.237174603174603,
  "margin= 2": 6.75022222222222,
  "margin= 5": 5.385888888888888,
  "margin= 0 , instanceType= detect": 7.237174603174603,
  "margin= 2 , instanceType= detect": 6.75022222222222,
  "margin= 5 , instanceType= detect": 5.385888888888888,
  "margin= 0 , model= gpt-4-1106-preview": 7.237174603174603,
  "margin= 2 , model= gpt-4-1106-preview": 6.75022222222222,
  "margin= 5 , model= gpt-4-1106-preview": 5.385888888888888,
  "margin= 0 , temperature= 0.1": 6.461333333333333,
  "margin= 0 , temperature= 0.5": 7.046857142857144,
  "margin= 0 , temperature= 0.9": 8.203333333333333,
  "margin= 2 , temperature= 0.1": 5.911904761904764,
  "margin= 2 , temperature= 0.5": 6.792190476190476,
  "margin= 2 , temperature= 0.9": 7.546571428571428,
  "margin= 5 , temperature= 0.1": 4.559571428571428,