{
  "instanceType= detect": 16469.866948058316,
  "instanceType= detect , model= gpt-4-1106-preview": 16469.866948058316,
  "instanceType= detect , temperature= 0.1": 3375.4224357266003,
  "instanceType= detect , temperature= 0.5": 39911.877105861844,
  "instanceType= detect , temperature= 0.9": 5595.516900860703,
  "instanceType= detect , inputFormat= fullFile": 3168.4343769296233,
  "instanceType= detect , inputFormat= snippet": 20507.801835722377,
  "instanceType= detect , margin= 0": 28064.83458699924,
  "instanceType= detect , margin= 2": 2473.406148955077,
  "instanceType= detect , margin= 5": 30744.70616205593,
  "instanceType= detect , projectName= argoumlrefactor": 489.3168846141265,
  "instanceType= detect , projectName= rocketmq_refactor": 39702.095191552806,
  "instanceType= detect , instructionType= definitionBased": 26861.783783236988,
  "instanceType= detect , instructionType= exampleBased": 67.18416426457587,
  "instanceType= detect , instructionType= noDefinitionBased": 1360.760303363302,
  "instanceType= detect , includeUsages= noUsages": 16469.866948058316,
  "model= gpt-4-1106-preview": 16469.866948058316,
  "model= gpt-4-1106-preview , instanceType= detect": 16469.866948058316,
  "model= gpt-4-1106-preview , temperature= 0.1": 3375.4224357266003,
  "model= gpt-4-1106-preview , temperature= 0.5": 39911.877105861844,
  "model= gpt-4-1106-preview , temperature= 0.9": 5595.516900860703,
  "model= gpt-4-1106-preview , inputFormat= fullFile": 3168.4343769296233,
  "model= gpt-4-1106-preview , inputFormat= snippet": 20507.801835722377,
  "model= gpt-4-1106-preview , margin= 0": 28064.83458699924,
  "model= gpt-4-1106-preview , margin= 2": 2473.406148955077,
  "model= gpt-4-1106-preview , margin= 5": 30744.70616205593,
  "model= gpt-4-1106-preview , projectName= argoumlrefactor": 489.3168846141265,
  "model= gpt-4-1106-preview , projectName= rocketmq_refactor": 39702.095191552806,
  "model= gpt-4-1106-preview , instructionType= definitionBased": 26861.783783236988,
  "model= gpt-4-1106-preview , instructionType= exampleBased": 67.18416426457587,
  "model= gpt-4-1106-preview , instructionType= noDefinitionBased": 1360.760303363302,
  "model= gpt-4-1106-preview , includeUsages= noUsages": 16469.866948058316,
  "temperature= 0.1": 3375.4224357266003,
  "temperature= 0.5": 39911.877105861844,
  "temperature= 0.9": 5595.516900860703,
  "temperature= 0.1 , instanceType= detect": 3375.4224357266003,
  "temperature= 0.5 , instanceType= detect": 39911.877105861844,
  "temperature= 0.9 , instanceType= detect": 5595.516900860703,
  "temperature= 0.1 , model= gpt-4-1106-preview": 3375.4224357266003,
  "temperature= 0.5 , model= gpt-4-1106-preview": 39911.877105861844,
  "temperature= 0.9 , model= gpt-4-1106-preview": 5595.516900860703,
  "temperature= 0.1 , inputFormat= fullFile": 6172.307037464223,
  "temperature= 0.1 , inputFormat= snippet": 2443.127568480725,
  "temperature= 0.5 , inputFormat= fullFile": 105.09985070129301,
  "temperature= 0.5 , inputFormat= snippet": 52650.045827513226,
  "temperature= 0.9 , inputFormat= fullFile": 3085.4455409356724,
  "temperature= 0.9 , inputFormat= snippet": 6239.994682463075,
  "temperature= 0.1 , margin= 0": 1275.8528000000001,
  "temperature= 0.1 , margin= 2": 5956.661504535146,
  "temperature= 0.1 , margin= 5": 96.8684009070295,
  "temperature= 0.5 , margin= 0": 76040.52096099773,
  "temperature= 0.5 , margin= 2": 1246.3487918367348,
  "temperature= 0.5 , margin= 5": 80663.26772970521,
  "temperature= 0.9 , margin= 0": 6878.13,
  "temperature= 0.9 , margin= 2": 123.19990055744522,
  "temperature= 0.9 , margin= 5": 11473.982355555554,
  "temperature= 0.1 , projectName= argoumlrefactor": 38.18971005453745,
  "temperature= 0.1 , projectName= rocketmq_refactor": 8381.271524234693,
  "temperature= 0.5 , projectName= argoumlrefactor": 553.6570921181631,
  "temperature= 0.5 , projectName= rocketmq_refactor": 97965.25162613377,
  "temperature= 0.9 , projectName= argoumlrefactor": 920.2716666666666,
  "temperature= 0.9 , projectName= rocketmq_refactor": 12068.93337897552,
  "temperature= 0.1 , instructionType= definitionBased": 5602.861230148232,
  "temperature= 0.1 , instructionType= exampleBased": 64.9702222222222,
  "temperature= 0.1 , instructionType= noDefinitionBased": 3.5582659660814224,
  "temperature= 0.5 , instructionType= definitionBased": 65336.43274508692,
  "temperature= 0.5 , instructionType= exampleBased": 64.20672902494331,
  "temperature= 0.5 , instructionType= noDefinitionBased": 1568.722852347832,
  "temperature= 0.9 , instructionType= definitionBased": 8416.362630992873,
  "temperature= 0.9 , instructionType= exampleBased": 72.64877192982458,
  "temperature= 0.9 , instructionType= noDefinitionBased": 2649.2465432098766,
  "temperature= 0.1 , includeUsages= noUsages": 3375.4224357266003,
  "temperature= 0.5 , includeUsages= noUsages": 39911.877105861844,
  "temperature= 0.9 , includeUsages= noUsages": 5595.516900860703,
  "iteration= 0": 1316.1192874967164,
  "iteration= 1": 342.7685477581823,
  "iteration= 2": 689.6281538724423,
  "iteration= 3": 9413.78795182612,
  "iteration= 4": 57.97498275196602,
  "iteration= 5": 1569.4727891156463,
  "iteration= 6": 1576.9813983371125,
  "iteration= 7": 12893.11111111111,
  "iteration= 8": 139602.81711781933,
  "iteration= 9": 198971.78960648147,
  "inputFormat= fullFile": 3168.4343769296233,
  "inputFormat= snippet": 20507.801835722377,
  "inputFormat= fullFile , instanceType= detect": 3168.4343769296233,
  "inputFormat= snippet , instanceType= detect": 20507.801835722377,
  "inputFormat= fullFile , model= gpt-4-1106-preview": 3168.4343769296233,
  "inputFormat= snippet , model= gpt-4-1106-preview": 20507.801835722377,
  "inputFormat= fullFile , temperature= 0.1": 6172.307037464223,
  "inputFormat= fullFile , temperature= 0.5": 105.09985070129301,
  "inputFormat= fullFile , temperature= 0.9": 3085.4455409356724,
  "inputFormat= snippet , temperature= 0.1": 2443.127568480725,
  "inputFormat= snippet , temperature= 0.5": 52650.045827513226,
  "inputFormat= snippet , temperature= 0.9": 6239.994682463075,
  "inputFormat= snippet , margin= 0": 28064.83458699924,
  "inputFormat= snippet , margin= 2": 2473.406148955077,
  "inputFormat= snippet , margin= 5": 30744.70616205593,
  "inputFormat= fullFile , projectName= argoumlrefactor": 1329.4317285992092,
  "inputFormat= fullFile , projectName= rocketmq_refactor": 5497.837731481482,
  "inputFormat= snippet , projectName= argoumlrefactor": 252.84011371462165,
  "inputFormat= snippet , projectName= rocketmq_refactor": 51231.620178093704,
  "inputFormat= fullFile , instructionType= definitionBased": 3964.1547435332154,
  "inputFormat= fullFile , instructionType= exampleBased": 143.06349206349205,
  "inputFormat= fullFile , instructionType= noDefinitionBased": 3913.012459494203,
  "inputFormat= snippet , instructionType= definitionBased": 34038.65258672623,
  "inputFormat= snippet , instructionType= exampleBased": 43.57726228269087,
  "inputFormat= snippet , instructionType= noDefinitionBased": 680.1597283950617,
  "inputFormat= fullFile , includeUsages= noUsages": 3168.4343769296233,
  "inputFormat= snippet , includeUsages= noUsages": 20507.801835722377,
  "margin= 0": 28064.83458699924,
  "margin= 2": 2473.406148955077,
  "margin= 5": 30744.70616205593,
  "margin= 0 , instanceType= detect": 28064.83458699924,
  "margin= 2 , instanceType= detect": 2473.406148955077,
  "margin= 5 , instanceType= detect": 30744.70616205593,
  "margin= 0 , model= gpt-4-1106-preview": 28064.83458699924,
  "margin= 2 , model= gpt-4-1106-preview": 2473.406148955077,
  "margin= 5 , model= gpt-4-1106-preview": 30744.70616205593,
  "margin= 0 , temperature= 0.1": 1275.8528000000001,
  "margin= 0 , temperature= 0.5": 76040.52096099773,
  "margin= 0 , temperature= 0.9": 6878.13,
  "margin= 2 , temperature= 0.1": 5956.661504535146,
  "margin= 2 , temperature= 0.5": 1246.3487918367348,
  "margin= 2 , temperature= 0.9": 123.19990055744522,