{
  "instanceType= detect": 3.5034246575342465,
  "instanceType= detect , model= gpt-4-1106-preview": 3.5034246575342465,
  "instanceType= detect , temperature= 0.1": 4.27,
  "instanceType= detect , temperature= 0.5": 3.525252525252525,
  "instanceType= detect , inputFormat= fullFile": 4.367647058823529,
  "instanceType= detect , inputFormat= snippet": 3.2410714285714284,
  "instanceType= detect , margin= 0": 2.8,
  "instanceType= detect , margin= 2": 3.364864864864865,
  "instanceType= detect , margin= 5": 3.56,
  "instanceType= detect , instructionType= definitionBased": 2.9488636363636362,
  "instanceType= detect , instructionType= exampleBased": 4.203389830508475,
  "instanceType= detect , instructionType= noDefinitionBased": 4.491228070175438,
  "model= gpt-4-1106-preview": 3.5034246575342465,
  "model= gpt-4-1106-preview , instanceType= detect": 3.5034246575342465,
  "model= gpt-4-1106-preview , temperature= 0.1": 4.27,
  "model= gpt-4-1106-preview , temperature= 0.5": 3.525252525252525,
  "model= gpt-4-1106-preview , inputFormat= fullFile": 4.367647058823529,
  "model= gpt-4-1106-preview , inputFormat= snippet": 3.2410714285714284,
  "model= gpt-4-1106-preview , margin= 0": 2.8,
  "model= gpt-4-1106-preview , margin= 2": 3.364864864864865,
  "model= gpt-4-1106-preview , margin= 5": 3.56,
  "model= gpt-4-1106-preview , instructionType= definitionBased": 2.9488636363636362,
  "model= gpt-4-1106-preview , instructionType= exampleBased": 4.203389830508475,
  "model= gpt-4-1106-preview , instructionType= noDefinitionBased": 4.491228070175438,
  "temperature= 0.1": 4.27,
  "temperature= 0.5": 3.525252525252525,
  "temperature= 0.1 , instanceType= detect": 4.27,
  "temperature= 0.5 , instanceType= detect": 3.525252525252525,
  "temperature= 0.1 , model= gpt-4-1106-preview": 4.27,
  "temperature= 0.5 , model= gpt-4-1106-preview": 3.525252525252525,
  "temperature= 0.1 , inputFormat= fullFile": 5.76,
  "temperature= 0.1 , inputFormat= snippet": 3.7733333333333334,
  "temperature= 0.5 , inputFormat= fullFile": 4.166666666666667,
  "temperature= 0.5 , inputFormat= snippet": 3.32,
  "temperature= 0.9 , inputFormat= snippet": 2.6216216216216215,
  "temperature= 0.1 , margin= 0": 2.4,
  "temperature= 0.1 , margin= 2": 3.92,
  "temperature= 0.1 , margin= 5": 5,
  "temperature= 0.5 , margin= 0": 3.56,
  "temperature= 0.5 , margin= 2": 3.24,
  "temperature= 0.5 , margin= 5": 3.16,
  "temperature= 0.9 , margin= 0": 2.44,
  "temperature= 0.9 , margin= 2": 2.9166666666666665,
  "temperature= 0.9 , margin= 5": 2.52,
  "temperature= 0.1 , instructionType= definitionBased": 3.566666666666667,
  "temperature= 0.1 , instructionType= exampleBased": 4.65,
  "temperature= 0.1 , instructionType= noDefinitionBased": 6,
  "temperature= 0.5 , instructionType= definitionBased": 2.9,
  "temperature= 0.5 , instructionType= exampleBased": 4.75,
  "temperature= 0.5 , instructionType= noDefinitionBased": 4.2105263157894735,
  "temperature= 0.9 , instructionType= exampleBased": 3.1578947368421053,
  "temperature= 0.9 , instructionType= noDefinitionBased": 3.111111111111111,
  "iteration= 0": 4.297872340425532,
  "iteration= 1": 3.608695652173913,
  "iteration= 2": 3.8222222222222224,
  "iteration= 3": 3.5106382978723403,
  "iteration= 4": 3.5106382978723403,
  "iteration= 5": 2.5,
  "iteration= 6": 2.9166666666666665,
  "iteration= 7": 2.1666666666666665,
  "iteration= 8": 3,
  "iteration= 9": 2.1666666666666665,
  "inputFormat= fullFile": 4.367647058823529,
  "inputFormat= snippet": 3.2410714285714284,
  "inputFormat= fullFile , instanceType= detect": 4.367647058823529,
  "inputFormat= snippet , instanceType= detect": 3.2410714285714284,
  "inputFormat= fullFile , model= gpt-4-1106-preview": 4.367647058823529,
  "inputFormat= snippet , model= gpt-4-1106-preview": 3.2410714285714284,
  "inputFormat= fullFile , temperature= 0.1": 5.76,
  "inputFormat= fullFile , temperature= 0.5": 4.166666666666667,
  "inputFormat= snippet , temperature= 0.1": 3.7733333333333334,
  "inputFormat= snippet , temperature= 0.5": 3.32,
  "inputFormat= snippet , temperature= 0.9": 2.6216216216216215,
  "inputFormat= snippet , margin= 0": 2.8,
  "inputFormat= snippet , margin= 2": 3.364864864864865,
  "inputFormat= snippet , margin= 5": 3.56,
  "inputFormat= fullFile , instructionType= definitionBased": 2.9523809523809526,
  "inputFormat= fullFile , instructionType= exampleBased": 5.142857142857143,
  "inputFormat= fullFile , instructionType= noDefinitionBased": 8.416666666666666,
  "inputFormat= snippet , instructionType= definitionBased": 2.9477611940298507,
  "inputFormat= snippet , instructionType= exampleBased": 3.911111111111111,
  "inputFormat= snippet , instructionType= noDefinitionBased": 3.4444444444444446,
  "margin= 0": 2.8,
  "margin= 2": 3.364864864864865,
  "margin= 5": 3.56,
  "margin= 0 , instanceType= detect": 2.8,
  "margin= 2 , instanceType= detect": 3.364864864864865,
  "margin= 5 , instanceType= detect": 3.56,
  "margin= 0 , model= gpt-4-1106-preview": 2.8,
  "margin= 2 , model= gpt-4-1106-preview": 3.364864864864865,
  "margin= 5 , model= gpt-4-1106-preview": 3.56,
  "margin= 0 , temperature= 0.1": 2.4,
  "margin= 0 , temperature= 0.5": 3.56,
  "margin= 0 , temperature= 0.9": 2.44,
  "margin= 2 , temperature= 0.1": 3.92,
  "margin= 2 , temperature= 0.5": 3.24,
  "margin= 2 , temperature= 0.9": 2.9166666666666665,
  "margin= 5 , temperature= 0.1": 5,
  "margin= 5 , temperature= 0.5": 3.16,
  "margin= 5 , temperature= 0.9": 2.52,
  "margin= 0 , inputFormat= snippet": 2.8,
  "margin= 2 , inputFormat= snippet": 3.364864864864865,
  "margin= 5 , inputFormat= snippet": 3.56,
  "margin= 0 , instructionType= definitionBased": 2.3777777777777778,
  "margin= 0 , instructionType= exampleBased": 3.2,
  "margin= 0 , instructionType= noDefinitionBased": 3.6666666666666665,
  "margin= 2 , instructionType= definitionBased": 3.272727272727273,
  "margin= 2 , instructionType= exampleBased": 3.8,
  "margin= 2 , instructionType= noDefinitionBased": 3.2,
  "margin= 5 , instructionType= definitionBased": 3.2,
  "margin= 5 , instructionType= exampleBased": 4.733333333333333,
  "margin= 5 , instructionType= noDefinitionBased": 3.466666666666667,
  "instructionType= definitionBased": 2.9488636363636362,
  "instructionType= exampleBased": 4.203389830508475,
  "instructionType= noDefinitionBased": 4.491228070175438,
  "instructionType= definitionBased , instanceType= detect": 2.9488636363636362,
  "instructionType= exampleBased , instanceType= detect": 4.203389830508475,
  "instructionType= noDefinitionBased , instanceType= detect": 4.491228070175438,
  "instructionType= definitionBased , model= gpt-4-1106-preview": 2.9488636363636362,
  "instructionType= exampleBased , model= gpt-4-1106-preview": 4.203389830508475,
  "instructionType= noDefinitionBased , model= gpt-4-1106-preview": 4.491228070175438,
  "instructionType= definitionBased , temperature= 0.1": 3.566666666666667,
  "instructionType= definitionBased , temperature= 0.5": 2.9,
  "instructionType= exampleBased , temperature= 0.1": 4.65,
  "instructionType= exampleBased , temperature= 0.5": 4.75,
  "instructionType= exampleBased , temperature= 0.9": 3.1578947368421053,
  "instructionType= noDefinitionBased , temperature= 0.1": 6,
  "instructionType= noDefinitionBased , temperature= 0.5": 4.2105263157894735,
  "instructionType= noDefinitionBased , temperature= 0.9": 3.111111111111111,
  "instructionType= definitionBased , inputFormat= fullFile": 2.9523809523809526,
  "instructionType= definitionBased , inputFormat= snippet": 2.9477611940298507,
  "instructionType= exampleBased , inputFormat= fullFile": 5.142857142857143,
  "instructionType= exampleBased , inputFormat= snippet": 3.911111111111111,
  "instructionType= noDefinitionBased , inputFormat= fullFile": 8.416666666666666,
  "instructionType= noDefinitionBased , inputFormat= snippet": 3.4444444444444446,
  "instructionType= definitionBased , margin= 0": 2.3777777777777778,