{
  "instanceType= detect": 37.68321917808219,
  "instanceType= detect , model= gpt-4-1106-preview": 37.68321917808219,
  "instanceType= detect , temperature= 0.1": 24.59,
  "instanceType= detect , temperature= 0.5": 11.348484848484848,
  "instanceType= detect , temperature= 0.9": 79.79569892473118,
  "instanceType= detect , inputFormat= fullFile": 71.67647058823529,
  "instanceType= detect , inputFormat= snippet": 27.363839285714285,
  "instanceType= detect , margin= 0": 40.086666666666666,
  "instanceType= detect , margin= 2": 10.72972972972973,
  "instanceType= detect , margin= 5": 31.053333333333335,
  "instanceType= detect , instructionType= definitionBased": 56.07102272727273,
  "instanceType= detect , instructionType= exampleBased": 8.423728813559322,
  "instanceType= detect , instructionType= noDefinitionBased": 11.192982456140351,
  "model= gpt-4-1106-preview": 37.68321917808219,
  "model= gpt-4-1106-preview , instanceType= detect": 37.68321917808219,
  "model= gpt-4-1106-preview , temperature= 0.1": 24.59,
  "model= gpt-4-1106-preview , temperature= 0.5": 11.348484848484848,
  "model= gpt-4-1106-preview , temperature= 0.9": 79.79569892473118,
  "model= gpt-4-1106-preview , inputFormat= fullFile": 71.67647058823529,
  "model= gpt-4-1106-preview , inputFormat= snippet": 27.363839285714285,
  "model= gpt-4-1106-preview , margin= 0": 40.086666666666666,
  "model= gpt-4-1106-preview , margin= 2": 10.72972972972973,
  "model= gpt-4-1106-preview , margin= 5": 31.053333333333335,
  "model= gpt-4-1106-preview , instructionType= definitionBased": 56.07102272727273,
  "model= gpt-4-1106-preview , instructionType= exampleBased": 8.423728813559322,
  "model= gpt-4-1106-preview , instructionType= noDefinitionBased": 11.192982456140351,
  "temperature= 0.1": 24.59,
  "temperature= 0.5": 11.348484848484848,
  "temperature= 0.9": 79.79569892473118,
  "temperature= 0.1 , instanceType= detect": 24.59,
  "temperature= 0.5 , instanceType= detect": 11.348484848484848,
  "temperature= 0.9 , instanceType= detect": 79.79569892473118,
  "temperature= 0.1 , model= gpt-4-1106-preview": 24.59,
  "temperature= 0.5 , model= gpt-4-1106-preview": 11.348484848484848,
  "temperature= 0.9 , model= gpt-4-1106-preview": 79.79569892473118,
  "temperature= 0.1 , inputFormat= fullFile": 4.44,
  "temperature= 0.1 , inputFormat= snippet": 31.30666666666667,
  "temperature= 0.5 , inputFormat= fullFile": 13.125,
  "temperature= 0.5 , inputFormat= snippet": 10.78,
  "temperature= 0.9 , inputFormat= fullFile": 234.10526315789474,
  "temperature= 0.9 , inputFormat= snippet": 40.17567567567568,
  "temperature= 0.1 , margin= 0": 67.56,
  "temperature= 0.1 , margin= 2": 12.28,
  "temperature= 0.1 , margin= 5": 14.08,
  "temperature= 0.5 , margin= 0": 11.3,
  "temperature= 0.5 , margin= 2": 9.84,
  "temperature= 0.5 , margin= 5": 11.2,
  "temperature= 0.9 , margin= 0": 41.4,
  "temperature= 0.9 , margin= 2": 10.041666666666666,
  "temperature= 0.9 , margin= 5": 67.88,
  "temperature= 0.1 , instructionType= definitionBased": 36.666666666666664,
  "temperature= 0.1 , instructionType= exampleBased": 7.15,
  "temperature= 0.1 , instructionType= noDefinitionBased": 5.8,
  "temperature= 0.5 , instructionType= definitionBased": 13.608333333333333,
  "temperature= 0.5 , instructionType= exampleBased": 6.35,
  "temperature= 0.5 , instructionType= noDefinitionBased": 9.473684210526315,
  "temperature= 0.9 , instructionType= definitionBased": 122.35714285714286,
  "temperature= 0.9 , instructionType= exampleBased": 11.947368421052632,
  "temperature= 0.9 , instructionType= noDefinitionBased": 19,
  "iteration= 0": 15.287234042553191,
  "iteration= 1": 10.945652173913043,
  "iteration= 2": 24.9,
  "iteration= 3": 16.4468085106383,
  "iteration= 4": 107.46808510638297,
  "iteration= 5": 33.583333333333336,
  "iteration= 6": 18.333333333333332,
  "iteration= 7": 30.75,
  "iteration= 8": 138.66666666666666,
  "iteration= 9": 15.083333333333334,
  "inputFormat= fullFile": 71.67647058823529,
  "inputFormat= snippet": 27.363839285714285,
  "inputFormat= fullFile , instanceType= detect": 71.67647058823529,
  "inputFormat= snippet , instanceType= detect": 27.363839285714285,
  "inputFormat= fullFile , model= gpt-4-1106-preview": 71.67647058823529,
  "inputFormat= snippet , model= gpt-4-1106-preview": 27.363839285714285,
  "inputFormat= fullFile , temperature= 0.1": 4.44,
  "inputFormat= fullFile , temperature= 0.5": 13.125,
  "inputFormat= fullFile , temperature= 0.9": 234.10526315789474,
  "inputFormat= snippet , temperature= 0.1": 31.30666666666667,
  "inputFormat= snippet , temperature= 0.5": 10.78,
  "inputFormat= snippet , temperature= 0.9": 40.17567567567568,
  "inputFormat= snippet , margin= 0": 40.086666666666666,
  "inputFormat= snippet , margin= 2": 10.72972972972973,
  "inputFormat= snippet , margin= 5": 31.053333333333335,
  "inputFormat= fullFile , instructionType= definitionBased": 103.04761904761905,
  "inputFormat= fullFile , instructionType= exampleBased": 15.285714285714286,
  "inputFormat= fullFile , instructionType= noDefinitionBased": 27.666666666666668,
  "inputFormat= snippet , instructionType= definitionBased": 41.34701492537314,
  "inputFormat= snippet , instructionType= exampleBased": 6.288888888888889,
  "inputFormat= snippet , instructionType= noDefinitionBased": 6.8,
  "margin= 0": 40.086666666666666,
  "margin= 2": 10.72972972972973,
  "margin= 5": 31.053333333333335,
  "margin= 0 , instanceType= detect": 40.086666666666666,
  "margin= 2 , instanceType= detect": 10.72972972972973,
  "margin= 5 , instanceType= detect": 31.053333333333335,
  "margin= 0 , model= gpt-4-1106-preview": 40.086666666666666,
  "margin= 2 , model= gpt-4-1106-preview": 10.72972972972973,
  "margin= 5 , model= gpt-4-1106-preview": 31.053333333333335,
  "margin= 0 , temperature= 0.1": 67.56,
  "margin= 0 , temperature= 0.5": 11.3,
  "margin= 0 , temperature= 0.9": 41.4,
  "margin= 2 , temperature= 0.1": 12.28,
  "margin= 2 , temperature= 0.5": 9.84,
  "margin= 2 , temperature= 0.9": 10.041666666666666,
  "margin= 5 , temperature= 0.1": 14.08,
  "margin= 5 , temperature= 0.5": 11.2,
  "margin= 5 , temperature= 0.9": 67.88,
  "margin= 0 , inputFormat= snippet": 40.086666666666666,
  "margin= 2 , inputFormat= snippet": 10.72972972972973,
  "margin= 5 , inputFormat= snippet": 31.053333333333335,
  "margin= 0 , instructionType= definitionBased": 62.81111111111111,
  "margin= 0 , instructionType= exampleBased": 6,
  "margin= 0 , instructionType= noDefinitionBased": 6,
  "margin= 2 , instructionType= definitionBased": 13.409090909090908,
  "margin= 2 , instructionType= exampleBased": 6.8,
  "margin= 2 , instructionType= noDefinitionBased": 6.8,
  "margin= 5 , instructionType= definitionBased": 47.2,
  "margin= 5 , instructionType= exampleBased": 6.066666666666666,
  "margin= 5 , instructionType= noDefinitionBased": 7.6,
  "instructionType= definitionBased": 56.07102272727273,
  "instructionType= exampleBased": 8.423728813559322,
  "instructionType= noDefinitionBased": 11.192982456140351,
  "instructionType= definitionBased , instanceType= detect": 56.07102272727273,
  "instructionType= exampleBased , instanceType= detect": 8.423728813559322,
  "instructionType= noDefinitionBased , instanceType= detect": 11.192982456140351,
  "instructionType= definitionBased , model= gpt-4-1106-preview": 56.07102272727273,
  "instructionType= exampleBased , model= gpt-4-1106-preview": 8.423728813559322,
  "instructionType= noDefinitionBased , model= gpt-4-1106-preview": 11.192982456140351,
  "instructionType= definitionBased , temperature= 0.1": 36.666666666666664,
  "instructionType= definitionBased , temperature= 0.5": 13.608333333333333,
  "instructionType= definitionBased , temperature= 0.9": 122.35714285714286,
  "instructionType= exampleBased , temperature= 0.1": 7.15,
  "instructionType= exampleBased , temperature= 0.5": 6.35,
  "instructionType= exampleBased , temperature= 0.9": 11.947368421052632,