{
  "instanceType= detect": 3.9833333333333334,
  "instanceType= detect , model= gpt-4-1106-preview": 3.9833333333333334,
  "instanceType= detect , temperature= 0.1": 3.2333333333333334,
  "instanceType= detect , temperature= 0.5": 4.45,
  "instanceType= detect , temperature= 0.9": 4.266666666666667,
  "instanceType= detect , inputFormat= fullFile": 3.7111111111111112,
  "instanceType= detect , inputFormat= snippet": 4.074074074074074,
  "instanceType= detect , margin= 0": 4.622222222222222,
  "instanceType= detect , margin= 2": 4.2444444444444445,
  "instanceType= detect , margin= 5": 3.3555555555555556,
  "instanceType= detect , instructionType= definitionBased": 4.916666666666667,
  "instanceType= detect , instructionType= exampleBased": 3.6,
  "instanceType= detect , instructionType= noDefinitionBased": 3.433333333333333,
  "model= gpt-4-1106-preview": 3.9833333333333334,
  "model= gpt-4-1106-preview , instanceType= detect": 3.9833333333333334,
  "model= gpt-4-1106-preview , temperature= 0.1": 3.2333333333333334,
  "model= gpt-4-1106-preview , temperature= 0.5": 4.45,
  "model= gpt-4-1106-preview , temperature= 0.9": 4.266666666666667,
  "model= gpt-4-1106-preview , inputFormat= fullFile": 3.7111111111111112,
  "model= gpt-4-1106-preview , inputFormat= snippet": 4.074074074074074,
  "model= gpt-4-1106-preview , margin= 0": 4.622222222222222,
  "model= gpt-4-1106-preview , margin= 2": 4.2444444444444445,
  "model= gpt-4-1106-preview , margin= 5": 3.3555555555555556,
  "model= gpt-4-1106-preview , instructionType= definitionBased": 4.916666666666667,
  "model= gpt-4-1106-preview , instructionType= exampleBased": 3.6,
  "model= gpt-4-1106-preview , instructionType= noDefinitionBased": 3.433333333333333,
  "temperature= 0.1": 3.2333333333333334,
  "temperature= 0.5": 4.45,
  "temperature= 0.9": 4.266666666666667,
  "temperature= 0.1 , instanceType= detect": 3.2333333333333334,
  "temperature= 0.5 , instanceType= detect": 4.45,
  "temperature= 0.9 , instanceType= detect": 4.266666666666667,
  "temperature= 0.1 , model= gpt-4-1106-preview": 3.2333333333333334,
  "temperature= 0.5 , model= gpt-4-1106-preview": 4.45,
  "temperature= 0.9 , model= gpt-4-1106-preview": 4.266666666666667,
  "temperature= 0.1 , inputFormat= fullFile": 2.533333333333333,
  "temperature= 0.1 , inputFormat= snippet": 3.466666666666667,
  "temperature= 0.5 , inputFormat= fullFile": 5.133333333333334,
  "temperature= 0.5 , inputFormat= snippet": 4.222222222222222,
  "temperature= 0.9 , inputFormat= fullFile": 3.466666666666667,
  "temperature= 0.9 , inputFormat= snippet": 4.533333333333333,
  "temperature= 0.1 , margin= 0": 5.733333333333333,
  "temperature= 0.1 , margin= 2": 3.2,
  "temperature= 0.1 , margin= 5": 1.4666666666666666,
  "temperature= 0.5 , margin= 0": 4.066666666666666,
  "temperature= 0.5 , margin= 2": 4.2,
  "temperature= 0.5 , margin= 5": 4.4,
  "temperature= 0.9 , margin= 0": 4.066666666666666,
  "temperature= 0.9 , margin= 2": 5.333333333333333,
  "temperature= 0.9 , margin= 5": 4.2,
  "temperature= 0.1 , instructionType= definitionBased": 4.45,
  "temperature= 0.1 , instructionType= exampleBased": 3.75,
  "temperature= 0.1 , instructionType= noDefinitionBased": 1.5,
  "temperature= 0.5 , instructionType= definitionBased": 5.75,
  "temperature= 0.5 , instructionType= exampleBased": 3.15,
  "temperature= 0.5 , instructionType= noDefinitionBased": 4.45,
  "temperature= 0.9 , instructionType= definitionBased": 4.55,
  "temperature= 0.9 , instructionType= exampleBased": 3.9,
  "temperature= 0.9 , instructionType= noDefinitionBased": 4.35,
  "iteration= 0": 3.0833333333333335,
  "iteration= 1": 3.6944444444444446,
  "iteration= 2": 4.944444444444445,
  "iteration= 3": 3.4722222222222223,
  "iteration= 4": 4.722222222222222,
  "inputFormat= fullFile": 3.7111111111111112,
  "inputFormat= snippet": 4.074074074074074,
  "inputFormat= fullFile , instanceType= detect": 3.7111111111111112,
  "inputFormat= snippet , instanceType= detect": 4.074074074074074,
  "inputFormat= fullFile , model= gpt-4-1106-preview": 3.7111111111111112,
  "inputFormat= snippet , model= gpt-4-1106-preview": 4.074074074074074,
  "inputFormat= fullFile , temperature= 0.1": 2.533333333333333,
  "inputFormat= fullFile , temperature= 0.5": 5.133333333333334,
  "inputFormat= fullFile , temperature= 0.9": 3.466666666666667,
  "inputFormat= snippet , temperature= 0.1": 3.466666666666667,
  "inputFormat= snippet , temperature= 0.5": 4.222222222222222,
  "inputFormat= snippet , temperature= 0.9": 4.533333333333333,
  "inputFormat= snippet , margin= 0": 4.622222222222222,
  "inputFormat= snippet , margin= 2": 4.2444444444444445,
  "inputFormat= snippet , margin= 5": 3.3555555555555556,
  "inputFormat= fullFile , instructionType= definitionBased": 5.066666666666666,
  "inputFormat= fullFile , instructionType= exampleBased": 3.2,
  "inputFormat= fullFile , instructionType= noDefinitionBased": 2.8666666666666667,
  "inputFormat= snippet , instructionType= definitionBased": 4.866666666666666,
  "inputFormat= snippet , instructionType= exampleBased": 3.7333333333333334,
  "inputFormat= snippet , instructionType= noDefinitionBased": 3.6222222222222222,
  "margin= 0": 4.622222222222222,
  "margin= 2": 4.2444444444444445,
  "margin= 5": 3.3555555555555556,
  "margin= 0 , instanceType= detect": 4.622222222222222,
  "margin= 2 , instanceType= detect": 4.2444444444444445,
  "margin= 5 , instanceType= detect": 3.3555555555555556,
  "margin= 0 , model= gpt-4-1106-preview": 4.622222222222222,
  "margin= 2 , model= gpt-4-1106-preview": 4.2444444444444445,
  "margin= 5 , model= gpt-4-1106-preview": 3.3555555555555556,
  "margin= 0 , temperature= 0.1": 5.733333333333333,
  "margin= 0 , temperature= 0.5": 4.066666666666666,
  "margin= 0 , temperature= 0.9": 4.066666666666666,
  "margin= 2 , temperature= 0.1": 3.2,
  "margin= 2 , temperature= 0.5": 4.2,
  "margin= 2 , temperature= 0.9": 5.333333333333333,
  "margin= 5 , temperature= 0.1": 1.4666666666666666,
  "margin= 5 , temperature= 0.5": 4.4,
  "margin= 5 , temperature= 0.9": 4.2,
  "margin= 0 , inputFormat= snippet": 4.622222222222222,
  "margin= 2 , inputFormat= snippet": 4.2444444444444445,
  "margin= 5 , inputFormat= snippet": 3.3555555555555556,
  "margin= 0 , instructionType= definitionBased": 6.266666666666667,
  "margin= 0 , instructionType= exampleBased": 4.4,
  "margin= 0 , instructionType= noDefinitionBased": 3.2,
  "margin= 2 , instructionType= definitionBased": 4.333333333333333,
  "margin= 2 , instructionType= exampleBased": 3.8666666666666667,
  "margin= 2 , instructionType= noDefinitionBased": 4.533333333333333,
  "margin= 5 , instructionType= definitionBased": 4,
  "margin= 5 , instructionType= exampleBased": 2.933333333333333,
  "margin= 5 , instructionType= noDefinitionBased": 3.1333333333333333,
  "instructionType= definitionBased": 4.916666666666667,
  "instructionType= exampleBased": 3.6,
  "instructionType= noDefinitionBased": 3.433333333333333,
  "instructionType= definitionBased , instanceType= detect": 4.916666666666667,
  "instructionType= exampleBased , instanceType= detect": 3.6,
  "instructionType= noDefinitionBased , instanceType= detect": 3.433333333333333,
  "instructionType= definitionBased , model= gpt-4-1106-preview": 4.916666666666667,
  "instructionType= exampleBased , model= gpt-4-1106-preview": 3.6,
  "instructionType= noDefinitionBased , model= gpt-4-1106-preview": 3.433333333333333,
  "instructionType= definitionBased , temperature= 0.1": 4.45,
  "instructionType= definitionBased , temperature= 0.5": 5.75,
  "instructionType= definitionBased , temperature= 0.9": 4.55,
  "instructionType= exampleBased , temperature= 0.1": 3.75,
  "instructionType= exampleBased , temperature= 0.5": 3.15,
  "instructionType= exampleBased , temperature= 0.9": 3.9,
  "instructionType= noDefinitionBased , temperature= 0.1": 1.5,
  "instructionType= noDefinitionBased , temperature= 0.5": 4.45,