{
  "instanceType= detect": 45.53755903900022,
  "instanceType= detect , model= gpt-4-1106-preview": 45.53755903900022,
  "instanceType= detect , temperature= 0.1": 30.475329131652657,
  "instanceType= detect , temperature= 0.5": 27.26015750915751,
  "instanceType= detect , temperature= 0.9": 78.87719047619048,
  "instanceType= detect , inputFormat= fullFile": 67.34629964806436,
  "instanceType= detect , inputFormat= snippet": 38.267978835978845,
  "instanceType= detect , margin= 0": 58.089269841269854,
  "instanceType= detect , margin= 2": 14.328444444444443,
  "instanceType= detect , margin= 5": 42.386222222222216,
  "instanceType= detect , projectName= argoumlrefactor": 12.066923795159095,
  "instanceType= detect , projectName= rocketmq_refactor": 95.74351190476189,
  "instanceType= detect , instructionType= definitionBased": 68.71114197530864,
  "instanceType= detect , instructionType= exampleBased": 8.782142857142857,
  "instanceType= detect , instructionType= noDefinitionBased": 12.772226411932293,
  "instanceType= detect , includeUsages= noUsages": 45.53755903900022,
  "model= gpt-4-1106-preview": 45.53755903900022,
  "model= gpt-4-1106-preview , instanceType= detect": 45.53755903900022,
  "model= gpt-4-1106-preview , temperature= 0.1": 30.475329131652657,
  "model= gpt-4-1106-preview , temperature= 0.5": 27.26015750915751,
  "model= gpt-4-1106-preview , temperature= 0.9": 78.87719047619048,
  "model= gpt-4-1106-preview , inputFormat= fullFile": 67.34629964806436,
  "model= gpt-4-1106-preview , inputFormat= snippet": 38.267978835978845,
  "model= gpt-4-1106-preview , margin= 0": 58.089269841269854,
  "model= gpt-4-1106-preview , margin= 2": 14.328444444444443,
  "model= gpt-4-1106-preview , margin= 5": 42.386222222222216,
  "model= gpt-4-1106-preview , projectName= argoumlrefactor": 12.066923795159095,
  "model= gpt-4-1106-preview , projectName= rocketmq_refactor": 95.74351190476189,
  "model= gpt-4-1106-preview , instructionType= definitionBased": 68.71114197530864,
  "model= gpt-4-1106-preview , instructionType= exampleBased": 8.782142857142857,
  "model= gpt-4-1106-preview , instructionType= noDefinitionBased": 12.772226411932293,
  "model= gpt-4-1106-preview , includeUsages= noUsages": 45.53755903900022,
  "temperature= 0.1": 30.475329131652657,
  "temperature= 0.5": 27.26015750915751,
  "temperature= 0.9": 78.87719047619048,
  "temperature= 0.1 , instanceType= detect": 30.475329131652657,
  "temperature= 0.5 , instanceType= detect": 27.26015750915751,
  "temperature= 0.9 , instanceType= detect": 78.87719047619048,
  "temperature= 0.1 , model= gpt-4-1106-preview": 30.475329131652657,
  "temperature= 0.5 , model= gpt-4-1106-preview": 27.26015750915751,
  "temperature= 0.9 , model= gpt-4-1106-preview": 78.87719047619048,
  "temperature= 0.1 , inputFormat= fullFile": 15.209411764705884,
  "temperature= 0.1 , inputFormat= snippet": 35.56396825396825,
  "temperature= 0.5 , inputFormat= fullFile": 9.786153846153846,
  "temperature= 0.5 , inputFormat= snippet": 33.0848253968254,
  "temperature= 0.9 , inputFormat= fullFile": 177.04333333333335,
  "temperature= 0.9 , inputFormat= snippet": 46.155142857142856,
  "temperature= 0.1 , margin= 0": 72.84266666666667,
  "temperature= 0.1 , margin= 2": 20.841619047619048,
  "temperature= 0.1 , margin= 5": 13.007619047619048,
  "temperature= 0.5 , margin= 0": 46.65847619047619,
  "temperature= 0.5 , margin= 2": 12.651619047619048,
  "temperature= 0.5 , margin= 5": 39.94438095238095,
  "temperature= 0.9 , margin= 0": 54.76666666666666,
  "temperature= 0.9 , margin= 2": 9.492095238095237,
  "temperature= 0.9 , margin= 5": 74.20666666666666,
  "temperature= 0.1 , projectName= argoumlrefactor": 6.670588235294114,
  "temperature= 0.1 , projectName= rocketmq_refactor": 66.18244047619048,
  "temperature= 0.5 , projectName= argoumlrefactor": 10.330738705738701,
  "temperature= 0.5 , projectName= rocketmq_refactor": 52.654285714285706,
  "temperature= 0.9 , projectName= argoumlrefactor": 19.199444444444442,
  "temperature= 0.9 , projectName= rocketmq_refactor": 168.39380952380952,
  "temperature= 0.1 , instructionType= definitionBased": 46.274219576719574,
  "temperature= 0.1 , instructionType= exampleBased": 7.713333333333334,
  "temperature= 0.1 , instructionType= noDefinitionBased": 5.840653594771242,
  "temperature= 0.5 , instructionType= definitionBased": 38.54055555555556,
  "temperature= 0.5 , instructionType= exampleBased": 7.573095238095239,
  "temperature= 0.5 , instructionType= noDefinitionBased": 13.106025641025642,
  "temperature= 0.9 , instructionType= definitionBased": 121.3186507936508,
  "temperature= 0.9 , instructionType= exampleBased": 11.059999999999997,
  "temperature= 0.9 , instructionType= noDefinitionBased": 19.369999999999997,
  "temperature= 0.1 , includeUsages= noUsages": 30.475329131652657,
  "temperature= 0.5 , includeUsages= noUsages": 27.26015750915751,
  "temperature= 0.9 , includeUsages= noUsages": 78.87719047619048,
  "iteration= 0": 15.501041666666666,
  "iteration= 1": 10.093780525030525,
  "iteration= 2": 24.01809640522876,
  "iteration= 3": 25.80322420634921,
  "iteration= 4": 105.52534722222221,
  "iteration= 5": 39.285714285714285,
  "iteration= 6": 20.72936507936508,
  "iteration= 7": 54.666666666666664,
  "iteration= 8": 203.12599206349205,
  "iteration= 9": 96.86527777777776,
  "inputFormat= fullFile": 67.34629964806436,
  "inputFormat= snippet": 38.267978835978845,
  "inputFormat= fullFile , instanceType= detect": 67.34629964806436,
  "inputFormat= snippet , instanceType= detect": 38.267978835978845,
  "inputFormat= fullFile , model= gpt-4-1106-preview": 67.34629964806436,
  "inputFormat= snippet , model= gpt-4-1106-preview": 38.267978835978845,
  "inputFormat= fullFile , temperature= 0.1": 15.209411764705884,
  "inputFormat= fullFile , temperature= 0.5": 9.786153846153846,
  "inputFormat= fullFile , temperature= 0.9": 177.04333333333335,
  "inputFormat= snippet , temperature= 0.1": 35.56396825396825,
  "inputFormat= snippet , temperature= 0.5": 33.0848253968254,
  "inputFormat= snippet , temperature= 0.9": 46.155142857142856,
  "inputFormat= snippet , margin= 0": 58.089269841269854,
  "inputFormat= snippet , margin= 2": 14.328444444444443,
  "inputFormat= snippet , margin= 5": 42.386222222222216,
  "inputFormat= fullFile , projectName= argoumlrefactor": 24.686425339366515,
  "inputFormat= fullFile , projectName= rocketmq_refactor": 131.3361111111111,
  "inputFormat= snippet , projectName= argoumlrefactor": 7.860423280423282,
  "inputFormat= snippet , projectName= rocketmq_refactor": 83.87931216931217,
  "inputFormat= fullFile , instructionType= definitionBased": 100.15123456790124,
  "inputFormat= fullFile , instructionType= exampleBased": 13.511111111111111,
  "inputFormat= fullFile , instructionType= noDefinitionBased": 22.766683425506958,
  "inputFormat= snippet , instructionType= definitionBased": 58.23111111111112,
  "inputFormat= snippet , instructionType= exampleBased": 7.205820105820106,
  "inputFormat= snippet , instructionType= noDefinitionBased": 9.44074074074074,
  "inputFormat= fullFile , includeUsages= noUsages": 67.34629964806436,
  "inputFormat= snippet , includeUsages= noUsages": 38.267978835978845,
  "margin= 0": 58.089269841269854,
  "margin= 2": 14.328444444444443,
  "margin= 5": 42.386222222222216,
  "margin= 0 , instanceType= detect": 58.089269841269854,
  "margin= 2 , instanceType= detect": 14.328444444444443,
  "margin= 5 , instanceType= detect": 42.386222222222216,
  "margin= 0 , model= gpt-4-1106-preview": 58.089269841269854,
  "margin= 2 , model= gpt-4-1106-preview": 14.328444444444443,
  "margin= 5 , model= gpt-4-1106-preview": 42.386222222222216,
  "margin= 0 , temperature= 0.1": 72.84266666666667,
  "margin= 0 , temperature= 0.5": 46.65847619047619,
  "margin= 0 , temperature= 0.9": 54.76666666666666,
  "margin= 2 , temperature= 0.1": 20.841619047619048,
  "margin= 2 , temperature= 0.5": 12.651619047619048,