{
  "instanceType= detect": 0.09966216216216216,
  "instanceType= detect , model= gpt-4-1106-preview": 0.09966216216216216,
  "instanceType= detect , temperature= 0.1": 0.1,
  "instanceType= detect , temperature= 0.5": 0.09,
  "instanceType= detect , temperature= 0.9": 0.109375,
  "instanceType= detect , inputFormat= fullFile": 0.1527777777777778,
  "instanceType= detect , inputFormat= snippet": 0.08258928571428571,
  "instanceType= detect , margin= 0": 0.16666666666666666,
  "instanceType= detect , margin= 2": 0.0472972972972973,
  "instanceType= detect , margin= 5": 0.03333333333333333,
  "instanceType= detect , instructionType= definitionBased": 0.13068181818181818,
  "instanceType= detect , instructionType= exampleBased": 0.05,
  "instanceType= detect , instructionType= noDefinitionBased": 0.058333333333333334,
  "model= gpt-4-1106-preview": 0.09966216216216216,
  "model= gpt-4-1106-preview , instanceType= detect": 0.09966216216216216,
  "model= gpt-4-1106-preview , temperature= 0.1": 0.1,
  "model= gpt-4-1106-preview , temperature= 0.5": 0.09,
  "model= gpt-4-1106-preview , temperature= 0.9": 0.109375,
  "model= gpt-4-1106-preview , inputFormat= fullFile": 0.1527777777777778,
  "model= gpt-4-1106-preview , inputFormat= snippet": 0.08258928571428571,
  "model= gpt-4-1106-preview , margin= 0": 0.16666666666666666,
  "model= gpt-4-1106-preview , margin= 2": 0.0472972972972973,
  "model= gpt-4-1106-preview , margin= 5": 0.03333333333333333,
  "model= gpt-4-1106-preview , instructionType= definitionBased": 0.13068181818181818,
  "model= gpt-4-1106-preview , instructionType= exampleBased": 0.05,
  "model= gpt-4-1106-preview , instructionType= noDefinitionBased": 0.058333333333333334,
  "temperature= 0.1": 0.1,
  "temperature= 0.5": 0.09,
  "temperature= 0.9": 0.109375,
  "temperature= 0.1 , instanceType= detect": 0.1,
  "temperature= 0.5 , instanceType= detect": 0.09,
  "temperature= 0.9 , instanceType= detect": 0.109375,
  "temperature= 0.1 , model= gpt-4-1106-preview": 0.1,
  "temperature= 0.5 , model= gpt-4-1106-preview": 0.09,
  "temperature= 0.9 , model= gpt-4-1106-preview": 0.109375,
  "temperature= 0.1 , inputFormat= fullFile": 0.24,
  "temperature= 0.1 , inputFormat= snippet": 0.05333333333333334,
  "temperature= 0.5 , inputFormat= fullFile": 0.12,
  "temperature= 0.5 , inputFormat= snippet": 0.08,
  "temperature= 0.9 , inputFormat= fullFile": 0.09090909090909091,
  "temperature= 0.9 , inputFormat= snippet": 0.11486486486486487,
  "temperature= 0.1 , margin= 0": 0.16,
  "temperature= 0.1 , margin= 2": 0,
  "temperature= 0.1 , margin= 5": 0,
  "temperature= 0.5 , margin= 0": 0.16,
  "temperature= 0.5 , margin= 2": 0.08,
  "temperature= 0.5 , margin= 5": 0,
  "temperature= 0.9 , margin= 0": 0.18,
  "temperature= 0.9 , margin= 2": 0.0625,
  "temperature= 0.9 , margin= 5": 0.1,
  "temperature= 0.1 , instructionType= definitionBased": 0.10833333333333334,
  "temperature= 0.1 , instructionType= exampleBased": 0.075,
  "temperature= 0.1 , instructionType= noDefinitionBased": 0.1,
  "temperature= 0.5 , instructionType= definitionBased": 0.13333333333333333,
  "temperature= 0.5 , instructionType= exampleBased": 0.025,
  "temperature= 0.5 , instructionType= noDefinitionBased": 0.025,
  "temperature= 0.9 , instructionType= definitionBased": 0.15178571428571427,
  "temperature= 0.9 , instructionType= exampleBased": 0.05,
  "temperature= 0.9 , instructionType= noDefinitionBased": 0.05,
  "iteration= 0": 0.05319148936170213,
  "iteration= 1": 0.043478260869565216,
  "iteration= 2": 0.10416666666666667,
  "iteration= 3": 0.14893617021276595,
  "iteration= 4": 0.052083333333333336,
  "iteration= 5": 0.16666666666666666,
  "iteration= 6": 0.08333333333333333,
  "iteration= 7": 0.3333333333333333,
  "iteration= 8": 0.20833333333333334,
  "iteration= 9": 0.08333333333333333,
  "inputFormat= fullFile": 0.1527777777777778,
  "inputFormat= snippet": 0.08258928571428571,
  "inputFormat= fullFile , instanceType= detect": 0.1527777777777778,
  "inputFormat= snippet , instanceType= detect": 0.08258928571428571,
  "inputFormat= fullFile , model= gpt-4-1106-preview": 0.1527777777777778,
  "inputFormat= snippet , model= gpt-4-1106-preview": 0.08258928571428571,
  "inputFormat= fullFile , temperature= 0.1": 0.24,
  "inputFormat= fullFile , temperature= 0.5": 0.12,
  "inputFormat= fullFile , temperature= 0.9": 0.09090909090909091,
  "inputFormat= snippet , temperature= 0.1": 0.05333333333333334,
  "inputFormat= snippet , temperature= 0.5": 0.08,
  "inputFormat= snippet , temperature= 0.9": 0.11486486486486487,
  "inputFormat= snippet , margin= 0": 0.16666666666666666,
  "inputFormat= snippet , margin= 2": 0.0472972972972973,
  "inputFormat= snippet , margin= 5": 0.03333333333333333,
  "inputFormat= fullFile , instructionType= definitionBased": 0.2619047619047619,
  "inputFormat= fullFile , instructionType= exampleBased": 0,
  "inputFormat= fullFile , instructionType= noDefinitionBased": 0,
  "inputFormat= snippet , instructionType= definitionBased": 0.08955223880597014,
  "inputFormat= snippet , instructionType= exampleBased": 0.06666666666666667,
  "inputFormat= snippet , instructionType= noDefinitionBased": 0.07777777777777778,
  "margin= 0": 0.16666666666666666,
  "margin= 2": 0.0472972972972973,
  "margin= 5": 0.03333333333333333,
  "margin= 0 , instanceType= detect": 0.16666666666666666,
  "margin= 2 , instanceType= detect": 0.0472972972972973,
  "margin= 5 , instanceType= detect": 0.03333333333333333,
  "margin= 0 , model= gpt-4-1106-preview": 0.16666666666666666,
  "margin= 2 , model= gpt-4-1106-preview": 0.0472972972972973,
  "margin= 5 , model= gpt-4-1106-preview": 0.03333333333333333,
  "margin= 0 , temperature= 0.1": 0.16,
  "margin= 0 , temperature= 0.5": 0.16,
  "margin= 0 , temperature= 0.9": 0.18,
  "margin= 2 , temperature= 0.1": 0,
  "margin= 2 , temperature= 0.5": 0.08,
  "margin= 2 , temperature= 0.9": 0.0625,
  "margin= 5 , temperature= 0.1": 0,
  "margin= 5 , temperature= 0.5": 0,
  "margin= 5 , temperature= 0.9": 0.1,
  "margin= 0 , inputFormat= snippet": 0.16666666666666666,
  "margin= 2 , inputFormat= snippet": 0.0472972972972973,
  "margin= 5 , inputFormat= snippet": 0.03333333333333333,
  "margin= 0 , instructionType= definitionBased": 0.15555555555555556,
  "margin= 0 , instructionType= exampleBased": 0.13333333333333333,
  "margin= 0 , instructionType= noDefinitionBased": 0.23333333333333334,
  "margin= 2 , instructionType= definitionBased": 0.056818181818181816,
  "margin= 2 , instructionType= exampleBased": 0.06666666666666667,
  "margin= 2 , instructionType= noDefinitionBased": 0,
  "margin= 5 , instructionType= definitionBased": 0.05555555555555555,
  "margin= 5 , instructionType= exampleBased": 0,
  "margin= 5 , instructionType= noDefinitionBased": 0,
  "instructionType= definitionBased": 0.13068181818181818,
  "instructionType= exampleBased": 0.05,
  "instructionType= noDefinitionBased": 0.058333333333333334,
  "instructionType= definitionBased , instanceType= detect": 0.13068181818181818,
  "instructionType= exampleBased , instanceType= detect": 0.05,
  "instructionType= noDefinitionBased , instanceType= detect": 0.058333333333333334,
  "instructionType= definitionBased , model= gpt-4-1106-preview": 0.13068181818181818,
  "instructionType= exampleBased , model= gpt-4-1106-preview": 0.05,
  "instructionType= noDefinitionBased , model= gpt-4-1106-preview": 0.058333333333333334,
  "instructionType= definitionBased , temperature= 0.1": 0.10833333333333334,
  "instructionType= definitionBased , temperature= 0.5": 0.13333333333333333,
  "instructionType= definitionBased , temperature= 0.9": 0.15178571428571427,
  "instructionType= exampleBased , temperature= 0.1": 0.075,
  "instructionType= exampleBased , temperature= 0.5": 0.025,
  "instructionType= exampleBased , temperature= 0.9": 0.05,
  "instructionType= noDefinitionBased , temperature= 0.1": 0.1,
  "instructionType= noDefinitionBased , temperature= 0.5": 0.025,