{
  "instanceType= detect": 0.8733108108108109,
  "instanceType= detect , model= gpt-4-1106-preview": 0.8733108108108109,
  "instanceType= detect , temperature= 0.1": 0.875,
  "instanceType= detect , temperature= 0.5": 0.9,
  "instanceType= detect , temperature= 0.9": 0.84375,
  "instanceType= detect , inputFormat= fullFile": 0.8194444444444444,
  "instanceType= detect , inputFormat= snippet": 0.890625,
  "instanceType= detect , margin= 0": 0.8066666666666666,
  "instanceType= detect , margin= 2": 0.9121621621621622,
  "instanceType= detect , margin= 5": 0.9533333333333334,
  "instanceType= detect , projectName= argoumlrefactor": 0.943502824858757,
  "instanceType= detect , projectName= rocketmq_refactor": 0.7689075630252101,
  "instanceType= detect , instructionType= definitionBased": 0.8295454545454546,
  "instanceType= detect , instructionType= exampleBased": 0.9333333333333333,
  "instanceType= detect , instructionType= noDefinitionBased": 0.9416666666666667,
  "instanceType= detect , includeUsages= noUsages": 0.8733108108108109,
  "model= gpt-4-1106-preview": 0.8733108108108109,
  "model= gpt-4-1106-preview , instanceType= detect": 0.8733108108108109,
  "model= gpt-4-1106-preview , temperature= 0.1": 0.875,
  "model= gpt-4-1106-preview , temperature= 0.5": 0.9,
  "model= gpt-4-1106-preview , temperature= 0.9": 0.84375,
  "model= gpt-4-1106-preview , inputFormat= fullFile": 0.8194444444444444,
  "model= gpt-4-1106-preview , inputFormat= snippet": 0.890625,
  "model= gpt-4-1106-preview , margin= 0": 0.8066666666666666,
  "model= gpt-4-1106-preview , margin= 2": 0.9121621621621622,
  "model= gpt-4-1106-preview , margin= 5": 0.9533333333333334,
  "model= gpt-4-1106-preview , projectName= argoumlrefactor": 0.943502824858757,
  "model= gpt-4-1106-preview , projectName= rocketmq_refactor": 0.7689075630252101,
  "model= gpt-4-1106-preview , instructionType= definitionBased": 0.8295454545454546,
  "model= gpt-4-1106-preview , instructionType= exampleBased": 0.9333333333333333,
  "model= gpt-4-1106-preview , instructionType= noDefinitionBased": 0.9416666666666667,
  "model= gpt-4-1106-preview , includeUsages= noUsages": 0.8733108108108109,
  "temperature= 0.1": 0.875,
  "temperature= 0.5": 0.9,
  "temperature= 0.9": 0.84375,
  "temperature= 0.1 , instanceType= detect": 0.875,
  "temperature= 0.5 , instanceType= detect": 0.9,
  "temperature= 0.9 , instanceType= detect": 0.84375,
  "temperature= 0.1 , model= gpt-4-1106-preview": 0.875,
  "temperature= 0.5 , model= gpt-4-1106-preview": 0.9,
  "temperature= 0.9 , model= gpt-4-1106-preview": 0.84375,
  "temperature= 0.1 , inputFormat= fullFile": 0.76,
  "temperature= 0.1 , inputFormat= snippet": 0.9133333333333333,
  "temperature= 0.5 , inputFormat= fullFile": 0.84,
  "temperature= 0.5 , inputFormat= snippet": 0.92,
  "temperature= 0.9 , inputFormat= fullFile": 0.8636363636363636,
  "temperature= 0.9 , inputFormat= snippet": 0.8378378378378378,
  "temperature= 0.1 , margin= 0": 0.82,
  "temperature= 0.1 , margin= 2": 0.92,
  "temperature= 0.1 , margin= 5": 1,
  "temperature= 0.5 , margin= 0": 0.84,
  "temperature= 0.5 , margin= 2": 0.92,
  "temperature= 0.5 , margin= 5": 1,
  "temperature= 0.9 , margin= 0": 0.76,
  "temperature= 0.9 , margin= 2": 0.8958333333333334,
  "temperature= 0.9 , margin= 5": 0.86,
  "temperature= 0.1 , projectName= argoumlrefactor": 0.925,
  "temperature= 0.1 , projectName= rocketmq_refactor": 0.8,
  "temperature= 0.5 , projectName= argoumlrefactor": 0.975,
  "temperature= 0.5 , projectName= rocketmq_refactor": 0.7875,
  "temperature= 0.9 , projectName= argoumlrefactor": 0.9298245614035088,
  "temperature= 0.9 , projectName= rocketmq_refactor": 0.717948717948718,
  "temperature= 0.1 , instructionType= definitionBased": 0.8583333333333333,
  "temperature= 0.1 , instructionType= exampleBased": 0.9,
  "temperature= 0.1 , instructionType= noDefinitionBased": 0.9,
  "temperature= 0.5 , instructionType= definitionBased": 0.85,
  "temperature= 0.5 , instructionType= exampleBased": 0.975,
  "temperature= 0.5 , instructionType= noDefinitionBased": 0.975,
  "temperature= 0.9 , instructionType= definitionBased": 0.7767857142857143,
  "temperature= 0.9 , instructionType= exampleBased": 0.925,
  "temperature= 0.9 , instructionType= noDefinitionBased": 0.95,
  "temperature= 0.1 , includeUsages= noUsages": 0.875,
  "temperature= 0.5 , includeUsages= noUsages": 0.9,
  "temperature= 0.9 , includeUsages= noUsages": 0.84375,
  "iteration= 0": 0.9468085106382979,
  "iteration= 1": 0.9021739130434783,
  "iteration= 2": 0.84375,
  "iteration= 3": 0.851063829787234,
  "iteration= 4": 0.9479166666666666,
  "iteration= 5": 0.75,
  "iteration= 6": 0.8333333333333334,
  "iteration= 7": 0.6666666666666666,
  "iteration= 8": 0.7083333333333334,
  "iteration= 9": 0.9166666666666666,
  "inputFormat= fullFile": 0.8194444444444444,
  "inputFormat= snippet": 0.890625,
  "inputFormat= fullFile , instanceType= detect": 0.8194444444444444,
  "inputFormat= snippet , instanceType= detect": 0.890625,
  "inputFormat= fullFile , model= gpt-4-1106-preview": 0.8194444444444444,
  "inputFormat= snippet , model= gpt-4-1106-preview": 0.890625,
  "inputFormat= fullFile , temperature= 0.1": 0.76,
  "inputFormat= fullFile , temperature= 0.5": 0.84,
  "inputFormat= fullFile , temperature= 0.9": 0.8636363636363636,
  "inputFormat= snippet , temperature= 0.1": 0.9133333333333333,
  "inputFormat= snippet , temperature= 0.5": 0.92,
  "inputFormat= snippet , temperature= 0.9": 0.8378378378378378,
  "inputFormat= snippet , margin= 0": 0.8066666666666666,
  "inputFormat= snippet , margin= 2": 0.9121621621621622,
  "inputFormat= snippet , margin= 5": 0.9533333333333334,
  "inputFormat= fullFile , projectName= argoumlrefactor": 1,
  "inputFormat= fullFile , projectName= rocketmq_refactor": 0.5666666666666667,
  "inputFormat= snippet , projectName= argoumlrefactor": 0.9259259259259259,
  "inputFormat= snippet , projectName= rocketmq_refactor": 0.8370786516853933,
  "inputFormat= fullFile , instructionType= definitionBased": 0.6904761904761905,
  "inputFormat= fullFile , instructionType= exampleBased": 1,
  "inputFormat= fullFile , instructionType= noDefinitionBased": 1,
  "inputFormat= snippet , instructionType= definitionBased": 0.8731343283582089,
  "inputFormat= snippet , instructionType= exampleBased": 0.9111111111111111,
  "inputFormat= snippet , instructionType= noDefinitionBased": 0.9222222222222223,
  "inputFormat= fullFile , includeUsages= noUsages": 0.8194444444444444,
  "inputFormat= snippet , includeUsages= noUsages": 0.890625,
  "margin= 0": 0.8066666666666666,
  "margin= 2": 0.9121621621621622,
  "margin= 5": 0.9533333333333334,
  "margin= 0 , instanceType= detect": 0.8066666666666666,
  "margin= 2 , instanceType= detect": 0.9121621621621622,
  "margin= 5 , instanceType= detect": 0.9533333333333334,
  "margin= 0 , model= gpt-4-1106-preview": 0.8066666666666666,
  "margin= 2 , model= gpt-4-1106-preview": 0.9121621621621622,
  "margin= 5 , model= gpt-4-1106-preview": 0.9533333333333334,
  "margin= 0 , temperature= 0.1": 0.82,
  "margin= 0 , temperature= 0.5": 0.84,
  "margin= 0 , temperature= 0.9": 0.76,
  "margin= 2 , temperature= 0.1": 0.92,
  "margin= 2 , temperature= 0.5": 0.92,
  "margin= 2 , temperature= 0.9": 0.8958333333333334,
  "margin= 5 , temperature= 0.1": 1,
  "margin= 5 , temperature= 0.5": 1,
  "margin= 5 , temperature= 0.9": 0.86,
  "margin= 0 , inputFormat= snippet": 0.8066666666666666,
  "margin= 2 , inputFormat= snippet": 0.9121621621621622,
  "margin= 5 , inputFormat= snippet": 0.9533333333333334,
  "margin= 0 , projectName= argoumlrefactor": 0.8222222222222222,
  "margin= 0 , projectName= rocketmq_refactor": 0.7833333333333333,
  "margin= 2 , projectName= argoumlrefactor": 0.9777777777777777,
  "margin= 2 , projectName= rocketmq_refactor": 0.8103448275862069,
  "margin= 5 , projectName= argoumlrefactor": 0.9777777777777777,
  "margin= 5 , projectName= rocketmq_refactor": 0.9166666666666666,