{
  "mean": 1.06,
  "count": 60,
  "sum": 63.43,
  "max": 4.78,
  "min": 0.07,
  "raw": [
    2.6283600000000003,
    2.05715,
    1.9957099999999999,
    2.05484,
    4.78253,
    0.21594,
    2.9519600000000006,
    2.33949,
    0.22128,
    3.0224699999999998,
    0.9367199999999999,
    0.97305,
    0.9812700000000001,
    1.8302800000000001,
    0.82767,
    0.87884,
    0.07280999999999999,
    0.8686999999999999,
    0.20984999999999998,
    1.16758,
    1.16495,
    1.64322,
    1.1490099999999999,
    1.3736100000000002,
    1.12036,
    1.06856,
    1.01316,
    1.37354,
    1.12277,
    0.08712,
    0.11333,
    0.11333,
    2.3692599999999997,
    0.11333,
    0.11333,
    0.11333,
    0.12161000000000001,
    0.11333,
    0.11333,
    0.11333,
    1.9826400000000002,
    0.6145700000000001,
    1.48081,
    0.96547,
    1.26159,
    1.25174,
    3.6069,
    1.3761999999999999,
    1.2663399999999998,
    0.23778,
    0.09518,
    0.09518,
    0.10346000000000001,
    0.09518,
    0.09518,
    0.09518,
    0.09518,
    1.51823,
    1.56793,
    0.09518
  ]
}